### 2D posterior distribution
### parameter_1    parameter_2    posterior
0.000000000000000000e+00 3.407382340191361880e+00 1.485117465691544687e-31
0.000000000000000000e+00 3.441266890377920884e+00 5.913163998042769613e-30
0.000000000000000000e+00 3.475151440564479888e+00 2.068586891801586689e-28
0.000000000000000000e+00 3.509035990751038447e+00 6.380123958279741365e-27
0.000000000000000000e+00 3.542920540937597451e+00 1.740739196237636944e-25
0.000000000000000000e+00 3.576805091124156455e+00 4.214822352355981265e-24
0.000000000000000000e+00 3.610689641310715459e+00 9.084570151032920477e-23
0.000000000000000000e+00 3.644574191497274462e+00 1.748224138334620408e-21
0.000000000000000000e+00 3.678458741683833466e+00 3.012295461224667841e-20
0.000000000000000000e+00 3.712343291870392026e+00 4.660153723728113936e-19
0.000000000000000000e+00 3.746227842056951030e+00 6.490172663717632985e-18
0.000000000000000000e+00 3.780112392243510033e+00 8.157844391824041011e-17
0.000000000000000000e+00 3.813996942430069037e+00 9.277442190906780560e-16
0.000000000000000000e+00 3.847881492616627597e+00 9.568587625014843186e-15
0.000000000000000000e+00 3.881766042803186600e+00 8.970807529405746005e-14
0.000000000000000000e+00 3.915650592989745604e+00 7.662009819661960042e-13
0.000000000000000000e+00 3.949535143176304608e+00 5.974646490104279390e-12
0.000000000000000000e+00 3.983419693362863612e+00 4.262260219411835186e-11
0.000000000000000000e+00 4.017304243549422615e+00 2.787380446467391691e-10
0.000000000000000000e+00 4.051188793735981619e+00 1.674260831742803730e-09
0.000000000000000000e+00 4.085073343922540623e+00 9.254129831678944247e-09
0.000000000000000000e+00 4.118957894109099627e+00 4.715446842407618725e-08
0.000000000000000000e+00 4.152842444295657742e+00 2.218959596461385440e-07
0.000000000000000000e+00 4.186726994482216746e+00 9.659531107350123066e-07
0.000000000000000000e+00 4.220611544668775750e+00 3.896377248858233399e-06
0.000000000000000000e+00 4.254496094855334754e+00 1.458682461014666625e-05
0.000000000000000000e+00 4.288380645041893757e+00 5.076110387034153801e-05
0.000000000000000000e+00 4.322265195228452761e+00 1.644476582249517502e-04
0.000000000000000000e+00 4.356149745415011765e+00 4.966922306154680951e-04
0.000000000000000000e+00 4.390034295601570768e+00 1.400646197272540500e-03
0.000000000000000000e+00 4.423918845788129772e+00 3.692765313648197021e-03
0.000000000000000000e+00 4.457803395974687888e+00 9.114671730985322157e-03
0.000000000000000000e+00 4.491687946161247780e+00 2.108939263860688113e-02
0.000000000000000000e+00 4.525572496347805895e+00 4.580078151492694705e-02
0.000000000000000000e+00 4.559457046534364899e+00 9.347695304879197198e-02
0.000000000000000000e+00 4.593341596720923903e+00 1.795071286824069245e-01
0.000000000000000000e+00 4.627226146907482907e+00 3.247230555978997124e-01
0.000000000000000000e+00 4.661110697094041910e+00 5.539802111320292211e-01
0.000000000000000000e+00 4.694995247280600914e+00 8.922933484426658346e-01
0.000000000000000000e+00 4.728879797467159918e+00 1.358387052210216384e+00
0.000000000000000000e+00 4.762764347653718922e+00 1.956591455186554640e+00
0.000000000000000000e+00 4.796648897840277925e+00 2.669219467855533434e+00
0.000000000000000000e+00 4.830533448026836041e+00 3.452324508965094907e+00
0.000000000000000000e+00 4.864417998213395933e+00 4.237474789273814046e+00
0.000000000000000000e+00 4.898302548399954048e+00 4.940666112025533963e+00
0.000000000000000000e+00 4.932187098586513052e+00 5.477109964603097403e+00
0.000000000000000000e+00 4.966071648773072056e+00 5.778300062916534863e+00
0.000000000000000000e+00 4.999956198959631060e+00 5.806537114015686285e+00
0.000000000000000000e+00 5.033840749146190063e+00 5.562623193093510388e+00
0.000000000000000000e+00 5.067725299332749067e+00 5.084585547390482851e+00
0.000000000000000000e+00 5.101609849519308071e+00 4.438178120550823280e+00
0.000000000000000000e+00 5.135494399705867075e+00 3.702361407767779777e+00
0.000000000000000000e+00 5.169378949892426078e+00 2.954075671943286796e+00
0.000000000000000000e+00 5.203263500078984194e+00 2.256157214282725310e+00
0.000000000000000000e+00 5.237148050265544086e+00 1.650634424119477250e+00
0.000000000000000000e+00 5.271032600452102201e+00 1.157678503934144620e+00
0.000000000000000000e+00 5.304917150638661205e+00 7.789245783901354026e-01
0.000000000000000000e+00 5.338801700825220209e+00 5.031313306626317150e-01
0.000000000000000000e+00 5.372686251011779213e+00 3.122104953806892347e-01
0.000000000000000000e+00 5.406570801198338216e+00 1.862469616106529613e-01
0.000000000000000000e+00 5.440455351384897220e+00 1.068798264772453793e-01
0.000000000000000000e+00 5.474339901571456224e+00 5.904056390453985698e-02
0.000000000000000000e+00 5.508224451758014339e+00 3.141456811523237608e-02
0.000000000000000000e+00 5.542109001944574231e+00 1.611052089851623334e-02
0.000000000000000000e+00 5.575993552131132347e+00 7.968060157531335966e-03
0.000000000000000000e+00 5.609878102317692239e+00 3.802958099992483857e-03
0.000000000000000000e+00 5.643762652504250354e+00 1.752559068252211279e-03
0.000000000000000000e+00 5.677647202690809358e+00 7.802922318584040338e-04
0.000000000000000000e+00 5.711531752877368362e+00 3.358318465713456625e-04
0.000000000000000000e+00 5.745416303063927366e+00 1.398003413427828252e-04
0.000000000000000000e+00 5.779300853250486369e+00 5.631882234863258156e-05
0.000000000000000000e+00 5.813185403437045373e+00 2.196800667553619913e-05
0.000000000000000000e+00 5.847069953623604377e+00 8.301335053811292002e-06
0.000000000000000000e+00 5.880954503810162493e+00 3.040532700327169841e-06
0.000000000000000000e+00 5.914839053996722384e+00 1.079980711821985175e-06
0.000000000000000000e+00 5.948723604183280500e+00 3.721885877007006031e-07
0.000000000000000000e+00 5.982608154369840392e+00 1.245096737669094533e-07
0.000000000000000000e+00 6.016492704556398508e+00 4.045242800089495778e-08
0.000000000000000000e+00 6.050377254742957511e+00 1.277004177214880524e-08
0.000000000000000000e+00 6.084261804929516515e+00 3.918748893134356660e-09
0.000000000000000000e+00 6.118146355116075519e+00 1.169519857177517792e-09
0.000000000000000000e+00 6.152030905302634523e+00 3.395994964909472181e-10
0.000000000000000000e+00 6.185915455489193526e+00 9.598793092547194193e-11
0.000000000000000000e+00 6.219800005675752530e+00 2.642068032703514405e-11
0.000000000000000000e+00 6.253684555862310646e+00 7.084897454535121484e-12
0.000000000000000000e+00 6.287569106048870538e+00 1.851683129204540301e-12
0.000000000000000000e+00 6.321453656235428653e+00 4.718691494663375432e-13
0.000000000000000000e+00 6.355338206421988545e+00 1.172934149535785477e-13
0.000000000000000000e+00 6.389222756608546661e+00 2.845084885955013771e-14
0.000000000000000000e+00 6.423107306795105664e+00 6.736835836372838059e-15
0.000000000000000000e+00 6.456991856981664668e+00 1.557839305937870828e-15
0.000000000000000000e+00 6.490876407168223672e+00 3.519325358609346085e-16
0.000000000000000000e+00 6.524760957354782676e+00 7.770119795275443178e-17
0.000000000000000000e+00 6.558645507541341679e+00 1.677206055706133407e-17
0.000000000000000000e+00 6.592530057727900683e+00 3.540722461794270508e-18
0.000000000000000000e+00 6.626414607914458799e+00 7.313040454915158650e-19
0.000000000000000000e+00 6.660299158101018691e+00 1.478278075077330458e-19
0.000000000000000000e+00 6.694183708287576806e+00 2.925603303351352248e-20
0.000000000000000000e+00 6.728068258474136698e+00 5.670516666762113644e-21
0.000000000000000000e+00 6.761952808660694814e+00 1.076768127667573015e-21
1.207661703419964485e-03 3.407382340191361880e+00 1.667502202838491501e-31
1.207661703419964485e-03 3.441266890377920884e+00 6.694279785842307068e-30
1.207661703419964485e-03 3.475151440564479888e+00 2.361485914748670495e-28
1.207661703419964485e-03 3.509035990751038447e+00 7.345403203656980462e-27
1.207661703419964485e-03 3.542920540937597451e+00 2.021345185407790549e-25
1.207661703419964485e-03 3.576805091124156455e+00 4.936848032418855959e-24
1.207661703419964485e-03 3.610689641310715459e+00 1.073446125905920186e-22
1.207661703419964485e-03 3.644574191497274462e+00 2.084099014393624100e-21
1.207661703419964485e-03 3.678458741683833466e+00 3.623285260883355595e-20
1.207661703419964485e-03 3.712343291870392026e+00 5.656212732243604158e-19
1.207661703419964485e-03 3.746227842056951030e+00 7.949459484174967686e-18
1.207661703419964485e-03 3.780112392243510033e+00 1.008431791355407764e-16
1.207661703419964485e-03 3.813996942430069037e+00 1.157501799939757893e-15
1.207661703419964485e-03 3.847881492616627597e+00 1.205021520014108193e-14
1.207661703419964485e-03 3.881766042803186600e+00 1.140412681059075029e-13
1.207661703419964485e-03 3.915650592989745604e+00 9.832988327752412722e-13
1.207661703419964485e-03 3.949535143176304608e+00 7.740962874266854444e-12
1.207661703419964485e-03 3.983419693362863612e+00 5.575569104272821857e-11
1.207661703419964485e-03 4.017304243549422615e+00 3.681606890508635187e-10
1.207661703419964485e-03 4.051188793735981619e+00 2.232958375189110869e-09
1.207661703419964485e-03 4.085073343922540623e+00 1.246329497813694166e-08
1.207661703419964485e-03 4.118957894109099627e+00 6.413312306920402657e-08
1.207661703419964485e-03 4.152842444295657742e+00 3.047843983778853521e-07
1.207661703419964485e-03 4.186726994482216746e+00 1.339997061615468447e-06
1.207661703419964485e-03 4.220611544668775750e+00 5.459251011290368651e-06
1.207661703419964485e-03 4.254496094855334754e+00 2.064315428067014382e-05
1.207661703419964485e-03 4.288380645041893757e+00 7.256175073635101342e-05
1.207661703419964485e-03 4.322265195228452761e+00 2.374560131702834246e-04
1.207661703419964485e-03 4.356149745415011765e+00 7.244997852661444037e-04
1.207661703419964485e-03 4.390034295601570768e+00 2.063909541467816387e-03
1.207661703419964485e-03 4.423918845788129772e+00 5.497186002218275302e-03
1.207661703419964485e-03 4.457803395974687888e+00 1.370789519264041002e-02
1.207661703419964485e-03 4.491687946161247780e+00 3.204414408798208352e-02
1.207661703419964485e-03 4.525572496347805895e+00 7.031136772501818399e-02
1.207661703419964485e-03 4.559457046534364899e+00 1.449899249533184997e-01
1.207661703419964485e-03 4.593341596720923903e+00 2.813244977827318305e-01
1.207661703419964485e-03 4.627226146907482907e+00 5.142128356155859503e-01
1.207661703419964485e-03 4.661110697094041910e+00 8.864183944030814555e-01
1.207661703419964485e-03 4.694995247280600914e+00 1.442703568070570874e+00
1.207661703419964485e-03 4.728879797467159918e+00 2.219359215357901594e+00
1.207661703419964485e-03 4.762764347653718922e+00 3.230338100226867404e+00
1.207661703419964485e-03 4.796648897840277925e+00 4.453326060392563512e+00
1.207661703419964485e-03 4.830533448026836041e+00 5.820661224443197668e+00
1.207661703419964485e-03 4.864417998213395933e+00 7.219979513085952760e+00
1.207661703419964485e-03 4.898302548399954048e+00 8.507258193190521567e+00
1.207661703419964485e-03 4.932187098586513052e+00 9.530979038076010212e+00
1.207661703419964485e-03 4.966071648773072056e+00 1.016188575486606283e+01
1.207661703419964485e-03 4.999956198959631060e+00 1.032013451423182815e+01
1.207661703419964485e-03 5.033840749146190063e+00 9.991876629777356911e+00
1.207661703419964485e-03 5.067725299332749067e+00 9.230541043579407301e+00
1.207661703419964485e-03 5.101609849519308071e+00 8.143010563155174353e+00
1.207661703419964485e-03 5.135494399705867075e+00 6.865494724157316320e+00
1.207661703419964485e-03 5.169378949892426078e+00 5.536446272984857586e+00
1.207661703419964485e-03 5.203263500078984194e+00 4.273646337964784436e+00
1.207661703419964485e-03 5.237148050265544086e+00 3.160114265966159852e+00
1.207661703419964485e-03 5.271032600452102201e+00 2.240087975545447918e+00
1.207661703419964485e-03 5.304917150638661205e+00 1.523350771513553026e+00
1.207661703419964485e-03 5.338801700825220209e+00 9.945236277886323473e-01
1.207661703419964485e-03 5.372686251011779213e+00 6.237520113775771868e-01
1.207661703419964485e-03 5.406570801198338216e+00 3.760845718024493078e-01
1.207661703419964485e-03 5.440455351384897220e+00 2.181346872728279485e-01
1.207661703419964485e-03 5.474339901571456224e+00 1.217902838905268181e-01
1.207661703419964485e-03 5.508224451758014339e+00 6.549777678070420328e-02
1.207661703419964485e-03 5.542109001944574231e+00 3.394987815068494647e-02
1.207661703419964485e-03 5.575993552131132347e+00 1.697125504720644815e-02
1.207661703419964485e-03 5.609878102317692239e+00 8.186812841478752906e-03
1.207661703419964485e-03 5.643762652504250354e+00 3.813264281428588569e-03
1.207661703419964485e-03 5.677647202690809358e+00 1.715975608768371442e-03
1.207661703419964485e-03 5.711531752877368362e+00 7.464550756933916939e-04
1.207661703419964485e-03 5.745416303063927366e+00 3.140625193552674401e-04
1.207661703419964485e-03 5.779300853250486369e+00 1.278749164726679540e-04
1.207661703419964485e-03 5.813185403437045373e+00 5.041316275340616360e-05
1.207661703419964485e-03 5.847069953623604377e+00 1.925395913585609229e-05
1.207661703419964485e-03 5.880954503810162493e+00 7.127507011870160407e-06
1.207661703419964485e-03 5.914839053996722384e+00 2.558684031861641669e-06
1.207661703419964485e-03 5.948723604183280500e+00 8.911954617026414496e-07
1.207661703419964485e-03 5.982608154369840392e+00 3.013135025615143278e-07
1.207661703419964485e-03 6.016492704556398508e+00 9.893769167731517877e-08
1.207661703419964485e-03 6.050377254742957511e+00 3.156509106809721145e-08
1.207661703419964485e-03 6.084261804929516515e+00 9.789383803585132225e-09
1.207661703419964485e-03 6.118146355116075519e+00 2.952596732318993021e-09
1.207661703419964485e-03 6.152030905302634523e+00 8.664577568772110772e-10
1.207661703419964485e-03 6.185915455489193526e+00 2.475003426222106095e-10
1.207661703419964485e-03 6.219800005675752530e+00 6.884569327026818714e-11
1.207661703419964485e-03 6.253684555862310646e+00 1.865668777389534398e-11
1.207661703419964485e-03 6.287569106048870538e+00 4.927540768948410320e-12
1.207661703419964485e-03 6.321453656235428653e+00 1.268942420910116159e-12
1.207661703419964485e-03 6.355338206421988545e+00 3.187459982722388579e-13
1.207661703419964485e-03 6.389222756608546661e+00 7.812876043090811282e-14
1.207661703419964485e-03 6.423107306795105664e+00 1.869432975627098848e-14
1.207661703419964485e-03 6.456991856981664668e+00 4.368257950819785911e-15
1.207661703419964485e-03 6.490876407168223672e+00 9.971718308757746968e-16
1.207661703419964485e-03 6.524760957354782676e+00 2.224622727275168577e-16
1.207661703419964485e-03 6.558645507541341679e+00 4.852059186988095412e-17
1.207661703419964485e-03 6.592530057727900683e+00 1.034988068322317596e-17
1.207661703419964485e-03 6.626414607914458799e+00 2.159920851393328146e-18
1.207661703419964485e-03 6.660299158101018691e+00 4.411485526413706768e-19
1.207661703419964485e-03 6.694183708287576806e+00 8.821152413065540238e-20
1.207661703419964485e-03 6.728068258474136698e+00 1.727451398849465533e-20
1.207661703419964485e-03 6.761952808660694814e+00 3.314139014887218187e-21
2.415323406839928969e-03 3.407382340191361880e+00 1.650617158159148477e-31
2.415323406839928969e-03 3.441266890377920884e+00 6.679703404244083640e-30
2.415323406839928969e-03 3.475151440564479888e+00 2.375556744376996339e-28
2.415323406839928969e-03 3.509035990751038447e+00 7.450297475742119627e-27
2.415323406839928969e-03 3.542920540937597451e+00 2.067404803036896929e-25
2.415323406839928969e-03 3.576805091124156455e+00 5.092241989966592145e-24
2.415323406839928969e-03 3.610689641310715459e+00 1.116757982571306030e-22
2.415323406839928969e-03 3.644574191497274462e+00 2.187057511925917076e-21
2.415323406839928969e-03 3.678458741683833466e+00 3.835740462876849375e-20
2.415323406839928969e-03 3.712343291870392026e+00 6.041119085205459685e-19
2.415323406839928969e-03 3.746227842056951030e+00 8.566685146737793877e-18
2.415323406839928969e-03 3.780112392243510033e+00 1.096585084703706515e-16
2.415323406839928969e-03 3.813996942430069037e+00 1.270204621559342897e-15
2.415323406839928969e-03 3.847881492616627597e+00 1.334557340403888719e-14
2.415323406839928969e-03 3.881766042803186600e+00 1.274758074078260246e-13
2.415323406839928969e-03 3.915650592989745604e+00 1.109445937789074947e-12
2.415323406839928969e-03 3.949535143176304608e+00 8.816594025836705305e-12
2.415323406839928969e-03 3.983419693362863612e+00 6.410759117889601599e-11
2.415323406839928969e-03 4.017304243549422615e+00 4.273661073815327681e-10
2.415323406839928969e-03 4.051188793735981619e+00 2.617053496764692366e-09
2.415323406839928969e-03 4.085073343922540623e+00 1.474891224996807371e-08
2.415323406839928969e-03 4.118957894109099627e+00 7.663540480156852734e-08
2.415323406839928969e-03 4.152842444295657742e+00 3.677761447492376103e-07
2.415323406839928969e-03 4.186726994482216746e+00 1.632906333337423900e-06
2.415323406839928969e-03 4.220611544668775750e+00 6.718603481236607388e-06
2.415323406839928969e-03 4.254496094855334754e+00 2.565851645805471859e-05
2.415323406839928969e-03 4.288380645041893757e+00 9.109466000484666597e-05
2.415323406839928969e-03 4.322265195228452761e+00 3.011045538211894928e-04
2.415323406839928969e-03 4.356149745415011765e+00 9.279827087596917174e-04
2.415323406839928969e-03 4.390034295601570768e+00 2.670406932013008605e-03
2.415323406839928969e-03 4.423918845788129772e+00 7.185041995165454901e-03
2.415323406839928969e-03 4.457803395974687888e+00 1.809997295991344970e-02
2.415323406839928969e-03 4.491687946161247780e+00 4.274541682293520051e-02
2.415323406839928969e-03 4.525572496347805895e+00 9.475778747066725127e-02
2.415323406839928969e-03 4.559457046534364899e+00 1.974193642394022341e-01
2.415323406839928969e-03 4.593341596720923903e+00 3.870218143748678230e-01
2.415323406839928969e-03 4.627226146907482907e+00 7.147588465808754066e-01
2.415323406839928969e-03 4.661110697094041910e+00 1.244962465393630868e+00
2.415323406839928969e-03 4.694995247280600914e+00 2.047420297905037767e+00
2.415323406839928969e-03 4.728879797467159918e+00 3.182591027639667836e+00
2.415323406839928969e-03 4.762764347653718922e+00 4.680959715287547951e+00
2.415323406839928969e-03 4.796648897840277925e+00 6.521010528192970668e+00
2.415323406839928969e-03 4.830533448026836041e+00 8.613020039960506580e+00
2.415323406839928969e-03 4.864417998213395933e+00 1.079643902459645588e+01
2.415323406839928969e-03 4.898302548399954048e+00 1.285593917475052983e+01
2.415323406839928969e-03 4.932187098586513052e+00 1.455556315604679263e+01
2.415323406839928969e-03 4.966071648773072056e+00 1.568376380149996230e+01
2.415323406839928969e-03 4.999956198959631060e+00 1.609728113063869159e+01
2.415323406839928969e-03 5.033840749146190063e+00 1.575112748591115164e+01
2.415323406839928969e-03 5.067725299332749067e+00 1.470601212030012306e+01
2.415323406839928969e-03 5.101609849519308071e+00 1.311176793318595024e+01
2.415323406839928969e-03 5.135494399705867075e+00 1.117278556293234004e+01
2.415323406839928969e-03 5.169378949892426078e+00 9.106228253008804785e+00
2.415323406839928969e-03 5.203263500078984194e+00 7.104407517150520768e+00
2.415323406839928969e-03 5.237148050265544086e+00 5.309547765672295583e+00
2.415323406839928969e-03 5.271032600452102201e+00 3.804069972915285369e+00
2.415323406839928969e-03 5.304917150638661205e+00 2.614657692554747559e+00
2.415323406839928969e-03 5.338801700825220209e+00 1.725297411053535956e+00
2.415323406839928969e-03 5.372686251011779213e+00 1.093696528271594470e+00
2.415323406839928969e-03 5.406570801198338216e+00 6.665121984894450957e-01
2.415323406839928969e-03 5.440455351384897220e+00 3.907386476550558374e-01
2.415323406839928969e-03 5.474339901571456224e+00 2.205029101259312896e-01
2.415323406839928969e-03 5.508224451758014339e+00 1.198585270531164759e-01
2.415323406839928969e-03 5.542109001944574231e+00 6.279449997000842443e-02
2.415323406839928969e-03 5.575993552131132347e+00 3.172768185449426764e-02
2.415323406839928969e-03 5.609878102317692239e+00 1.546962921224228661e-02
2.415323406839928969e-03 5.643762652504250354e+00 7.282859955965144752e-03
2.415323406839928969e-03 5.677647202690809358e+00 3.312494900403649672e-03
2.415323406839928969e-03 5.711531752877368362e+00 1.456416465685491345e-03
2.415323406839928969e-03 5.745416303063927366e+00 6.193473154823393809e-04
2.415323406839928969e-03 5.779300853250486369e+00 2.548812663161701135e-04
2.415323406839928969e-03 5.813185403437045373e+00 1.015614232504469098e-04
2.415323406839928969e-03 5.847069953623604377e+00 3.920439541562740517e-05
2.415323406839928969e-03 5.880954503810162493e+00 1.466829310465131942e-05
2.415323406839928969e-03 5.914839053996722384e+00 5.322097927065472300e-06
2.415323406839928969e-03 5.948723604183280500e+00 1.873528270268604940e-06
2.415323406839928969e-03 5.982608154369840392e+00 6.402115603252552860e-07
2.415323406839928969e-03 6.016492704556398508e+00 2.124616884228302115e-07
2.415323406839928969e-03 6.050377254742957511e+00 6.850714960011891613e-08
2.415323406839928969e-03 6.084261804929516515e+00 2.147286655881351621e-08
2.415323406839928969e-03 6.118146355116075519e+00 6.545460559147790009e-09
2.415323406839928969e-03 6.152030905302634523e+00 1.941244487149108529e-09
2.415323406839928969e-03 6.185915455489193526e+00 5.604031242272845901e-10
2.415323406839928969e-03 6.219800005675752530e+00 1.575390927538491631e-10
2.415323406839928969e-03 6.253684555862310646e+00 4.314471734347045278e-11
2.415323406839928969e-03 6.287569106048870538e+00 1.151593821117994584e-11
2.415323406839928969e-03 6.321453656235428653e+00 2.996962570351945776e-12
2.415323406839928969e-03 6.355338206421988545e+00 7.607615134878709947e-13
2.415323406839928969e-03 6.389222756608546661e+00 1.884399613855774173e-13
2.415323406839928969e-03 6.423107306795105664e+00 4.556422095201883005e-14
2.415323406839928969e-03 6.456991856981664668e+00 1.075889855955525207e-14
2.415323406839928969e-03 6.490876407168223672e+00 2.481808969101986560e-15
2.415323406839928969e-03 6.524760957354782676e+00 5.594827149394509574e-16
2.415323406839928969e-03 6.558645507541341679e+00 1.233051788377635429e-16
2.415323406839928969e-03 6.592530057727900683e+00 2.657714277302528795e-17
2.415323406839928969e-03 6.626414607914458799e+00 5.604296815745531325e-18
2.415323406839928969e-03 6.660299158101018691e+00 1.156567424808709731e-18
2.415323406839928969e-03 6.694183708287576806e+00 2.336719209162790709e-19
2.415323406839928969e-03 6.728068258474136698e+00 4.623536463722425919e-20
2.415323406839928969e-03 6.761952808660694814e+00 8.962277863307307072e-21
3.622985110259893671e-03 3.407382340191361880e+00 1.503505862662892770e-31
3.622985110259893671e-03 3.441266890377920884e+00 6.131291005478952655e-30
3.622985110259893671e-03 3.475151440564479888e+00 2.197620891605912491e-28
3.622985110259893671e-03 3.509035990751038447e+00 6.947171097538415732e-27
3.622985110259893671e-03 3.542920540937597451e+00 1.943386487863808265e-25
3.622985110259893671e-03 3.576805091124156455e+00 4.826054104112212940e-24
3.622985110259893671e-03 3.610689641310715459e+00 1.067185649660980221e-22
3.622985110259893671e-03 3.644574191497274462e+00 2.107585811130195872e-21
3.622985110259893671e-03 3.678458741683833466e+00 3.727889478802637147e-20
3.622985110259893671e-03 3.712343291870392026e+00 5.921924221991989448e-19
3.622985110259893671e-03 3.746227842056951030e+00 8.470930602535596449e-18
3.622985110259893671e-03 3.780112392243510033e+00 1.093888799206722515e-16
3.622985110259893671e-03 3.813996942430069037e+00 1.278365925519729814e-15
3.622985110259893671e-03 3.847881492616627597e+00 1.355208342974914863e-14
3.622985110259893671e-03 3.881766042803186600e+00 1.306228635621546237e-13
3.622985110259893671e-03 3.915650592989745604e+00 1.147239503132996432e-12
3.622985110259893671e-03 3.949535143176304608e+00 9.201061408133306662e-12
3.622985110259893671e-03 3.983419693362863612e+00 6.752538145343289610e-11
3.622985110259893671e-03 4.017304243549422615e+00 4.543686119419960829e-10
3.622985110259893671e-03 4.051188793735981619e+00 2.808668567564953178e-09
3.622985110259893671e-03 4.085073343922540623e+00 1.597921349108141200e-08
3.622985110259893671e-03 4.118957894109099627e+00 8.382221952374959608e-08
3.622985110259893671e-03 4.152842444295657742e+00 4.061376758855462044e-07
3.622985110259893671e-03 4.186726994482216746e+00 1.820688858166570743e-06
3.622985110259893671e-03 4.220611544668775750e+00 7.564181534716673379e-06
3.622985110259893671e-03 4.254496094855334754e+00 2.917062472040015674e-05
3.622985110259893671e-03 4.288380645041893757e+00 1.045827907581854357e-04
3.622985110259893671e-03 4.322265195228452761e+00 3.491071347428976969e-04
3.622985110259893671e-03 4.356149745415011765e+00 1.086614482644158433e-03
3.622985110259893671e-03 4.390034295601570768e+00 3.158104742045940872e-03
3.622985110259893671e-03 4.423918845788129772e+00 8.582431265292832581e-03
3.622985110259893671e-03 4.457803395974687888e+00 2.183778387681953662e-02
3.622985110259893671e-03 4.491687946161247780e+00 5.209388151589175453e-02
3.622985110259893671e-03 4.525572496347805895e+00 1.166526916713522821e-01
3.622985110259893671e-03 4.559457046534364899e+00 2.455091812276611607e-01
3.622985110259893671e-03 4.593341596720923903e+00 4.862127172211324067e-01
3.622985110259893671e-03 4.627226146907482907e+00 9.071463366934472417e-01
3.622985110259893671e-03 4.661110697094041910e+00 1.596299622679792307e+00
3.622985110259893671e-03 4.694995247280600914e+00 2.652273170145209136e+00
3.622985110259893671e-03 4.728879797467159918e+00 4.165405646208045098e+00
3.622985110259893671e-03 4.762764347653718922e+00 6.189963728160322809e+00
3.622985110259893671e-03 4.796648897840277925e+00 8.712760037912074651e+00
3.622985110259893671e-03 4.830533448026836041e+00 1.162771284595539178e+01
3.622985110259893671e-03 4.864417998213395933e+00 1.472743576628769802e+01
3.622985110259893671e-03 4.898302548399954048e+00 1.772014988795025658e+01
3.622985110259893671e-03 4.932187098586513052e+00 2.027301115708957724e+01
3.622985110259893671e-03 4.966071648773072056e+00 2.207360987654965712e+01
3.622985110259893671e-03 4.999956198959631060e+00 2.289375700121567903e+01
3.622985110259893671e-03 5.033840749146190063e+00 2.263730933139877877e+01
3.622985110259893671e-03 5.067725299332749067e+00 2.135813653330810524e+01
3.622985110259893671e-03 5.101609849519308071e+00 1.924381436188996020e+01
3.622985110259893671e-03 5.135494399705867075e+00 1.657137540172355727e+01
3.622985110259893671e-03 5.169378949892426078e+00 1.364922773363270281e+01
3.622985110259893671e-03 5.203263500078984194e+00 1.076154668818432114e+01
3.622985110259893671e-03 5.237148050265544086e+00 8.128043797131331516e+00
3.622985110259893671e-03 5.271032600452102201e+00 5.885219208728156737e+00
3.622985110259893671e-03 5.304917150638661205e+00 4.088068720085733077e+00
3.622985110259893671e-03 5.338801700825220209e+00 2.726212299985392828e+00
3.622985110259893671e-03 5.372686251011779213e+00 1.746576645826897201e+00
3.622985110259893671e-03 5.406570801198338216e+00 1.075712965531266940e+00
3.622985110259893671e-03 5.440455351384897220e+00 6.373443662302634705e-01
3.622985110259893671e-03 5.474339901571456224e+00 3.634989958814249245e-01
3.622985110259893671e-03 5.508224451758014339e+00 1.996917854075640764e-01
3.622985110259893671e-03 5.542109001944574231e+00 1.057343638363976018e-01
3.622985110259893671e-03 5.575993552131132347e+00 5.399291143583100083e-02
3.622985110259893671e-03 5.609878102317692239e+00 2.660617190894091350e-02
3.622985110259893671e-03 5.643762652504250354e+00 1.265926325122132719e-02
3.622985110259893671e-03 5.677647202690809358e+00 5.819226357496038241e-03
3.622985110259893671e-03 5.711531752877368362e+00 2.585820849895875424e-03
3.622985110259893671e-03 5.745416303063927366e+00 1.111344956551856824e-03
3.622985110259893671e-03 5.779300853250486369e+00 4.622244964953860485e-04
3.622985110259893671e-03 5.813185403437045373e+00 1.861412345419764900e-04
3.622985110259893671e-03 5.847069953623604377e+00 7.261818723545389526e-05
3.622985110259893671e-03 5.880954503810162493e+00 2.745900716524192326e-05
3.622985110259893671e-03 5.914839053996722384e+00 1.006885808981944950e-05
3.622985110259893671e-03 5.948723604183280500e+00 3.582176203863979909e-06
3.622985110259893671e-03 5.982608154369840392e+00 1.237076344779239325e-06
3.622985110259893671e-03 6.016492704556398508e+00 4.148934861403482483e-07
3.622985110259893671e-03 6.050377254742957511e+00 1.351983306782113366e-07
3.622985110259893671e-03 6.084261804929516515e+00 4.282536726079697357e-08
3.622985110259893671e-03 6.118146355116075519e+00 1.319237150266667569e-08
3.622985110259893671e-03 6.152030905302634523e+00 3.953941162213135268e-09
3.622985110259893671e-03 6.185915455489193526e+00 1.153488577519193316e-09
3.622985110259893671e-03 6.219800005675752530e+00 3.276869332933889578e-10
3.622985110259893671e-03 6.253684555862310646e+00 9.068834392553412474e-11
3.622985110259893671e-03 6.287569106048870538e+00 2.446082129945571951e-11
3.622985110259893671e-03 6.321453656235428653e+00 6.432732402863584137e-12
3.622985110259893671e-03 6.355338206421988545e+00 1.650059252003077943e-12
3.622985110259893671e-03 6.389222756608546661e+00 4.130047324114978568e-13
3.622985110259893671e-03 6.423107306795105664e+00 1.009092460897211070e-13
3.622985110259893671e-03 6.456991856981664668e+00 2.407651333517702100e-14
3.622985110259893671e-03 6.490876407168223672e+00 5.611855586092664302e-15
3.622985110259893671e-03 6.524760957354782676e+00 1.278293448904994287e-15
3.622985110259893671e-03 6.558645507541341679e+00 2.846585109310771899e-16
3.622985110259893671e-03 6.592530057727900683e+00 6.199307011947742093e-17
3.622985110259893671e-03 6.626414607914458799e+00 1.320811495723680736e-17
3.622985110259893671e-03 6.660299158101018691e+00 2.754027097321265336e-18
3.622985110259893671e-03 6.694183708287576806e+00 5.621779909006877662e-19
3.622985110259893671e-03 6.728068258474136698e+00 1.123838759774840763e-19
3.622985110259893671e-03 6.761952808660694814e+00 2.200912225983948720e-20
4.830646813679857939e-03 3.407382340191361880e+00 1.286819567576415250e-31
4.830646813679857939e-03 3.441266890377920884e+00 5.286632475992045651e-30
4.830646813679857939e-03 3.475151440564479888e+00 1.909209321285401619e-28
4.830646813679857939e-03 3.509035990751038447e+00 6.081895806798597787e-27
4.830646813679857939e-03 3.542920540937597451e+00 1.714647329608654867e-25
4.830646813679857939e-03 3.576805091124156455e+00 4.291852675613460356e-24
4.830646813679857939e-03 3.610689641310715459e+00 9.567091414031283459e-23
4.830646813679857939e-03 3.644574191497274462e+00 1.904850764339804925e-21
4.830646813679857939e-03 3.678458741683833466e+00 3.397199381637652224e-20
4.830646813679857939e-03 3.712343291870392026e+00 5.441867704614464052e-19
4.830646813679857939e-03 3.746227842056951030e+00 7.850304386439900336e-18
4.830646813679857939e-03 3.780112392243510033e+00 1.022445744423894172e-16
4.830646813679857939e-03 3.813996942430069037e+00 1.205241082236846690e-15
4.830646813679857939e-03 3.847881492616627597e+00 1.288887073271342967e-14
4.830646813679857939e-03 3.881766042803186600e+00 1.253299976420765609e-13
4.830646813679857939e-03 3.915650592989745604e+00 1.110586856404689458e-12
4.830646813679857939e-03 3.949535143176304608e+00 8.987382067399623412e-12
4.830646813679857939e-03 3.983419693362863612e+00 6.655674891934361346e-11
4.830646813679857939e-03 4.017304243549422615e+00 4.519546366714983338e-10
4.830646813679857939e-03 4.051188793735981619e+00 2.819544645552775725e-09
4.830646813679857939e-03 4.085073343922540623e+00 1.619030999229290770e-08
4.830646813679857939e-03 4.118957894109099627e+00 8.572518024482208798e-08
4.830646813679857939e-03 4.152842444295657742e+00 4.192751593088314370e-07
4.830646813679857939e-03 4.186726994482216746e+00 1.897423426518912599e-06
4.830646813679857939e-03 4.220611544668775750e+00 7.958261206298511127e-06
4.830646813679857939e-03 4.254496094855334754e+00 3.098516182530944161e-05
4.830646813679857939e-03 4.288380645041893757e+00 1.121613363495604937e-04
4.830646813679857939e-03 4.322265195228452761e+00 3.780408913595634224e-04
4.830646813679857939e-03 4.356149745415011765e+00 1.188157326205762070e-03
4.830646813679857939e-03 4.390034295601570768e+00 3.487095433976608941e-03
4.830646813679857939e-03 4.423918845788129772e+00 9.569870786703326901e-03
4.830646813679857939e-03 4.457803395974687888e+00 2.459130171427968345e-02
4.830646813679857939e-03 4.491687946161247780e+00 5.924543235115347500e-02
4.830646813679857939e-03 4.525572496347805895e+00 1.339909098678103705e-01
4.830646813679857939e-03 4.559457046534364899e+00 2.848244025300151194e-01
4.830646813679857939e-03 4.593341596720923903e+00 5.697448362046513282e-01
4.830646813679857939e-03 4.627226146907482907e+00 1.073720132474524247e+00
4.830646813679857939e-03 4.661110697094041910e+00 1.908543947542081121e+00
4.830646813679857939e-03 4.694995247280600914e+00 3.203271079207370420e+00
4.830646813679857939e-03 4.728879797467159918e+00 5.081985902174805503e+00
4.830646813679857939e-03 4.762764347653718922e+00 7.629171289839813852e+00
4.830646813679857939e-03 4.796648897840277925e+00 1.084850509780276617e+01
4.830646813679857939e-03 4.830533448026836041e+00 1.462663753325678329e+01
4.830646813679857939e-03 4.864417998213395933e+00 1.871647174999637642e+01
4.830646813679857939e-03 4.898302548399954048e+00 2.275206910890751288e+01
4.830646813679857939e-03 4.932187098586513052e+00 2.629891837910001584e+01
4.830646813679857939e-03 4.966071648773072056e+00 2.893130523918434704e+01
4.830646813679857939e-03 4.999956198959631060e+00 3.031762357886229964e+01
4.830646813679857939e-03 5.033840749146190063e+00 3.028964512358774641e+01
4.830646813679857939e-03 5.067725299332749067e+00 2.887562510663994786e+01
4.830646813679857939e-03 5.101609849519308071e+00 2.628843445241261279e+01
4.830646813679857939e-03 5.135494399705867075e+00 2.287410128931754727e+01
4.830646813679857939e-03 5.169378949892426078e+00 1.903756525109610109e+01
4.830646813679857939e-03 5.203263500078984194e+00 1.516705713756227425e+01
4.830646813679857939e-03 5.237148050265544086e+00 1.157553259776670984e+01
4.830646813679857939e-03 5.271032600452102201e+00 8.469357919683801583e+00
4.830646813679857939e-03 5.304917150638661205e+00 5.944879771804290947e+00
4.830646813679857939e-03 5.338801700825220209e+00 4.006132767437615705e+00
4.830646813679857939e-03 5.372686251011779213e+00 2.593566656536006487e+00
4.830646813679857939e-03 5.406570801198338216e+00 1.614184573957991420e+00
4.830646813679857939e-03 5.440455351384897220e+00 9.664524652720424269e-01
4.830646813679857939e-03 5.474339901571456224e+00 5.570077936684513231e-01
4.830646813679857939e-03 5.508224451758014339e+00 3.092229679874117787e-01
4.830646813679857939e-03 5.542109001944574231e+00 1.654560311745346957e-01
4.830646813679857939e-03 5.575993552131132347e+00 8.538058980836987777e-02
4.830646813679857939e-03 5.609878102317692239e+00 4.251688738126251782e-02
4.830646813679857939e-03 5.643762652504250354e+00 2.044299548379963430e-02
4.830646813679857939e-03 5.677647202690809358e+00 9.496387237453388780e-03
4.830646813679857939e-03 5.711531752877368362e+00 4.264306045083996258e-03
4.830646813679857939e-03 5.745416303063927366e+00 1.852059646793100499e-03
4.830646813679857939e-03 5.779300853250486369e+00 7.784205089922933453e-04
4.830646813679857939e-03 5.813185403437045373e+00 3.167801009442393627e-04
4.830646813679857939e-03 5.847069953623604377e+00 1.248858297900262498e-04
4.830646813679857939e-03 5.880954503810162493e+00 4.772030615567796167e-05
4.830646813679857939e-03 5.914839053996722384e+00 1.768264090427743807e-05
4.830646813679857939e-03 5.948723604183280500e+00 6.357113625672862076e-06
4.830646813679857939e-03 5.982608154369840392e+00 2.218467058318516742e-06
4.830646813679857939e-03 6.016492704556398508e+00 7.518541692839550186e-07
4.830646813679857939e-03 6.050377254742957511e+00 2.475743444650591195e-07
4.830646813679857939e-03 6.084261804929516515e+00 7.924452343080317649e-08
4.830646813679857939e-03 6.118146355116075519e+00 2.466727507525195231e-08
4.830646813679857939e-03 6.152030905302634523e+00 7.470586366245386366e-09
4.830646813679857939e-03 6.185915455489193526e+00 2.202215281807392467e-09
4.830646813679857939e-03 6.219800005675752530e+00 6.321543743755766404e-10
4.830646813679857939e-03 6.253684555862310646e+00 1.767780658670961066e-10
4.830646813679857939e-03 6.287569106048870538e+00 4.817879481445302077e-11
4.830646813679857939e-03 6.321453656235428653e+00 1.280216024092250561e-11
4.830646813679857939e-03 6.355338206421988545e+00 3.318064763896497386e-12
4.830646813679857939e-03 6.389222756608546661e+00 8.391359937997731160e-13
4.830646813679857939e-03 6.423107306795105664e+00 2.071545785965809210e-13
4.830646813679857939e-03 6.456991856981664668e+00 4.993872728559708973e-14
4.830646813679857939e-03 6.490876407168223672e+00 1.176046547813600372e-14
4.830646813679857939e-03 6.524760957354782676e+00 2.706552105005960817e-15
4.830646813679857939e-03 6.558645507541341679e+00 6.089354690468619842e-16
4.830646813679857939e-03 6.592530057727900683e+00 1.339814863394144633e-16
4.830646813679857939e-03 6.626414607914458799e+00 2.883965980074145467e-17
4.830646813679857939e-03 6.660299158101018691e+00 6.075164867526376317e-18
4.830646813679857939e-03 6.694183708287576806e+00 1.252844039987794240e-18
4.830646813679857939e-03 6.728068258474136698e+00 2.530189611332170425e-19
4.830646813679857939e-03 6.761952808660694814e+00 5.005760712983551449e-20
6.038308517099822206e-03 3.407382340191361880e+00 1.048718330817026901e-31
6.038308517099822206e-03 3.441266890377920884e+00 4.339377302437150983e-30
6.038308517099822206e-03 3.475151440564479888e+00 1.578590678711216996e-28
6.038308517099822206e-03 3.509035990751038447e+00 5.066183701403096301e-27
6.038308517099822206e-03 3.542920540937597451e+00 1.439125879434419332e-25
6.038308517099822206e-03 3.576805091124156455e+00 3.629984045095749455e-24
6.038308517099822206e-03 3.610689641310715459e+00 8.155069093223243898e-23
6.038308517099822206e-03 3.644574191497274462e+00 1.636614553024440897e-21
6.038308517099822206e-03 3.678458741683833466e+00 2.942335990986542664e-20
6.038308517099822206e-03 3.712343291870392026e+00 4.751724230757067126e-19
6.038308517099822206e-03 3.746227842056951030e+00 6.911404048289667756e-18
6.038308517099822206e-03 3.780112392243510033e+00 9.076939773836875994e-17
6.038308517099822206e-03 3.813996942430069037e+00 1.079030612648636177e-15
6.038308517099822206e-03 3.847881492616627597e+00 1.163791258566229226e-14
6.038308517099822206e-03 3.881766042803186600e+00 1.141442100472005829e-13
6.038308517099822206e-03 3.915650592989745604e+00 1.020297548931917174e-12
6.038308517099822206e-03 3.949535143176304608e+00 8.329490402895956206e-12
6.038308517099822206e-03 3.983419693362863612e+00 6.223323455858866393e-11
6.038308517099822206e-03 4.017304243549422615e+00 4.263860860934890802e-10
6.038308517099822206e-03 4.051188793735981619e+00 2.684087591629622527e-09
6.038308517099822206e-03 4.085073343922540623e+00 1.555295233850774242e-08
6.038308517099822206e-03 4.118957894109099627e+00 8.310656673151502233e-08
6.038308517099822206e-03 4.152842444295657742e+00 4.102263028186682164e-07
6.038308517099822206e-03 4.186726994482216746e+00 1.873756572121701029e-06
6.038308517099822206e-03 4.220611544668775750e+00 7.932639278687687886e-06
6.038308517099822206e-03 4.254496094855334754e+00 3.117661428591581610e-05
6.038308517099822206e-03 4.288380645041893757e+00 1.139247555685316660e-04
6.038308517099822206e-03 4.322265195228452761e+00 3.876471523070338710e-04
6.038308517099822206e-03 4.356149745415011765e+00 1.230033340109488700e-03
6.038308517099822206e-03 4.390034295601570768e+00 3.644795918816631872e-03
6.038308517099822206e-03 4.423918845788129772e+00 1.009955832805074609e-02
6.038308517099822206e-03 4.457803395974687888e+00 2.620501360989821796e-02
6.038308517099822206e-03 4.491687946161247780e+00 6.375043238037858551e-02
6.038308517099822206e-03 4.525572496347805895e+00 1.455951894202122676e-01
6.038308517099822206e-03 4.559457046534364899e+00 3.125428614591659882e-01
6.038308517099822206e-03 4.593341596720923903e+00 6.313788245017362133e-01
6.038308517099822206e-03 4.627226146907482907e+00 1.201693571710736430e+00
6.038308517099822206e-03 4.661110697094041910e+00 2.157311856795060212e+00
6.038308517099822206e-03 4.694995247280600914e+00 3.657017117434702591e+00
6.038308517099822206e-03 4.728879797467159918e+00 5.860073112441136267e+00
6.038308517099822206e-03 4.762764347653718922e+00 8.885795531791018220e+00
6.038308517099822206e-03 4.796648897840277925e+00 1.276293856341989219e+01
6.038308517099822206e-03 4.830533448026836041e+00 1.738196836742605100e+01
6.038308517099822206e-03 4.864417998213395933e+00 2.246794521556987689e+01
6.038308517099822206e-03 4.898302548399954048e+00 2.759026328843005160e+01
6.038308517099822206e-03 4.932187098586513052e+00 3.221651006619132573e+01
6.038308517099822206e-03 4.966071648773072056e+00 3.580336282414633331e+01
6.038308517099822206e-03 4.999956198959631060e+00 3.790313395830829535e+01
6.038308517099822206e-03 5.033840749146190063e+00 3.825663569002551156e+01
6.038308517099822206e-03 5.067725299332749067e+00 3.684550797757405149e+01
6.038308517099822206e-03 5.101609849519308071e+00 3.388955552662950055e+01
6.038308517099822206e-03 5.135494399705867075e+00 2.979203191333083822e+01
6.038308517099822206e-03 5.169378949892426078e+00 2.505122009682400375e+01
6.038308517099822206e-03 5.203263500078984194e+00 2.016444075027797922e+01
6.038308517099822206e-03 5.237148050265544086e+00 1.554886707193804796e+01
6.038308517099822206e-03 5.271032600452102201e+00 1.149439837929431718e+01
6.038308517099822206e-03 5.304917150638661205e+00 8.151949225101093432e+00
6.038308517099822206e-03 5.338801700825220209e+00 5.550480401386504781e+00
6.038308517099822206e-03 5.372686251011779213e+00 3.630724449717322333e+00
6.038308517099822206e-03 5.406570801198338216e+00 2.283195471900751450e+00
6.038308517099822206e-03 5.440455351384897220e+00 1.381234483007131919e+00
6.038308517099822206e-03 5.474339901571456224e+00 8.043550498305693797e-01
6.038308517099822206e-03 5.508224451758014339e+00 4.511906430951121427e-01
6.038308517099822206e-03 5.542109001944574231e+00 2.439352713887721069e-01
6.038308517099822206e-03 5.575993552131132347e+00 1.271909701229065048e-01
6.038308517099822206e-03 5.609878102317692239e+00 6.399776955566062464e-02
6.038308517099822206e-03 5.643762652504250354e+00 3.109244823399112678e-02
6.038308517099822206e-03 5.677647202690809358e+00 1.459406371475925439e-02
6.038308517099822206e-03 5.711531752877368362e+00 6.621764205308112126e-03
6.038308517099822206e-03 5.745416303063927366e+00 2.905946401836331534e-03
6.038308517099822206e-03 5.779300853250486369e+00 1.234109301044481605e-03
6.038308517099822206e-03 5.813185403437045373e+00 5.074615024452395606e-04
6.038308517099822206e-03 5.847069953623604377e+00 2.021450190891715514e-04
6.038308517099822206e-03 5.880954503810162493e+00 7.804701455476939736e-05
6.038308517099822206e-03 5.914839053996722384e+00 2.922144048257454538e-05
6.038308517099822206e-03 5.948723604183280500e+00 1.061484913471217697e-05
6.038308517099822206e-03 5.982608154369840392e+00 3.742862328291848081e-06
6.038308517099822206e-03 6.016492704556398508e+00 1.281677854167078384e-06
6.038308517099822206e-03 6.050377254742957511e+00 4.264247645546218737e-07
6.038308517099822206e-03 6.084261804929516515e+00 1.379095689170189817e-07
6.038308517099822206e-03 6.118146355116075519e+00 4.337417967588193577e-08
6.038308517099822206e-03 6.152030905302634523e+00 1.327229671270748104e-08
6.038308517099822206e-03 6.185915455489193526e+00 3.953015794660572275e-09
6.038308517099822206e-03 6.219800005675752530e+00 1.146476513787132820e-09
6.038308517099822206e-03 6.253684555862310646e+00 3.239211044170243678e-10
6.038308517099822206e-03 6.287569106048870538e+00 8.919305371111792096e-11
6.038308517099822206e-03 6.321453656235428653e+00 2.394516043519435721e-11
6.038308517099822206e-03 6.355338206421988545e+00 6.270088592479386147e-12
6.038308517099822206e-03 6.389222756608546661e+00 1.602028408851454632e-12
6.038308517099822206e-03 6.423107306795105664e+00 3.995544302795521822e-13
6.038308517099822206e-03 6.456991856981664668e+00 9.730983435926966843e-14
6.038308517099822206e-03 6.490876407168223672e+00 2.315131798811603809e-14
6.038308517099822206e-03 6.524760957354782676e+00 5.382616566244692065e-15
6.038308517099822206e-03 6.558645507541341679e+00 1.223398288716452539e-15
6.038308517099822206e-03 6.592530057727900683e+00 2.719283251201477253e-16
6.038308517099822206e-03 6.626414607914458799e+00 5.912976814656801549e-17
6.038308517099822206e-03 6.660299158101018691e+00 1.258269425732803266e-17
6.038308517099822206e-03 6.694183708287576806e+00 2.621229747228337673e-18
6.038308517099822206e-03 6.728068258474136698e+00 5.347446405429104400e-19
6.038308517099822206e-03 6.761952808660694814e+00 1.068664489434861865e-19
7.245970220519787341e-03 3.407382340191361880e+00 8.217405580769164827e-32
7.245970220519787341e-03 3.441266890377920884e+00 3.423823313731365348e-30
7.245970220519787341e-03 3.475151440564479888e+00 1.254363700266493471e-28
7.245970220519787341e-03 3.509035990751038447e+00 4.054753678245136724e-27
7.245970220519787341e-03 3.542920540937597451e+00 1.160297241714158639e-25
7.245970220519787341e-03 3.576805091124156455e+00 2.948609791623912210e-24
7.245970220519787341e-03 3.610689641310715459e+00 6.674756892246421149e-23
7.245970220519787341e-03 3.644574191497274462e+00 1.349896791695164441e-21
7.245970220519787341e-03 3.678458741683833466e+00 2.445918588589343453e-20
7.245970220519787341e-03 3.712343291870392026e+00 3.981474535742318668e-19
7.245970220519787341e-03 3.746227842056951030e+00 5.837778730584442760e-18
7.245970220519787341e-03 3.780112392243510033e+00 7.729535589044609054e-17
7.245970220519787341e-03 3.813996942430069037e+00 9.264514434426241281e-16
7.245970220519787341e-03 3.847881492616627597e+00 1.007580436856256858e-14
7.245970220519787341e-03 3.881766042803186600e+00 9.965831793705716839e-14
7.245970220519787341e-03 3.915650592989745604e+00 8.984199449550113018e-13
7.245970220519787341e-03 3.949535143176304608e+00 7.397761087204819706e-12
7.245970220519787341e-03 3.983419693362863612e+00 5.575305641443939550e-11
7.245970220519787341e-03 4.017304243549422615e+00 3.853430951584685933e-10
7.245970220519787341e-03 4.051188793735981619e+00 2.447214592345230584e-09
7.245970220519787341e-03 4.085073343922540623e+00 1.430705924145137146e-08
7.245970220519787341e-03 4.118957894109099627e+00 7.713744066912632172e-08
7.245970220519787341e-03 4.152842444295657742e+00 3.842154211250557805e-07
7.245970220519787341e-03 4.186726994482216746e+00 1.770980688786418741e-06
7.245970220519787341e-03 4.220611544668775750e+00 7.566493000516412605e-06
7.245970220519787341e-03 4.254496094855334754e+00 3.001290485841767944e-05
7.245970220519787341e-03 4.288380645041893757e+00 1.106940375668640560e-04
7.245970220519787341e-03 4.322265195228452761e+00 3.801838724536540015e-04
7.245970220519787341e-03 4.356149745415011765e+00 1.217721402143820365e-03
7.245970220519787341e-03 4.390034295601570768e+00 3.642506426582572000e-03
7.245970220519787341e-03 4.423918845788129772e+00 1.018935656901758489e-02
7.245970220519787341e-03 4.457803395974687888e+00 2.669109541654754100e-02
7.245970220519787341e-03 4.491687946161247780e+00 6.555748842438501034e-02
7.245970220519787341e-03 4.525572496347805895e+00 1.511687747038217566e-01
7.245970220519787341e-03 4.559457046534364899e+00 3.276562797093142132e-01
7.245970220519787341e-03 4.593341596720923903e+00 6.683592445784006797e-01
7.245970220519787341e-03 4.627226146907482907e+00 1.284520894148407644e+00
7.245970220519787341e-03 4.661110697094041910e+00 2.328646615694206723e+00
7.245970220519787341e-03 4.694995247280600914e+00 3.986354402756424165e+00
7.245970220519787341e-03 4.728879797467159918e+00 6.450963124159484252e+00
7.245970220519787341e-03 4.762764347653718922e+00 9.878798884686394999e+00
7.245970220519787341e-03 4.796648897840277925e+00 1.433038497525702937e+01
7.245970220519787341e-03 4.830533448026836041e+00 1.971141959166519086e+01
7.245970220519787341e-03 4.864417998213395933e+00 2.573391593873306959e+01
7.245970220519787341e-03 4.898302548399954048e+00 3.191781471041420915e+01
7.245970220519787341e-03 4.932187098586513052e+00 3.764447161786710438e+01
7.245970220519787341e-03 4.966071648773072056e+00 4.225732482544926683e+01
7.245970220519787341e-03 4.999956198959631060e+00 4.518749558068561356e+01
7.245970220519787341e-03 5.033840749146190063e+00 4.607059940307552637e+01
7.245970220519787341e-03 5.067725299332749067e+00 4.482125453550195004e+01
7.245970220519787341e-03 5.101609849519308071e+00 4.164430581777600082e+01
7.245970220519787341e-03 5.135494399705867075e+00 3.698176142170516556e+01
7.245970220519787341e-03 5.169378949892426078e+00 3.141383753978537641e+01
7.245970220519787341e-03 5.203263500078984194e+00 2.554402819237984446e+01
7.245970220519787341e-03 5.237148050265544086e+00 1.989843992568853892e+01
7.245970220519787341e-03 5.271032600452102201e+00 1.486035284097361320e+01
7.245970220519787341e-03 5.304917150638661205e+00 1.064711681260876475e+01
7.245970220519787341e-03 5.338801700825220209e+00 7.323748876246638062e+00
7.245970220519787341e-03 5.372686251011779213e+00 4.839858820938364836e+00
7.245970220519787341e-03 5.406570801198338216e+00 3.074842170362044769e+00
7.245970220519787341e-03 5.440455351384897220e+00 1.879277296294957544e+00
7.245970220519787341e-03 5.474339901571456224e+00 1.105650737857666321e+00
7.245970220519787341e-03 5.508224451758014339e+00 6.265843832175241879e-01
7.245970220519787341e-03 5.542109001944574231e+00 3.422517034834405836e-01
7.245970220519787341e-03 5.575993552131132347e+00 1.802937539703446113e-01
7.245970220519787341e-03 5.609878102317692239e+00 9.165245618175539566e-02
7.245970220519787341e-03 5.643762652504250354e+00 4.498732658504838583e-02
7.245970220519787341e-03 5.677647202690809358e+00 2.133380290193541765e-02
7.245970220519787341e-03 5.711531752877368362e+00 9.779642182979542825e-03
7.245970220519787341e-03 5.745416303063927366e+00 4.336048887919337347e-03
7.245970220519787341e-03 5.779300853250486369e+00 1.860446949968997104e-03
7.245970220519787341e-03 5.813185403437045373e+00 7.729000221587816214e-04
7.245970220519787341e-03 5.847069953623604377e+00 3.110562721972758254e-04
7.245970220519787341e-03 5.880954503810162493e+00 1.213351840406870984e-04
7.245970220519787341e-03 5.914839053996722384e+00 4.589709093240580868e-05
7.245970220519787341e-03 5.948723604183280500e+00 1.684413425235511979e-05
7.245970220519787341e-03 5.982608154369840392e+00 6.000507904808431389e-06
7.245970220519787341e-03 6.016492704556398508e+00 2.075917127707040719e-06
7.245970220519787341e-03 6.050377254742957511e+00 6.977790562488824821e-07
7.245970220519787341e-03 6.084261804929516515e+00 2.279877073046827397e-07
7.245970220519787341e-03 6.118146355116075519e+00 7.244137736909400891e-08
7.245970220519787341e-03 6.152030905302634523e+00 2.239424993481673059e-08
7.245970220519787341e-03 6.185915455489193526e+00 6.738300420633018984e-09
7.245970220519787341e-03 6.219800005675752530e+00 1.974306089670883584e-09
7.245970220519787341e-03 6.253684555862310646e+00 5.635233944600559533e-10
7.245970220519787341e-03 6.287569106048870538e+00 1.567554925311022131e-10
7.245970220519787341e-03 6.321453656235428653e+00 4.251321285425718396e-11
7.245970220519787341e-03 6.355338206421988545e+00 1.124577742965427823e-11
7.245970220519787341e-03 6.389222756608546661e+00 2.902622908629850994e-12
7.245970220519787341e-03 6.423107306795105664e+00 7.313002238919821310e-13
7.245970220519787341e-03 6.456991856981664668e+00 1.799162457564756463e-13
7.245970220519787341e-03 6.490876407168223672e+00 4.323919421750312001e-14
7.245970220519787341e-03 6.524760957354782676e+00 1.015494726246951208e-14
7.245970220519787341e-03 6.558645507541341679e+00 2.331462249935194498e-15
7.245970220519787341e-03 6.592530057727900683e+00 5.234618047542226940e-16
7.245970220519787341e-03 6.626414607914458799e+00 1.149741768591280544e-16
7.245970220519787341e-03 6.660299158101018691e+00 2.471295769324779763e-17
7.245970220519787341e-03 6.694183708287576806e+00 5.200035445493969747e-18
7.245970220519787341e-03 6.728068258474136698e+00 1.071496605338339269e-18
7.245970220519787341e-03 6.761952808660694814e+00 2.162826668346090603e-19
8.453631923939750742e-03 3.407382340191361880e+00 6.237262294421715591e-32
8.453631923939750742e-03 3.441266890377920884e+00 2.616286575246851855e-30
8.453631923939750742e-03 3.475151440564479888e+00 9.651063984310187988e-29
8.453631923939750742e-03 3.509035990751038447e+00 3.141627094263884695e-27
8.453631923939750742e-03 3.542920540937597451e+00 9.054329058920764423e-26
8.453631923939750742e-03 3.576805091124156455e+00 2.317701028248257732e-24
8.453631923939750742e-03 3.610689641310715459e+00 5.285460250987167986e-23
8.453631923939750742e-03 3.644574191497274462e+00 1.076979220514836633e-21
8.453631923939750742e-03 3.678458741683833466e+00 1.966338979245596557e-20
8.453631923939750742e-03 3.712343291870392026e+00 3.225658253426495216e-19
8.453631923939750742e-03 3.746227842056951030e+00 4.766797234922107980e-18
8.453631923939750742e-03 3.780112392243510033e+00 6.361829163656678968e-17
8.453631923939750742e-03 3.813996942430069037e+00 7.686773670612317973e-16
8.453631923939750742e-03 3.847881492616627597e+00 8.428216627966156576e-15
8.453631923939750742e-03 3.881766042803186600e+00 8.405126045083757238e-14
8.453631923939750742e-03 3.915650592989745604e+00 7.640530232687924542e-13
8.453631923939750742e-03 3.949535143176304608e+00 6.344467286239977720e-12
8.453631923939750742e-03 3.983419693362863612e+00 4.822255749317405614e-11
8.453631923939750742e-03 4.017304243549422615e+00 3.361634380298714950e-10
8.453631923939750742e-03 4.051188793735981619e+00 2.153424531407386509e-09
8.453631923939750742e-03 4.085073343922540623e+00 1.269974004565813914e-08
8.453631923939750742e-03 4.118957894109099627e+00 6.907605030014896903e-08
8.453631923939750742e-03 4.152842444295657742e+00 3.471240443286616010e-07
8.453631923939750742e-03 4.186726994482216746e+00 1.614358831897523740e-06
8.453631923939750742e-03 4.220611544668775750e+00 6.959609370540760378e-06
8.453631923939750742e-03 4.254496094855334754e+00 2.785664704046916625e-05
8.453631923939750742e-03 4.288380645041893757e+00 1.036814858292548901e-04
8.453631923939750742e-03 4.322265195228452761e+00 3.593779818636906923e-04
8.453631923939750742e-03 4.356149745415011765e+00 1.161743306593138268e-03
8.453631923939750742e-03 4.390034295601570768e+00 3.507436249162446378e-03
8.453631923939750742e-03 4.423918845788129772e+00 9.903422426816153867e-03
8.453631923939750742e-03 4.457803395974687888e+00 2.618635351776689088e-02
8.453631923939750742e-03 4.491687946161247780e+00 6.492637888461740003e-02
8.453631923939750742e-03 4.525572496347805895e+00 1.511369171700262248e-01
8.453631923939750742e-03 4.559457046534364899e+00 3.307159240730309091e-01
8.453631923939750742e-03 4.593341596720923903e+00 6.810711704413466849e-01
8.453631923939750742e-03 4.627226146907482907e+00 1.321559344412045922e+00
8.453631923939750742e-03 4.661110697094041910e+00 2.418958104679355792e+00
8.453631923939750742e-03 4.694995247280600914e+00 4.181147826676334667e+00
8.453631923939750742e-03 4.728879797467159918e+00 6.832095597232216377e+00
8.453631923939750742e-03 4.762764347653718922e+00 1.056470825889606857e+01
8.453631923939750742e-03 4.796648897840277925e+00 1.547564598742471098e+01
8.453631923939750742e-03 4.830533448026836041e+00 2.149608310628044450e+01
8.453631923939750742e-03 4.864417998213395933e+00 2.834067062939066872e+01
8.453631923939750742e-03 4.898302548399954048e+00 3.549865651500730479e+01
8.453631923939750742e-03 4.932187098586513052e+00 4.228298246026515272e+01
8.453631923939750742e-03 4.966071648773072056e+00 4.793608771643760491e+01
8.453631923939750742e-03 4.999956198959631060e+00 5.177081659907116773e+01
8.453631923939750742e-03 5.033840749146190063e+00 5.330969414225481984e+01
8.453631923939750742e-03 5.067725299332749067e+00 5.238305391508551878e+01
8.453631923939750742e-03 5.101609849519308071e+00 4.915812173480956204e+01
8.453631923939750742e-03 5.135494399705867075e+00 4.409282792591454125e+01
8.453631923939750742e-03 5.169378949892426078e+00 3.783113952074604214e+01
8.453631923939750742e-03 5.203263500078984194e+00 3.107225394259357643e+01
8.453631923939750742e-03 5.237148050265544086e+00 2.444914877882253990e+01
8.453631923939750742e-03 5.271032600452102201e+00 1.844340544661804060e+01
8.453631923939750742e-03 5.304917150638661205e+00 1.334801756119465921e+01
8.453631923939750742e-03 5.338801700825220209e+00 9.274617141093179029e+00
8.453631923939750742e-03 5.372686251011779213e+00 6.191240011132854271e+00
8.453631923939750742e-03 5.406570801198338216e+00 3.973327442635175011e+00
8.453631923939750742e-03 5.440455351384897220e+00 2.453085827746903202e+00
8.453631923939750742e-03 5.474339901571456224e+00 1.457919506724583592e+00
8.453631923939750742e-03 5.508224451758014339e+00 8.346258468121736662e-01
8.453631923939750742e-03 5.542109001944574231e+00 4.605291638843942437e-01
8.453631923939750742e-03 5.575993552131132347e+00 2.450719791169085060e-01
8.453631923939750742e-03 5.609878102317692239e+00 1.258520727006506024e-01
8.453631923939750742e-03 5.643762652504250354e+00 6.240382448265379550e-02
8.453631923939750742e-03 5.677647202690809358e+00 2.989476686540944173e-02
8.453631923939750742e-03 5.711531752877368362e+00 1.384383764118217452e-02
8.453631923939750742e-03 5.745416303063927366e+00 6.200615068578981502e-03
8.453631923939750742e-03 5.779300853250486369e+00 2.687602639771556785e-03
8.453631923939750742e-03 5.813185403437045373e+00 1.127919301110035790e-03
8.453631923939750742e-03 5.847069953623604377e+00 4.585641174145507477e-04
8.453631923939750742e-03 5.880954503810162493e+00 1.806980228537623907e-04
8.453631923939750742e-03 5.914839053996722384e+00 6.904880886735155043e-05
8.453631923939750742e-03 5.948723604183280500e+00 2.559897957663041408e-05
8.453631923939750742e-03 5.982608154369840392e+00 9.212195662525338527e-06
8.453631923939750742e-03 6.016492704556398508e+00 3.219469417452150176e-06
8.453631923939750742e-03 6.050377254742957511e+00 1.093173417301669932e-06
8.453631923939750742e-03 6.084261804929516515e+00 3.608085510631722971e-07
8.453631923939750742e-03 6.118146355116075519e+00 1.158093164606502621e-07
8.453631923939750742e-03 6.152030905302634523e+00 3.616442948513616827e-08
8.453631923939750742e-03 6.185915455489193526e+00 1.099209313118700368e-08
8.453631923939750742e-03 6.219800005675752530e+00 3.253312868998804546e-09
8.453631923939750742e-03 6.253684555862310646e+00 9.379954941392420154e-10
8.453631923939750742e-03 6.287569106048870538e+00 2.635632927383490979e-10
8.453631923939750742e-03 6.321453656235428653e+00 7.220297735995295526e-11
8.453631923939750742e-03 6.355338206421988545e+00 1.929234952267934521e-11
8.453631923939750742e-03 6.389222756608546661e+00 5.029744527094311976e-12
8.453631923939750742e-03 6.423107306795105664e+00 1.279987351729867877e-12
8.453631923939750742e-03 6.456991856981664668e+00 3.180751890376589779e-13
8.453631923939750742e-03 6.490876407168223672e+00 7.721132690691995497e-14
8.453631923939750742e-03 6.524760957354782676e+00 1.831552911672141342e-14
8.453631923939750742e-03 6.558645507541341679e+00 4.247200078114041099e-15
8.453631923939750742e-03 6.592530057727900683e+00 9.631320415825269207e-16
8.453631923939750742e-03 6.626414607914458799e+00 2.136591105192015423e-16
8.453631923939750742e-03 6.660299158101018691e+00 4.638309154361349213e-17
8.453631923939750742e-03 6.694183708287576806e+00 9.857085668283404271e-18
8.453631923939750742e-03 6.728068258474136698e+00 2.051320447116163163e-18
8.453631923939750742e-03 6.761952808660694814e+00 4.181748924606537807e-19
9.661293627359715877e-03 3.407382340191361880e+00 4.613311246228909319e-32
9.661293627359715877e-03 3.441266890377920884e+00 1.947734387422874644e-30
9.661293627359715877e-03 3.475151440564479888e+00 7.232847687266912678e-29
9.661293627359715877e-03 3.509035990751038447e+00 2.370500806495520653e-27
9.661293627359715877e-03 3.542920540937597451e+00 6.879429911401319446e-26
9.661293627359715877e-03 3.576805091124156455e+00 1.773460228752939954e-24
9.661293627359715877e-03 3.610689641310715459e+00 4.073519254220661664e-23
9.661293627359715877e-03 3.644574191497274462e+00 8.361231556029632926e-22
9.661293627359715877e-03 3.678458741683833466e+00 1.537971852485949697e-20
9.661293627359715877e-03 3.712343291870392026e+00 2.542053420730487459e-19
9.661293627359715877e-03 3.746227842056951030e+00 3.785443613310417578e-18
9.661293627359715877e-03 3.780112392243510033e+00 5.091451772542837250e-17
9.661293627359715877e-03 3.813996942430069037e+00 6.200366313116921064e-16
9.661293627359715877e-03 3.847881492616627597e+00 6.852752854921911698e-15
9.661293627359715877e-03 3.881766042803186600e+00 6.889230357755671696e-14
9.661293627359715877e-03 3.915650592989745604e+00 6.313738137798795822e-13
9.661293627359715877e-03 3.949535143176304608e+00 5.286069772700120216e-12
9.661293627359715877e-03 3.983419693362863612e+00 4.051345927511960364e-11
9.661293627359715877e-03 4.017304243549422615e+00 2.848041377730487679e-10
9.661293627359715877e-03 4.051188793735981619e+00 1.839951157869218350e-09
9.661293627359715877e-03 4.085073343922540623e+00 1.094422828582741519e-08
9.661293627359715877e-03 4.118957894109099627e+00 6.004310451138691433e-08
9.661293627359715877e-03 4.152842444295657742e+00 3.043660222883864894e-07
9.661293627359715877e-03 4.186726994482216746e+00 1.427962341539847772e-06
9.661293627359715877e-03 4.220611544668775750e+00 6.210621301133516497e-06
9.661293627359715877e-03 4.254496094855334754e+00 2.508070701482777024e-05
9.661293627359715877e-03 4.288380645041893757e+00 9.418876931768711033e-05
9.661293627359715877e-03 4.322265195228452761e+00 3.294288219751125859e-04
9.661293627359715877e-03 4.356149745415011765e+00 1.074624675723513320e-03
9.661293627359715877e-03 4.390034295601570768e+00 3.274132674717542164e-03
9.661293627359715877e-03 4.423918845788129772e+00 9.329838053922243427e-03
9.661293627359715877e-03 4.457803395974687888e+00 2.489818684742465052e-02
9.661293627359715877e-03 4.491687946161247780e+00 6.230723825362593365e-02
9.661293627359715877e-03 4.525572496347805895e+00 1.463970782835604112e-01
9.661293627359715877e-03 4.559457046534364899e+00 3.233557511783664018e-01
9.661293627359715877e-03 4.593341596720923903e+00 6.722022090987204157e-01
9.661293627359715877e-03 4.627226146907482907e+00 1.316720591095069226e+00
9.661293627359715877e-03 4.661110697094041910e+00 2.433053442012836687e+00
9.661293627359715877e-03 4.694995247280600914e+00 4.245719272145178635e+00
9.661293627359715877e-03 4.728879797467159918e+00 7.004183976599104966e+00
9.661293627359715877e-03 4.762764347653718922e+00 1.093512376231927519e+01
9.661293627359715877e-03 4.796648897840277925e+00 1.617303871089904987e+01
9.661293627359715877e-03 4.830533448026836041e+00 2.268256859575717854e+01
9.661293627359715877e-03 4.864417998213395933e+00 3.019575335519924053e+01
9.661293627359715877e-03 4.898302548399954048e+00 3.819114511525418720e+01
9.661293627359715877e-03 4.932187098586513052e+00 4.593492006131412353e+01
9.661293627359715877e-03 4.966071648773072056e+00 5.258689328824481635e+01
9.661293627359715877e-03 4.999956198959631060e+00 5.735191677293663304e+01
9.661293627359715877e-03 5.033840749146190063e+00 5.963853518360280503e+01
9.661293627359715877e-03 5.067725299332749067e+00 5.918051843522111710e+01
9.661293627359715877e-03 5.101609849519308071e+00 5.608661055644022042e+01
9.661293627359715877e-03 5.135494399705867075e+00 5.080612864633199166e+01
9.661293627359715877e-03 5.169378949892426078e+00 4.402400767326677311e+01
9.661293627359715877e-03 5.203263500078984194e+00 3.651843743765093819e+01
9.661293627359715877e-03 5.237148050265544086e+00 2.902079069617196438e+01
9.661293627359715877e-03 5.271032600452102201e+00 2.211052229653667212e+01
9.661293627359715877e-03 5.304917150638661205e+00 1.616191840155646986e+01
9.661293627359715877e-03 5.338801700825220209e+00 1.134216070066819526e+01
9.661293627359715877e-03 5.372686251011779213e+00 7.647264018769004856e+00
9.661293627359715877e-03 5.406570801198338216e+00 4.956966498638175622e+00
9.661293627359715877e-03 5.440455351384897220e+00 3.091090199390489346e+00
9.661293627359715877e-03 5.474339901571456224e+00 1.855553599782427510e+00
9.661293627359715877e-03 5.508224451758014339e+00 1.072941696427040625e+00
9.661293627359715877e-03 5.542109001944574231e+00 5.979827947290146106e-01
9.661293627359715877e-03 5.575993552131132347e+00 3.214215595456352825e-01
9.661293627359715877e-03 5.609878102317692239e+00 1.667222937148966910e-01
9.661293627359715877e-03 5.643762652504250354e+00 8.350226670222520020e-02
9.661293627359715877e-03 5.677647202690809358e+00 4.040521480890345990e-02
9.661293627359715877e-03 5.711531752877368362e+00 1.889970490598031835e-02
9.661293627359715877e-03 5.745416303063927366e+00 8.550476481539445034e-03
9.661293627359715877e-03 5.779300853250486369e+00 3.743501661875579291e-03
9.661293627359715877e-03 5.813185403437045373e+00 1.586896138284354420e-03
9.661293627359715877e-03 5.847069953623604377e+00 6.516701113961191356e-04
9.661293627359715877e-03 5.880954503810162493e+00 2.593808063385028852e-04
9.661293627359715877e-03 5.914839053996722384e+00 1.001143796586499745e-04
9.661293627359715877e-03 5.948723604183280500e+00 3.749018551646837299e-05
9.661293627359715877e-03 5.982608154369840392e+00 1.362734629696686118e-05
9.661293627359715877e-03 6.016492704556398508e+00 4.810429943437513290e-06
9.661293627359715877e-03 6.050377254742957511e+00 1.649825721311165057e-06
9.661293627359715877e-03 6.084261804929516515e+00 5.500129771125534062e-07
9.661293627359715877e-03 6.118146355116075519e+00 1.783134649976949150e-07
9.661293627359715877e-03 6.152030905302634523e+00 5.624241232628376227e-08
9.661293627359715877e-03 6.185915455489193526e+00 1.726638010289266810e-08
9.661293627359715877e-03 6.219800005675752530e+00 5.161571494414523355e-09
9.661293627359715877e-03 6.253684555862310646e+00 1.503102096328181406e-09
9.661293627359715877e-03 6.287569106048870538e+00 4.265799278419031917e-10
9.661293627359715877e-03 6.321453656235428653e+00 1.180305078003086620e-10
9.661293627359715877e-03 6.355338206421988545e+00 3.185250916041801131e-11
9.661293627359715877e-03 6.389222756608546661e+00 8.387243799773596352e-12
9.661293627359715877e-03 6.423107306795105664e+00 2.155703679154308532e-12
9.661293627359715877e-03 6.456991856981664668e+00 5.410261251888476488e-13
9.661293627359715877e-03 6.490876407168223672e+00 1.326384133604036178e-13
9.661293627359715877e-03 6.524760957354782676e+00 3.177621925106333598e-14
9.661293627359715877e-03 6.558645507541341679e+00 7.441736955262759966e-15
9.661293627359715877e-03 6.592530057727900683e+00 1.704278071006263189e-15
9.661293627359715877e-03 6.626414607914458799e+00 3.818150697767878725e-16
9.661293627359715877e-03 6.660299158101018691e+00 8.370707567614985684e-17
9.661293627359715877e-03 6.694183708287576806e+00 1.796451327271153070e-17
9.661293627359715877e-03 6.728068258474136698e+00 3.775359511436883531e-18
9.661293627359715877e-03 6.761952808660694814e+00 7.772019767853275946e-19
1.086895533077968101e-02 3.407382340191361880e+00 3.340881424323701519e-32
1.086895533077968101e-02 3.441266890377920884e+00 1.419445142657355354e-30
1.086895533077968101e-02 3.475151440564479888e+00 5.305223152070526869e-29
1.086895533077968101e-02 3.509035990751038447e+00 1.750259227025162478e-27
1.086895533077968101e-02 3.542920540937597451e+00 5.113789246370187288e-26
1.086895533077968101e-02 3.576805091124156455e+00 1.327388055575492549e-24
1.086895533077968101e-02 3.610689641310715459e+00 3.070351926637033593e-23
1.086895533077968101e-02 3.644574191497274462e+00 6.347232324182367111e-22
1.086895533077968101e-02 3.678458741683833466e+00 1.176007715694354058e-20
1.086895533077968101e-02 3.712343291870392026e+00 1.958141657938388524e-19
1.086895533077968101e-02 3.746227842056951030e+00 2.937798991944390082e-18
1.086895533077968101e-02 3.780112392243510033e+00 3.981431753131688353e-17
1.086895533077968101e-02 3.813996942430069037e+00 4.885985279957555539e-16
1.086895533077968101e-02 3.847881492616627597e+00 5.442272175361289995e-15
1.086895533077968101e-02 3.881766042803186600e+00 5.514522985996580855e-14
1.086895533077968101e-02 3.915650592989745604e+00 5.094318018093845960e-13
1.086895533077968101e-02 3.949535143176304608e+00 4.299652650840705173e-12
1.086895533077968101e-02 3.983419693362863612e+00 3.322294820457538647e-11
1.086895533077968101e-02 4.017304243549422615e+00 2.354829820837696403e-10
1.086895533077968101e-02 4.051188793735981619e+00 1.534011643380765358e-09
1.086895533077968101e-02 4.085073343922540623e+00 9.201319777341078046e-09
1.086895533077968101e-02 4.118957894109099627e+00 5.090999132354241667e-08
1.086895533077968101e-02 4.152842444295657742e+00 2.602807632470414078e-07
1.086895533077968101e-02 4.186726994482216746e+00 1.231682193000299310e-06
1.086895533077968101e-02 4.220611544668775750e+00 5.403583344533677301e-06
1.086895533077968101e-02 4.254496094855334754e+00 2.201300390105480689e-05
1.086895533077968101e-02 4.288380645041893757e+00 8.339849104684522480e-05
1.086895533077968101e-02 4.322265195228452761e+00 2.942835645562226813e-04
1.086895533077968101e-02 4.356149745415011765e+00 9.685708863925821411e-04
1.086895533077968101e-02 4.390034295601570768e+00 2.977590495480206354e-03
1.086895533077968101e-02 4.423918845788129772e+00 8.561697723926035494e-03
1.086895533077968101e-02 4.457803395974687888e+00 2.305646432871089752e-02
1.086895533077968101e-02 4.491687946161247780e+00 5.822693727402245001e-02
1.086895533077968101e-02 4.525572496347805895e+00 1.380698116536755449e-01
1.086895533077968101e-02 4.559457046534364899e+00 3.077849645463269779e-01
1.086895533077968101e-02 4.593341596720923903e+00 6.457821783464587906e-01
1.086895533077968101e-02 4.627226146907482907e+00 1.276783058981307617e+00
1.086895533077968101e-02 4.661110697094041910e+00 2.381386051572861984e+00
1.086895533077968101e-02 4.694995247280600914e+00 4.194697889029304960e+00
1.086895533077968101e-02 4.728879797467159918e+00 6.985445164400996276e+00
1.086895533077968101e-02 4.762764347653718922e+00 1.100937240559160735e+01
1.086895533077968101e-02 4.796648897840277925e+00 1.643793726966538316e+01
1.086895533077968101e-02 4.830533448026836041e+00 2.327440679235597898e+01
1.086895533077968101e-02 4.864417998213395933e+00 3.128067940552792692e+01
1.086895533077968101e-02 4.898302548399954048e+00 3.994381231402022081e+01
1.086895533077968101e-02 4.932187098586513052e+00 4.850631910374121958e+01
1.086895533077968101e-02 4.966071648773072056e+00 5.606770752836080618e+01
1.086895533077968101e-02 4.999956198959631060e+00 6.174104608888481494e+01
1.086895533077968101e-02 5.033840749146190063e+00 6.482671950890133417e+01
1.086895533077968101e-02 5.067725299332749067e+00 6.495559924855314193e+01
1.086895533077968101e-02 5.101609849519308071e+00 6.216085217656253548e+01
1.086895533077968101e-02 5.135494399705867075e+00 5.685942527062703533e+01
1.086895533077968101e-02 5.169378949892426078e+00 4.975224544833955775e+01
1.086895533077968101e-02 5.203263500078984194e+00 4.167539249260936884e+01
1.086895533077968101e-02 5.237148050265544086e+00 3.344477815636845008e+01
1.086895533077968101e-02 5.271032600452102201e+00 2.573216550127274971e+01
1.086895533077968101e-02 5.304917150638661205e+00 1.899479995626779782e+01
1.086895533077968101e-02 5.338801700825220209e+00 1.346194650747449728e+01
1.086895533077968101e-02 5.372686251011779213e+00 9.166292762748280865e+00
1.086895533077968101e-02 5.406570801198338216e+00 6.000453722387554478e+00
1.086895533077968101e-02 5.440455351384897220e+00 3.778894081998380283e+00
1.086895533077968101e-02 5.474339901571456224e+00 2.290949582173293475e+00
1.086895533077968101e-02 5.508224451758014339e+00 1.337860352825412713e+00
1.086895533077968101e-02 5.542109001944574231e+00 7.530420569324699498e-01
1.086895533077968101e-02 5.575993552131132347e+00 4.087937919515440832e-01
1.086895533077968101e-02 5.609878102317692239e+00 2.141530140863047438e-01
1.086895533077968101e-02 5.643762652504250354e+00 1.083258529399669795e-01
1.086895533077968101e-02 5.677647202690809358e+00 5.293907618584876157e-02
1.086895533077968101e-02 5.711531752877368362e+00 2.500923689358427668e-02
1.086895533077968101e-02 5.745416303063927366e+00 1.142729022971286645e-02
1.086895533077968101e-02 5.779300853250486369e+00 5.052882513203570645e-03
1.086895533077968101e-02 5.813185403437045373e+00 2.163307596032809643e-03
1.086895533077968101e-02 5.847069953623604377e+00 8.972350352662852510e-04
1.086895533077968101e-02 5.880954503810162493e+00 3.606821372748976939e-04
1.086895533077968101e-02 5.914839053996722384e+00 1.406018560393057298e-04
1.086895533077968101e-02 5.948723604183280500e+00 5.317641915677122274e-05
1.086895533077968101e-02 5.982608154369840392e+00 1.952173944314884385e-05
1.086895533077968101e-02 6.016492704556398508e+00 6.959777494407789339e-06
1.086895533077968101e-02 6.050377254742957511e+00 2.410749072843531505e-06
1.086895533077968101e-02 6.084261804929516515e+00 8.116846029270867102e-07
1.086895533077968101e-02 6.118146355116075519e+00 2.657642901741508903e-07
1.086895533077968101e-02 6.152030905302634523e+00 8.465877032456502930e-08
1.086895533077968101e-02 6.185915455489193526e+00 2.624834918264286223e-08
1.086895533077968101e-02 6.219800005675752530e+00 7.924506426232583552e-09
1.086895533077968101e-02 6.253684555862310646e+00 2.330585159612919035e-09
1.086895533077968101e-02 6.287569106048870538e+00 6.679739606360317678e-10
1.086895533077968101e-02 6.321453656235428653e+00 1.866517948912642444e-10
1.086895533077968101e-02 6.355338206421988545e+00 5.086935673520417493e-11
1.086895533077968101e-02 6.389222756608546661e+00 1.352702392452628652e-11
1.086895533077968101e-02 6.423107306795105664e+00 3.511057288390244890e-12
1.086895533077968101e-02 6.456991856981664668e+00 8.898733459358792295e-13
1.086895533077968101e-02 6.490876407168223672e+00 2.203106137642420652e-13
1.086895533077968101e-02 6.524760957354782676e+00 5.329902770552691002e-14
1.086895533077968101e-02 6.558645507541341679e+00 1.260482884882594735e-14
1.086895533077968101e-02 6.592530057727900683e+00 2.915030354410765369e-15
1.086895533077968101e-02 6.626414607914458799e+00 6.594621785025911057e-16
1.086895533077968101e-02 6.660299158101018691e+00 1.459913824045064195e-16
1.086895533077968101e-02 6.694183708287576806e+00 3.163752941934155321e-17
1.086895533077968101e-02 6.728068258474136698e+00 6.713687538069828598e-18
1.086895533077968101e-02 6.761952808660694814e+00 1.395551534212293777e-18
1.207661703419964441e-02 3.407382340191361880e+00 2.378023515163257446e-32
1.207661703419964441e-02 3.441266890377920884e+00 1.016559876182788047e-30
1.207661703419964441e-02 3.475151440564479888e+00 3.823339773369934382e-29
1.207661703419964441e-02 3.509035990751038447e+00 1.269491241406654207e-27
1.207661703419964441e-02 3.542920540937597451e+00 3.733525740703369048e-26
1.207661703419964441e-02 3.576805091124156455e+00 9.756227157394745155e-25
1.207661703419964441e-02 3.610689641310715459e+00 2.272146810047249430e-23
1.207661703419964441e-02 3.644574191497274462e+00 4.729893708436037605e-22
1.207661703419964441e-02 3.678458741683833466e+00 8.825686120907369901e-21
1.207661703419964441e-02 3.712343291870392026e+00 1.480145537185231758e-19
1.207661703419964441e-02 3.746227842056951030e+00 2.236934543021515278e-18
1.207661703419964441e-02 3.780112392243510033e+00 3.054136900713685351e-17
1.207661703419964441e-02 3.813996942430069037e+00 3.776285947520690949e-16
1.207661703419964441e-02 3.847881492616627597e+00 4.238384241019684053e-15
1.207661703419964441e-02 3.881766042803186600e+00 4.327904552305332821e-14
1.207661703419964441e-02 3.915650592989745604e+00 4.029454326391529062e-13
1.207661703419964441e-02 3.949535143176304608e+00 3.427862415160898339e-12
1.207661703419964441e-02 3.983419693362863612e+00 2.669906017542068277e-11
1.207661703419964441e-02 4.017304243549422615e+00 1.907751270696732136e-10
1.207661703419964441e-02 4.051188793735981619e+00 1.252941009754103160e-09
1.207661703419964441e-02 4.085073343922540623e+00 7.577499280221432570e-09
1.207661703419964441e-02 4.118957894109099627e+00 4.227518007861298639e-08
1.207661703419964441e-02 4.152842444295657742e+00 2.179530018230803079e-07
1.207661703419964441e-02 4.186726994482216746e+00 1.040131680142903289e-06
1.207661703419964441e-02 4.220611544668775750e+00 4.602246014308381833e-06
1.207661703419964441e-02 4.254496094855334754e+00 1.891010624489682218e-05
1.207661703419964441e-02 4.288380645041893757e+00 7.226481026602159371e-05
1.207661703419964441e-02 4.322265195228452761e+00 2.572260961795260338e-04
1.207661703419964441e-02 4.356149745415011765e+00 8.540555717282301285e-04
1.207661703419964441e-02 4.390034295601570768e+00 2.648803861359713078e-03
1.207661703419964441e-02 4.423918845788129772e+00 7.684194121303528947e-03
1.207661703419964441e-02 4.457803395974687888e+00 2.087888755066114044e-02
1.207661703419964441e-02 4.491687946161247780e+00 5.320305106832092651e-02
1.207661703419964441e-02 4.525572496347805895e+00 1.273005169343501830e-01
1.207661703419964441e-02 4.559457046534364899e+00 2.863635629211993550e-01
1.207661703419964441e-02 4.593341596720923903e+00 6.063377644332854643e-01
1.207661703419964441e-02 4.627226146907482907e+00 1.209824542291720206e+00
1.207661703419964441e-02 4.661110697094041910e+00 2.277348828554258464e+00
1.207661703419964441e-02 4.694995247280600914e+00 4.048665888015953840e+00
1.207661703419964441e-02 4.728879797467159918e+00 6.805078650175651944e+00
1.207661703419964441e-02 4.762764347653718922e+00 1.082542736542340300e+01
1.207661703419964441e-02 4.796648897840277925e+00 1.631504113429947012e+01
1.207661703419964441e-02 4.830533448026836041e+00 2.331804421773040659e+01
1.207661703419964441e-02 4.864417998213395933e+00 3.163559169119883663e+01
1.207661703419964441e-02 4.898302548399954048e+00 4.078012856847486489e+01
1.207661703419964441e-02 4.932187098586513052e+00 4.999298752917221833e+01
1.207661703419964441e-02 4.966071648773072056e+00 5.833739950126913953e+01
1.207661703419964441e-02 4.999956198959631060e+00 6.485492575905641388e+01
1.207661703419964441e-02 5.033840749146190063e+00 6.874931858446116451e+01
1.207661703419964441e-02 5.067725299332749067e+00 6.954828350525171743e+01
1.207661703419964441e-02 5.101609849519308071e+00 6.719729786599877741e+01
1.207661703419964441e-02 5.135494399705867075e+00 6.205994321507859723e+01
1.207661703419964441e-02 5.169378949892426078e+00 5.482822268568065027e+01
1.207661703419964441e-02 5.203263500078984194e+00 4.637263401346495328e+01
1.207661703419964441e-02 5.237148050265544086e+00 3.757582201100484554e+01
1.207661703419964441e-02 5.271032600452102201e+00 2.919185205622558499e+01
1.207661703419964441e-02 5.304917150638661205e+00 2.175864014413996728e+01
1.207661703419964441e-02 5.338801700825220209e+00 1.557122242602178908e+01
1.207661703419964441e-02 5.372686251011779213e+00 1.070611874693065957e+01
1.207661703419964441e-02 5.406570801198338216e+00 7.077031520681186905e+00
1.207661703419964441e-02 5.440455351384897220e+00 4.500546574970727853e+00
1.207661703419964441e-02 5.474339901571456224e+00 2.755205204104412164e+00
1.207661703419964441e-02 5.508224451758014339e+00 1.624766833410197009e+00
1.207661703419964441e-02 5.542109001944574231e+00 9.235170148635788445e-01
1.207661703419964441e-02 5.575993552131132347e+00 5.062657437106166114e-01
1.207661703419964441e-02 5.609878102317692239e+00 2.678241971681856182e-01
1.207661703419964441e-02 5.643762652504250354e+00 1.368080090633386758e-01
1.207661703419964441e-02 5.677647202690809358e+00 6.751676052690236407e-02
1.207661703419964441e-02 5.711531752877368362e+00 3.221018358142891530e-02
1.207661703419964441e-02 5.745416303063927366e+00 1.486260298237017038e-02
1.207661703419964441e-02 5.779300853250486369e+00 6.636676872148998194e-03
1.207661703419964441e-02 5.813185403437045373e+00 2.869394488108697495e-03
1.207661703419964441e-02 5.847069953623604377e+00 1.201818954065057973e-03
1.207661703419964441e-02 5.880954503810162493e+00 4.878859462761774468e-04
1.207661703419964441e-02 5.914839053996722384e+00 1.920636899227524941e-04
1.207661703419964441e-02 5.948723604183280500e+00 7.335559238095577610e-05
1.207661703419964441e-02 5.982608154369840392e+00 2.719516254934621253e-05
1.207661703419964441e-02 6.016492704556398508e+00 9.790983018222648498e-06
1.207661703419964441e-02 6.050377254742957511e+00 3.424831772032458162e-06
1.207661703419964441e-02 6.084261804929516515e+00 1.164472005441521236e-06
1.207661703419964441e-02 6.118146355116075519e+00 3.850266747616368384e-07
1.207661703419964441e-02 6.152030905302634523e+00 1.238557761422586298e-07
1.207661703419964441e-02 6.185915455489193526e+00 3.877875158627240131e-08
1.207661703419964441e-02 6.219800005675752530e+00 1.182248343381606507e-08
1.207661703419964441e-02 6.253684555862310646e+00 3.511098572833108118e-09
1.207661703419964441e-02 6.287569106048870538e+00 1.016192004302908760e-09
1.207661703419964441e-02 6.321453656235428653e+00 2.867365163016919644e-10
1.207661703419964441e-02 6.355338206421988545e+00 7.891105207445324924e-11
1.207661703419964441e-02 6.389222756608546661e+00 2.118900324527439606e-11
1.207661703419964441e-02 6.423107306795105664e+00 5.553522893251489792e-12
1.207661703419964441e-02 6.456991856981664668e+00 1.421270388671951837e-12
1.207661703419964441e-02 6.490876407168223672e+00 3.553015047387014105e-13
1.207661703419964441e-02 6.524760957354782676e+00 8.679387446401511424e-14
1.207661703419964441e-02 6.558645507541341679e+00 2.072572547905699258e-14
1.207661703419964441e-02 6.592530057727900683e+00 4.839644946904946624e-15
1.207661703419964441e-02 6.626414607914458799e+00 1.105483785884891978e-15
1.207661703419964441e-02 6.660299158101018691e+00 2.471018554948042003e-16
1.207661703419964441e-02 6.694183708287576806e+00 5.406692806619358224e-17
1.207661703419964441e-02 6.728068258474136698e+00 1.158415777465475576e-17
1.207661703419964441e-02 6.761952808660694814e+00 2.431179918723382401e-18
1.328427873761960955e-02 3.407382340191361880e+00 1.668956745313876746e-32
1.328427873761960955e-02 3.441266890377920884e+00 7.177011100060167831e-31
1.328427873761960955e-02 3.475151440564479888e+00 2.715823436587266739e-29
1.328427873761960955e-02 3.509035990751038447e+00 9.074029278536269211e-28
1.328427873761960955e-02 3.542920540937597451e+00 2.685733880544899460e-26
1.328427873761960955e-02 3.576805091124156455e+00 7.064125426868041286e-25
1.328427873761960955e-02 3.610689641310715459e+00 1.656161700257024452e-23
1.328427873761960955e-02 3.644574191497274462e+00 3.471064746955218024e-22
1.328427873761960955e-02 3.678458741683833466e+00 6.521657231679837379e-21
1.328427873761960955e-02 3.712343291870392026e+00 1.101446366490891236e-19
1.328427873761960955e-02 3.746227842056951030e+00 1.676529214186544851e-18
1.328427873761960955e-02 3.780112392243510033e+00 2.305647928171899255e-17
1.328427873761960955e-02 3.813996942430069037e+00 2.871851977338312065e-16
1.328427873761960955e-02 3.847881492616627597e+00 3.247391288279516714e-15
1.328427873761960955e-02 3.881766042803186600e+00 3.341119076264195822e-14
1.328427873761960955e-02 3.915650592989745604e+00 3.134598103943122427e-13
1.328427873761960955e-02 3.949535143176304608e+00 2.687325508614461502e-12
1.328427873761960955e-02 3.983419693362863612e+00 2.109563696067773871e-11
1.328427873761960955e-02 4.017304243549422615e+00 1.519341349184037780e-10
1.328427873761960955e-02 4.051188793735981619e+00 1.005858802594369179e-09
1.328427873761960955e-02 4.085073343922540623e+00 6.132529997144503991e-09
1.328427873761960955e-02 4.118957894109099627e+00 3.449371671946128182e-08
1.328427873761960955e-02 4.152842444295657742e+00 1.793041391043224605e-07
1.328427873761960955e-02 4.186726994482216746e+00 8.628191168926808389e-07
1.328427873761960955e-02 4.220611544668775750e+00 3.849773431281968633e-06
1.328427873761960955e-02 4.254496094855334754e+00 1.595225460932519259e-05
1.328427873761960955e-02 4.288380645041893757e+00 6.148165494325189754e-05
1.328427873761960955e-02 4.322265195228452761e+00 2.207247803112669321e-04
1.328427873761960955e-02 4.356149745415011765e+00 7.392058694471214438e-04
1.328427873761960955e-02 4.390034295601570768e+00 2.312582108967941967e-03
1.328427873761960955e-02 4.423918845788129772e+00 6.767647403369490486e-03
1.328427873761960955e-02 4.457803395974687888e+00 1.855076574154795183e-02
1.328427873761960955e-02 4.491687946161247780e+00 4.769010707655287756e-02
1.328427873761960955e-02 4.525572496347805895e+00 1.151278872699092737e-01
1.328427873761960955e-02 4.559457046534364899e+00 2.613047151986105932e-01
1.328427873761960955e-02 4.593341596720923903e+00 5.582682650019278325e-01
1.328427873761960955e-02 4.627226146907482907e+00 1.124005610643486808e+00
1.328427873761960955e-02 4.661110697094041910e+00 2.135067389126599657e+00
1.328427873761960955e-02 4.694995247280600914e+00 3.830428363048364648e+00
1.328427873761960955e-02 4.728879797467159918e+00 6.497385713399380869e+00
1.328427873761960955e-02 4.762764347653718922e+00 1.043125740163766402e+01
1.328427873761960955e-02 4.796648897840277925e+00 1.586650349394620285e+01
1.328427873761960955e-02 4.830533448026836041e+00 2.288765494857745608e+01
1.328427873761960955e-02 4.864417998213395933e+00 3.134117522398945255e+01
1.328427873761960955e-02 4.898302548399954048e+00 4.077851789913882641e+01
1.328427873761960955e-02 4.932187098586513052e+00 5.046011575501013624e+01
1.328427873761960955e-02 4.966071648773072056e+00 5.943670106937103270e+01
1.328427873761960955e-02 4.999956198959631060e+00 6.670074177898983692e+01
1.328427873761960955e-02 5.033840749146190063e+00 7.137517342952101274e+01
1.328427873761960955e-02 5.067725299332749067e+00 7.288979557731603620e+01
1.328427873761960955e-02 5.101609849519308071e+00 7.109573939020444300e+01
1.328427873761960955e-02 5.135494399705867075e+00 6.628632893797279735e+01
1.328427873761960955e-02 5.169378949892426078e+00 5.912163677656840832e+01
1.328427873761960955e-02 5.203263500078984194e+00 5.048264302211838128e+01
1.328427873761960955e-02 5.237148050265544086e+00 4.129854041733244685e+01
1.328427873761960955e-02 5.271032600452102201e+00 3.239225080739306861e+01
1.328427873761960955e-02 5.304917150638661205e+00 2.437650215228018524e+01
1.328427873761960955e-02 5.338801700825220209e+00 1.761282181531800717e+01
1.328427873761960955e-02 5.372686251011779213e+00 1.222674531129448638e+01
1.328427873761960955e-02 5.406570801198338216e+00 8.160336272565832161e+00
1.328427873761960955e-02 5.440455351384897220e+00 5.239687778351831859e+00
1.328427873761960955e-02 5.474339901571456224e+00 3.238784154602087018e+00
1.328427873761960955e-02 5.508224451758014339e+00 1.928462858493204646e+00
1.328427873761960955e-02 5.542109001944574231e+00 1.106779686163115395e+00
1.328427873761960955e-02 5.575993552131132347e+00 6.126244642978553312e-01
1.328427873761960955e-02 5.609878102317692239e+00 3.272413723868290991e-01
1.328427873761960955e-02 5.643762652504250354e+00 1.687855340288204054e-01
1.328427873761960955e-02 5.677647202690809358e+00 8.410909064106175670e-02
1.328427873761960955e-02 5.711531752877368362e+00 4.051670845800214166e-02
1.328427873761960955e-02 5.745416303063927366e+00 1.887761253571757641e-02
1.328427873761960955e-02 5.779300853250486369e+00 8.511681644790190099e-03
1.328427873761960955e-02 5.813185403437045373e+00 3.715937487411010744e-03
1.328427873761960955e-02 5.847069953623604377e+00 1.571560958380182997e-03
1.328427873761960955e-02 5.880954503810162493e+00 6.442060659884820718e-04
1.328427873761960955e-02 5.914839053996722384e+00 2.560743318167930244e-04
1.328427873761960955e-02 5.948723604183280500e+00 9.875701043843394757e-05
1.328427873761960955e-02 5.982608154369840392e+00 3.696916438614864604e-05
1.328427873761960955e-02 6.016492704556398508e+00 1.343960755783991726e-05
1.328427873761960955e-02 6.050377254742957511e+00 4.746905676387848841e-06
1.328427873761960955e-02 6.084261804929516515e+00 1.629708562156410534e-06
1.328427873761960955e-02 6.118146355116075519e+00 5.441008933504702235e-07
1.328427873761960955e-02 6.152030905302634523e+00 1.767301012996678597e-07
1.328427873761960955e-02 6.185915455489193526e+00 5.587163409618846733e-08
1.328427873761960955e-02 6.219800005675752530e+00 1.719914819415778375e-08
1.328427873761960955e-02 6.253684555862310646e+00 5.157497792666132469e-09
1.328427873761960955e-02 6.287569106048870538e+00 1.507184727115305158e-09
1.328427873761960955e-02 6.321453656235428653e+00 4.294029576270124743e-10
1.328427873761960955e-02 6.355338206421988545e+00 1.193184406765101929e-10
1.328427873761960955e-02 6.389222756608546661e+00 3.234924351313549524e-11
1.328427873761960955e-02 6.423107306795105664e+00 8.560555786778933189e-12
1.328427873761960955e-02 6.456991856981664668e+00 2.212002426540638484e-12
1.328427873761960955e-02 6.490876407168223672e+00 5.583119400221581815e-13
1.328427873761960955e-02 6.524760957354782676e+00 1.377003958205010127e-13
1.328427873761960955e-02 6.558645507541341679e+00 3.319840003243634250e-14
1.328427873761960955e-02 6.592530057727900683e+00 7.826670705582907174e-15
1.328427873761960955e-02 6.626414607914458799e+00 1.804956471022090681e-15
1.328427873761960955e-02 6.660299158101018691e+00 4.073198794749742675e-16
1.328427873761960955e-02 6.694183708287576806e+00 8.997685219272518981e-17
1.328427873761960955e-02 6.728068258474136698e+00 1.946243307416913663e-17
1.328427873761960955e-02 6.761952808660694814e+00 4.123606522907271975e-18
1.449194044103957468e-02 3.407382340191361880e+00 1.157890925766463383e-32
1.449194044103957468e-02 3.441266890377920884e+00 5.008112596365983247e-31
1.449194044103957468e-02 3.475151440564479888e+00 1.906367928144229589e-29
1.449194044103957468e-02 3.509035990751038447e+00 6.408324530911591410e-28
1.449194044103957468e-02 3.542920540937597451e+00 1.908571844630972570e-26
1.449194044103957468e-02 3.576805091124156455e+00 5.052019404548299859e-25
1.449194044103957468e-02 3.610689641310715459e+00 1.192142424614904633e-23
1.449194044103957468e-02 3.644574191497274462e+00 2.515142495595233444e-22
1.449194044103957468e-02 3.678458741683833466e+00 4.757579249266449230e-21
1.449194044103957468e-02 3.712343291870392026e+00 8.090426461690500170e-20
1.449194044103957468e-02 3.746227842056951030e+00 1.240078508684128621e-18
1.449194044103957468e-02 3.780112392243510033e+00 1.717549604963435590e-17
1.449194044103957468e-02 3.813996942430069037e+00 2.154781075336716140e-16
1.449194044103957468e-02 3.847881492616627597e+00 2.454400688211921802e-15
1.449194044103957468e-02 3.881766042803186600e+00 2.543992996935478909e-14
1.449194044103957468e-02 3.915650592989745604e+00 2.404699441403912849e-13
1.449194044103957468e-02 3.949535143176304608e+00 2.077277879835481166e-12
1.449194044103957468e-02 3.983419693362863612e+00 1.643241340934755027e-11
1.449194044103957468e-02 4.017304243549422615e+00 1.192713398188412066e-10
1.449194044103957468e-02 4.051188793735981619e+00 7.958406593630362463e-10
1.449194044103957468e-02 4.085073343922540623e+00 4.890713335407123023e-09
1.449194044103957468e-02 4.118957894109099627e+00 2.772999412650376739e-08
1.449194044103957468e-02 4.152842444295657742e+00 1.453148525036281288e-07
1.449194044103957468e-02 4.186726994482216746e+00 7.049865813927618195e-07
1.449194044103957468e-02 4.220611544668775750e+00 3.171524323182912819e-06
1.449194044103957468e-02 4.254496094855334754e+00 1.325122518449383477e-05
1.449194044103957468e-02 4.288380645041893757e+00 5.150019250556598375e-05
1.449194044103957468e-02 4.322265195228452761e+00 1.864536882460174404e-04
1.449194044103957468e-02 4.356149745415011765e+00 6.297499322224697684e-04
1.449194044103957468e-02 4.390034295601570768e+00 1.987046456987230300e-03
1.449194044103957468e-02 4.423918845788129772e+00 5.865176568527362064e-03
1.449194044103957468e-02 4.457803395974687888e+00 1.621665154943668918e-02
1.449194044103957468e-02 4.491687946161247780e+00 4.205389353124783930e-02
1.449194044103957468e-02 4.525572496347805895e+00 1.024138655818349897e-01
1.449194044103957468e-02 4.559457046534364899e+00 2.345020770571187574e-01
1.449194044103957468e-02 4.593341596720923903e+00 5.054564218500695594e-01
1.449194044103957468e-02 4.627226146907482907e+00 1.026762292147693101e+00
1.449194044103957468e-02 4.661110697094041910e+00 1.967851098208868388e+00
1.449194044103957468e-02 4.694995247280600914e+00 3.562255151702646838e+00
1.449194044103957468e-02 4.728879797467159918e+00 6.097200194698843667e+00
1.449194044103957468e-02 4.762764347653718922e+00 9.877771713802612652e+00
1.449194044103957468e-02 4.796648897840277925e+00 1.516176549281067842e+01
1.449194044103957468e-02 4.830533448026836041e+00 2.207146172909056148e+01
1.449194044103957468e-02 4.864417998213395933e+00 3.050146603069209661e+01
1.449194044103957468e-02 4.898302548399954048e+00 4.005218908274017053e+01
1.449194044103957468e-02 4.932187098586513052e+00 5.002021721573375146e+01
1.449194044103957468e-02 4.966071648773072056e+00 5.946577169062975088e+01
1.449194044103957468e-02 4.999956198959631060e+00 6.735502297139686334e+01
1.449194044103957468e-02 5.033840749146190063e+00 7.274862989324209650e+01
1.449194044103957468e-02 5.067725299332749067e+00 7.498829576481237780e+01
1.449194044103957468e-02 5.101609849519308071e+00 7.382945786398464350e+01
1.449194044103957468e-02 5.135494399705867075e+00 6.948309127106286098e+01
1.449194044103957468e-02 5.169378949892426078e+00 6.255756800243812421e+01
1.449194044103957468e-02 5.203263500078984194e+00 5.392155498823844084e+01
1.449194044103957468e-02 5.237148050265544086e+00 4.452973543928602851e+01
1.449194044103957468e-02 5.271032600452102201e+00 3.525813295569074768e+01
1.449194044103957468e-02 5.304917150638661205e+00 2.678548734569962875e+01
1.449194044103957468e-02 5.338801700825220209e+00 1.953771757617820626e+01
1.449194044103957468e-02 5.372686251011779213e+00 1.369237416013936937e+01
1.449194044103957468e-02 5.406570801198338216e+00 9.225816118659000864e+00
1.449194044103957468e-02 5.440455351384897220e+00 5.980484901114270002e+00
1.449194044103957468e-02 5.474339901571456224e+00 3.732090991411127323e+00
1.449194044103957468e-02 5.508224451758014339e+00 2.243495934999044650e+00
1.449194044103957468e-02 5.542109001944574231e+00 1.299939474921329330e+00
1.449194044103957468e-02 5.575993552131132347e+00 7.264537812201597999e-01
1.449194044103957468e-02 5.609878102317692239e+00 3.917751851621659176e-01
1.449194044103957468e-02 5.643762652504250354e+00 2.040149496097675708e-01
1.449194044103957468e-02 5.677647202690809358e+00 1.026432443006138756e-01
1.449194044103957468e-02 5.711531752877368362e+00 4.992114052317562362e-02
1.449194044103957468e-02 5.745416303063927366e+00 2.348346671701437988e-02
1.449194044103957468e-02 5.779300853250486369e+00 1.069047131456518640e-02
1.449194044103957468e-02 5.813185403437045373e+00 4.712131673180717378e-03
1.449194044103957468e-02 5.847069953623604377e+00 2.012095782252423630e-03
1.449194044103957468e-02 5.880954503810162493e+00 8.327433371752646432e-04
1.449194044103957468e-02 5.914839053996722384e+00 3.342116293444353462e-04
1.449194044103957468e-02 5.948723604183280500e+00 1.301345153112488159e-04
1.449194044103957468e-02 5.982608154369840392e+00 4.918501956014665851e-05
1.449194044103957468e-02 6.016492704556398508e+00 1.805293197429926069e-05
1.449194044103957468e-02 6.050377254742957511e+00 6.437818152427210595e-06
1.449194044103957468e-02 6.084261804929516515e+00 2.231535023185481403e-06
1.449194044103957468e-02 6.118146355116075519e+00 7.522068549990320105e-07
1.449194044103957468e-02 6.152030905302634523e+00 2.466781127565117700e-07
1.449194044103957468e-02 6.185915455489193526e+00 7.873568171411201611e-08
1.449194044103957468e-02 6.219800005675752530e+00 2.447061621092384772e-08
1.449194044103957468e-02 6.253684555862310646e+00 7.408531448963573198e-09
1.449194044103957468e-02 6.287569106048870538e+00 2.185806849273474604e-09
1.449194044103957468e-02 6.321453656235428653e+00 6.287230905006399907e-10
1.449194044103957468e-02 6.355338206421988545e+00 1.763793136645598511e-10
1.449194044103957468e-02 6.389222756608546661e+00 4.827766868867769583e-11
1.449194044103957468e-02 6.423107306795105664e+00 1.289799943587319852e-11
1.449194044103957468e-02 6.456991856981664668e+00 3.364651932417107729e-12
1.449194044103957468e-02 6.490876407168223672e+00 8.573562401155012165e-13
1.449194044103957468e-02 6.524760957354782676e+00 2.134739669487800537e-13
1.449194044103957468e-02 6.558645507541341679e+00 5.195740942908391282e-14
1.449194044103957468e-02 6.592530057727900683e+00 1.236582401571732888e-14
1.449194044103957468e-02 6.626414607914458799e+00 2.878877948572820388e-15
1.449194044103957468e-02 6.660299158101018691e+00 6.558390999903817028e-16
1.449194044103957468e-02 6.694183708287576806e+00 1.462487402807493741e-16
1.449194044103957468e-02 6.728068258474136698e+00 3.193393095272054405e-17
1.449194044103957468e-02 6.761952808660694814e+00 6.829996221519712908e-18
1.569960214445953808e-02 3.407382340191361880e+00 7.958019939257075207e-33
1.569960214445953808e-02 3.441266890377920884e+00 3.461379417131599922e-31
1.569960214445953808e-02 3.475151440564479888e+00 1.325216724479880791e-29
1.569960214445953808e-02 3.509035990751038447e+00 4.481203161365764415e-28
1.569960214445953808e-02 3.542920540937597451e+00 1.342737649369020818e-26
1.569960214445953808e-02 3.576805091124156455e+00 3.576354154885357565e-25
1.569960214445953808e-02 3.610689641310715459e+00 8.492874552520794331e-24
1.569960214445953808e-02 3.644574191497274462e+00 1.803417862782069420e-22
1.569960214445953808e-02 3.678458741683833466e+00 3.433848953807812670e-21
1.569960214445953808e-02 3.712343291870392026e+00 5.878685669583608722e-20
1.569960214445953808e-02 3.746227842056951030e+00 9.072398849910428299e-19
1.569960214445953808e-02 3.780112392243510033e+00 1.265304577798559636e-17
1.569960214445953808e-02 3.813996942430069037e+00 1.598633089093756584e-16
1.569960214445953808e-02 3.847881492616627597e+00 1.833987432066682764e-15
1.569960214445953808e-02 3.881766042803186600e+00 1.914766721287016105e-14
1.569960214445953808e-02 3.915650592989745604e+00 1.823274840792276006e-13
1.569960214445953808e-02 3.949535143176304608e+00 1.586785266977489113e-12
1.569960214445953808e-02 3.983419693362863612e+00 1.264726389689262030e-11
1.569960214445953808e-02 4.017304243549422615e+00 9.249985842619216953e-11
1.569960214445953808e-02 4.051188793735981619e+00 6.219816840189834558e-10
1.569960214445953808e-02 4.085073343922540623e+00 3.852171996314904335e-09
1.569960214445953808e-02 4.118957894109099627e+00 2.201402648575742352e-08
1.569960214445953808e-02 4.152842444295657742e+00 1.162810704315583996e-07
1.569960214445953808e-02 4.186726994482216746e+00 5.686710033194872832e-07
1.569960214445953808e-02 4.220611544668775750e+00 2.579053125132365530e-06
1.569960214445953808e-02 4.254496094855334754e+00 1.086400586133079057e-05
1.569960214445953808e-02 4.288380645041893757e+00 4.257093421731582560e-05
1.569960214445953808e-02 4.322265195228452761e+00 1.554079798722828802e-04
1.569960214445953808e-02 4.356149745415011765e+00 5.292917463271890532e-04
1.569960214445953808e-02 4.390034295601570768e+00 1.684167787493522517e-03
1.569960214445953808e-02 4.423918845788129772e+00 5.013413482086719920e-03
1.569960214445953808e-02 4.457803395974687888e+00 1.398017365984357413e-02
1.569960214445953808e-02 4.491687946161247780e+00 3.656617290074221788e-02
1.569960214445953808e-02 4.525572496347805895e+00 8.982062777874313952e-02
1.569960214445953808e-02 4.559457046534364899e+00 2.074575917131916414e-01
1.569960214445953808e-02 4.593341596720923903e+00 4.510785125219052838e-01
1.569960214445953808e-02 4.627226146907482907e+00 9.243656503001177471e-01
1.569960214445953808e-02 4.661110697094041910e+00 1.787271398721081539e+00
1.569960214445953808e-02 4.694995247280600914e+00 3.264118000877298531e+00
1.569960214445953808e-02 4.728879797467159918e+00 5.636782551251005025e+00
1.569960214445953808e-02 4.762764347653718922e+00 9.213752601067650261e+00
1.569960214445953808e-02 4.796648897840277925e+00 1.426987333233278044e+01
1.569960214445953808e-02 4.830533448026836041e+00 2.096088394717807191e+01
1.569960214445953808e-02 4.864417998213395933e+00 2.922954688379864763e+01
1.569960214445953808e-02 4.898302548399954048e+00 3.873152318902946689e+01
1.569960214445953808e-02 4.932187098586513052e+00 4.881286477478985120e+01
1.569960214445953808e-02 4.966071648773072056e+00 5.856242240438296420e+01
1.569960214445953808e-02 4.999956198959631060e+00 6.694181216996302908e+01
1.569960214445953808e-02 5.033840749146190063e+00 7.296918074473239813e+01
1.569960214445953808e-02 5.067725299332749067e+00 7.591129812682618194e+01
1.569960214445953808e-02 5.101609849519308071e+00 7.543127553280478992e+01
1.569960214445953808e-02 5.135494399705867075e+00 7.165058778603439293e+01
1.569960214445953808e-02 5.169378949892426078e+00 6.511016933855654543e+01
1.569960214445953808e-02 5.203263500078984194e+00 5.664592761167302370e+01
1.569960214445953808e-02 5.237148050265544086e+00 4.721741300709842193e+01
1.569960214445953808e-02 5.271032600452102201e+00 3.773680733209140215e+01
1.569960214445953808e-02 5.304917150638661205e+00 2.893787697626709132e+01
1.569960214445953808e-02 5.338801700825220209e+00 2.130635910360247820e+01
1.569960214445953808e-02 5.372686251011779213e+00 1.507263032308952511e+01
1.569960214445953808e-02 5.406570801198338216e+00 1.025170457422019510e+01
1.569960214445953808e-02 5.440455351384897220e+00 6.708329269513285453e+00
1.569960214445953808e-02 5.474339901571456224e+00 4.225928441037298811e+00
1.569960214445953808e-02 5.508224451758014339e+00 2.564436692259563610e+00
1.569960214445953808e-02 5.542109001944574231e+00 1.499999227497736953e+00
1.569960214445953808e-02 5.575993552131132347e+00 8.462157941264933925e-01
1.569960214445953808e-02 5.609878102317692239e+00 4.607007638074261946e-01
1.569960214445953808e-02 5.643762652504250354e+00 2.421899514770614881e-01
1.569960214445953808e-02 5.677647202690809358e+00 1.230097379870472574e-01
1.569960214445953808e-02 5.711531752877368362e+00 6.039640996874372225e-02
1.569960214445953808e-02 5.745416303063927366e+00 2.868193753637730131e-02
1.569960214445953808e-02 5.779300853250486369e+00 1.318149215389536125e-02
1.569960214445953808e-02 5.813185403437045373e+00 5.865540517579650830e-03
1.569960214445953808e-02 5.847069953623604377e+00 2.528501907044384753e-03
1.569960214445953808e-02 5.880954503810162493e+00 1.056454019203315444e-03
1.569960214445953808e-02 5.914839053996722384e+00 4.280418685978490184e-04
1.569960214445953808e-02 5.948723604183280500e+00 1.682606642895899071e-04
1.569960214445953808e-02 5.982608154369840392e+00 6.420194605832780534e-05
1.569960214445953808e-02 6.016492704556398508e+00 2.378963986345110552e-05
1.569960214445953808e-02 6.050377254742957511e+00 8.564516352688835078e-06
1.569960214445953808e-02 6.084261804929516515e+00 2.997028059638219517e-06
1.569960214445953808e-02 6.118146355116075519e+00 1.019872817074950916e-06
1.569960214445953808e-02 6.152030905302634523e+00 3.376442521526936401e-07
1.569960214445953808e-02 6.185915455489193526e+00 1.087973868071966324e-07
1.569960214445953808e-02 6.219800005675752530e+00 3.413561676452324825e-08
1.569960214445953808e-02 6.253684555862310646e+00 1.043298398360668783e-08
1.569960214445953808e-02 6.287569106048870538e+00 3.107413799643397161e-09
1.569960214445953808e-02 6.321453656235428653e+00 9.023077679914085541e-10
1.569960214445953808e-02 6.355338206421988545e+00 2.555334451092212255e-10
1.569960214445953808e-02 6.389222756608546661e+00 7.060700772938803761e-11
1.569960214445953808e-02 6.423107306795105664e+00 1.904239852866650440e-11
1.569960214445953808e-02 6.456991856981664668e+00 5.014566042585062364e-12
1.569960214445953808e-02 6.490876407168223672e+00 1.289865274838331765e-12
1.569960214445953808e-02 6.524760957354782676e+00 3.242003478981125277e-13
1.569960214445953808e-02 6.558645507541341679e+00 7.965206513647660392e-14
1.569960214445953808e-02 6.592530057727900683e+00 1.913589918610119317e-14
1.569960214445953808e-02 6.626414607914458799e+00 4.496974126021276909e-15
1.569960214445953808e-02 6.660299158101018691e+00 1.034095440863376719e-15
1.569960214445953808e-02 6.694183708287576806e+00 2.327642606326273301e-16
1.569960214445953808e-02 6.728068258474136698e+00 5.130171246947012419e-17
1.569960214445953808e-02 6.761952808660694814e+00 1.107514808563015501e-17
1.690726384787950148e-02 3.407382340191361880e+00 5.427725955094819810e-33
1.690726384787950148e-02 3.441266890377920884e+00 2.373740715038587911e-31
1.690726384787950148e-02 3.475151440564479888e+00 9.139235998554636333e-30
1.690726384787950148e-02 3.509035990751038447e+00 3.108292166997308798e-28
1.690726384787950148e-02 3.542920540937597451e+00 9.368834435957178889e-27
1.690726384787950148e-02 3.576805091124156455e+00 2.510515272009496146e-25
1.690726384787950148e-02 3.610689641310715459e+00 5.998789512434291126e-24
1.690726384787950148e-02 3.644574191497274462e+00 1.281883062014644222e-22
1.690726384787950148e-02 3.678458741683833466e+00 2.456580198901741615e-21
1.690726384787950148e-02 3.712343291870392026e+00 4.233313275842740895e-20
1.690726384787950148e-02 3.746227842056951030e+00 6.576935500799774030e-19
1.690726384787950148e-02 3.780112392243510033e+00 9.235213046510978380e-18
1.690726384787950148e-02 3.813996942430069037e+00 1.174893361991609057e-16
1.690726384787950148e-02 3.847881492616627597e+00 1.357343014397110029e-15
1.690726384787950148e-02 3.881766042803186600e+00 1.427239817375770824e-14
1.690726384787950148e-02 3.915650592989745604e+00 1.368874874142605373e-13
1.690726384787950148e-02 3.949535143176304608e+00 1.200056088682713585e-12
1.690726384787950148e-02 3.983419693362863612e+00 9.635884098981865750e-12
1.690726384787950148e-02 4.017304243549422615e+00 7.100454048583170894e-11
1.690726384787950148e-02 4.051188793735981619e+00 4.810717561185341336e-10
1.690726384787950148e-02 4.085073343922540623e+00 3.002347892094549924e-09
1.690726384787950148e-02 4.118957894109099627e+00 1.729069870378344871e-08
1.690726384787950148e-02 4.152842444295657742e+00 9.204776182538973147e-08
1.690726384787950148e-02 4.186726994482216746e+00 4.537208437824933808e-07
1.690726384787950148e-02 4.220611544668775750e+00 2.074161317842695873e-06
1.690726384787950148e-02 4.254496094855334754e+00 8.807586204032015831e-06
1.690726384787950148e-02 4.288380645041893757e+00 3.479315247332608979e-05
1.690726384787950148e-02 4.322265195228452761e+00 1.280547225775716200e-04
1.690726384787950148e-02 4.356149745415011765e+00 4.397300000845626665e-04
1.690726384787950148e-02 4.390034295601570768e+00 1.410818226259618561e-03
1.690726384787950148e-02 4.423918845788129772e+00 4.234860087442527191e-03
1.690726384787950148e-02 4.457803395974687888e+00 1.190863931842874208e-02
1.690726384787950148e-02 4.491687946161247780e+00 3.141206093568693625e-02
1.690726384787950148e-02 4.525572496347805895e+00 7.781849203607907328e-02
1.690726384787950148e-02 4.559457046534364899e+00 1.812789921930529347e-01
1.690726384787950148e-02 4.593341596720923903e+00 3.975598462976820402e-01
1.690726384787950148e-02 4.627226146907482907e+00 8.217626866805127772e-01
1.690726384787950148e-02 4.661110697094041910e+00 1.602745682792513282e+00
1.690726384787950148e-02 4.694995247280600914e+00 2.952772238775756009e+00
1.690726384787950148e-02 4.728879797467159918e+00 5.144025769715180552e+00
1.690726384787950148e-02 4.762764347653718922e+00 8.482682509484892108e+00
1.690726384787950148e-02 4.796648897840277925e+00 1.325433546688987363e+01
1.690726384787950148e-02 4.830533448026836041e+00 1.964284075686113695e+01
1.690726384787950148e-02 4.864417998213395933e+00 2.763685859251985022e+01
1.690726384787950148e-02 4.898302548399954048e+00 3.695025567737383909e+01
1.690726384787950148e-02 4.932187098586513052e+00 4.698802655601014777e+01
1.690726384787950148e-02 4.966071648773072056e+00 5.688334517096613041e+01
1.690726384787950148e-02 4.999956198959631060e+00 6.561290997326133834e+01
1.690726384787950148e-02 5.033840749146190063e+00 7.217204546879717952e+01
1.690726384787950148e-02 5.067725299332749067e+00 7.576786906385487441e+01
1.690726384787950148e-02 5.101609849519308071e+00 7.597838617173430009e+01
1.690726384787950148e-02 5.135494399705867075e+00 7.283307288308645866e+01
1.690726384787950148e-02 5.169378949892426078e+00 6.679404420920945995e+01
1.690726384787950148e-02 5.203263500078984194e+00 5.864714906179932541e+01
1.690726384787950148e-02 5.237148050265544086e+00 4.933764907399120148e+01
1.690726384787950148e-02 5.271032600452102201e+00 3.979676105705505051e+01
1.690726384787950148e-02 5.304917150638661205e+00 3.080089429645767041e+01
1.690726384787950148e-02 5.338801700825220209e+00 2.288902510679649183e+01
1.690726384787950148e-02 5.372686251011779213e+00 1.634313385492376725e+01
1.690726384787950148e-02 5.406570801198338216e+00 1.121959042668943951e+01
1.690726384787950148e-02 5.440455351384897220e+00 7.410301446937563874e+00
1.690726384787950148e-02 5.474339901571456224e+00 4.711831460830135043e+00
1.690726384787950148e-02 5.508224451758014339e+00 2.886096153729542202e+00
1.690726384787950148e-02 5.542109001944574231e+00 1.703984899746428416e+00
1.690726384787950148e-02 5.575993552131132347e+00 9.703222950396063196e-01
1.690726384787950148e-02 5.609878102317692239e+00 5.332340602417779962e-01
1.690726384787950148e-02 5.643762652504250354e+00 2.829584319268863002e-01
1.690726384787950148e-02 5.677647202690809358e+00 1.450696987353577161e-01
1.690726384787950148e-02 5.711531752877368362e+00 7.189882484565036924e-02
1.690726384787950148e-02 5.745416303063927366e+00 3.446632665083039504e-02
1.690726384787950148e-02 5.779300853250486369e+00 1.598928251908489015e-02
1.690726384787950148e-02 5.813185403437045373e+00 7.182109474647087148e-03
1.690726384787950148e-02 5.847069953623604377e+00 3.125274746683811070e-03
1.690726384787950148e-02 5.880954503810162493e+00 1.318127666368570450e-03
1.690726384787950148e-02 5.914839053996722384e+00 5.391080094465820283e-04
1.690726384787950148e-02 5.948723604183280500e+00 2.139218615794707457e-04
1.690726384787950148e-02 5.982608154369840392e+00 8.239557118741954638e-05
1.690726384787950148e-02 6.016492704556398508e+00 3.081955861169345949e-05
1.690726384787950148e-02 6.050377254742957511e+00 1.120014710495913724e-05
1.690726384787950148e-02 6.084261804929516515e+00 3.956336329945018242e-06
1.690726384787950148e-02 6.118146355116075519e+00 1.359029272488694938e-06
1.690726384787950148e-02 6.152030905302634523e+00 4.541728447386930292e-07
1.690726384787950148e-02 6.185915455489193526e+00 1.477262285420571352e-07
1.690726384787950148e-02 6.219800005675752530e+00 4.678668880419172193e-08
1.690726384787950148e-02 6.253684555862310646e+00 1.443431940522739731e-08
1.690726384787950148e-02 6.287569106048870538e+00 4.339679158538534431e-09
1.690726384787950148e-02 6.321453656235428653e+00 1.271982939533864133e-09
1.690726384787950148e-02 6.355338206421988545e+00 3.636130385651515155e-10
1.690726384787950148e-02 6.389222756608546661e+00 1.014148192672340595e-10
1.690726384787950148e-02 6.423107306795105664e+00 2.760792418966086855e-11
1.690726384787950148e-02 6.456991856981664668e+00 7.338381585754193904e-12
1.690726384787950148e-02 6.490876407168223672e+00 1.905295028216450539e-12
1.690726384787950148e-02 6.524760957354782676e+00 4.833683414850008013e-13
1.690726384787950148e-02 6.558645507541341679e+00 1.198682839157559956e-13
1.690726384787950148e-02 6.592530057727900683e+00 2.906659171410022696e-14
1.690726384787950148e-02 6.626414607914458799e+00 6.894438037057778013e-15
1.690726384787950148e-02 6.660299158101018691e+00 1.600174746185405565e-15
1.690726384787950148e-02 6.694183708287576806e+00 3.635350169210904769e-16
1.690726384787950148e-02 6.728068258474136698e+00 8.086854723065806086e-17
1.690726384787950148e-02 6.761952808660694814e+00 1.762015085484410732e-17
1.811492555129946835e-02 3.407382340191361880e+00 3.679058663366534260e-33
1.811492555129946835e-02 3.441266890377920884e+00 1.617559086039961690e-31
1.811492555129946835e-02 3.475151440564479888e+00 6.261997962065828770e-30
1.811492555129946835e-02 3.509035990751038447e+00 2.141739656014056099e-28
1.811492555129946835e-02 3.542920540937597451e+00 6.492852831342512074e-27
1.811492555129946835e-02 3.576805091124156455e+00 1.750165516367215793e-25
1.811492555129946835e-02 3.610689641310715459e+00 4.207315791137880504e-24
1.811492555129946835e-02 3.644574191497274462e+00 9.046322088641500852e-23
1.811492555129946835e-02 3.678458741683833466e+00 1.744583179728248930e-21
1.811492555129946835e-02 3.712343291870392026e+00 3.025737783381291474e-20
1.811492555129946835e-02 3.746227842056951030e+00 4.731685088854169302e-19
1.811492555129946835e-02 3.780112392243510033e+00 6.688519641065528404e-18
1.811492555129946835e-02 3.813996942430069037e+00 8.566830055633411282e-17
1.811492555129946835e-02 3.847881492616627597e+00 9.965430667595239353e-16
1.811492555129946835e-02 3.881766042803186600e+00 1.055195045931136597e-14
1.811492555129946835e-02 3.915650592989745604e+00 1.019229366051496755e-13
1.811492555129946835e-02 3.949535143176304608e+00 8.999610156514095130e-13
1.811492555129946835e-02 3.983419693362863612e+00 7.278935528555209270e-12
1.811492555129946835e-02 4.017304243549422615e+00 5.403254061490695730e-11
1.811492555129946835e-02 4.051188793735981619e+00 3.688158511808309764e-10
1.811492555129946835e-02 4.085073343922540623e+00 2.319142277744369604e-09
1.811492555129946835e-02 4.118957894109099627e+00 1.345800102762425652e-08
1.811492555129946835e-02 4.152842444295657742e+00 7.219658550826852366e-08
1.811492555129946835e-02 4.186726994482216746e+00 3.586412049341690933e-07
1.811492555129946835e-02 4.220611544668775750e+00 1.652393608512110562e-06
1.811492555129946835e-02 4.254496094855334754e+00 7.072253261291814497e-06
1.811492555129946835e-02 4.288380645041893757e+00 2.816138154544087867e-05
1.811492555129946835e-02 4.322265195228452761e+00 1.044824562232876843e-04
1.811492555129946835e-02 4.356149745415011765e+00 3.617002395175689827e-04
1.811492555129946835e-02 4.390034295601570768e+00 1.169970877814810635e-03
1.811492555129946835e-02 4.423918845788129772e+00 3.540868280758698375e-03
1.811492555129946835e-02 4.457803395974687888e+00 1.003977720804256034e-02
1.811492555129946835e-02 4.491687946161247780e+00 2.670380955466442399e-02
1.811492555129946835e-02 4.525572496347805895e+00 6.671096543801073586e-02
1.811492555129946835e-02 4.559457046534364899e+00 1.567189260011737362e-01
1.811492555129946835e-02 4.593341596720923903e+00 3.466228198205318356e-01
1.811492555129946835e-02 4.627226146907482907e+00 7.226068004205185025e-01
1.811492555129946835e-02 4.661110697094041910e+00 1.421480092197349832e+00
1.811492555129946835e-02 4.694995247280600914e+00 2.641468597650101557e+00
1.811492555129946835e-02 4.728879797467159918e+00 4.641689022570873568e+00
1.811492555129946835e-02 4.762764347653718922e+00 7.721130127241218055e+00
1.811492555129946835e-02 4.796648897840277925e+00 1.217018074813569761e+01
1.811492555129946835e-02 4.830533448026836041e+00 1.819494532877101278e+01
1.811492555129946835e-02 4.864417998213395933e+00 2.582604137237609621e+01
1.811492555129946835e-02 4.898302548399954048e+00 3.483565604378151193e+01
1.811492555129946835e-02 4.932187098586513052e+00 4.469358332463702510e+01
1.811492555129946835e-02 4.966071648773072056e+00 5.458935382408947135e+01
1.811492555129946835e-02 4.999956198959631060e+00 6.353160276973922294e+01
1.811492555129946835e-02 5.033840749146190063e+00 7.051142005318638439e+01
1.811492555129946835e-02 5.067725299332749067e+00 7.469252342127036570e+01
1.811492555129946835e-02 5.101609849519308071e+00 7.557790602710900885e+01
1.811492555129946835e-02 5.135494399705867075e+00 7.310662440580561849e+01
1.811492555129946835e-02 5.169378949892426078e+00 6.765488952459654115e+01
1.811492555129946835e-02 5.203263500078984194e+00 5.994476076736503956e+01
1.811492555129946835e-02 5.237148050265544086e+00 5.089026027013610332e+01
1.811492555129946835e-02 5.271032600452102201e+00 4.142517615915490836e+01
1.811492555129946835e-02 5.304917150638661205e+00 3.235552237392543873e+01
1.811492555129946835e-02 5.338801700825220209e+00 2.426545289876125722e+01
1.811492555129946835e-02 5.372686251011779213e+00 1.748556059356809911e+01
1.811492555129946835e-02 5.406570801198338216e+00 1.211465330722915112e+01
1.811492555129946835e-02 5.440455351384897220e+00 8.075433235264839027e+00
1.811492555129946835e-02 5.474339901571456224e+00 5.182286792251557195e+00
1.811492555129946835e-02 5.508224451758014339e+00 3.203683320061363471e+00
1.811492555129946835e-02 5.542109001944574231e+00 1.909046678660983654e+00
1.811492555129946835e-02 5.575993552131132347e+00 1.097193853222988347e+00
1.811492555129946835e-02 5.609878102317692239e+00 6.085635257252104413e-01
1.811492555129946835e-02 5.643762652504250354e+00 3.259380797227293680e-01
1.811492555129946835e-02 5.677647202690809358e+00 1.686618893138502329e-01
1.811492555129946835e-02 5.711531752877368362e+00 8.437092792673027419e-02
1.811492555129946835e-02 5.745416303063927366e+00 4.082248553747661740e-02
1.811492555129946835e-02 5.779300853250486369e+00 1.911477121072332336e-02
1.811492555129946835e-02 5.813185403437045373e+00 8.666220946707275594e-03
1.811492555129946835e-02 5.847069953623604377e+00 3.806318553892390662e-03
1.811492555129946835e-02 5.880954503810162493e+00 1.620372439571978558e-03
1.811492555129946835e-02 5.914839053996722384e+00 6.689205267160136179e-04
1.811492555129946835e-02 5.948723604183280500e+00 2.679142902324601456e-04
1.811492555129946835e-02 5.982608154369840392e+00 1.041566109626849545e-04
1.811492555129946835e-02 6.016492704556398508e+00 3.932345179392484523e-05
1.811492555129946835e-02 6.050377254742957511e+00 1.442417147935303178e-05
1.811492555129946835e-02 6.084261804929516515e+00 5.142824176230384224e-06
1.811492555129946835e-02 6.118146355116075519e+00 1.783108255037109896e-06
1.811492555129946835e-02 6.152030905302634523e+00 6.014635487324581819e-07
1.811492555129946835e-02 6.185915455489193526e+00 1.974620106100961877e-07
1.811492555129946835e-02 6.219800005675752530e+00 6.312251989670934283e-08
1.811492555129946835e-02 6.253684555862310646e+00 1.965587651928219165e-08
1.811492555129946835e-02 6.287569106048870538e+00 5.964658277849399629e-09
1.811492555129946835e-02 6.321453656235428653e+00 1.764568711422401459e-09
1.811492555129946835e-02 6.355338206421988545e+00 5.091237215028322033e-10
1.811492555129946835e-02 6.389222756608546661e+00 1.433206977435698013e-10
1.811492555129946835e-02 6.423107306795105664e+00 3.937872303347890438e-11
1.811492555129946835e-02 6.456991856981664668e+00 1.056440616063346899e-11
1.811492555129946835e-02 6.490876407168223672e+00 2.768345377514504024e-12
1.811492555129946835e-02 6.524760957354782676e+00 7.088356796722919904e-13
1.811492555129946835e-02 6.558645507541341679e+00 1.774094946525646240e-13
1.811492555129946835e-02 6.592530057727900683e+00 4.341777317914811196e-14
1.811492555129946835e-02 6.626414607914458799e+00 1.039366282314242628e-14
1.811492555129946835e-02 6.660299158101018691e+00 2.434606217630166215e-15
1.811492555129946835e-02 6.694183708287576806e+00 5.582055829309608846e-16
1.811492555129946835e-02 6.728068258474136698e+00 1.253167232255877836e-16
1.811492555129946835e-02 6.761952808660694814e+00 2.755593397863182752e-17
1.932258725471943175e-02 3.407382340191361880e+00 2.481335349013496105e-33
1.932258725471943175e-02 3.441266890377920884e+00 1.096622570249597327e-31
1.932258725471943175e-02 3.475151440564479888e+00 4.268021539106683678e-30
1.932258725471943175e-02 3.509035990751038447e+00 1.467786772800408567e-28
1.932258725471943175e-02 3.542920540937597451e+00 4.474846055297198016e-27
1.932258725471943175e-02 3.576805091124156455e+00 1.213191400691139961e-25
1.932258725471943175e-02 3.610689641310715459e+00 2.933744225533675908e-24
1.932258725471943175e-02 3.644574191497274462e+00 6.346194018778673449e-23
1.932258725471943175e-02 3.678458741683833466e+00 1.231437556264341142e-21
1.932258725471943175e-02 3.712343291870392026e+00 2.149239302848310200e-20
1.932258725471943175e-02 3.746227842056951030e+00 3.382623198842371958e-19
1.932258725471943175e-02 3.780112392243510033e+00 4.812845028966809029e-18
1.932258725471943175e-02 3.813996942430069037e+00 6.205462970230050694e-17
1.932258725471943175e-02 3.847881492616627597e+00 7.267394368093485841e-16
1.932258725471943175e-02 3.881766042803186600e+00 7.747987294144676378e-15
1.932258725471943175e-02 3.915650592989745604e+00 7.536070421361130865e-14
1.932258725471943175e-02 3.949535143176304608e+00 6.701244740477372332e-13
1.932258725471943175e-02 3.983419693362863612e+00 5.458821589859768639e-12
1.932258725471943175e-02 4.017304243549422615e+00 4.081546774379342827e-11
1.932258725471943175e-02 4.051188793735981619e+00 2.806435870339274421e-10
1.932258725471943175e-02 4.085073343922540623e+00 1.777811076086874397e-09
1.932258725471943175e-02 4.118957894109099627e+00 1.039409588023679675e-08
1.932258725471943175e-02 4.152842444295657742e+00 5.618298966247779628e-08
1.932258725471943175e-02 4.186726994482216746e+00 2.812310806482498104e-07
1.932258725471943175e-02 4.220611544668775750e+00 1.305760039258083365e-06
1.932258725471943175e-02 4.254496094855334754e+00 5.632291329167844285e-06
1.932258725471943175e-02 4.288380645041893757e+00 2.260415861045578242e-05
1.932258725471943175e-02 4.322265195228452761e+00 8.453050525703313060e-05
1.932258725471943175e-02 4.356149745415011765e+00 2.949729636939141188e-04
1.932258725471943175e-02 4.390034295601570768e+00 9.618302823314527029e-04
1.932258725471943175e-02 4.423918845788129772e+00 2.934599646345030857e-03
1.932258725471943175e-02 4.457803395974687888e+00 8.388873826360547514e-03
1.932258725471943175e-02 4.491687946161247780e+00 2.249661736212845223e-02
1.932258725471943175e-02 4.525572496347805895e+00 5.666680023476300398e-02
1.932258725471943175e-02 4.559457046534364899e+00 1.342340177747519403e-01
1.932258725471943175e-02 4.593341596720923903e+00 2.993845385767732736e-01
1.932258725471943175e-02 4.627226146907482907e+00 6.293988385100147687e-01
1.932258725471943175e-02 4.661110697094041910e+00 1.248636937155967352e+00
1.932258725471943175e-02 4.694995247280600914e+00 2.340083885642069816e+00
1.932258725471943175e-02 4.728879797467159918e+00 4.147352337117889753e+00
1.932258725471943175e-02 4.762764347653718922e+00 6.958286485973503410e+00
1.932258725471943175e-02 4.796648897840277925e+00 1.106272028559735077e+01
1.932258725471943175e-02 4.830533448026836041e+00 1.668304709738118419e+01
1.932258725471943175e-02 4.864417998213395933e+00 2.388678859130448373e+01
1.932258725471943175e-02 4.898302548399954048e+00 3.250230478761174169e+01
1.932258725471943175e-02 4.932187098586513052e+00 4.206684001913006199e+01
1.932258725471943175e-02 4.966071648773072056e+00 5.183473824528726936e+01
1.932258725471943175e-02 4.999956198959631060e+00 6.086030189740428398e+01
1.932258725471943175e-02 5.033840749146190063e+00 6.814713339971636685e+01
1.932258725471943175e-02 5.067725299332749067e+00 7.283179887503078476e+01
1.932258725471943175e-02 5.101609849519308071e+00 7.435426904660820924e+01
1.932258725471943175e-02 5.135494399705867075e+00 7.256810166110207660e+01
1.932258725471943175e-02 5.169378949892426078e+00 6.776048301280911801e+01
1.932258725471943175e-02 5.203263500078984194e+00 6.057962528432015148e+01
1.932258725471943175e-02 5.237148050265544086e+00 5.189402255085918370e+01
1.932258725471943175e-02 5.271032600452102201e+00 4.262487405434520582e+01
1.932258725471943175e-02 5.304917150638661205e+00 3.359475844584994064e+01
1.932258725471943175e-02 5.338801700825220209e+00 2.542398809814237737e+01
1.932258725471943175e-02 5.372686251011779213e+00 1.848733643799593551e+01
1.932258725471943175e-02 5.406570801198338216e+00 1.292564339876815538e+01
1.932258725471943175e-02 5.440455351384897220e+00 8.694805045541549759e+00
1.932258725471943175e-02 5.474339901571456224e+00 5.630854514478098594e+00
1.932258725471943175e-02 5.508224451758014339e+00 3.512908761558405590e+00
1.932258725471943175e-02 5.542109001944574231e+00 2.112532656000408515e+00
1.932258725471943175e-02 5.575993552131132347e+00 1.225306117572616538e+00
1.932258725471943175e-02 5.609878102317692239e+00 6.858764140515994923e-01
1.932258725471943175e-02 5.643762652504250354e+00 3.707300044619861179e-01
1.932258725471943175e-02 5.677647202690809358e+00 1.936091460429248401e-01
1.932258725471943175e-02 5.711531752877368362e+00 9.774425160350562469e-02
1.932258725471943175e-02 5.745416303063927366e+00 4.772986295175627586e-02
1.932258725471943175e-02 5.779300853250486369e+00 2.255561564813448466e-02
1.932258725471943175e-02 5.813185403437045373e+00 1.032077525444126051e-02
1.932258725471943175e-02 5.847069953623604377e+00 4.574951350593064840e-03
1.932258725471943175e-02 5.880954503810162493e+00 1.965605902670048127e-03
1.932258725471943175e-02 5.914839053996722384e+00 8.189502379366078461e-04
1.932258725471943175e-02 5.948723604183280500e+00 3.310404605839394792e-04
1.932258725471943175e-02 5.982608154369840392e+00 1.298897109951115841e-04
1.932258725471943175e-02 6.016492704556398508e+00 4.949284851896116884e-05
1.932258725471943175e-02 6.050377254742957511e+00 1.832249005833324696e-05
1.932258725471943175e-02 6.084261804929516515e+00 6.593221933296108826e-06
1.932258725471943175e-02 6.118146355116075519e+00 2.307147913632585761e-06
1.932258725471943175e-02 6.152030905302634523e+00 7.854305282450984287e-07
1.932258725471943175e-02 6.185915455489193526e+00 2.602444686020104705e-07
1.932258725471943175e-02 6.219800005675752530e+00 8.396151133335832046e-08
1.932258725471943175e-02 6.253684555862310646e+00 2.638666572335598817e-08
1.932258725471943175e-02 6.287569106048870538e+00 8.081124581797390719e-09
1.932258725471943175e-02 6.321453656235428653e+00 2.412773991708780117e-09
1.932258725471943175e-02 6.355338206421988545e+00 7.025717537259179447e-10
1.932258725471943175e-02 6.389222756608546661e+00 1.996010205823901669e-10
1.932258725471943175e-02 6.423107306795105664e+00 5.534761753215951495e-11
1.932258725471943175e-02 6.456991856981664668e+00 1.498520142398122652e-11
1.932258725471943175e-02 6.490876407168223672e+00 3.962912329653421114e-12
1.932258725471943175e-02 6.524760957354782676e+00 1.024030147318701431e-12
1.932258725471943175e-02 6.558645507541341679e+00 2.586503514328003766e-13
1.932258725471943175e-02 6.592530057727900683e+00 6.388055028233656517e-14
1.932258725471943175e-02 6.626414607914458799e+00 1.543228565878153703e-14
1.932258725471943175e-02 6.660299158101018691e+00 3.647928481375524507e-15
1.932258725471943175e-02 6.694183708287576806e+00 8.440398543425991470e-16
1.932258725471943175e-02 6.728068258474136698e+00 1.912159133137154722e-16
1.932258725471943175e-02 6.761952808660694814e+00 4.242982127023811690e-17
2.053024895813939515e-02 3.407382340191361880e+00 1.666867193256209320e-33
2.053024895813939515e-02 3.441266890377920884e+00 7.403964866688055594e-32
2.053024895813939515e-02 3.475151440564479888e+00 2.896636672982864574e-30
2.053024895813939515e-02 3.509035990751038447e+00 1.001513596826259124e-28
2.053024895813939515e-02 3.542920540937597451e+00 3.070169306716320660e-27
2.053024895813939515e-02 3.576805091124156455e+00 8.370772955061972336e-26
2.053024895813939515e-02 3.610689641310715459e+00 2.035963712232387123e-24
2.053024895813939515e-02 3.644574191497274462e+00 4.430269657919600419e-23
2.053024895813939515e-02 3.678458741683833466e+00 8.648758210342144802e-22
2.053024895813939515e-02 3.712343291870392026e+00 1.518812985364126626e-20
2.053024895813939515e-02 3.746227842056951030e+00 2.405487559772516341e-19
2.053024895813939515e-02 3.780112392243510033e+00 3.444541152218774820e-18
2.053024895813939515e-02 3.813996942430069037e+00 4.470252431717732710e-17
2.053024895813939515e-02 3.847881492616627597e+00 5.270012798824821590e-16
2.053024895813939515e-02 3.881766042803186600e+00 5.656425538216167282e-15
2.053024895813939515e-02 3.915650592989745604e+00 5.539390585904563451e-14
2.053024895813939515e-02 3.949535143176304608e+00 4.959964344631010648e-13
2.053024895813939515e-02 3.983419693362863612e+00 4.068822684690915198e-12
2.053024895813939515e-02 4.017304243549422615e+00 3.063943950017243471e-11
2.053024895813939515e-02 4.051188793735981619e+00 2.121951239768086515e-10
2.053024895813939515e-02 4.085073343922540623e+00 1.354025704390016257e-09
2.053024895813939515e-02 4.118957894109099627e+00 7.974887968685411284e-09
2.053024895813939515e-02 4.152842444295657742e+00 4.342838073480767821e-08
2.053024895813939515e-02 4.186726994482216746e+00 2.190262725841915292e-07
2.053024895813939515e-02 4.220611544668775750e+00 1.024689856525980732e-06
2.053024895813939515e-02 4.254496094855334754e+00 4.453908706721306009e-06
2.053024895813939515e-02 4.288380645041893757e+00 1.801364479495422440e-05
2.053024895813939515e-02 4.322265195228452761e+00 6.789106890242496196e-05
2.053024895813939515e-02 4.356149745415011765e+00 2.387784966450159213e-04
2.053024895813939515e-02 4.390034295601570768e+00 7.847876999161523858e-04
2.053024895813939515e-02 4.423918845788129772e+00 2.413622359975746076e-03
2.053024895813939515e-02 4.457803395974687888e+00 6.955300611140480434e-03
2.053024895813939515e-02 4.491687946161247780e+00 1.880379135690810055e-02
2.053024895813939515e-02 4.525572496347805895e+00 4.775250558493619735e-02
2.053024895813939515e-02 4.559457046534364899e+00 1.140490852885742007e-01
2.053024895813939515e-02 4.593341596720923903e+00 2.564731951958685308e-01
2.053024895813939515e-02 4.627226146907482907e+00 5.436793110675034457e-01
2.053024895813939515e-02 4.661110697094041910e+00 1.087620502654504051e+00
2.053024895813939515e-02 4.694995247280600914e+00 2.055494408368302661e+00
2.053024895813939515e-02 4.728879797467159918e+00 3.673821610726477616e+00
2.053024895813939515e-02 4.762764347653718922e+00 6.216265743016372802e+00
2.053024895813939515e-02 4.796648897840277925e+00 9.967506098756855337e+00
2.053024895813939515e-02 4.830533448026836041e+00 1.516050829935078781e+01
2.053024895813939515e-02 4.864417998213395933e+00 2.189403424927137110e+01
2.053024895813939515e-02 4.898302548399954048e+00 3.004879154890288007e+01
2.053024895813939515e-02 4.932187098586513052e+00 3.922944103496171664e+01
2.053024895813939515e-02 4.966071648773072056e+00 4.876030951250709933e+01
2.053024895813939515e-02 4.999956198959631060e+00 5.775190228191039665e+01
2.053024895813939515e-02 5.033840749146190063e+00 6.523477634034880168e+01
2.053024895813939515e-02 5.067725299332749067e+00 7.033381733670104552e+01
2.053024895813939515e-02 5.101609849519308071e+00 7.243896559178146788e+01
2.053024895813939515e-02 5.135494399705867075e+00 7.132574850901988839e+01
2.053024895813939515e-02 5.169378949892426078e+00 6.719266139228101054e+01
2.053024895813939515e-02 5.203263500078984194e+00 6.060754813830053678e+01
2.053024895813939515e-02 5.237148050265544086e+00 5.238196046572287656e+01
2.053024895813939515e-02 5.271032600452102201e+00 4.341110086359666553e+01
2.053024895813939515e-02 5.304917150638661205e+00 3.452160684520188028e+01
2.053024895813939515e-02 5.338801700825220209e+00 2.636045965079904008e+01
2.053024895813939515e-02 5.372686251011779213e+00 1.934109407951469706e+01
2.053024895813939515e-02 5.406570801198338216e+00 1.364468031833141204e+01
2.053024895813939515e-02 5.440455351384897220e+00 9.261518776740901515e+00
2.053024895813939515e-02 5.474339901571456224e+00 6.052211089772628227e+00
2.053024895813939515e-02 5.508224451758014339e+00 3.810042599226010296e+00
2.053024895813939515e-02 5.542109001944574231e+00 2.312038058042412025e+00
2.053024895813939515e-02 5.575993552131132347e+00 1.353224067204789938e+00
2.053024895813939515e-02 5.609878102317692239e+00 7.643796590999490936e-01
2.053024895813939515e-02 5.643762652504250354e+00 4.169301652696800753e-01
2.053024895813939515e-02 5.677647202690809358e+00 2.197240440316446664e-01
2.053024895813939515e-02 5.711531752877368362e+00 1.119418558183199325e-01
2.053024895813939515e-02 5.745416303063927366e+00 5.516251901612832104e-02
2.053024895813939515e-02 5.779300853250486369e+00 2.630655140056159524e-02
2.053024895813939515e-02 5.813185403437045373e+00 1.214728548820003494e-02
2.053024895813939515e-02 5.847069953623604377e+00 5.433918140599586048e-03
2.053024895813939515e-02 5.880954503810162493e+00 2.356049585646566216e-03
2.053024895813939515e-02 5.914839053996722384e+00 9.906225353710214170e-04
2.053024895813939515e-02 5.948723604183280500e+00 4.041061874544180327e-04
2.053024895813939515e-02 5.982608154369840392e+00 1.600123897883446800e-04
2.053024895813939515e-02 6.016492704556398508e+00 6.152989102137766545e-05
2.053024895813939515e-02 6.050377254742957511e+00 2.298757289935226151e-05
2.053024895813939515e-02 6.084261804929516515e+00 8.347780979416655157e-06
2.053024895813939515e-02 6.118146355116075519e+00 2.947901877384524694e-06
2.053024895813939515e-02 6.152030905302634523e+00 1.012765316671695259e-06
2.053024895813939515e-02 6.185915455489193526e+00 3.386452220766981557e-07
2.053024895813939515e-02 6.219800005675752530e+00 1.102566436399420816e-07
2.053024895813939515e-02 6.253684555862310646e+00 3.496781672851326510e-08
2.053024895813939515e-02 6.287569106048870538e+00 1.080720602360595616e-08
2.053024895813939515e-02 6.321453656235428653e+00 3.256220360688443091e-09
2.053024895813939515e-02 6.355338206421988545e+00 9.568436640124766981e-10
2.053024895813939515e-02 6.389222756608546661e+00 2.743238750630311983e-10
2.053024895813939515e-02 6.423107306795105664e+00 7.676221254303906934e-11
2.053024895813939515e-02 6.456991856981664668e+00 2.097276837722150903e-11
2.053024895813939515e-02 6.490876407168223672e+00 5.596918105855151982e-12
2.053024895813939515e-02 6.524760957354782676e+00 1.459435836955802711e-12
2.053024895813939515e-02 6.558645507541341679e+00 3.719798001228936056e-13
2.053024895813939515e-02 6.592530057727900683e+00 9.270538899457528167e-14
2.053024895813939515e-02 6.626414607914458799e+00 2.259916799756323818e-14
2.053024895813939515e-02 6.660299158101018691e+00 5.390511630019263792e-15
2.053024895813939515e-02 6.694183708287576806e+00 1.258529816328316922e-15
2.053024895813939515e-02 6.728068258474136698e+00 2.876978924110099875e-16
2.053024895813939515e-02 6.761952808660694814e+00 6.441558567730559543e-17
2.173791066155936202e-02 3.407382340191361880e+00 1.116216296195258740e-33
2.173791066155936202e-02 3.441266890377920884e+00 4.982527253063775249e-32
2.173791066155936202e-02 3.475151440564479888e+00 1.959233279484477812e-30
2.173791066155936202e-02 3.509035990751038447e+00 6.809608921288729256e-29
2.173791066155936202e-02 3.542920540937597451e+00 2.098770437088494635e-27
2.173791066155936202e-02 3.576805091124156455e+00 5.753966687341540636e-26
2.173791066155936202e-02 3.610689641310715459e+00 1.407442721650924236e-24
2.173791066155936202e-02 3.644574191497274462e+00 3.080402557247183952e-23
2.173791066155936202e-02 3.678458741683833466e+00 6.049276324239742817e-22
2.173791066155936202e-02 3.712343291870392026e+00 1.068759938364013587e-20
2.173791066155936202e-02 3.746227842056951030e+00 1.703166873710735175e-19
2.173791066155936202e-02 3.780112392243510033e+00 2.454222633221183967e-18
2.173791066155936202e-02 3.813996942430069037e+00 3.205469896940322386e-17
2.173791066155936202e-02 3.847881492616627597e+00 3.803604514490240346e-16
2.173791066155936202e-02 3.881766042803186600e+00 4.109558547206437572e-15
2.173791066155936202e-02 3.915650592989745604e+00 4.051616841775137970e-14
2.173791066155936202e-02 3.949535143176304608e+00 3.652587425865962496e-13
2.173791066155936202e-02 3.983419693362863612e+00 3.017084724581583738e-12
2.173791066155936202e-02 4.017304243549422615e+00 2.287893786832893481e-11
2.173791066155936202e-02 4.051188793735981619e+00 1.595750707818711908e-10
2.173791066155936202e-02 4.085073343922540623e+00 1.025576784718892324e-09
2.173791066155936202e-02 4.118957894109099627e+00 6.084337215698559614e-09
2.173791066155936202e-02 4.152842444295657742e+00 3.337677125799646655e-08
2.173791066155936202e-02 4.186726994482216746e+00 1.695830042580305137e-07
2.173791066155936202e-02 4.220611544668775750e+00 7.993303019415897016e-07
2.173791066155936202e-02 4.254496094855334754e+00 3.500693497141762208e-06
2.173791066155936202e-02 4.288380645041893757e+00 1.426669772111822528e-05
2.173791066155936202e-02 4.322265195228452761e+00 5.418420713542821635e-05
2.173791066155936202e-02 4.356149745415011765e+00 1.920532353914801513e-04
2.173791066155936202e-02 4.390034295601570768e+00 6.361684069914904207e-04
2.173791066155936202e-02 4.423918845788129772e+00 1.972009228596640143e-03
2.173791066155936202e-02 4.457803395974687888e+00 5.727967465333444128e-03
2.173791066155936202e-02 4.491687946161247780e+00 1.560987729920742563e-02
2.173791066155936202e-02 4.525572496347805895e+00 3.996163112280987084e-02
2.173791066155936202e-02 4.559457046534364899e+00 9.621760302002750620e-02
2.173791066155936202e-02 4.593341596720923903e+00 2.181435030819738607e-01
2.173791066155936202e-02 4.627226146907482907e+00 4.662316727785152382e-01
2.173791066155936202e-02 4.661110697094041910e+00 9.404058770666355871e-01
2.173791066155936202e-02 4.694995247280600914e+00 1.792061011867057907e+00
2.173791066155936202e-02 4.728879797467159918e+00 3.229772435366490058e+00
2.173791066155936202e-02 4.762764347653718922e+00 5.510854006415721429e+00
2.173791066155936202e-02 4.796648897840277925e+00 8.911046829287251114e+00
2.173791066155936202e-02 4.830533448026836041e+00 1.366864884393609536e+01
2.173791066155936202e-02 4.864417998213395933e+00 1.990780076209162530e+01
2.173791066155936202e-02 4.898302548399954048e+00 2.755659695333407555e+01
2.173791066155936202e-02 4.932187098586513052e+00 3.628495201845626639e+01
2.173791066155936202e-02 4.966071648773072056e+00 4.548947325499580074e+01
2.173791066155936202e-02 4.999956198959631060e+00 5.434434115128662057e+01
2.173791066155936202e-02 5.033840749146190063e+00 6.191897539412085649e+01
2.173791066155936202e-02 5.067725299332749067e+00 6.734071408232941280e+01
2.173791066155936202e-02 5.101609849519308071e+00 6.996269761450726321e+01
2.173791066155936202e-02 5.135494399705867075e+00 6.949166353777491167e+01
2.173791066155936202e-02 5.169378949892426078e+00 6.604060251477876875e+01
2.173791066155936202e-02 5.203263500078984194e+00 6.009369915031003728e+01
2.173791066155936202e-02 5.237148050265544086e+00 5.239703666445641517e+01
2.173791066155936202e-02 5.271032600452102201e+00 4.380843567497570490e+01
2.173791066155936202e-02 5.304917150638661205e+00 3.514703087832324258e+01
2.173791066155936202e-02 5.338801700825220209e+00 2.707693870255607749e+01
2.173791066155936202e-02 5.372686251011779213e+00 2.004399764711835275e+01
2.173791066155936202e-02 5.406570801198338216e+00 1.426693612310690540e+01
2.173791066155936202e-02 5.440455351384897220e+00 9.770583169075178986e+00
2.173791066155936202e-02 5.474339901571456224e+00 6.442133242972053253e+00
2.173791066155936202e-02 5.508224451758014339e+00 4.091936078712124392e+00
2.173791066155936202e-02 5.542109001944574231e+00 2.505433928833928459e+00
2.173791066155936202e-02 5.575993552131132347e+00 1.479625607135254928e+00
2.173791066155936202e-02 5.609878102317692239e+00 8.433156892385069714e-01
2.173791066155936202e-02 5.643762652504250354e+00 4.641386131647621260e-01
2.173791066155936202e-02 5.677647202690809358e+00 2.468137195748528467e-01
2.173791066155936202e-02 5.711531752877368362e+00 1.268805868381523427e-01
2.173791066155936202e-02 5.745416303063927366e+00 6.309006764026800496e-02
2.173791066155936202e-02 5.779300853250486369e+00 3.035973334907560509e-02
2.173791066155936202e-02 5.813185403437045373e+00 1.414597725419787164e-02
2.173791066155936202e-02 5.847069953623604377e+00 6.385408689476652390e-03
2.173791066155936202e-02 5.880954503810162493e+00 2.793725897033774892e-03
2.173791066155936202e-02 5.914839053996722384e+00 1.185312514511617336e-03
2.173791066155936202e-02 5.948723604183280500e+00 4.879178214022037254e-04
2.173791066155936202e-02 5.982608154369840392e+00 1.949540249696669902e-04
2.173791066155936202e-02 6.016492704556398508e+00 7.564717991623626302e-05
2.173791066155936202e-02 6.050377254742957511e+00 2.851858693415584584e-05
2.173791066155936202e-02 6.084261804929516515e+00 1.045043103548199728e-05
2.173791066155936202e-02 6.118146355116075519e+00 3.723952662604208360e-06
2.173791066155936202e-02 6.152030905302634523e+00 1.291003232126162888e-06
2.173791066155936202e-02 6.185915455489193526e+00 4.356021106111128182e-07
2.173791066155936202e-02 6.219800005675752530e+00 1.431117071237455981e-07
2.173791066155936202e-02 6.253684555862310646e+00 4.579972538624519904e-08
2.173791066155936202e-02 6.287569106048870538e+00 1.428334999624583118e-08
2.173791066155936202e-02 6.321453656235428653e+00 4.342609694079671556e-09
2.173791066155936202e-02 6.355338206421988545e+00 1.287645096381091317e-09
2.173791066155936202e-02 6.389222756608546661e+00 3.725071018864707880e-10
2.173791066155936202e-02 6.423107306795105664e+00 1.051796023827767899e-10
2.173791066155936202e-02 6.456991856981664668e+00 2.899679438950612603e-11
2.173791066155936202e-02 6.490876407168223672e+00 7.808187528060274086e-12
2.173791066155936202e-02 6.524760957354782676e+00 2.054423544476753162e-12
2.173791066155936202e-02 6.558645507541341679e+00 5.283533279842402222e-13
2.173791066155936202e-02 6.592530057727900683e+00 1.328637134247540467e-13
2.173791066155936202e-02 6.626414607914458799e+00 3.268030955617360849e-14
2.173791066155936202e-02 6.660299158101018691e+00 7.865236494132614920e-15
2.173791066155936202e-02 6.694183708287576806e+00 1.852801840320713093e-15
2.173791066155936202e-02 6.728068258474136698e+00 4.273475226437073182e-16
2.173791066155936202e-02 6.761952808660694814e+00 9.654053497050378983e-17
2.294557236497932542e-02 3.407382340191361880e+00 7.456468974729226668e-34
2.294557236497932542e-02 3.441266890377920884e+00 3.344426611813052300e-32
2.294557236497932542e-02 3.475151440564479888e+00 1.321643238348741640e-30
2.294557236497932542e-02 3.509035990751038447e+00 4.617138770678596734e-29
2.294557236497932542e-02 3.542920540937597451e+00 1.430548618408767929e-27
2.294557236497932542e-02 3.576805091124156455e+00 3.943247182351433357e-26
2.294557236497932542e-02 3.610689641310715459e+00 9.698984936323909349e-25
2.294557236497932542e-02 3.644574191497274462e+00 2.134862008336193837e-23
2.294557236497932542e-02 3.678458741683833466e+00 4.216852919080502785e-22
2.294557236497932542e-02 3.712343291870392026e+00 7.494487242725415217e-21
2.294557236497932542e-02 3.746227842056951030e+00 1.201566751045417626e-19
2.294557236497932542e-02 3.780112392243510033e+00 1.742144059756095945e-18
2.294557236497932542e-02 3.813996942430069037e+00 2.289760162870488674e-17
2.294557236497932542e-02 3.847881492616627597e+00 2.734443689715932611e-16
2.294557236497932542e-02 3.881766042803186600e+00 2.973649135406251800e-15
2.294557236497932542e-02 3.915650592989745604e+00 2.951127089462410881e-14
2.294557236497932542e-02 3.949535143176304608e+00 2.678352697921706223e-13
2.294557236497932542e-02 3.983419693362863612e+00 2.227426853369301849e-12
2.294557236497932542e-02 4.017304243549422615e+00 1.700749821132275009e-11
2.294557236497932542e-02 4.051188793735981619e+00 1.194529176714659647e-10
2.294557236497932542e-02 4.085073343922540623e+00 7.731509121339132744e-10
2.294557236497932542e-02 4.118957894109099627e+00 4.619657084430252357e-09
2.294557236497932542e-02 4.152842444295657742e+00 2.552559984003481825e-08
2.294557236497932542e-02 4.186726994482216746e+00 1.306419845537257211e-07
2.294557236497932542e-02 4.220611544668775750e+00 6.203375141328476314e-07
2.294557236497932542e-02 4.254496094855334754e+00 2.737087009536473621e-06
2.294557236497932542e-02 4.288380645041893757e+00 1.123882962513419212e-05
2.294557236497932542e-02 4.322265195228452761e+00 4.300934227889941121e-05
2.294557236497932542e-02 4.356149745415011765e+00 1.536146011256377347e-04
2.294557236497932542e-02 4.390034295601570768e+00 5.127800628801559499e-04
2.294557236497932542e-02 4.423918845788129772e+00 1.601926450322215976e-03
2.294557236497932542e-02 4.457803395974687888e+00 4.689583626314164366e-03
2.294557236497932542e-02 4.491687946161247780e+00 1.288124891689360757e-02
2.294557236497932542e-02 4.525572496347805895e+00 3.323917181091060741e-02
2.294557236497932542e-02 4.559457046534364899e+00 8.067388055678591241e-02
2.294557236497932542e-02 4.593341596720923903e+00 1.843801768111502926e-01
2.294557236497932542e-02 4.627226146907482907e+00 3.972725458622928807e-01
2.294557236497932542e-02 4.661110697094041910e+00 8.078625588557994952e-01
2.294557236497932542e-02 4.694995247280600914e+00 1.552137092645381911e+00
2.294557236497932542e-02 4.728879797467159918e+00 2.820482356963221804e+00
2.294557236497932542e-02 4.762764347653718922e+00 4.852470081299130378e+00
2.294557236497932542e-02 4.796648897840277925e+00 7.911936678503777465e+00
2.294557236497932542e-02 4.830533448026836041e+00 1.223789483009328904e+01
2.294557236497932542e-02 4.864417998213395933e+00 1.797412430744417478e+01
2.294557236497932542e-02 4.898302548399954048e+00 2.509048097530608246e+01
2.294557236497932542e-02 4.932187098586513052e+00 3.331838110264157393e+01
2.294557236497932542e-02 4.966071648773072056e+00 4.212661391575426961e+01
2.294557236497932542e-02 4.999956198959631060e+00 5.075771296250761822e+01
2.294557236497932542e-02 5.033840749146190063e+00 5.832929525709786844e+01
2.294557236497932542e-02 5.067725299332749067e+00 6.398358026918261032e+01
2.294557236497932542e-02 5.101609849519308071e+00 6.704976491506114655e+01
2.294557236497932542e-02 5.135494399705867075e+00 6.717610273414048550e+01
2.294557236497932542e-02 5.169378949892426078e+00 6.439549124157377946e+01
2.294557236497932542e-02 5.203263500078984194e+00 5.910798301548680200e+01
2.294557236497932542e-02 5.237148050265544086e+00 5.198841928577024163e+01
2.294557236497932542e-02 5.271032600452102201e+00 4.384799451818634708e+01
2.294557236497932542e-02 5.304917150638661205e+00 3.548801122142501896e+01
2.294557236497932542e-02 5.338801700825220209e+00 2.758049515263122586e+01
2.294557236497932542e-02 5.372686251011779213e+00 2.059701563237798894e+01
2.294557236497932542e-02 5.406570801198338216e+00 1.479025471291974370e+01
2.294557236497932542e-02 5.440455351384897220e+00 1.021874303047381360e+01
2.294557236497932542e-02 5.474339901571456224e+00 6.797440076009451992e+00
2.294557236497932542e-02 5.508224451758014339e+00 4.356015593623764559e+00
2.294557236497932542e-02 5.542109001944574231e+00 2.690879365249772004e+00
2.294557236497932542e-02 5.575993552131132347e+00 1.603316198247400681e+00
2.294557236497932542e-02 5.609878102317692239e+00 9.219737705774802006e-01
2.294557236497932542e-02 5.643762652504250354e+00 5.119667004502725938e-01
2.294557236497932542e-02 5.677647202690809358e+00 2.746838581565674842e-01
2.294557236497932542e-02 5.711531752877368362e+00 1.424730333872572530e-01
2.294557236497932542e-02 5.745416303063927366e+00 7.147852637212792626e-02
2.294557236497932542e-02 5.779300853250486369e+00 3.470505595108291236e-02
2.294557236497932542e-02 5.813185403437045373e+00 1.631588707783437550e-02
2.294557236497932542e-02 5.847069953623604377e+00 7.431077124011841936e-03
2.294557236497932542e-02 5.880954503810162493e+00 3.280456279844203536e-03
2.294557236497932542e-02 5.914839053996722384e+00 1.404340581557183935e-03
2.294557236497932542e-02 5.948723604183280500e+00 5.832795816270143702e-04
2.294557236497932542e-02 5.982608154369840392e+00 2.351548268295992319e-04
2.294557236497932542e-02 6.016492704556398508e+00 9.206759632074060099e-05
2.294557236497932542e-02 6.050377254742957511e+00 3.502151288719096515e-05
2.294557236497932542e-02 6.084261804929516515e+00 1.294893677676998791e-05
2.294557236497932542e-02 6.118146355116075519e+00 4.655828149125672482e-06
2.294557236497932542e-02 6.152030905302634523e+00 1.628593110179031166e-06
2.294557236497932542e-02 6.185915455489193526e+00 5.544559175906680648e-07
2.294557236497932542e-02 6.219800005675752530e+00 1.837989516376101899e-07
2.294557236497932542e-02 6.253684555862310646e+00 5.934994611861932250e-08
2.294557236497932542e-02 6.287569106048870538e+00 1.867564564218722781e-08
2.294557236497932542e-02 6.321453656235428653e+00 5.729050923809138333e-09
2.294557236497932542e-02 6.355338206421988545e+00 1.714006229959719113e-09
2.294557236497932542e-02 6.389222756608546661e+00 5.003027096163155760e-10
2.294557236497932542e-02 6.423107306795105664e+00 1.425310249826114114e-10
2.294557236497932542e-02 6.456991856981664668e+00 3.964648842219973324e-11
2.294557236497932542e-02 6.490876407168223672e+00 1.077156642571916152e-11
2.294557236497932542e-02 6.524760957354782676e+00 2.859494812451048434e-12
2.294557236497932542e-02 6.558645507541341679e+00 7.419780618126189969e-13
2.294557236497932542e-02 6.592530057727900683e+00 1.882507266640374511e-13
2.294557236497932542e-02 6.626414607914458799e+00 4.671714031774327013e-14
2.294557236497932542e-02 6.660299158101018691e+00 1.134377585613360087e-14
2.294557236497932542e-02 6.694183708287576806e+00 2.696039992331405362e-15
2.294557236497932542e-02 6.728068258474136698e+00 6.273726716686451185e-16
2.294557236497932542e-02 6.761952808660694814e+00 1.429869837632679088e-16
2.415323406839928883e-02 3.407382340191361880e+00 4.971780822505435700e-34
2.415323406839928883e-02 3.441266890377920884e+00 2.240471206233065300e-32
2.415323406839928883e-02 3.475151440564479888e+00 8.896925565204194764e-31
2.415323406839928883e-02 3.509035990751038447e+00 3.123729049709580901e-29
2.415323406839928883e-02 3.542920540937597451e+00 9.728416350145861039e-28
2.415323406839928883e-02 3.576805091124156455e+00 2.695844311633615044e-26
2.415323406839928883e-02 3.610689641310715459e+00 6.666968940257966323e-25
2.415323406839928883e-02 3.644574191497274462e+00 1.475677048429523223e-23
2.415323406839928883e-02 3.678458741683833466e+00 2.931469651085998279e-22
2.415323406839928883e-02 3.712343291870392026e+00 5.240448934449432394e-21
2.415323406839928883e-02 3.746227842056951030e+00 8.451941111208354640e-20
2.415323406839928883e-02 3.780112392243510033e+00 1.232892587920896371e-18
2.415323406839928883e-02 3.813996942430069037e+00 1.630469699908550598e-17
2.415323406839928883e-02 3.847881492616627597e+00 1.959388712525623839e-16
2.415323406839928883e-02 3.881766042803186600e+00 2.144450258485791669e-15
2.415323406839928883e-02 3.915650592989745604e+00 2.142066970752129126e-14
2.415323406839928883e-02 3.949535143176304608e+00 1.956926716583425454e-13
2.415323406839928883e-02 3.983419693362863612e+00 1.638374899664803451e-12
2.415323406839928883e-02 4.017304243549422615e+00 1.259485926022141497e-11
2.415323406839928883e-02 4.051188793735981619e+00 8.906998726108196469e-11
2.415323406839928883e-02 4.085073343922540623e+00 5.805211693061365189e-10
2.415323406839928883e-02 4.118957894109099627e+00 3.493163154940125001e-09
2.415323406839928883e-02 4.152842444295657742e+00 1.943906699646919717e-08
2.415323406839928883e-02 4.186726994482216746e+00 1.002089205964353995e-07
2.415323406839928883e-02 4.220611544668775750e+00 4.793012024356062045e-07
2.415323406839928883e-02 4.254496094855334754e+00 2.130382312989201675e-06
2.415323406839928883e-02 4.288380645041893757e+00 8.812701477133461566e-06
2.415323406839928883e-02 4.322265195228452761e+00 3.397811871121043665e-05
2.415323406839928883e-02 4.356149745415011765e+00 1.222773774971775958e-04
2.415323406839928883e-02 4.390034295601570768e+00 4.112911883680787743e-04
2.415323406839928883e-02 4.423918845788129772e+00 1.294768505805035186e-03
2.415323406839928883e-02 4.457803395974687888e+00 3.819801820555025242e-03
2.415323406839928883e-02 4.491687946161247780e+00 1.057417110372610262e-02
2.415323406839928883e-02 4.525572496347805895e+00 2.750073667303130562e-02
2.415323406839928883e-02 4.559457046534364899e+00 6.727535067268997082e-02
2.415323406839928883e-02 4.593341596720923903e+00 1.549845608044674306e-01
2.415323406839928883e-02 4.627226146907482907e+00 3.366165402609100910e-01
2.415323406839928883e-02 4.661110697094041910e+00 6.900456034176718489e-01
2.415323406839928883e-02 4.694995247280600914e+00 1.336545576637733213e+00
2.415323406839928883e-02 4.728879797467159918e+00 2.448554065216290265e+00
2.415323406839928883e-02 4.762764347653718922e+00 4.247176471300599943e+00
2.415323406839928883e-02 4.796648897840277925e+00 6.982150194831306500e+00
2.415323406839928883e-02 4.830533448026836041e+00 1.088928027912158392e+01
2.415323406839928883e-02 4.864417998213395933e+00 1.612659733064296219e+01
2.415323406839928883e-02 4.898302548399954048e+00 2.269981646126641195e+01
2.415323406839928883e-02 4.932187098586513052e+00 3.039700472088856031e+01
2.415323406839928883e-02 4.966071648773072056e+00 3.875712523546662425e+01
2.415323406839928883e-02 4.999956198959631060e+00 4.709329884911451103e+01
2.415323406839928883e-02 5.033840749146190063e+00 5.457820293489474750e+01
2.415323406839928883e-02 5.067725299332749067e+00 6.037946620723598556e+01
2.415323406839928883e-02 5.101609849519308071e+00 6.381436494524216840e+01
2.415323406839928883e-02 5.135494399705867075e+00 6.448343136836591327e+01
2.415323406839928883e-02 5.169378949892426078e+00 6.234650088024816483e+01
2.415323406839928883e-02 5.203263500078984194e+00 5.772137561305364528e+01
2.415323406839928883e-02 5.237148050265544086e+00 5.120839479791843729e+01
2.415323406839928883e-02 5.271032600452102201e+00 4.356501897702136716e+01
2.415323406839928883e-02 5.304917150638661205e+00 3.556579934360173212e+01
2.415323406839928883e-02 5.338801700825220209e+00 2.788202724106308139e+01
2.415323406839928883e-02 5.372686251011779213e+00 2.100419934187111437e+01
2.415323406839928883e-02 5.406570801198338216e+00 1.521474717701595480e+01
2.415323406839928883e-02 5.440455351384897220e+00 1.060427740296180765e+01
2.415323406839928883e-02 5.474339901571456224e+00 7.115908047975604944e+00
2.415323406839928883e-02 5.508224451758014339e+00 4.600257019320636687e+00
2.415323406839928883e-02 5.542109001944574231e+00 2.866821175648486264e+00
2.415323406839928883e-02 5.575993552131132347e+00 1.723236252267094093e+00
2.415323406839928883e-02 5.609878102317692239e+00 9.996975669285813604e-01
2.415323406839928883e-02 5.643762652504250354e+00 5.600424891270294747e-01
2.415323406839928883e-02 5.677647202690809358e+00 3.031419057463181632e-01
2.415323406839928883e-02 5.711531752877368362e+00 1.586291831245210115e-01
2.415323406839928883e-02 5.745416303063927366e+00 8.029106550936286613e-02
2.415323406839928883e-02 5.779300853250486369e+00 3.933044566173615059e-02
2.415323406839928883e-02 5.813185403437045373e+00 1.865495548009814611e-02
2.415323406839928883e-02 5.847069953623604377e+00 8.572061445216640208e-03
2.415323406839928883e-02 5.880954503810162493e+00 3.817859795881785225e-03
2.415323406839928883e-02 5.914839053996722384e+00 1.648968214571334013e-03
2.415323406839928883e-02 5.948723604183280500e+00 6.909908643732971638e-04
2.415323406839928883e-02 5.982608154369840392e+00 2.810647497705358907e-04
2.415323406839928883e-02 6.016492704556398508e+00 1.110240809103145128e-04
2.415323406839928883e-02 6.050377254742957511e+00 4.260924354489001629e-05
2.415323406839928883e-02 6.084261804929516515e+00 1.589505051410403463e-05
2.415323406839928883e-02 6.118146355116075519e+00 5.766119965954225865e-06
2.415323406839928883e-02 6.152030905302634523e+00 2.034970029420016126e-06
2.415323406839928883e-02 6.185915455489193526e+00 6.989894496394947881e-07
2.415323406839928883e-02 6.219800005675752530e+00 2.337781982621973490e-07
2.415323406839928883e-02 6.253684555862310646e+00 7.616187418303801991e-08
2.415323406839928883e-02 6.287569106048870538e+00 2.417953293810508784e-08
2.415323406839928883e-02 6.321453656235428653e+00 7.483562134470034328e-09
2.415323406839928883e-02 6.355338206421988545e+00 2.258861729015123863e-09
2.415323406839928883e-02 6.389222756608546661e+00 6.652112491943670358e-10
2.415323406839928883e-02 6.423107306795105664e+00 1.911979746824859693e-10
2.415323406839928883e-02 6.456991856981664668e+00 5.365660484276182892e-11
2.415323406839928883e-02 6.490876407168223672e+00 1.470750854062432920e-11
2.415323406839928883e-02 6.524760957354782676e+00 3.939021163838517753e-12
2.415323406839928883e-02 6.558645507541341679e+00 1.031158844859338220e-12
2.415323406839928883e-02 6.592530057727900683e+00 2.639387798005839166e-13
2.415323406839928883e-02 6.626414607914458799e+00 6.608016940683276802e-14
2.415323406839928883e-02 6.660299158101018691e+00 1.618739615357388879e-14
2.415323406839928883e-02 6.694183708287576806e+00 3.881200272410594832e-15
2.415323406839928883e-02 6.728068258474136698e+00 9.111321817119688560e-16
2.415323406839928883e-02 6.761952808660694814e+00 2.094902748824139248e-16
2.536089577181925570e-02 3.407382340191361880e+00 3.310548910668048112e-34
2.536089577181925570e-02 3.441266890377920884e+00 1.498720431717657416e-32
2.536089577181925570e-02 3.475151440564479888e+00 5.979758037655601076e-31
2.536089577181925570e-02 3.509035990751038447e+00 2.109823759911477138e-29
2.536089577181925570e-02 3.542920540937597451e+00 6.604023688918311106e-28
2.536089577181925570e-02 3.576805091124156455e+00 1.839573795116438995e-26
2.536089577181925570e-02 3.610689641310715459e+00 4.573692276504691805e-25
2.536089577181925570e-02 3.644574191497274462e+00 1.017897560802858454e-23
2.536089577181925570e-02 3.678458741683833466e+00 2.033426978448729850e-22
2.536089577181925570e-02 3.712343291870392026e+00 3.655917678448353162e-21
2.536089577181925570e-02 3.746227842056951030e+00 5.930913806318003416e-20
2.536089577181925570e-02 3.780112392243510033e+00 8.703188398954113572e-19
2.536089577181925570e-02 3.813996942430069037e+00 1.157985037485785295e-17
2.536089577181925570e-02 3.847881492616627597e+00 1.400217011441509344e-16
2.536089577181925570e-02 3.881766042803186600e+00 1.542130602338903524e-15
2.536089577181925570e-02 3.915650592989745604e+00 1.550290352208739664e-14
2.536089577181925570e-02 3.949535143176304608e+00 1.425516726012626737e-13
2.536089577181925570e-02 3.983419693362863612e+00 1.201352131083298614e-12
2.536089577181925570e-02 4.017304243549422615e+00 9.297149291605698666e-12
2.536089577181925570e-02 4.051188793735981619e+00 6.619515067858856910e-11
2.536089577181925570e-02 4.085073343922540623e+00 4.343989050034281483e-10
2.536089577181925570e-02 4.118957894109099627e+00 2.632096152421031562e-09
2.536089577181925570e-02 4.152842444295657742e+00 1.475046340712804881e-08
2.536089577181925570e-02 4.186726994482216746e+00 7.658046376711290071e-08
2.536089577181925570e-02 4.220611544668775750e+00 3.689218314966275620e-07
2.536089577181925570e-02 4.254496094855334754e+00 1.651693258175943250e-06
2.536089577181925570e-02 4.288380645041893757e+00 6.882681034165518495e-06
2.536089577181925570e-02 4.322265195228452761e+00 2.673340945446202462e-05
2.536089577181925570e-02 4.356149745415011765e+00 9.692510456230026298e-05
2.536089577181925570e-02 4.390034295601570768e+00 3.284750954394467662e-04
2.536089577181925570e-02 4.423918845788129772e+00 1.041921136321085836e-03
2.536089577181925570e-02 4.457803395974687888e+00 3.097413002369490270e-03
2.536089577181925570e-02 4.491687946161247780e+00 8.640625482423143836e-03
2.536089577181925570e-02 4.525572496347805895e+00 2.264685355731601429e-02
2.536089577181925570e-02 4.559457046534364899e+00 5.583512645034240801e-02
2.536089577181925570e-02 4.593341596720923903e+00 1.296434070193936694e-01
2.536089577181925570e-02 4.627226146907482907e+00 2.838112422498147436e-01
2.536089577181925570e-02 4.661110697094041910e+00 5.864418871502353747e-01
2.536089577181925570e-02 4.694995247280600914e+00 1.144996493409124794e+00
2.536089577181925570e-02 4.728879797467159918e+00 2.114573020143386106e+00
2.536089577181925570e-02 4.762764347653718922e+00 3.697639721534339508e+00
2.536089577181925570e-02 4.796648897840277925e+00 6.128338779537491732e+00
2.536089577181925570e-02 4.830533448026836041e+00 9.636056931285141403e+00
2.536089577181925570e-02 4.864417998213395933e+00 1.438819020702904616e+01
2.536089577181925570e-02 4.898302548399954048e+00 2.042043630421026990e+01
2.536089577181925570e-02 4.932187098586513052e+00 2.757198711446993045e+01
2.536089577181925570e-02 4.966071648773072056e+00 3.544852588281675310e+01
2.536089577181925570e-02 4.999956198959631060e+00 4.343393967012270451e+01
2.536089577181925570e-02 5.033840749146190063e+00 5.076055688153092404e+01
2.536089577181925570e-02 5.067725299332749067e+00 5.662998212568527379e+01
2.536089577181925570e-02 5.101609849519308071e+00 6.035844276908368755e+01
2.536089577181925570e-02 5.135494399705867075e+00 6.150947141378936323e+01
2.536089577181925570e-02 5.169378949892426078e+00 5.997793974162462405e+01
2.536089577181925570e-02 5.203263500078984194e+00 5.600316020246550863e+01
2.536089577181925570e-02 5.237148050265544086e+00 5.010992033935068690e+01
2.536089577181925570e-02 5.271032600452102201e+00 4.299687864978926655e+01
2.536089577181925570e-02 5.304917150638661205e+00 3.540440993038939865e+01
2.536089577181925570e-02 5.338801700825220209e+00 2.799520889082749520e+01
2.536089577181925570e-02 5.372686251011779213e+00 2.127200466766198161e+01
2.536089577181925570e-02 5.406570801198338216e+00 1.554239124183427379e+01
2.536089577181925570e-02 5.440455351384897220e+00 1.092678562399116160e+01
2.536089577181925570e-02 5.474339901571456224e+00 7.396170481537957642e+00
2.536089577181925570e-02 5.508224451758014339e+00 4.823146943163340694e+00
2.536089577181925570e-02 5.542109001944574231e+00 3.031984377634982852e+00
2.536089577181925570e-02 5.575993552131132347e+00 1.838462911275242639e+00
2.536089577181925570e-02 5.609878102317692239e+00 1.075889611430314918e+00
2.536089577181925570e-02 5.643762652504250354e+00 6.080146224718213643e-01
2.536089577181925570e-02 5.677647202690809358e+00 3.319995880413649791e-01
2.536089577181925570e-02 5.711531752877368362e+00 1.752577991062202190e-01
2.536089577181925570e-02 5.745416303063927366e+00 8.948865704811706512e-02
2.536089577181925570e-02 5.779300853250486369e+00 4.422212266571572820e-02
2.536089577181925570e-02 5.813185403437045373e+00 2.116011249495711524e-02
2.536089577181925570e-02 5.847069953623604377e+00 9.809001739748423460e-03
2.536089577181925570e-02 5.880954503810162493e+00 4.407351576267815041e-03
2.536089577181925570e-02 5.914839053996722384e+00 1.920393638963448831e-03
2.536089577181925570e-02 5.948723604183280500e+00 8.118434274403883407e-04
2.536089577181925570e-02 5.982608154369840392e+00 3.331422995807347071e-04
2.536089577181925570e-02 6.016492704556398508e+00 1.327593514802348170e-04
2.536089577181925570e-02 6.050377254742957511e+00 5.140165523386996049e-05
2.536089577181925570e-02 6.084261804929516515e+00 1.934465749083707714e-05
2.536089577181925570e-02 6.118146355116075519e+00 7.079602465615542119e-06
2.536089577181925570e-02 6.152030905302634523e+00 2.520630619889572485e-06
2.536089577181925570e-02 6.185915455489193526e+00 8.734689027753636232e-07
2.536089577181925570e-02 6.219800005675752530e+00 2.947174428780770951e-07
2.536089577181925570e-02 6.253684555862310646e+00 9.686425904916425348e-08
2.536089577181925570e-02 6.287569106048870538e+00 3.102392809660984226e-08
2.536089577181925570e-02 6.321453656235428653e+00 9.686764941314489089e-09
2.536089577181925570e-02 6.355338206421988545e+00 2.949713775120407001e-09
2.536089577181925570e-02 6.389222756608546661e+00 8.763300888896533367e-10
2.536089577181925570e-02 6.423107306795105664e+00 2.541014631648359558e-10
2.536089577181925570e-02 6.456991856981664668e+00 7.193833770479395683e-11
2.536089577181925570e-02 6.490876407168223672e+00 1.989239195200055381e-11
2.536089577181925570e-02 6.524760957354782676e+00 5.374573811250724599e-12
2.536089577181925570e-02 6.558645507541341679e+00 1.419338598113322483e-12
2.536089577181925570e-02 6.592530057727900683e+00 3.664924715481898960e-13
2.536089577181925570e-02 6.626414607914458799e+00 9.256160662255958536e-14
2.536089577181925570e-02 6.660299158101018691e+00 2.287340801832955530e-14
2.536089577181925570e-02 6.694183708287576806e+00 5.532356225590449490e-15
2.536089577181925570e-02 6.728068258474136698e+00 1.310121355395888691e-15
2.536089577181925570e-02 6.761952808660694814e+00 3.038615297636355711e-16
2.656855747523921910e-02 3.407382340191361880e+00 2.202309708224128500e-34
2.656855747523921910e-02 3.441266890377920884e+00 1.001495168785875760e-32
2.656855747523921910e-02 3.475151440564479888e+00 4.014494821299634103e-31
2.656855747523921910e-02 3.509035990751038447e+00 1.423244000426079676e-29
2.656855747523921910e-02 3.542920540937597451e+00 4.477053090226922919e-28
2.656855747523921910e-02 3.576805091124156455e+00 1.253469090911219275e-26
2.656855747523921910e-02 3.610689641310715459e+00 3.132826880658878974e-25
2.656855747523921910e-02 3.644574191497274462e+00 7.009786524834426679e-24
2.656855747523921910e-02 3.678458741683833466e+00 1.408045989210914944e-22
2.656855747523921910e-02 3.712343291870392026e+00 2.545813647516758747e-21
2.656855747523921910e-02 3.746227842056951030e+00 4.153807431458930877e-20
2.656855747523921910e-02 3.780112392243510033e+00 6.131243142436014927e-19
2.656855747523921910e-02 3.813996942430069037e+00 8.206683767726032197e-18
2.656855747523921910e-02 3.847881492616627597e+00 9.983947121916177089e-17
2.656855747523921910e-02 3.881766042803186600e+00 1.106410442795477008e-15
2.656855747523921910e-02 3.915650592989745604e+00 1.119285443727273235e-14
2.656855747523921910e-02 3.949535143176304608e+00 1.035799958736871245e-13
2.656855747523921910e-02 3.983419693362863612e+00 8.786002274473068809e-13
2.656855747523921910e-02 4.017304243549422615e+00 6.844291649817887640e-12
2.656855747523921910e-02 4.051188793735981619e+00 4.905706675305424611e-11
2.656855747523921910e-02 4.085073343922540623e+00 3.241145571056311126e-10
2.656855747523921910e-02 4.118957894109099627e+00 1.977345055413705694e-09
2.656855747523921910e-02 4.152842444295657742e+00 1.115815947639441693e-08
2.656855747523921910e-02 4.186726994482216746e+00 5.833715096062961085e-08
2.656855747523921910e-02 4.220611544668775750e+00 2.830315950133981846e-07
2.656855747523921910e-02 4.254496094855334754e+00 1.276248450107639622e-06
2.656855747523921910e-02 4.288380645041893757e+00 5.356728298546597823e-06
2.656855747523921910e-02 4.322265195228452761e+00 2.095860251640092588e-05
2.656855747523921910e-02 4.356149745415011765e+00 7.654892619471493037e-05
2.656855747523921910e-02 4.390034295601570768e+00 2.613533182822599531e-04
2.656855747523921910e-02 4.423918845788129772e+00 8.352377599423869720e-04
2.656855747523921910e-02 4.457803395974687888e+00 2.501785851561062410e-03
2.656855747523921910e-02 4.491687946161247780e+00 7.032295235573309163e-03
2.656855747523921910e-02 4.525572496347805895e+00 1.857312480896218532e-02
2.656855747523921910e-02 4.559457046534364899e+00 4.614591418861677119e-02
2.656855747523921910e-02 4.593341596720923903e+00 1.079810302016437767e-01
2.656855747523921910e-02 4.627226146907482907e+00 2.382427790463126083e-01
2.656855747523921910e-02 4.661110697094041910e+00 4.961686502452234970e-01
2.656855747523921910e-02 4.694995247280600914e+00 9.764342186733246942e-01
2.656855747523921910e-02 4.728879797467159918e+00 1.817672309164150901e+00
2.656855747523921910e-02 4.762764347653718922e+00 3.203984638497735293e+00
2.656855747523921910e-02 4.796648897840277925e+00 5.353030056813874005e+00
2.656855747523921910e-02 4.830533448026836041e+00 8.485253742248318076e+00
2.656855747523921910e-02 4.864417998213395933e+00 1.277312074168049882e+01
2.656855747523921910e-02 4.898302548399954048e+00 1.827668367424576701e+01
2.656855747523921910e-02 4.932187098586513052e+00 2.488040833295322329e+01
2.656855747523921910e-02 4.966071648773072056e+00 3.225221780245167480e+01
2.656855747523921910e-02 4.999956198959631060e+00 3.984528157078229782e+01
2.656855747523921910e-02 5.033840749146190063e+00 4.695415637411297638e+01
2.656855747523921910e-02 5.067725299332749067e+00 5.282107256030646170e+01
2.656855747523921910e-02 5.101609849519308071e+00 5.677073556900118945e+01
2.656855747523921910e-02 5.135494399705867075e+00 5.833997255905233459e+01
2.656855747523921910e-02 5.169378949892426078e+00 5.736737656702418064e+01
2.656855747523921910e-02 5.203263500078984194e+00 5.401895349667599078e+01
2.656855747523921910e-02 5.237148050265544086e+00 4.874476504676690780e+01
2.656855747523921910e-02 5.271032600452102201e+00 4.218147725508294599e+01
2.656855747523921910e-02 5.304917150638661205e+00 3.502936485832984914e+01
2.656855747523921910e-02 5.338801700825220209e+00 2.793557663645002975e+01
2.656855747523921910e-02 5.372686251011779213e+00 2.140867963578910604e+01
2.656855747523921910e-02 5.406570801198338216e+00 1.577665351323195786e+01
2.656855747523921910e-02 5.440455351384897220e+00 1.118697486055233448e+01
2.656855747523921910e-02 5.474339901571456224e+00 7.637610458247012346e+00
2.656855747523921910e-02 5.508224451758014339e+00 5.023636058378074587e+00
2.656855747523921910e-02 5.542109001944574231e+00 3.185356400527158627e+00
2.656855747523921910e-02 5.575993552131132347e+00 1.948207639313777939e+00
2.656855747523921910e-02 5.609878102317692239e+00 1.150013338125985829e+00
2.656855747523921910e-02 5.643762652504250354e+00 6.555549252444464736e-01
2.656855747523921910e-02 5.677647202690809358e+00 3.610748334596043940e-01
2.656855747523921910e-02 5.711531752877368362e+00 1.922675451367813204e-01
2.656855747523921910e-02 5.745416303063927366e+00 9.903062962002744107e-02
2.656855747523921910e-02 5.779300853250486369e+00 4.936483191816808114e-02
2.656855747523921910e-02 5.813185403437045373e+00 2.382735469325737709e-02
2.656855747523921910e-02 5.847069953623604377e+00 1.114205641631662268e-02
2.656855747523921910e-02 5.880954503810162493e+00 5.050140785696041051e-03
2.656855747523921910e-02 5.914839053996722384e+00 2.219747253565176447e-03
2.656855747523921910e-02 5.948723604183280500e+00 9.466183766703623092e-04
2.656855747523921910e-02 5.982608154369840392e+00 3.918532020290372750e-04
2.656855747523921910e-02 6.016492704556398508e+00 1.575255424290365226e-04
2.656855747523921910e-02 6.050377254742957511e+00 6.152564457260411787e-05
2.656855747523921910e-02 6.084261804929516515e+00 2.335791020099639128e-05
2.656855747523921910e-02 6.118146355116075519e+00 8.623350825258997387e-06
2.656855747523921910e-02 6.152030905302634523e+00 3.097210461315927099e-06
2.656855747523921910e-02 6.185915455489193526e+00 1.082687408049545799e-06
2.656855747523921910e-02 6.219800005675752530e+00 3.685149673964453279e-07
2.656855747523921910e-02 6.253684555862310646e+00 1.221815864121246040e-07
2.656855747523921910e-02 6.287569106048870538e+00 3.947579467305884787e-08
2.656855747523921910e-02 6.321453656235428653e+00 1.243378875382703583e-08
2.656855747523921910e-02 6.355338206421988545e+00 3.819387322833413753e-09
2.656855747523921910e-02 6.389222756608546661e+00 1.144639894945634523e-09
2.656855747523921910e-02 6.423107306795105664e+00 3.348063086952124953e-10
2.656855747523921910e-02 6.456991856981664668e+00 9.561585673092376368e-11
2.656855747523921910e-02 6.490876407168223672e+00 2.667086465985106514e-11
2.656855747523921910e-02 6.524760957354782676e+00 7.268954749766283870e-12
2.656855747523921910e-02 6.558645507541341679e+00 1.936372245722444119e-12
2.656855747523921910e-02 6.592530057727900683e+00 5.043588344188675500e-13
2.656855747523921910e-02 6.626414607914458799e+00 1.284913283007650508e-13
2.656855747523921910e-02 6.660299158101018691e+00 3.202864620122578355e-14
2.656855747523921910e-02 6.694183708287576806e+00 7.814097328312007460e-15
2.656855747523921910e-02 6.728068258474136698e+00 1.866539490973122885e-15
2.656855747523921910e-02 6.761952808660694814e+00 4.366708067774801338e-16
2.777621917865918250e-02 3.407382340191361880e+00 1.464196806041254671e-34
2.777621917865918250e-02 3.441266890377920884e+00 6.687727420957982465e-33
2.777621917865918250e-02 3.475151440564479888e+00 2.693013214835478579e-31
2.777621917865918250e-02 3.509035990751038447e+00 9.592497223273522590e-30
2.777621917865918250e-02 3.542920540937597451e+00 3.032172372520688856e-28
2.777621917865918250e-02 3.576805091124156455e+00 8.531924249917689928e-27
2.777621917865918250e-02 3.610689641310715459e+00 2.143392846791447985e-25
2.777621917865918250e-02 3.644574191497274462e+00 4.821259115261508404e-24
2.777621917865918250e-02 3.678458741683833466e+00 9.736865304642986488e-23
2.777621917865918250e-02 3.712343291870392026e+00 1.770231435763200840e-21
2.777621917865918250e-02 3.746227842056951030e+00 2.904715419666145958e-20
2.777621917865918250e-02 3.780112392243510033e+00 4.312315308048460224e-19
2.777621917865918250e-02 3.813996942430069037e+00 5.806088906423585544e-18
2.777621917865918250e-02 3.847881492616627597e+00 7.105913797455720929e-17
2.777621917865918250e-02 3.881766042803186600e+00 7.922855236213715152e-16
2.777621917865918250e-02 3.915650592989745604e+00 8.064894948332969552e-15
2.777621917865918250e-02 3.949535143176304608e+00 7.510508053415820134e-14
2.777621917865918250e-02 3.983419693362863612e+00 6.411535762459850175e-13
2.777621917865918250e-02 4.017304243549422615e+00 5.027093988206430841e-12
2.777621917865918250e-02 4.051188793735981619e+00 3.626994637094932894e-11
2.777621917865918250e-02 4.085073343922540623e+00 2.412340139977511615e-10
2.777621917865918250e-02 4.118957894109099627e+00 1.481677689267340327e-09
2.777621917865918250e-02 4.152842444295657742e+00 8.418418857581601676e-09
2.777621917865918250e-02 4.186726994482216746e+00 4.431840574822350357e-08
2.777621917865918250e-02 4.220611544668775750e+00 2.165249383680008242e-07
2.777621917865918250e-02 4.254496094855334754e+00 9.832736082038460506e-07
2.777621917865918250e-02 4.288380645041893757e+00 4.156577961185956908e-06
2.777621917865918250e-02 4.322265195228452761e+00 1.638044799844619383e-05
2.777621917865918250e-02 4.356149745415011765e+00 6.026410247699278409e-05
2.777621917865918250e-02 4.390034295601570768e+00 2.072677697419482337e-04
2.777621917865918250e-02 4.423918845788129772e+00 6.673061614896360055e-04
2.777621917865918250e-02 4.457803395974687888e+00 2.013736254342341804e-03
2.777621917865918250e-02 4.491687946161247780e+00 5.703117133667884656e-03
2.777621917865918250e-02 4.525572496347805895e+00 1.517704942034025888e-02
2.777621917865918250e-02 4.559457046534364899e+00 3.799674531182428011e-02
2.777621917865918250e-02 4.593341596720923903e+00 8.959714355904684069e-02
2.777621917865918250e-02 4.627226146907482907e+00 1.992149765016733853e-01
2.777621917865918250e-02 4.661110697094041910e+00 4.181270956281107343e-01
2.777621917865918250e-02 4.694995247280600914e+00 8.293143753025726816e-01
2.777621917865918250e-02 4.728879797467159918e+00 1.555996905281140652e+00
2.777621917865918250e-02 4.762764347653718922e+00 2.764518526616515981e+00
2.777621917865918250e-02 4.796648897840277925e+00 4.655678812625205332e+00
2.777621917865918250e-02 4.830533448026836041e+00 7.439093892651954754e+00
2.777621917865918250e-02 4.864417998213395933e+00 1.128862541912289608e+01
2.777621917865918250e-02 4.898302548399954048e+00 1.628345627431180986e+01
2.777621917865918250e-02 4.932187098586513052e+00 2.234742728824694424e+01
2.777621917865918250e-02 4.966071648773072056e+00 2.920555796005522353e+01
2.777621917865918250e-02 4.999956198959631060e+00 3.637752744802186555e+01
2.777621917865918250e-02 5.033840749146190063e+00 4.322097319729633114e+01
2.777621917865918250e-02 5.067725299332749067e+00 4.902360356473153047e+01
2.777621917865918250e-02 5.101609849519308071e+00 5.312669329814549002e+01
2.777621917865918250e-02 5.135494399705867075e+00 5.504994820371535980e+01
2.777621917865918250e-02 5.169378949892426078e+00 5.458455312110807256e+01
2.777621917865918250e-02 5.203263500078984194e+00 5.182939398533788022e+01
2.777621917865918250e-02 5.237148050265544086e+00 4.716216661164571633e+01
2.777621917865918250e-02 5.271032600452102201e+00 4.115602854614593298e+01
2.777621917865918250e-02 5.304917150638661205e+00 3.446668062614487127e+01
2.777621917865918250e-02 5.338801700825220209e+00 2.771976186314602586e+01
2.777621917865918250e-02 5.372686251011779213e+00 2.142372876873017873e+01
2.777621917865918250e-02 5.406570801198338216e+00 1.592214577978552015e+01
2.777621917865918250e-02 5.440455351384897220e+00 1.138645825379525434e+01
2.777621917865918250e-02 5.474339901571456224e+00 7.840253525740493501e+00
2.777621917865918250e-02 5.508224451758014339e+00 5.201088762867446924e+00
2.777621917865918250e-02 5.542109001944574231e+00 3.326167300982617370e+00
2.777621917865918250e-02 5.575993552131132347e+00 2.051810829915433843e+00
2.777621917865918250e-02 5.609878102317692239e+00 1.221593246723897019e+00
2.777621917865918250e-02 5.643762652504250354e+00 7.023599805654118233e-01
2.777621917865918250e-02 5.677647202690809358e+00 3.901931963117502566e-01
2.777621917865918250e-02 5.711531752877368362e+00 2.095678929037149141e-01
2.777621917865918250e-02 5.745416303063927366e+00 1.088751387460465264e-01
2.777621917865918250e-02 5.779300853250486369e+00 5.474204533938087369e-02
2.777621917865918250e-02 5.813185403437045373e+00 2.665181369298255318e-02
2.777621917865918250e-02 5.847069953623604377e+00 1.257091620080873391e-02
2.777621917865918250e-02 5.880954503810162493e+00 5.747227915031298713e-03
2.777621917865918250e-02 5.914839053996722384e+00 2.548086707509344701e-03
2.777621917865918250e-02 5.948723604183280500e+00 1.096082903040612299e-03
2.777621917865918250e-02 5.982608154369840392e+00 4.576689056315116195e-04
2.777621917865918250e-02 6.016492704556398508e+00 1.855837515734496226e-04
2.777621917865918250e-02 6.050377254742957511e+00 7.311512288233364251e-05
2.777621917865918250e-02 6.084261804929516515e+00 2.799934804232193621e-05
2.777621917865918250e-02 6.118146355116075519e+00 1.042685668529126537e-05
2.777621917865918250e-02 6.152030905302634523e+00 3.777562995965546162e-06
2.777621917865918250e-02 6.185915455489193526e+00 1.332010609155934914e-06
2.777621917865918250e-02 6.219800005675752530e+00 4.573229585352048664e-07
2.777621917865918250e-02 6.253684555862310646e+00 1.529453616998668854e-07
2.777621917865918250e-02 6.287569106048870538e+00 4.984518923191759914e-08
2.777621917865918250e-02 6.321453656235428653e+00 1.583640307022777603e-08
2.777621917865918250e-02 6.355338206421988545e+00 4.906887293088276670e-09
2.777621917865918250e-02 6.389222756608546661e+00 1.483333998690558530e-09
2.777621917865918250e-02 6.423107306795105664e+00 4.376425367452465802e-10
2.777621917865918250e-02 6.456991856981664668e+00 1.260693536901589376e-10
2.777621917865918250e-02 6.490876407168223672e+00 3.547056192498383945e-11
2.777621917865918250e-02 6.524760957354782676e+00 9.751057824055134578e-12
2.777621917865918250e-02 6.558645507541341679e+00 2.620080352058210833e-12
2.777621917865918250e-02 6.592530057727900683e+00 6.883484980724824035e-13
2.777621917865918250e-02 6.626414607914458799e+00 1.768814526818926697e-13
2.777621917865918250e-02 6.660299158101018691e+00 4.447166142021808480e-14
2.777621917865918250e-02 6.694183708287576806e+00 1.094349971050735874e-14
2.777621917865918250e-02 6.728068258474136698e+00 2.636594756422210944e-15
2.777621917865918250e-02 6.761952808660694814e+00 6.221356563370849992e-16
2.898388088207914937e-02 3.407382340191361880e+00 9.731759056112385510e-35
2.898388088207914937e-02 3.441266890377920884e+00 4.464161878063277740e-33
2.898388088207914937e-02 3.475151440564479888e+00 1.805670742724940870e-31
2.898388088207914937e-02 3.509035990751038447e+00 6.461559213334173271e-30
2.898388088207914937e-02 3.542920540937597451e+00 2.052247323206654311e-28
2.898388088207914937e-02 3.576805091124156455e+00 5.803037615000920829e-27
2.898388088207914937e-02 3.610689641310715459e+00 1.465220821155326442e-25
2.898388088207914937e-02 3.644574191497274462e+00 3.312935674484842716e-24
2.898388088207914937e-02 3.678458741683833466e+00 6.726347521696700112e-23
2.898388088207914937e-02 3.712343291870392026e+00 1.229567341831932735e-21
2.898388088207914937e-02 3.746227842056951030e+00 2.028806946200519366e-20
2.898388088207914937e-02 3.780112392243510033e+00 3.029099281974924018e-19
2.898388088207914937e-02 3.813996942430069037e+00 4.102058877480201572e-18
2.898388088207914937e-02 3.847881492616627597e+00 5.050112891305906627e-17
2.898388088207914937e-02 3.881766042803186600e+00 5.664635944745297741e-16
2.898388088207914937e-02 3.915650592989745604e+00 5.801533722475528691e-15
2.898388088207914937e-02 3.949535143176304608e+00 5.436388595952264673e-14
2.898388088207914937e-02 3.983419693362863612e+00 4.670271913197969532e-13
2.898388088207914937e-02 4.017304243549422615e+00 3.685331205492992514e-12
2.898388088207914937e-02 4.051188793735981619e+00 2.676239946135008166e-11
2.898388088207914937e-02 4.085073343922540623e+00 1.791732717225512038e-10
2.898388088207914937e-02 4.118957894109099627e+00 1.107851812223521305e-09
2.898388088207914937e-02 4.152842444295657742e+00 6.337051405277215214e-09
2.898388088207914937e-02 4.186726994482216746e+00 3.358953305330903601e-08
2.898388088207914937e-02 4.220611544668775750e+00 1.652434112237246697e-07
2.898388088207914937e-02 4.254496094855334754e+00 7.556473669758856052e-07
2.898388088207914937e-02 4.288380645041893757e+00 3.216921077449075030e-06
2.898388088207914937e-02 4.322265195228452761e+00 1.276791664468224184e-05
2.898388088207914937e-02 4.356149745415011765e+00 4.731205991134363755e-05
2.898388088207914937e-02 4.390034295601570768e+00 1.639049202439988499e-04
2.898388088207914937e-02 4.423918845788129772e+00 5.315689689373380824e-04
2.898388088207914937e-02 4.457803395974687888e+00 1.615986214914446944e-03
2.898388088207914937e-02 4.491687946161247780e+00 4.610768904675139820e-03
2.898388088207914937e-02 4.525572496347805895e+00 1.236229144871771150e-02
2.898388088207914937e-02 4.559457046534364899e+00 3.118403583286928279e-02
2.898388088207914937e-02 4.593341596720923903e+00 7.409301935207937562e-02
2.898388088207914937e-02 4.627226146907482907e+00 1.660062497601570985e-01
2.898388088207914937e-02 4.661110697094041910e+00 3.511166606868016959e-01
2.898388088207914937e-02 4.694995247280600914e+00 7.018165159423557231e-01
2.898388088207914937e-02 4.728879797467159918e+00 1.327071261345223352e+00
2.898388088207914937e-02 4.762764347653718922e+00 2.376322000275763013e+00
2.898388088207914937e-02 4.796648897840277925e+00 4.033550608235714208e+00
2.898388088207914937e-02 4.830533448026836041e+00 6.496224418721190830e+00
2.898388088207914937e-02 4.864417998213395933e+00 9.936550044982201513e+00
2.898388088207914937e-02 4.898302548399954048e+00 1.444811501308001844e+01
2.898388088207914937e-02 4.932187098586513052e+00 1.998839799893634961e+01
2.898388088207914937e-02 4.966071648773072056e+00 2.633401173294895159e+01
2.898388088207914937e-02 4.999956198959631060e+00 3.306742346212531913e+01
2.898388088207914937e-02 5.033840749146190063e+00 3.960877371198428420e+01
2.898388088207914937e-02 5.067725299332749067e+00 4.529447181582946769e+01
2.898388088207914937e-02 5.101609849519308071e+00 4.948900722260392371e+01
2.898388088207914937e-02 5.135494399705867075e+00 5.170364792217281291e+01
2.898388088207914937e-02 5.169378949892426078e+00 5.169090484553795051e+01
2.898388088207914937e-02 5.203263500078984194e+00 4.948936439634714191e+01
2.898388088207914937e-02 5.237148050265544086e+00 4.540792074339324103e+01
2.898388088207914937e-02 5.271032600452102201e+00 3.995615606473843684e+01
2.898388088207914937e-02 5.304917150638661205e+00 3.374207878764275392e+01
2.898388088207914937e-02 5.338801700825220209e+00 2.736486347095016924e+01
2.898388088207914937e-02 5.372686251011779213e+00 2.132745723183404252e+01
2.898388088207914937e-02 5.406570801198338216e+00 1.598432109502766174e+01
2.898388088207914937e-02 5.440455351384897220e+00 1.152756932305571169e+01
2.898388088207914937e-02 5.474339901571456224e+00 8.004664626953568174e+00
2.898388088207914937e-02 5.508224451758014339e+00 5.355231938955421711e+00
2.898388088207914937e-02 5.542109001944574231e+00 3.453867785537146240e+00
2.898388088207914937e-02 5.575993552131132347e+00 2.148734408965482956e+00
2.898388088207914937e-02 5.609878102317692239e+00 1.290213687607578708e+00
2.898388088207914937e-02 5.643762652504250354e+00 7.481519040749106120e-01
2.898388088207914937e-02 5.677647202690809358e+00 4.191888707243106027e-01
2.898388088207914937e-02 5.711531752877368362e+00 2.270698442427617481e-01
2.898388088207914937e-02 5.745416303063927366e+00 1.189795631910142426e-01
2.898388088207914937e-02 5.779300853250486369e+00 6.033613809352152829e-02
2.898388088207914937e-02 5.813185403437045373e+00 2.962781674277471106e-02
2.898388088207914937e-02 5.847069953623604377e+00 1.409481591705864095e-02
2.898388088207914937e-02 5.880954503810162493e+00 6.499401345521804881e-03
2.898388088207914937e-02 5.914839053996722384e+00 2.906391580522634660e-03
2.898388088207914937e-02 5.948723604183280500e+00 1.260986738867025253e-03
2.898388088207914937e-02 5.982608154369840392e+00 5.310648983193364892e-04
2.898388088207914937e-02 6.016492704556398508e+00 2.172034817337973982e-04
2.898388088207914937e-02 6.050377254742957511e+00 8.631096103782849225e-05
2.898388088207914937e-02 6.084261804929516515e+00 3.333799856340475718e-05
2.898388088207914937e-02 6.118146355116075519e+00 1.252213961983903587e-05
2.898388088207914937e-02 6.152030905302634523e+00 4.575839298963377501e-06
2.898388088207914937e-02 6.185915455489193526e+00 1.627424081979355247e-06
2.898388088207914937e-02 6.219800005675752530e+00 5.635726162982373065e-07
2.898388088207914937e-02 6.253684555862310646e+00 1.901063222453216247e-07
2.898388088207914937e-02 6.287569106048870538e+00 6.249080945213927420e-08
2.898388088207914937e-02 6.321453656235428653e+00 2.002539634267523835e-08
2.898388088207914937e-02 6.355338206421988545e+00 6.258367962573774317e-09
2.898388088207914937e-02 6.389222756608546661e+00 1.908195713016800697e-09
2.898388088207914937e-02 6.423107306795105664e+00 5.678461894248439947e-10
2.898388088207914937e-02 6.456991856981664668e+00 1.649855735336410843e-10
2.898388088207914937e-02 6.490876407168223672e+00 4.681958552264452431e-11
2.898388088207914937e-02 6.524760957354782676e+00 1.298170828547430844e-11
2.898388088207914937e-02 6.558645507541341679e+00 3.518136479744235613e-12
2.898388088207914937e-02 6.592530057727900683e+00 9.322266645236572304e-13
2.898388088207914937e-02 6.626414607914458799e+00 2.416058419887089607e-13
2.898388088207914937e-02 6.660299158101018691e+00 6.126566686646460903e-14
2.898388088207914937e-02 6.694183708287576806e+00 1.520530731199373219e-14
2.898388088207914937e-02 6.728068258474136698e+00 3.694739284131404083e-15
2.898388088207914937e-02 6.761952808660694814e+00 8.792715742968962621e-16
3.019154258549911277e-02 3.407382340191361880e+00 6.467878396620173980e-35
3.019154258549911277e-02 3.441266890377920884e+00 2.979494923571426650e-33
3.019154258549911277e-02 3.475151440564479888e+00 1.210438398644654711e-31
3.019154258549911277e-02 3.509035990751038447e+00 4.351206746185508355e-30
3.019154258549911277e-02 3.542920540937597451e+00 1.388464987048679356e-28
3.019154258549911277e-02 3.576805091124156455e+00 3.945080597665678461e-27
3.019154258549911277e-02 3.610689641310715459e+00 1.001057832945994089e-25
3.019154258549911277e-02 3.644574191497274462e+00 2.275008438897808178e-24
3.019154258549911277e-02 3.678458741683833466e+00 4.643223997503682651e-23
3.019154258549911277e-02 3.712343291870392026e+00 8.533310094957858947e-22
3.019154258549911277e-02 3.746227842056951030e+00 1.415740222374959706e-20
3.019154258549911277e-02 3.780112392243510033e+00 2.125617122323054489e-19
3.019154258549911277e-02 3.813996942430069037e+00 2.895019488904647214e-18
3.019154258549911277e-02 3.847881492616627597e+00 3.584895876352440602e-17
3.019154258549911277e-02 3.881766042803186600e+00 4.045009669598825567e-16
3.019154258549911277e-02 3.915650592989745604e+00 4.167803498666603165e-15
3.019154258549911277e-02 3.949535143176304608e+00 3.929479912189148296e-14
3.019154258549911277e-02 3.983419693362863612e+00 3.396791062097410950e-13
3.019154258549911277e-02 4.017304243549422615e+00 2.697403106452974464e-12
3.019154258549911277e-02 4.051188793735981619e+00 1.971407076239034956e-11
3.019154258549911277e-02 4.085073343922540623e+00 1.328447607555013912e-10
3.019154258549911277e-02 4.118957894109099627e+00 8.268174125073740535e-10
3.019154258549911277e-02 4.152842444295657742e+00 4.761102303549761162e-09
3.019154258549911277e-02 4.186726994482216746e+00 2.540686334206088831e-08
3.019154258549911277e-02 4.220611544668775750e+00 1.258436733288121584e-07
3.019154258549911277e-02 4.254496094855334754e+00 5.794538159156855888e-07
3.019154258549911277e-02 4.288380645041893757e+00 2.484069262729153229e-06
3.019154258549911277e-02 4.322265195228452761e+00 9.928809540356911737e-06
3.019154258549911277e-02 4.356149745415011765e+00 3.705374110529713848e-05
3.019154258549911277e-02 4.390034295601570768e+00 1.292895784798070945e-04
3.019154258549911277e-02 4.423918845788129772e+00 4.223473741621860435e-04
3.019154258549911277e-02 4.457803395974687888e+00 1.293340562133794835e-03
3.019154258549911277e-02 4.491687946161247780e+00 3.717399260414856917e-03
3.019154258549911277e-02 4.525572496347805895e+00 1.004107280933926732e-02
3.019154258549911277e-02 4.559457046534364899e+00 2.551834993223322731e-02
3.019154258549911277e-02 4.593341596720923903e+00 6.108853661064409662e-02
3.019154258549911277e-02 4.627226146907482907e+00 1.379085738393032168e-01
3.019154258549911277e-02 4.661110697094041910e+00 2.939166129308408149e-01
3.019154258549911277e-02 4.694995247280600914e+00 5.920015792271887678e-01
3.019154258549911277e-02 4.728879797467159918e+00 1.128080502441140665e+00
3.019154258549911277e-02 4.762764347653718922e+00 2.035714989459164848e+00
3.019154258549911277e-02 4.796648897840277925e+00 3.482439704133422964e+00
3.019154258549911277e-02 4.830533448026836041e+00 5.652745303409882460e+00
3.019154258549911277e-02 4.864417998213395933e+00 8.714722357376329498e+00
3.019154258549911277e-02 4.898302548399954048e+00 1.277218609720087983e+01
3.019154258549911277e-02 4.932187098586513052e+00 1.781082777299251063e+01
3.019154258549911277e-02 4.966071648773072056e+00 2.365323485538728931e+01
3.019154258549911277e-02 4.999956198959631060e+00 2.994029070916452540e+01
3.019154258549911277e-02 5.033840749146190063e+00 3.615291620182825483e+01
3.019154258549911277e-02 5.067725299332749067e+00 4.167801147683575635e+01
3.019154258549911277e-02 5.101609849519308071e+00 4.590853076677856137e+01
3.019154258549911277e-02 5.135494399705867075e+00 4.835497477498907415e+01
3.019154258549911277e-02 5.169378949892426078e+00 4.873953238310571834e+01
3.019154258549911277e-02 5.203263500078984194e+00 4.704762977229464127e+01
3.019154258549911277e-02 5.237148050265544086e+00 4.352382207779896106e+01
3.019154258549911277e-02 5.271032600452102201e+00 3.861526652764018763e+01
3.019154258549911277e-02 5.304917150638661205e+00 3.288039258856547775e+01
3.019154258549911277e-02 5.338801700825220209e+00 2.688794967456053442e+01
3.019154258549911277e-02 5.372686251011779213e+00 2.113059237161250792e+01
3.019154258549911277e-02 5.406570801198338216e+00 1.596921140545427065e+01
3.019154258549911277e-02 5.440455351384897220e+00 1.161319565332667025e+01
3.019154258549911277e-02 5.474339901571456224e+00 8.131852071435215379e+00
3.019154258549911277e-02 5.508224451758014339e+00 5.486105008028762775e+00
3.019154258549911277e-02 5.542109001944574231e+00 3.568106385822187310e+00
3.019154258549911277e-02 5.575993552131132347e+00 2.238553205042285832e+00
3.019154258549911277e-02 5.609878102317692239e+00 1.355516667872812997e+00
3.019154258549911277e-02 5.643762652504250354e+00 7.926785045069333346e-01
3.019154258549911277e-02 5.677647202690809358e+00 4.479053764806387172e-01
3.019154258549911277e-02 5.711531752877368362e+00 2.446865001046849009e-01
3.019154258549911277e-02 5.745416303063927366e+00 1.293008384811778766e-01
3.019154258549911277e-02 5.779300853250486369e+00 6.612854241384620579e-02
3.019154258549911277e-02 5.813185403437045373e+00 3.274894033614596245e-02
3.019154258549911277e-02 5.847069953623604377e+00 1.571254428105102810e-02
3.019154258549911277e-02 5.880954503810162493e+00 7.307233223673747710e-03
3.019154258549911277e-02 5.914839053996722384e+00 3.295557661163745020e-03
3.019154258549911277e-02 5.948723604183280500e+00 1.442058318639702482e-03
3.019154258549911277e-02 5.982608154369840392e+00 6.125188240390890730e-04
3.019154258549911277e-02 6.016492704556398508e+00 2.526619665327240263e-04
3.019154258549911277e-02 6.050377254742957511e+00 1.012608779836745763e-04
3.019154258549911277e-02 6.084261804929516515e+00 3.944745653971377231e-05
3.019154258549911277e-02 6.118146355116075519e+00 1.494385262603664526e-05
3.019154258549911277e-02 6.152030905302634523e+00 5.507567966829289781e-06
3.019154258549911277e-02 6.185915455489193526e+00 1.975582361155585183e-06
3.019154258549911277e-02 6.219800005675752530e+00 6.900007146115323840e-07
3.019154258549911277e-02 6.253684555862310646e+00 2.347475984849224477e-07
3.019154258549911277e-02 6.287569106048870538e+00 7.782607107188237012e-08
3.019154258549911277e-02 6.321453656235428653e+00 2.515322016819499249e-08
3.019154258549911277e-02 6.355338206421988545e+00 7.928225308834077785e-09
3.019154258549911277e-02 6.389222756608546661e+00 2.438029045107972187e-09
3.019154258549911277e-02 6.423107306795105664e+00 7.317220657808328855e-10
3.019154258549911277e-02 6.456991856981664668e+00 2.144169185421775092e-10
3.019154258549911277e-02 6.490876407168223672e+00 6.136718744766954191e-11
3.019154258549911277e-02 6.524760957354782676e+00 1.716065170406670440e-11
3.019154258549911277e-02 6.558645507541341679e+00 4.690351239694156361e-12
3.019154258549911277e-02 6.592530057727900683e+00 1.253436135571817304e-12
3.019154258549911277e-02 6.626414607914458799e+00 3.276220822299648817e-13
3.019154258549911277e-02 6.660299158101018691e+00 8.378471006606232488e-14
3.019154258549911277e-02 6.694183708287576806e+00 2.097110417591116152e-14
3.019154258549911277e-02 6.728068258474136698e+00 5.139073138556739857e-15
3.019154258549911277e-02 6.761952808660694814e+00 1.233375036837762159e-15
3.139920428891907617e-02 3.407382340191361880e+00 4.299337127420363705e-35
3.139920428891907617e-02 3.441266890377920884e+00 1.988744728164751324e-33
3.139920428891907617e-02 3.475151440564479888e+00 8.114186179196862928e-32
3.139920428891907617e-02 3.509035990751038447e+00 2.929845252472210545e-30
3.139920428891907617e-02 3.542920540937597451e+00 9.392195774958910347e-29
3.139920428891907617e-02 3.576805091124156455e+00 2.681314261146924056e-27
3.139920428891907617e-02 3.610689641310715459e+00 6.837084667461825894e-26
3.139920428891907617e-02 3.644574191497274462e+00 1.561611783035182373e-24
3.139920428891907617e-02 3.678458741683833466e+00 3.203644966822814811e-23
3.139920428891907617e-02 3.712343291870392026e+00 5.918770653022310681e-22
3.139920428891907617e-02 3.746227842056951030e+00 9.872782577760592715e-21
3.139920428891907617e-02 3.780112392243510033e+00 1.490507364130887772e-19
3.139920428891907617e-02 3.813996942430069037e+00 2.041470348924596725e-18
3.139920428891907617e-02 3.847881492616627597e+00 2.542485294377054398e-17
3.139920428891907617e-02 3.881766042803186600e+00 2.885612886532762989e-16
3.139920428891907617e-02 3.915650592989745604e+00 2.990936119043303367e-15
3.139920428891907617e-02 3.949535143176304608e+00 2.837002607218823383e-14
3.139920428891907617e-02 3.983419693362863612e+00 2.467517433427586792e-13
3.139920428891907617e-02 4.017304243549422615e+00 1.971717155281418938e-12
3.139920428891907617e-02 4.051188793735981619e+00 1.450179538642319303e-11
3.139920428891907617e-02 4.085073343922540623e+00 9.835006935875929139e-11
3.139920428891907617e-02 4.118957894109099627e+00 6.161145867909430223e-10
3.139920428891907617e-02 4.152842444295657742e+00 3.571220846087353668e-09
3.139920428891907617e-02 4.186726994482216746e+00 1.918457138829005911e-08
3.139920428891907617e-02 4.220611544668775750e+00 9.566602270918282656e-08
3.139920428891907617e-02 4.254496094855334754e+00 4.435093644372180270e-07
3.139920428891907617e-02 4.288380645041893757e+00 1.914417303495482957e-06
3.139920428891907617e-02 4.322265195228452761e+00 7.705296006151539132e-06
3.139920428891907617e-02 4.356149745415011765e+00 2.895827958597255408e-05
3.139920428891907617e-02 4.390034295601570768e+00 1.017609406650244179e-04
3.139920428891907617e-02 4.423918845788129772e+00 3.348048290956281590e-04
3.139920428891907617e-02 4.457803395974687888e+00 1.032679730980376595e-03
3.139920428891907617e-02 4.491687946161247780e+00 2.989843392703700996e-03
3.139920428891907617e-02 4.525572496347805895e+00 8.135244474842477647e-03
3.139920428891907617e-02 4.559457046534364899e+00 2.082803456471500961e-02
3.139920428891907617e-02 4.593341596720923903e+00 5.023238158269492659e-02
3.139920428891907617e-02 4.627226146907482907e+00 1.142525780834917348e-01
3.139920428891907617e-02 4.661110697094041910e+00 2.453415739409584573e-01
3.139920428891907617e-02 4.694995247280600914e+00 4.979239053522723224e-01
3.139920428891907617e-02 4.728879797467159918e+00 9.560781667549962393e-01
3.139920428891907617e-02 4.762764347653718922e+00 1.738612754313191733e+00
3.139920428891907617e-02 4.796648897840277925e+00 2.997234754954186897e+00
3.139920428891907617e-02 4.830533448026836041e+00 4.903044665239499444e+00
3.139920428891907617e-02 4.864417998213395933e+00 7.618099014672740310e+00
3.139920428891907617e-02 4.898302548399954048e+00 1.125282652202324485e+01
3.139920428891907617e-02 4.932187098586513052e+00 1.581611777741965952e+01
3.139920428891907617e-02 4.966071648773072056e+00 2.117099097911570382e+01
3.139920428891907617e-02 4.999956198959631060e+00 2.701197681802474904e+01
3.139920428891907617e-02 5.033840749146190063e+00 3.287817256853101355e+01
3.139920428891907617e-02 5.067725299332749067e+00 3.820753339364441103e+01
3.139920428891907617e-02 5.101609849519308071e+00 4.242542632053037721e+01
3.139920428891907617e-02 5.135494399705867075e+00 4.504819334310467838e+01
3.139920428891907617e-02 5.169378949892426078e+00 4.577549219920002344e+01
3.139920428891907617e-02 5.203263500078984194e+00 4.454678732813648168e+01
3.139920428891907617e-02 5.237148050265544086e+00 4.154738144902689356e+01
3.139920428891907617e-02 5.271032600452102201e+00 3.716414747177464761e+01
3.139920428891907617e-02 5.304917150638661205e+00 3.190514080491338689e+01
3.139920428891907617e-02 5.338801700825220209e+00 2.630567430564257947e+01
3.139920428891907617e-02 5.372686251011779213e+00 2.084397696073110495e+01
3.139920428891907617e-02 5.406570801198338216e+00 1.588320582473676446e+01
3.139920428891907617e-02 5.440455351384897220e+00 1.164663299736468360e+01
3.139920428891907617e-02 5.474339901571456224e+00 8.223180160138115369e+00
3.139920428891907617e-02 5.508224451758014339e+00 5.594012651495040345e+00
3.139920428891907617e-02 5.542109001944574231e+00 3.668706758912848365e+00
3.139920428891907617e-02 5.575993552131132347e+00 2.320945678079339825e+00
3.139920428891907617e-02 5.609878102317692239e+00 1.417198999135646398e+00
3.139920428891907617e-02 5.643762652504250354e+00 8.357129881194549359e-01
3.139920428891907617e-02 5.677647202690809358e+00 4.761959870165882180e-01
3.139920428891907617e-02 5.711531752877368362e+00 2.623335047601838554e-01
3.139920428891907617e-02 5.745416303063927366e+00 1.397957381675677402e-01
3.139920428891907617e-02 5.779300853250486369e+00 7.209988258231987690e-02
3.139920428891907617e-02 5.813185403437045373e+00 3.600805800895134218e-02
3.139920428891907617e-02 5.847069953623604377e+00 1.742245206491313883e-02
3.139920428891907617e-02 5.880954503810162493e+00 8.171074754534386753e-03
3.139920428891907617e-02 5.914839053996722384e+00 3.716390850355481747e-03
3.139920428891907617e-02 5.948723604183280500e+00 1.640000644392429138e-03
3.139920428891907617e-02 5.982608154369840392e+00 7.025083910320991873e-04
3.139920428891907617e-02 6.016492704556398508e+00 2.922433718061749055e-04
3.139920428891907617e-02 6.050377254742957511e+00 1.181192666261717282e-04
3.139920428891907617e-02 6.084261804929516515e+00 4.640593711612393807e-05
3.139920428891907617e-02 6.118146355116075519e+00 1.772937972083051935e-05
3.139920428891907617e-02 6.152030905302634523e+00 6.589734302857728335e-06
3.139920428891907617e-02 6.185915455489193526e+00 2.383859291455015917e-06
3.139920428891907617e-02 6.219800005675752530e+00 8.396775548126160729e-07
3.139920428891907617e-02 6.253684555862310646e+00 2.880988365254071837e-07
3.139920428891907617e-02 6.287569106048870538e+00 9.632573802687944010e-08
3.139920428891907617e-02 6.321453656235428653e+00 3.139691756222890171e-08
3.139920428891907617e-02 6.355338206421988545e+00 9.980323514226553213e-09
3.139920428891907617e-02 6.389222756608546661e+00 3.095148632380224523e-09
3.139920428891907617e-02 6.423107306795105664e+00 9.368311483652769885e-10
3.139920428891907617e-02 6.456991856981664668e+00 2.768503356990909437e-10
3.139920428891907617e-02 6.490876407168223672e+00 7.990815799776561222e-11
3.139920428891907617e-02 6.524760957354782676e+00 2.253488805261074479e-11
3.139920428891907617e-02 6.558645507541341679e+00 6.211426176010719927e-12
3.139920428891907617e-02 6.592530057727900683e+00 1.673978556552200497e-12
3.139920428891907617e-02 6.626414607914458799e+00 4.412449330779994969e-13
3.139920428891907617e-02 6.660299158101018691e+00 1.137960473213818226e-13
3.139920428891907617e-02 6.694183708287576806e+00 2.872342948487213502e-14
3.139920428891907617e-02 6.728068258474136698e+00 7.098211326230515315e-15
3.139920428891907617e-02 6.761952808660694814e+00 1.717927203150934297e-15
3.260686599233904304e-02 3.407382340191361880e+00 2.858816469707153889e-35
3.260686599233904304e-02 3.441266890377920884e+00 1.327781874049274912e-33
3.260686599233904304e-02 3.475151440564479888e+00 5.440322690278984440e-32
3.260686599233904304e-02 3.509035990751038447e+00 1.972981966887819557e-30
3.260686599233904304e-02 3.542920540937597451e+00 6.353438263236793995e-29
3.260686599233904304e-02 3.576805091124156455e+00 1.822279512066768753e-27
3.260686599233904304e-02 3.610689641310715459e+00 4.669002593609939078e-26
3.260686599233904304e-02 3.644574191497274462e+00 1.071693056128634414e-24
3.260686599233904304e-02 3.678458741683833466e+00 2.209745669299234033e-23
3.260686599233904304e-02 3.712343291870392026e+00 4.103784463203333440e-22
3.260686599233904304e-02 3.746227842056951030e+00 6.881775531328353607e-21
3.260686599233904304e-02 3.780112392243510033e+00 1.044609631744127116e-19
3.260686599233904304e-02 3.813996942430069037e+00 1.438703737119315047e-18
3.260686599233904304e-02 3.847881492616627597e+00 1.801951004282327114e-17
3.260686599233904304e-02 3.881766042803186600e+00 2.056956634588670238e-16
3.260686599233904304e-02 3.915650592989745604e+00 2.144576626476676270e-15
3.260686599233904304e-02 3.949535143176304608e+00 2.046373603016627277e-14
3.260686599233904304e-02 3.983419693362863612e+00 1.790680860872805976e-13
3.260686599233904304e-02 4.017304243549422615e+00 1.439713327236824646e-12
3.260686599233904304e-02 4.051188793735981619e+00 1.065530811007156966e-11
3.260686599233904304e-02 4.085073343922540623e+00 7.272267882374087581e-11
3.260686599233904304e-02 4.118957894109099627e+00 4.585055141686050356e-10
3.260686599233904304e-02 4.152842444295657742e+00 2.674997585421129501e-09
3.260686599233904304e-02 4.186726994482216746e+00 1.446495216464217842e-08
3.260686599233904304e-02 4.220611544668775750e+00 7.261299147949720890e-08
3.260686599233904304e-02 4.254496094855334754e+00 3.389093388420388834e-07
3.260686599233904304e-02 4.288380645041893757e+00 1.472898656844305192e-06
3.260686599233904304e-02 4.322265195228452761e+00 5.969135888152913064e-06
3.260686599233904304e-02 4.356149745415011765e+00 2.258968460044834888e-05
3.260686599233904304e-02 4.390034295601570768e+00 7.993964762300717771e-05
3.260686599233904304e-02 4.423918845788129772e+00 2.648768743818987977e-04
3.260686599233904304e-02 4.457803395974687888e+00 8.228407663831295137e-04
3.260686599233904304e-02 4.491687946161247780e+00 2.399507614861237387e-03
3.260686599233904304e-02 4.525572496347805895e+00 6.576468111171161930e-03
3.260686599233904304e-02 4.559457046534364899e+00 1.696066437315637068e-02
3.260686599233904304e-02 4.593341596720923903e+00 4.120728800645673262e-02
3.260686599233904304e-02 4.627226146907482907e+00 9.442226429961882161e-02
3.260686599233904304e-02 4.661110697094041910e+00 2.042769498209044410e-01
3.260686599233904304e-02 4.694995247280600914e+00 4.177071780867502859e-01
3.260686599233904304e-02 4.728879797467159918e+00 8.081338617242518341e-01
3.260686599233904304e-02 4.762764347653718922e+00 1.480789054549668693e+00
3.260686599233904304e-02 4.796648897840277925e+00 2.572351535317983107e+00
3.260686599233904304e-02 4.830533448026836041e+00 4.240457840913912868e+00
3.260686599233904304e-02 4.864417998213395933e+00 6.639697771861615472e+00
3.260686599233904304e-02 4.898302548399954048e+00 9.884049973282079904e+00
3.260686599233904304e-02 4.932187098586513052e+00 1.400106244551072088e+01
3.260686599233904304e-02 4.966071648773072056e+00 1.888885580652607743e+01
3.260686599233904304e-02 4.999956198959631060e+00 2.429065149640648968e+01
3.260686599233904304e-02 5.033840749146190063e+00 2.980047445122421834e+01
3.260686599233904304e-02 5.067725299332749067e+00 3.490687993777257958e+01
3.260686599233904304e-02 5.101609849519308071e+00 3.907041456264374801e+01
3.260686599233904304e-02 5.135494399705867075e+00 4.181880896104449619e+01
3.260686599233904304e-02 5.169378949892426078e+00 4.283629985481358204e+01
3.260686599233904304e-02 5.203263500078984194e+00 4.202344075553391889e+01
3.260686599233904304e-02 5.237148050265544086e+00 3.951175360285580496e+01
3.260686599233904304e-02 5.271032600452102201e+00 3.563074360081576231e+01
3.260686599233904304e-02 5.304917150638661205e+00 3.083824025240394207e+01
3.260686599233904304e-02 5.338801700825220209e+00 2.563399175922009476e+01
3.260686599233904304e-02 5.372686251011779213e+00 2.047832668557430580e+01
3.260686599233904304e-02 5.406570801198338216e+00 1.573286697546260093e+01
3.260686599233904304e-02 5.440455351384897220e+00 1.163145962092726649e+01
3.260686599233904304e-02 5.474339901571456224e+00 8.280291189553084408e+00
3.260686599233904304e-02 5.508224451758014339e+00 5.679481048497553530e+00
3.260686599233904304e-02 5.542109001944574231e+00 3.755645784753376404e+00
3.260686599233904304e-02 5.575993552131132347e+00 2.395684444765775911e+00
3.260686599233904304e-02 5.609878102317692239e+00 1.475009037289505720e+00
3.260686599233904304e-02 5.643762652504250354e+00 8.770533347793457724e-01
3.260686599233904304e-02 5.677647202690809358e+00 5.039239586681314442e-01
3.260686599233904304e-02 5.711531752877368362e+00 2.799293901560307440e-01
3.260686599233904304e-02 5.745416303063927366e+00 1.504211124903085395e-01
3.260686599233904304e-02 5.779300853250486369e+00 7.823009456082348489e-02
3.260686599233904304e-02 5.813185403437045373e+00 3.939738354203108084e-02
3.260686599233904304e-02 5.847069953623604377e+00 1.922245906071567631e-02
3.260686599233904304e-02 5.880954503810162493e+00 9.091051068191958323e-03
3.260686599233904304e-02 5.914839053996722384e+00 4.169600742742195741e-03
3.260686599233904304e-02 5.948723604183280500e+00 1.855486867564612105e-03
3.260686599233904304e-02 5.982608154369840392e+00 8.015090687136781390e-04
3.260686599233904304e-02 6.016492704556398508e+00 3.362378659297168468e-04
3.260686599233904304e-02 6.050377254742957511e+00 1.370469513317351922e-04
3.260686599233904304e-02 6.084261804929516515e+00 5.429629928368478607e-05
3.260686599233904304e-02 6.118146355116075519e+00 2.091892364539683563e-05
3.260686599233904304e-02 6.152030905302634523e+00 7.840857896340133192e-06
3.260686599233904304e-02 6.185915455489193526e+00 2.860399372323355267e-06
3.260686599233904304e-02 6.219800005675752530e+00 1.016036228847566803e-06
3.260686599233904304e-02 6.253684555862310646e+00 3.515512851151867903e-07
3.260686599233904304e-02 6.287569106048870538e+00 1.185331274629997274e-07
3.260686599233904304e-02 6.321453656235428653e+00 3.896135382425839914e-08
3.260686599233904304e-02 6.355338206421988545e+00 1.248936720018305486e-08
3.260686599233904304e-02 6.389222756608546661e+00 3.905935098150822382e-09
3.260686599233904304e-02 6.423107306795105664e+00 1.192205711526554871e-09
3.260686599233904304e-02 6.456991856981664668e+00 3.552873272153473056e-10
3.260686599233904304e-02 6.490876407168223672e+00 1.034114806926867281e-10
3.260686599233904304e-02 6.524760957354782676e+00 2.940857450567086547e-11
3.260686599233904304e-02 6.558645507541341679e+00 8.174262123806635216e-12
3.260686599233904304e-02 6.592530057727900683e+00 2.221484542626552150e-12
3.260686599233904304e-02 6.626414607914458799e+00 5.904819173158394856e-13
3.260686599233904304e-02 6.660299158101018691e+00 1.535622951706380617e-13
3.260686599233904304e-02 6.694183708287576806e+00 3.908599098921709473e-14
3.260686599233904304e-02 6.728068258474136698e+00 9.739975103360728352e-15
3.260686599233904304e-02 6.761952808660694814e+00 2.377027648384740166e-15
3.381452769575900297e-02 3.407382340191361880e+00 1.901865270487993600e-35
3.381452769575900297e-02 3.441266890377920884e+00 8.868514236706260534e-34
3.381452769575900297e-02 3.475151440564479888e+00 3.648786413486982860e-32
3.381452769575900297e-02 3.509035990751038447e+00 1.328963990987440664e-30
3.381452769575900297e-02 3.542920540937597451e+00 4.298626033137296310e-29
3.381452769575900297e-02 3.576805091124156455e+00 1.238593766868445500e-27
3.381452769575900297e-02 3.610689641310715459e+00 3.188535802672485793e-26
3.381452769575900297e-02 3.644574191497274462e+00 7.354432122354201038e-25
3.381452769575900297e-02 3.678458741683833466e+00 1.524013871726837901e-23
3.381452769575900297e-02 3.712343291870392026e+00 2.844812175867106337e-22
3.381452769575900297e-02 3.746227842056951030e+00 4.795619812000294117e-21
3.381452769575900297e-02 3.780112392243510033e+00 7.318541128957284188e-20
3.381452769575900297e-02 3.813996942430069037e+00 1.013485488470954054e-18
3.381452769575900297e-02 3.847881492616627597e+00 1.276475997036957044e-17
3.381452769575900297e-02 3.881766042803186600e+00 1.465428508336268540e-16
3.381452769575900297e-02 3.915650592989745604e+00 1.536723504118838830e-15
3.381452769575900297e-02 3.949535143176304608e+00 1.475017493131236036e-14
3.381452769575900297e-02 3.983419693362863612e+00 1.298465920945921771e-13
3.381452769575900297e-02 4.017304243549422615e+00 1.050338324947150902e-12
3.381452769575900297e-02 4.051188793735981619e+00 7.821669111848959204e-12
3.381452769575900297e-02 4.085073343922540623e+00 5.371823109145753096e-11
3.381452769575900297e-02 4.118957894109099627e+00 3.408409479342226369e-10
3.381452769575900297e-02 4.152842444295657742e+00 2.001344027170394210e-09
3.381452769575900297e-02 4.186726994482216746e+00 1.089284093263106673e-08
3.381452769575900297e-02 4.220611544668775750e+00 5.504246097693947062e-08
3.381452769575900297e-02 4.254496094855334754e+00 2.586180811415130495e-07
3.381452769575900297e-02 4.288380645041893757e+00 1.131544120252571510e-06
3.381452769575900297e-02 4.322265195228452761e+00 4.617041776656501290e-06
3.381452769575900297e-02 4.356149745415011765e+00 1.759323379787236099e-05
3.381452769575900297e-02 4.390034295601570768e+00 6.269160801492440526e-05
3.381452769575900297e-02 4.423918845788129772e+00 2.091849694268928272e-04
3.381452769575900297e-02 4.457803395974687888e+00 6.544374843576909002e-04
3.381452769575900297e-02 4.491687946161247780e+00 1.922056891155053942e-03
3.381452769575900297e-02 4.525572496347805895e+00 5.305832281268460689e-03
3.381452769575900297e-02 4.559457046534364899e+00 1.378302290914137224e-02
3.381452769575900297e-02 4.593341596720923903e+00 3.373182106295233990e-02
3.381452769575900297e-02 4.627226146907482907e+00 7.786222944448491223e-02
3.381452769575900297e-02 4.661110697094041910e+00 1.696993675796111267e-01
3.381452769575900297e-02 4.694995247280600914e+00 3.495926174886671567e-01
3.381452769575900297e-02 4.728879797467159918e+00 6.814333210662003593e-01
3.381452769575900297e-02 4.762764347653718922e+00 1.258063570303738166e+00
3.381452769575900297e-02 4.796648897840277925e+00 2.202053821407869982e+00
3.381452769575900297e-02 4.830533448026836041e+00 3.657773386082711742e+00
3.381452769575900297e-02 4.864417998213395933e+00 5.771335858699522703e+00
3.381452769575900297e-02 4.898302548399954048e+00 8.657726730494086809e+00
3.381452769575900297e-02 4.932187098586513052e+00 1.235910788459089638e+01
3.381452769575900297e-02 4.966071648773072056e+00 1.680368932785533431e+01
3.381452769575900297e-02 4.999956198959631060e+00 2.177840602470699594e+01
3.381452769575900297e-02 5.033840749146190063e+00 2.692852272503099798e+01
3.381452769575900297e-02 5.067725299332749067e+00 3.179191752647653502e+01
3.381452769575900297e-02 5.101609849519308071e+00 3.586603840015956735e+01
3.381452769575900297e-02 5.135494399705867075e+00 3.869452865318489643e+01
3.381452769575900297e-02 5.169378949892426078e+00 3.995256270867444215e+01
3.381452769575900297e-02 5.203263500078984194e+00 3.950852791353352700e+01
3.381452769575900297e-02 5.237148050265544086e+00 3.744581955172125021e+01
3.381452769575900297e-02 5.271032600452102201e+00 3.404007161082203226e+01
3.381452769575900297e-02 5.304917150638661205e+00 2.969983050510626654e+01
3.381452769575900297e-02 5.338801700825220209e+00 2.488795488849219595e+01
3.381452769575900297e-02 5.372686251011779213e+00 2.004404369342070780e+01
3.381452769575900297e-02 5.406570801198338216e+00 1.552478186988951947e+01
3.381452769575900297e-02 5.440455351384897220e+00 1.157142987395368650e+01
3.381452769575900297e-02 5.474339901571456224e+00 8.305036937727132695e+00
3.381452769575900297e-02 5.508224451758014339e+00 5.743218077445905401e+00
3.381452769575900297e-02 5.542109001944574231e+00 3.829032897872894914e+00
3.381452769575900297e-02 5.575993552131132347e+00 2.462626914927100064e+00
3.381452769575900297e-02 5.609878102317692239e+00 1.528743204434706682e+00
3.381452769575900297e-02 5.643762652504250354e+00 9.165214470940409308e-01
3.381452769575900297e-02 5.677647202690809358e+00 5.309626097192775562e-01
3.381452769575900297e-02 5.711531752877368362e+00 2.973958415699691216e-01
3.381452769575900297e-02 5.745416303063927366e+00 1.611340929425827961e-01
3.381452769575900297e-02 5.779300853250486369e+00 8.449853350065988922e-02
3.381452769575900297e-02 5.813185403437045373e+00 4.290851077376100359e-02
3.381452769575900297e-02 5.847069953623604377e+00 2.111006030708828529e-02
3.381452769575900297e-02 5.880954503810162493e+00 1.006705584438211641e-02
3.381452769575900297e-02 5.914839053996722384e+00 4.655793957307888427e-03
3.381452769575900297e-02 5.948723604183280500e+00 2.089155609384389396e-03
3.381452769575900297e-02 5.982608154369840392e+00 9.099915747657888595e-04
3.381452769575900297e-02 6.016492704556398508e+00 3.849405542245693521e-04
3.381452769575900297e-02 6.050377254742957511e+00 1.582108718217332326e-04
3.381452769575900297e-02 6.084261804929516515e+00 6.320603601754932609e-05
3.381452769575900297e-02 6.118146355116075519e+00 2.455558159994917141e-05
3.381452769575900297e-02 6.152030905302634523e+00 9.281067612328484245e-06
3.381452769575900297e-02 6.185915455489193526e+00 3.414169712512261061e-06
3.381452769575900297e-02 6.219800005675752530e+00 1.222903083124361416e-06
3.381452769575900297e-02 6.253684555862310646e+00 4.266738394049781496e-07
3.381452769575900297e-02 6.287569106048870538e+00 1.450679079431311041e-07
3.381452769575900297e-02 6.321453656235428653e+00 4.808276797123927420e-08
3.381452769575900297e-02 6.355338206421988545e+00 1.554243123785378292e-08
3.381452769575900297e-02 6.389222756608546661e+00 4.901462374910902805e-09
3.381452769575900297e-02 6.423107306795105664e+00 1.508595351130560794e-09
3.381452769575900297e-02 6.456991856981664668e+00 4.533365610852642594e-10
3.381452769575900297e-02 6.490876407168223672e+00 1.330538842317337843e-10
3.381452769575900297e-02 6.524760957354782676e+00 3.815475115379113982e-11
3.381452769575900297e-02 6.558645507541341679e+00 1.069391961154506796e-11
3.381452769575900297e-02 6.592530057727900683e+00 2.930508498338261341e-12
3.381452769575900297e-02 6.626414607914458799e+00 7.854436632143318789e-13
3.381452769575900297e-02 6.660299158101018691e+00 2.059676347521945132e-13
3.381452769575900297e-02 6.694183708287576806e+00 5.286137517262720183e-14
3.381452769575900297e-02 6.728068258474136698e+00 1.328234959993048660e-14
3.381452769575900297e-02 6.761952808660694814e+00 3.268493403862430000e-15
3.502218939917896984e-02 3.407382340191361880e+00 1.266003677566892990e-35
3.502218939917896984e-02 3.441266890377920884e+00 5.926604424850305899e-34
3.502218939917896984e-02 3.475151440564479888e+00 2.448342981427958101e-32
3.502218939917896984e-02 3.509035990751038447e+00 8.955139253646956297e-31
3.502218939917896984e-02 3.542920540937597451e+00 2.909299709944453792e-29
3.502218939917896984e-02 3.576805091124156455e+00 8.420726866228090942e-28
3.502218939917896984e-02 3.610689641310715459e+00 2.177880539899211012e-26
3.502218939917896984e-02 3.644574191497274462e+00 5.047451693313219890e-25
3.502218939917896984e-02 3.678458741683833466e+00 1.051110872545188598e-23
3.502218939917896984e-02 3.712343291870392026e+00 1.971988029888424291e-22
3.502218939917896984e-02 3.746227842056951030e+00 3.341482725101806308e-21
3.502218939917896984e-02 3.780112392243510033e+00 5.126415792201694995e-20
3.502218939917896984e-02 3.813996942430069037e+00 7.137581583588818983e-19
3.502218939917896984e-02 3.847881492616627597e+00 9.039372303167528552e-18
3.502218939917896984e-02 3.881766042803186600e+00 1.043586944917650313e-16
3.502218939917896984e-02 3.915650592989745604e+00 1.100634081424609188e-15
3.502218939917896984e-02 3.949535143176304608e+00 1.062602998967862717e-14
3.502218939917896984e-02 3.983419693362863612e+00 9.409642328845846768e-14
3.502218939917896984e-02 4.017304243549422615e+00 7.657397440629498101e-13
3.502218939917896984e-02 4.051188793735981619e+00 5.737203714720196740e-12
3.502218939917896984e-02 4.085073343922540623e+00 3.964693185258641084e-11
3.502218939917896984e-02 4.118957894109099627e+00 2.531416960530174315e-10
3.502218939917896984e-02 4.152842444295657742e+00 1.495868900276389566e-09
3.502218939917896984e-02 4.186726994482216746e+00 8.194217715473525451e-09
3.502218939917896984e-02 4.220611544668775750e+00 4.167660427812029971e-08
3.502218939917896984e-02 4.254496094855334754e+00 1.971124435324284901e-07
3.502218939917896984e-02 4.288380645041893757e+00 8.681980693723750482e-07
3.502218939917896984e-02 4.322265195228452761e+00 3.566430648741031501e-06
3.502218939917896984e-02 4.356149745415011765e+00 1.368257451585125632e-05
3.502218939917896984e-02 4.390034295601570768e+00 4.909217696012940134e-05
3.502218939917896984e-02 4.423918845788129772e+00 1.649459794692441556e-04
3.502218939917896984e-02 4.457803395974687888e+00 5.196543269146977140e-04
3.502218939917896984e-02 4.491687946161247780e+00 1.536999112225046794e-03
3.502218939917896984e-02 4.525572496347805895e+00 4.273138000104267399e-03
3.502218939917896984e-02 4.559457046534364899e+00 1.118016209086665491e-02
3.502218939917896984e-02 4.593341596720923903e+00 2.755986115080209797e-02
3.502218939917896984e-02 4.627226146907482907e+00 6.407967459993627046e-02
3.502218939917896984e-02 4.661110697094041910e+00 1.406862840303437778e-01
3.502218939917896984e-02 4.694995247280600914e+00 2.919664582777503625e-01
3.502218939917896984e-02 4.728879797467159918e+00 5.733418256889474263e-01
3.502218939917896984e-02 4.762764347653718922e+00 1.066429288830245570e+00
3.502218939917896984e-02 4.796648897840277925e+00 1.880683021375825437e+00
3.502218939917896984e-02 4.830533448026836041e+00 3.147610397638431312e+00
3.502218939917896984e-02 4.864417998213395933e+00 5.004200163695880832e+00
3.502218939917896984e-02 4.898302548399954048e+00 7.564380257774238281e+00
3.502218939917896984e-02 4.932187098586513052e+00 1.088138397962407566e+01
3.502218939917896984e-02 4.966071648773072056e+00 1.490887789018984755e+01
3.502218939917896984e-02 4.999956198959631060e+00 1.947264185726930208e+01
3.502218939917896984e-02 5.033840749146190063e+00 2.426522784965484192e+01
3.502218939917896984e-02 5.067725299332749067e+00 2.887191847777859977e+01
3.502218939917896984e-02 5.101609849519308071e+00 3.282788194535682180e+01
3.502218939917896984e-02 5.135494399705867075e+00 3.569623920716519905e+01
3.502218939917896984e-02 5.169378949892426078e+00 3.714867899135760609e+01
3.502218939917896984e-02 5.203263500078984194e+00 3.702774575203994090e+01
3.502218939917896984e-02 5.237148050265544086e+00 3.537437772993776264e+01
3.502218939917896984e-02 5.271032600452102201e+00 3.241423914703751308e+01
3.502218939917896984e-02 5.304917150638661205e+00 2.850818726273153914e+01
3.502218939917896984e-02 5.338801700825220209e+00 2.408158116048241837e+01
3.502218939917896984e-02 5.372686251011779213e+00 1.955107800410274876e+01
3.502218939917896984e-02 5.406570801198338216e+00 1.526544336952090752e+01
3.502218939917896984e-02 5.440455351384897220e+00 1.147038546655218028e+01
3.502218939917896984e-02 5.474339901571456224e+00 8.299419316478886088e+00
3.502218939917896984e-02 5.508224451758014339e+00 5.786077637588192601e+00
3.502218939917896984e-02 5.542109001944574231e+00 3.889090912298370561e+00
3.502218939917896984e-02 5.575993552131132347e+00 2.521706254664854985e+00
3.502218939917896984e-02 5.609878102317692239e+00 1.578242433730686622e+00
3.502218939917896984e-02 5.643762652504250354e+00 9.539621512736361497e-01
3.502218939917896984e-02 5.677647202690809358e+00 5.571952882786884720e-01
3.502218939917896984e-02 5.711531752877368362e+00 3.146579020854591291e-01
3.502218939917896984e-02 5.745416303063927366e+00 1.718922699967991852e-01
3.502218939917896984e-02 5.779300853250486369e+00 9.088407199746965925e-02
3.502218939917896984e-02 5.813185403437045373e+00 4.653245115306285651e-02
3.502218939917896984e-02 5.847069953623604377e+00 2.308233204542432110e-02
3.502218939917896984e-02 5.880954503810162493e+00 1.109874589716876130e-02
3.502218939917896984e-02 5.914839053996722384e+00 5.175467302528181761e-03
3.502218939917896984e-02 5.948723604183280500e+00 2.341606050199899775e-03
3.502218939917896984e-02 5.982608154369840392e+00 1.028419158340987058e-03
3.502218939917896984e-02 6.016492704556398508e+00 4.386502744392931324e-04
3.502218939917896984e-02 6.050377254742957511e+00 1.817836888550476064e-04
3.502218939917896984e-02 6.084261804929516515e+00 7.322722749441869770e-05
3.502218939917896984e-02 6.118146355116075519e+00 2.868540686772818265e-05
3.502218939917896984e-02 6.152030905302634523e+00 1.093217293073543210e-05
3.502218939917896984e-02 6.185915455489193526e+00 4.055012158808040194e-06
3.502218939917896984e-02 6.219800005675752530e+00 1.464529246077479073e-06
3.502218939917896984e-02 6.253684555862310646e+00 5.152300218448001803e-07
3.502218939917896984e-02 6.287569106048870538e+00 1.766345050671919448e-07
3.502218939917896984e-02 6.321453656235428653e+00 5.903266185678783965e-08
3.502218939917896984e-02 6.355338206421988545e+00 1.924066014228666328e-08
3.502218939917896984e-02 6.389222756608546661e+00 6.118203867610196525e-09
3.502218939917896984e-02 6.423107306795105664e+00 1.898747420855146729e-09
3.502218939917896984e-02 6.456991856981664668e+00 5.753207020012610772e-10
3.502218939917896984e-02 6.490876407168223672e+00 1.702589946445110508e-10
3.502218939917896984e-02 6.524760957354782676e+00 4.922917756072407298e-11
3.502218939917896984e-02 6.558645507541341679e+00 1.391234336599847355e-11
3.502218939917896984e-02 6.592530057727900683e+00 3.844089795271282600e-12
3.502218939917896984e-02 6.626414607914458799e+00 1.038843857297516859e-12
3.502218939917896984e-02 6.660299158101018691e+00 2.746731656857579303e-13
3.502218939917896984e-02 6.694183708287576806e+00 7.107794009002045538e-14
3.502218939917896984e-02 6.728068258474136698e+00 1.800724664987713876e-14
3.502218939917896984e-02 6.761952808660694814e+00 4.467790029645909492e-15
3.622985110259893671e-02 3.407382340191361880e+00 8.433270138269055841e-36
3.622985110259893671e-02 3.441266890377920884e+00 3.963121588730470065e-34
3.622985110259893671e-02 3.475151440564479888e+00 1.643776976254230635e-32
3.622985110259893671e-02 3.509035990751038447e+00 6.037381612740808723e-31
3.622985110259893671e-02 3.542920540937597451e+00 1.969856788399654554e-29
3.622985110259893671e-02 3.576805091124156455e+00 5.727008296848893348e-28
3.622985110259893671e-02 3.610689641310715459e+00 1.488005117039382392e-26
3.622985110259893671e-02 3.644574191497274462e+00 3.464916853221860249e-25
3.622985110259893671e-02 3.678458741683833466e+00 7.250629295220960988e-24
3.622985110259893671e-02 3.712343291870392026e+00 1.367075214959510926e-22
3.622985110259893671e-02 3.746227842056951030e+00 2.328311076157593776e-21
3.622985110259893671e-02 3.780112392243510033e+00 3.590709424575541217e-20
3.622985110259893671e-02 3.813996942430069037e+00 5.026104851124244072e-19
3.622985110259893671e-02 3.847881492616627597e+00 6.400008717274011939e-18
3.622985110259893671e-02 3.881766042803186600e+00 7.429833044491542978e-17
3.622985110259893671e-02 3.915650592989745604e+00 7.880364948926236278e-16
3.622985110259893671e-02 3.949535143176304608e+00 7.651926420092477701e-15
3.622985110259893671e-02 3.983419693362863612e+00 6.815712907668289923e-14
3.622985110259893671e-02 4.017304243549422615e+00 5.579541548070971553e-13
3.622985110259893671e-02 4.051188793735981619e+00 4.205679773313401935e-12
3.622985110259893671e-02 4.085073343922540623e+00 2.924168063914181318e-11
3.622985110259893671e-02 4.118957894109099627e+00 1.878668943837671851e-10
3.622985110259893671e-02 4.152842444295657742e+00 1.117145592586708975e-09
3.622985110259893671e-02 4.186726994482216746e+00 6.158687027313820878e-09
3.622985110259893671e-02 4.220611544668775750e+00 3.152615313070517069e-08
3.622985110259893671e-02 4.254496094855334754e+00 1.500801582291073198e-07
3.622985110259893671e-02 4.288380645041893757e+00 6.654112964143073365e-07
3.622985110259893671e-02 4.322265195228452761e+00 2.751679107856781844e-06
3.622985110259893671e-02 4.356149745415011765e+00 1.062806091982970450e-05
3.622985110259893671e-02 4.390034295601570768e+00 3.839275960647339873e-05
3.622985110259893671e-02 4.423918845788129772e+00 1.298844904161993818e-04
3.622985110259893671e-02 4.457803395974687888e+00 4.120362571936310404e-04
3.622985110259893671e-02 4.491687946161247780e+00 1.227229428533974835e-03
3.622985110259893671e-02 4.525572496347805895e+00 3.436017829437848243e-03
3.622985110259893671e-02 4.559457046534364899e+00 9.053931401267882942e-03
3.622985110259893671e-02 4.593341596720923903e+00 2.247864845932375996e-02
3.622985110259893671e-02 4.627226146907482907e+00 5.264295001030769999e-02
3.622985110259893671e-02 4.661110697094041910e+00 1.164180572949775339e-01
3.622985110259893671e-02 4.694995247280600914e+00 2.433724393566528144e-01
3.622985110259893671e-02 4.728879797467159918e+00 4.814402047057548817e-01
3.622985110259893671e-02 4.762764347653718922e+00 9.021335559816885397e-01
3.622985110259893671e-02 4.796648897840277925e+00 1.602815294224533282e+00
3.622985110259893671e-02 4.830533448026836041e+00 2.702690609188700410e+00
3.622985110259893671e-02 4.864417998213395933e+00 4.329275784610077338e+00
3.622985110259893671e-02 4.898302548399954048e+00 6.593807146791818674e+00
3.622985110259893671e-02 4.932187098586513052e+00 9.557532848145763538e+00
3.622985110259893671e-02 4.966071648773072056e+00 1.319536027080958362e+01
3.622985110259893671e-02 4.999956198959631060e+00 1.736725023503146303e+01
3.622985110259893671e-02 5.033840749146190063e+00 2.180896863892394677e+01
3.622985110259893671e-02 5.067725299332749067e+00 2.615080575014633979e+01
3.622985110259893671e-02 5.101609849519308071e+00 2.996570677224026724e+01
3.622985110259893671e-02 5.135494399705867075e+00 3.283895780067685877e+01
3.622985110259893671e-02 5.169378949892426078e+00 3.444355701998314601e+01
3.622985110259893671e-02 5.203263500078984194e+00 3.460202931140411664e+01
3.622985110259893671e-02 5.237148050265544086e+00 3.331840725944171311e+01
3.622985110259893671e-02 5.271032600452102201e+00 3.077253934368734534e+01
3.622985110259893671e-02 5.304917150638661205e+00 2.727970402593025057e+01
3.622985110259893671e-02 5.338801700825220209e+00 2.322777385136488348e+01
3.622985110259893671e-02 5.372686251011779213e+00 1.900882902088691395e+01
3.622985110259893671e-02 5.406570801198338216e+00 1.496115818410586051e+01
3.622985110259893671e-02 5.440455351384897220e+00 1.133218267155751313e+01
3.622985110259893671e-02 5.474339901571456224e+00 8.265539611404864928e+00
3.622985110259893671e-02 5.508224451758014339e+00 5.809028045143018737e+00
3.622985110259893671e-02 5.542109001944574231e+00 3.936138466922423529e+00
3.622985110259893671e-02 5.575993552131132347e+00 2.572922815848030620e+00
3.622985110259893671e-02 5.609878102317692239e+00 1.623388638092947422e+00
3.622985110259893671e-02 5.643762652504250354e+00 9.892421094169577822e-01
3.622985110259893671e-02 5.677647202690809358e+00 5.825152597151987965e-01
3.622985110259893671e-02 5.711531752877368362e+00 3.316441300798130820e-01
3.622985110259893671e-02 5.745416303063927366e+00 1.826538500366667317e-01
3.622985110259893671e-02 5.779300853250486369e+00 9.736519155876691145e-02
3.622985110259893671e-02 5.813185403437045373e+00 5.025967005421939221e-02
3.622985110259893671e-02 5.847069953623604377e+00 2.513593785563906710e-02
3.622985110259893671e-02 5.880954503810162493e+00 1.218553592881860617e-02
3.622985110259893671e-02 5.914839053996722384e+00 5.729000871070200930e-03
3.622985110259893671e-02 5.948723604183280500e+00 2.613392825182278383e-03
3.622985110259893671e-02 5.982608154369840392e+00 1.157244689209666099e-03
3.622985110259893671e-02 6.016492704556398508e+00 4.976682521188195750e-04
3.622985110259893671e-02 6.050377254742957511e+00 2.079433077386527956e-04
3.622985110259893671e-02 6.084261804929516515e+00 8.445645393469318485e-05
3.622985110259893671e-02 6.118146355116075519e+00 3.335745413864700255e-05
3.622985110259893671e-02 6.152030905302634523e+00 1.281773049935886319e-05
3.622985110259893671e-02 6.185915455489193526e+00 4.793695108954994059e-06
3.622985110259893671e-02 6.219800005675752530e+00 1.745623052739920804e-06
3.622985110259893671e-02 6.253684555862310646e+00 6.191958671187926405e-07
3.622985110259893671e-02 6.287569106048870538e+00 2.140311238323471583e-07
3.622985110259893671e-02 6.321453656235428653e+00 7.212204287432214756e-08
3.622985110259893671e-02 6.355338206421988545e+00 2.370114908353084177e-08
3.622985110259893671e-02 6.389222756608546661e+00 7.598824617418755531e-09
3.622985110259893671e-02 6.423107306795105664e+00 2.377725603227145962e-09
3.622985110259893671e-02 6.456991856981664668e+00 7.263992319123946095e-10
3.622985110259893671e-02 6.490876407168223672e+00 2.167428688518977198e-10
3.622985110259893671e-02 6.524760957354782676e+00 6.318660500395514010e-11
3.622985110259893671e-02 6.558645507541341679e+00 1.800397912945842726e-11
3.622985110259893671e-02 6.592530057727900683e+00 5.015628606193681348e-12
3.622985110259893671e-02 6.626414607914458799e+00 1.366606245357190748e-12
3.622985110259893671e-02 6.660299158101018691e+00 3.643074626944271662e-13
3.622985110259893671e-02 6.694183708287576806e+00 9.504791632885595995e-14
3.622985110259893671e-02 6.728068258474136698e+00 2.427772747974404366e-14
3.622985110259893671e-02 6.761952808660694814e+00 6.072999468447307141e-15
3.743751280601889664e-02 3.407382340191361880e+00 5.622109628827962021e-36
3.743751280601889664e-02 3.441266890377920884e+00 2.652057512338977493e-34
3.743751280601889664e-02 3.475151440564479888e+00 1.104331135091309655e-32
3.743751280601889664e-02 3.509035990751038447e+00 4.072698693926203325e-31
3.743751280601889664e-02 3.542920540937597451e+00 1.334472676520838002e-29
3.743751280601889664e-02 3.576805091124156455e+00 3.896783350637921430e-28
3.743751280601889664e-02 3.610689641310715459e+00 1.017059352036181117e-26
3.743751280601889664e-02 3.644574191497274462e+00 2.379338167475017814e-25
3.743751280601889664e-02 3.678458741683833466e+00 5.002841176606407321e-24
3.743751280601889664e-02 3.712343291870392026e+00 9.479064022109911345e-23
3.743751280601889664e-02 3.746227842056951030e+00 1.622552339051284174e-21
3.743751280601889664e-02 3.780112392243510033e+00 2.515206166792815973e-20
3.743751280601889664e-02 3.813996942430069037e+00 3.539238451453597049e-19
3.743751280601889664e-02 3.847881492616627597e+00 4.530973998847852840e-18
3.743751280601889664e-02 3.881766042803186600e+00 5.288944993096897175e-17
3.743751280601889664e-02 3.915650592989745604e+00 5.641052303786040104e-16
3.743751280601889664e-02 3.949535143176304608e+00 5.508733768225824205e-15
3.743751280601889664e-02 3.983419693362863612e+00 4.935163342587422926e-14
3.743751280601889664e-02 4.017304243549422615e+00 4.063859900624610983e-13
3.743751280601889664e-02 4.051188793735981619e+00 3.081525974817152085e-12
3.743751280601889664e-02 4.085073343922540623e+00 2.155557423912970012e-11
3.743751280601889664e-02 4.118957894109099627e+00 1.393388368378696801e-10
3.743751280601889664e-02 4.152842444295657742e+00 8.337430396904280225e-10
3.743751280601889664e-02 4.186726994482216746e+00 4.625363180503348027e-09
3.743751280601889664e-02 4.220611544668775750e+00 2.382854880176703937e-08
3.743751280601889664e-02 4.254496094855334754e+00 1.141698401162340014e-07
3.743751280601889664e-02 4.288380645041893757e+00 5.095084010306901585e-07
3.743751280601889664e-02 4.322265195228452761e+00 2.120911759409416213e-06
3.743751280601889664e-02 4.356149745415011765e+00 8.246545916583630117e-06
3.743751280601889664e-02 4.390034295601570768e+00 2.999088392449513819e-05
3.743751280601889664e-02 4.423918845788129772e+00 1.021519973770631325e-04
3.743751280601889664e-02 4.457803395974687888e+00 3.262882872146036532e-04
3.743751280601889664e-02 4.491687946161247780e+00 9.785753656422436705e-04
3.743751280601889664e-02 4.525572496347805895e+00 2.758998947316659064e-03
3.743751280601889664e-02 4.559457046534364899e+00 7.321250285568133009e-03
3.743751280601889664e-02 4.593341596720923903e+00 1.830601013027923288e-02
3.743751280601889664e-02 4.627226146907482907e+00 4.317793925229403140e-02
3.743751280601889664e-02 4.661110697094041910e+00 9.617500384300450844e-02
3.743751280601889664e-02 4.694995247280600914e+00 2.025138236456607843e-01
3.743751280601889664e-02 4.728879797467159918e+00 4.035409091448090568e-01
3.743751280601889664e-02 4.762764347653718922e+00 7.617242848761237584e-01
3.743751280601889664e-02 4.796648897840277925e+00 1.363362437265822624e+00
3.743751280601889664e-02 4.830533448026836041e+00 2.316026486864985579e+00
3.743751280601889664e-02 4.864417998213395933e+00 3.737658264635295158e+00
3.743751280601889664e-02 4.898302548399954048e+00 5.735547733813545435e+00
3.743751280601889664e-02 4.932187098586513052e+00 8.376359752981832330e+00
3.743751280601889664e-02 4.966071648773072056e+00 1.165245880186232519e+01
3.743751280601889664e-02 4.999956198959631060e+00 1.545359515152774321e+01
3.743751280601889664e-02 5.033840749146190063e+00 1.955467055684314204e+01
3.743751280601889664e-02 5.067725299332749067e+00 2.362824971978130151e+01
3.743751280601889664e-02 5.101609849519308071e+00 2.728448398278223053e+01
3.743751280601889664e-02 5.135494399705867075e+00 3.013272613558392976e+01
3.743751280601889664e-02 5.169378949892426078e+00 3.185132192116136807e+01
3.743751280601889664e-02 5.203263500078984194e+00 3.224805256784789975e+01
3.743751280601889664e-02 5.237148050265544086e+00 3.129537467220914948e+01
3.743751280601889664e-02 5.271032600452102201e+00 2.913159776796592126e+01
3.743751280601889664e-02 5.304917150638661205e+00 2.602892494855679928e+01
3.743751280601889664e-02 5.338801700825220209e+00 2.233828672071429722e+01
3.743751280601889664e-02 5.372686251011779213e+00 1.842608005653918113e+01
3.743751280601889664e-02 5.406570801198338216e+00 1.461797751904841824e+01
3.743751280601889664e-02 5.440455351384897220e+00 1.116063359022989054e+01
3.743751280601889664e-02 5.474339901571456224e+00 8.205555582977478224e+00
3.743751280601889664e-02 5.508224451758014339e+00 5.813124325401250125e+00
3.743751280601889664e-02 5.542109001944574231e+00 3.970574124365953583e+00
3.743751280601889664e-02 5.575993552131132347e+00 2.616336114021405646e+00
3.743751280601889664e-02 5.609878102317692239e+00 1.664101272298262213e+00
3.743751280601889664e-02 5.643762652504250354e+00 1.022248687397159461e+00
3.743751280601889664e-02 5.677647202690809358e+00 6.068255373416172604e-01
3.743751280601889664e-02 5.711531752877368362e+00 3.482867209713244594e-01
3.743751280601889664e-02 5.745416303063927366e+00 1.933777963964098123e-01
3.743751280601889664e-02 5.779300853250486369e+00 1.039200693440681250e-01
3.743751280601889664e-02 5.813185403437045373e+00 5.408012274630406846e-02
3.743751280601889664e-02 5.847069953623604377e+00 2.726713539078737952e-02
3.743751280601889664e-02 5.880954503810162493e+00 1.332659366172098993e-02
3.743751280601889664e-02 5.914839053996722384e+00 6.316651165529835014e-03
3.743751280601889664e-02 5.948723604183280500e+00 2.905020769641376583e-03
3.743751280601889664e-02 5.982608154369840392e+00 1.296907566322268949e-03
3.743751280601889664e-02 6.016492704556398508e+00 5.622966164828144481e-04
3.743751280601889664e-02 6.050377254742957511e+00 2.368723164075423428e-04
3.743751280601889664e-02 6.084261804929516515e+00 9.699466478076910212e-05
3.743751280601889664e-02 6.118146355116075519e+00 3.862380631303904797e-05
3.743751280601889664e-02 6.152030905302634523e+00 1.496310469636096990e-05
3.743751280601889664e-02 6.185915455489193526e+00 5.641964464579626543e-06
3.743751280601889664e-02 6.219800005675752530e+00 2.071383168183154901e-06
3.743751280601889664e-02 6.253684555862310646e+00 7.407786631692143797e-07
3.743751280601889664e-02 6.287569106048870538e+00 2.581593913353389588e-07
3.743751280601889664e-02 6.321453656235428653e+00 8.770603452334077115e-08
3.743751280601889664e-02 6.355338206421988545e+00 2.905901841719305318e-08
3.743751280601889664e-02 6.389222756608546661e+00 9.393066867352132433e-09
3.743751280601889664e-02 6.423107306795105664e+00 2.963270580009410361e-09
3.743751280601889664e-02 6.456991856981664668e+00 9.127091827028901087e-10
3.743751280601889664e-02 6.490876407168223672e+00 2.745667738196896454e-10
3.743751280601889664e-02 6.524760957354782676e+00 8.069984941734517627e-11
3.743751280601889664e-02 6.558645507541341679e+00 2.318242892209966888e-11
3.743751280601889664e-02 6.592530057727900683e+00 6.511132178714608413e-12
3.743751280601889664e-02 6.626414607914458799e+00 1.788599074803449834e-12
3.743751280601889664e-02 6.660299158101018691e+00 4.806994989119855464e-13
3.743751280601889664e-02 6.694183708287576806e+00 1.264391408695196409e-13
3.743751280601889664e-02 6.728068258474136698e+00 3.255947774118178770e-14
3.743751280601889664e-02 6.761952808660694814e+00 8.211075238188858360e-15
3.864517450943886351e-02 3.407382340191361880e+00 3.751239162340731743e-36
3.864517450943886351e-02 3.441266890377920884e+00 1.776125513117955378e-34
3.864517450943886351e-02 3.475151440564479888e+00 7.424612615971184177e-33
3.864517450943886351e-02 3.509035990751038447e+00 2.749202611196452018e-31
3.864517450943886351e-02 3.542920540937597451e+00 9.045824651444369409e-30
3.864517450943886351e-02 3.576805091124156455e+00 2.652898776713363734e-28
3.864517450943886351e-02 3.610689641310715459e+00 6.954990851888282846e-27
3.864517450943886351e-02 3.644574191497274462e+00 1.634557675848806133e-25
3.864517450943886351e-02 3.678458741683833466e+00 3.453112308681930953e-24
3.864517450943886351e-02 3.712343291870392026e+00 6.574513964518847890e-23
3.864517450943886351e-02 3.746227842056951030e+00 1.130976766781420093e-21
3.864517450943886351e-02 3.780112392243510033e+00 1.762123023293434975e-20
3.864517450943886351e-02 3.813996942430069037e+00 2.492466968932216202e-19
3.864517450943886351e-02 3.847881492616627597e+00 3.207863194865358011e-18
3.864517450943886351e-02 3.881766042803186600e+00 3.764820096743590579e-17
3.864517450943886351e-02 3.915650592989745604e+00 4.037671589419785905e-16
3.864517450943886351e-02 3.949535143176304608e+00 3.965169108501621683e-15
3.864517450943886351e-02 3.983419693362863612e+00 3.572667081502848443e-14
3.864517450943886351e-02 4.017304243549422615e+00 2.959044813421492463e-13
3.864517450943886351e-02 4.051188793735981619e+00 2.257043284584571359e-12
3.864517450943886351e-02 4.085073343922540623e+00 1.588302082643554205e-11
3.864517450943886351e-02 4.118957894109099627e+00 1.032956815511914160e-10
3.864517450943886351e-02 4.152842444295657742e+00 6.218913999049500630e-10
3.864517450943886351e-02 4.186726994482216746e+00 3.471644635495589430e-09
3.864517450943886351e-02 4.220611544668775750e+00 1.799814630041681176e-08
3.864517450943886351e-02 4.254496094855334754e+00 8.678705406209203361e-08
3.864517450943886351e-02 4.288380645041893757e+00 3.898161798598504505e-07
3.864517450943886351e-02 4.322265195228452761e+00 1.633302641552487661e-06
3.864517450943886351e-02 4.356149745415011765e+00 6.392655891836971877e-06
3.864517450943886351e-02 4.390034295601570768e+00 2.340412369120030271e-05
3.864517450943886351e-02 4.423918845788129772e+00 8.025491382945010711e-05
3.864517450943886351e-02 4.457803395974687888e+00 2.580921506357585545e-04
3.864517450943886351e-02 4.491687946161247780e+00 7.793672660732026353e-04
3.864517450943886351e-02 4.525572496347805895e+00 2.212580978732966216e-03
3.864517450943886351e-02 4.559457046534364899e+00 5.912307584500050249e-03
3.864517450943886351e-02 4.593341596720923903e+00 1.488720478267448882e-02
3.864517450943886351e-02 4.627226146907482907e+00 3.536322535164953401e-02
3.864517450943886351e-02 4.661110697094041910e+00 7.933132395166472839e-02
3.864517450943886351e-02 4.694995247280600914e+00 1.682484209557502386e-01
3.864517450943886351e-02 4.728879797467159918e+00 3.376900830083295335e-01
3.864517450943886351e-02 4.762764347653718922e+00 6.420706769387359847e-01
3.864517450943886351e-02 4.796648897840277925e+00 1.157630207751255025e+00
3.864517450943886351e-02 4.830533448026836041e+00 1.981043759512560731e+00
3.864517450943886351e-02 4.864417998213395933e+00 3.220772394838463448e+00
3.864517450943886351e-02 4.898302548399954048e+00 4.979233352577470129e+00
3.864517450943886351e-02 4.932187098586513052e+00 7.326333083846685135e+00
3.864517450943886351e-02 4.966071648773072056e+00 1.026853961976723184e+01
3.864517450943886351e-02 4.999956198959631060e+00 1.372131788962149734e+01
3.864517450943886351e-02 5.033840749146190063e+00 1.749471323031334435e+01
3.864517450943886351e-02 5.067725299332749067e+00 2.130061681937836582e+01
3.864517450943886351e-02 5.101609849519308071e+00 2.478531238466655040e+01
3.864517450943886351e-02 5.135494399705867075e+00 2.758343077758512152e+01
3.864517450943886351e-02 5.169378949892426078e+00 2.938198792440727303e+01
3.864517450943886351e-02 5.203263500078984194e+00 2.997872781754762883e+01
3.864517450943886351e-02 5.237148050265544086e+00 2.931956225726578680e+01
3.864517450943886351e-02 5.271032600452102201e+00 2.750555334978199085e+01
3.864517450943886351e-02 5.304917150638661205e+00 2.476861474015807119e+01
3.864517450943886351e-02 5.338801700825220209e+00 2.142372228588525829e+01
3.864517450943886351e-02 5.372686251011779213e+00 1.781095959036001020e+01
3.864517450943886351e-02 5.406570801198338216e+00 1.424164676449955280e+01
3.864517450943886351e-02 5.440455351384897220e+00 1.095945964705771480e+01
3.864517450943886351e-02 5.474339901571456224e+00 8.121645635367023885e+00
3.864517450943886351e-02 5.508224451758014339e+00 5.799484140571040669e+00
3.864517450943886351e-02 5.542109001944574231e+00 3.992862091453516893e+00
3.864517450943886351e-02 5.575993552131132347e+00 2.652057394449288452e+00
3.864517450943886351e-02 5.609878102317692239e+00 1.700334033890680496e+00
3.864517450943886351e-02 5.643762652504250354e+00 1.052888810102182049e+00
3.864517450943886351e-02 5.677647202690809358e+00 6.300386741963561743e-01
3.864517450943886351e-02 5.711531752877368362e+00 3.645216019282777609e-01
3.864517450943886351e-02 5.745416303063927366e+00 2.040239583741309259e-01
3.864517450943886351e-02 5.779300853250486369e+00 1.105266618443542515e-01
3.864517450943886351e-02 5.813185403437045373e+00 5.798329077324008984e-02
3.864517450943886351e-02 5.847069953623604377e+00 2.947178409008682082e-02
3.864517450943886351e-02 5.880954503810162493e+00 1.452083555136991257e-02
3.864517450943886351e-02 5.914839053996722384e+00 6.938544360497179465e-03
3.864517450943886351e-02 5.948723604183280500e+00 3.216939562009616619e-03
3.864517450943886351e-02 5.982608154369840392e+00 1.447830462638384410e-03
3.864517450943886351e-02 6.016492704556398508e+00 6.328367792495543254e-04
3.864517450943886351e-02 6.050377254742957511e+00 2.687573355720468231e-04
3.864517450943886351e-02 6.084261804929516515e+00 1.109470011315968305e-04
3.864517450943886351e-02 6.118146355116075519e+00 4.453958055681609654e-05
3.864517450943886351e-02 6.152030905302634523e+00 1.739552093535697014e-05
3.864517450943886351e-02 6.185915455489193526e+00 6.612593125999311215e-06
3.864517450943886351e-02 6.219800005675752530e+00 2.447532178803480114e-06
3.864517450943886351e-02 6.253684555862310646e+00 8.824364841313466563e-07
3.864517450943886351e-02 6.287569106048870538e+00 3.100346168267498895e-07
3.864517450943886351e-02 6.321453656235428653e+00 1.061888670634508338e-07
3.864517450943886351e-02 6.355338206421988545e+00 3.546969332591827759e-08
3.864517450943886351e-02 6.389222756608546661e+00 1.155873661333663787e-08
3.864517450943886351e-02 6.423107306795105664e+00 3.676206991595137262e-09
3.864517450943886351e-02 6.456991856981664668e+00 1.141525859313985876e-09
3.864517450943886351e-02 6.490876407168223672e+00 3.461981630251343063e-10
3.864517450943886351e-02 6.524760957354782676e+00 1.025820735408050984e-10
3.864517450943886351e-02 6.558645507541341679e+00 2.970831067567501961e-11
3.864517450943886351e-02 6.592530057727900683e+00 8.411895739735039688e-12
3.864517450943886351e-02 6.626414607914458799e+00 2.329520742242239351e-12
3.864517450943886351e-02 6.660299158101018691e+00 6.311623845088778207e-13
3.864517450943886351e-02 6.694183708287576806e+00 1.673633165387177716e-13
3.864517450943886351e-02 6.728068258474136698e+00 4.344749088485622549e-14
3.864517450943886351e-02 6.761952808660694814e+00 1.104569050804016080e-14
3.985283621285883038e-02 3.407382340191361880e+00 2.505224497298725964e-36
3.985283621285883038e-02 3.441266890377920884e+00 1.190515264998110228e-34
3.985283621285883038e-02 3.475151440564479888e+00 4.995660050974086258e-33
3.985283621285883038e-02 3.509035990751038447e+00 1.857161465449168082e-31
3.985283621285883038e-02 3.542920540937597451e+00 6.135907673442042146e-30
3.985283621285883038e-02 3.576805091124156455e+00 1.807177755944245091e-28
3.985283621285883038e-02 3.610689641310715459e+00 4.758675539356055587e-27
3.985283621285883038e-02 3.644574191497274462e+00 1.123458367586766141e-25
3.985283621285883038e-02 3.678458741683833466e+00 2.384463312136359047e-24
3.985283621285883038e-02 3.712343291870392026e+00 4.561640070139890243e-23
3.985283621285883038e-02 3.746227842056951030e+00 7.885712824166571089e-22
3.985283621285883038e-02 3.780112392243510033e+00 1.234821655258030044e-20
3.985283621285883038e-02 3.813996942430069037e+00 1.755607325343987285e-19
3.985283621285883038e-02 3.847881492616627597e+00 2.271388634277491189e-18
3.985283621285883038e-02 3.881766042803186600e+00 2.680054688413529515e-17
3.985283621285883038e-02 3.915650592989745604e+00 2.890007546684076675e-16
3.985283621285883038e-02 3.949535143176304608e+00 2.853918710486412692e-15
3.985283621285883038e-02 3.983419693362863612e+00 2.585986938062085995e-14
3.985283621285883038e-02 4.017304243549422615e+00 2.154169652529607472e-13
3.985283621285883038e-02 4.051188793735981619e+00 1.652731316703294571e-12
3.985283621285883038e-02 4.085073343922540623e+00 1.169951026818335952e-11
3.985283621285883038e-02 4.118957894109099627e+00 7.654661106110283512e-11
3.985283621285883038e-02 4.152842444295657742e+00 4.636640722321495860e-10
3.985283621285883038e-02 4.186726994482216746e+00 2.604377901436549069e-09
3.985283621285883038e-02 4.220611544668775750e+00 1.358657626421812557e-08
3.985283621285883038e-02 4.254496094855334754e+00 6.593003963759333537e-08
3.985283621285883038e-02 4.288380645041893757e+00 2.980341232110562086e-07
3.985283621285883038e-02 4.322265195228452761e+00 1.256843338882440468e-06
3.985283621285883038e-02 4.356149745415011765e+00 4.951466167990333696e-06
3.985283621285883038e-02 4.390034295601570768e+00 1.824784550228740856e-05
3.985283621285883038e-02 4.423918845788129772e+00 6.299199655016082670e-05
3.985283621285883038e-02 4.457803395974687888e+00 2.039435579997729564e-04
3.985283621285883038e-02 4.491687946161247780e+00 6.200473766319576988e-04
3.985283621285883038e-02 4.525572496347805895e+00 1.772370985778909348e-03
3.985283621285883038e-02 4.559457046534364899e+00 4.768805748340323829e-03
3.985283621285883038e-02 4.593341596720923903e+00 1.209167724836520026e-02
3.985283621285883038e-02 4.627226146907482907e+00 2.892470025489447122e-02
3.985283621285883038e-02 4.661110697094041910e+00 6.534726323479689292e-02
3.985283621285883038e-02 4.694995247280600914e+00 1.395792162397963554e-01
3.985283621285883038e-02 4.728879797467159918e+00 2.821602027165047710e-01
3.985283621285883038e-02 4.762764347653718922e+00 5.403658804712174746e-01
3.985283621285883038e-02 4.796648897840277925e+00 9.813452399211343158e-01
3.985283621285883038e-02 4.830533448026836041e+00 1.691653900161394164e+00
3.985283621285883038e-02 4.864417998213395933e+00 2.770517495896998028e+00
3.985283621285883038e-02 4.898302548399954048e+00 4.314833719302844095e+00
3.985283621285883038e-02 4.932187098586513052e+00 6.395958716662503818e+00
3.985283621285883038e-02 4.966071648773072056e+00 9.031526598631261393e+00
3.985283621285883038e-02 4.999956198959631060e+00 1.215898403834252406e+01
3.985283621285883038e-02 5.033840749146190063e+00 1.561968183879746341e+01
3.985283621285883038e-02 5.067725299332749067e+00 1.916177678282430463e+01
3.985283621285883038e-02 5.101609849519308071e+00 2.246622128414904296e+01
3.985283621285883038e-02 5.135494399705867075e+00 2.519354102514738969e+01
3.985283621285883038e-02 5.169378949892426078e+00 2.704208248812238224e+01
3.985283621285883038e-02 5.203263500078984194e+00 2.780368740072705336e+01
3.985283621285883038e-02 5.237148050265544086e+00 2.740240183844354149e+01
3.985283621285883038e-02 5.271032600452102201e+00 2.590625896720500165e+01
3.985283621285883038e-02 5.304917150638661205e+00 2.350985418800039639e+01
3.985283621285883038e-02 5.338801700825220209e+00 2.049355541562313832e+01
3.985283621285883038e-02 5.372686251011779213e+00 1.717092380190036849e+01
3.985283621285883038e-02 5.406570801198338216e+00 1.383757097486214249e+01
3.985283621285883038e-02 5.440455351384897220e+00 1.073225558093543697e+01
3.985283621285883038e-02 5.474339901571456224e+00 8.015979249079602909e+00
3.985283621285883038e-02 5.508224451758014339e+00 5.769267049069076059e+00
3.985283621285883038e-02 5.542109001944574231e+00 4.003519486876636613e+00
3.985283621285883038e-02 5.575993552131132347e+00 2.680242795741959672e+00
3.985283621285883038e-02 5.609878102317692239e+00 1.732071730053338365e+00
3.985283621285883038e-02 5.643762652504250354e+00 1.081087826037397948e+00
3.985283621285883038e-02 5.677647202690809358e+00 6.520765290237054979e-01
3.985283621285883038e-02 5.711531752877368362e+00 3.802885060976191056e-01
3.985283621285883038e-02 5.745416303063927366e+00 2.145531911749815612e-01
3.985283621285883038e-02 5.779300853250486369e+00 1.171627868009726403e-01
3.985283621285883038e-02 5.813185403437045373e+00 6.195821936269252372e-02
3.985283621285883038e-02 5.847069953623604377e+00 3.174535420469369595e-02
3.985283621285883038e-02 5.880954503810162493e+00 1.576692327343814926e-02
3.985283621285883038e-02 5.914839053996722384e+00 7.594669807878415280e-03
3.985283621285883038e-02 5.948723604183280500e+00 3.549538316487686404e-03
3.985283621285883038e-02 5.982608154369840392e+00 1.610415926222608617e-03
3.985283621285883038e-02 6.016492704556398508e+00 7.095876806610480541e-04
3.985283621285883038e-02 6.050377254742957511e+00 3.037882792452107619e-04
3.985283621285883038e-02 6.084261804929516515e+00 1.264225686078077331e-04
3.985283621285883038e-02 6.118146355116075519e+00 5.116291139363599163e-05
3.985283621285883038e-02 6.152030905302634523e+00 2.014411039227823717e-05
3.985283621285883038e-02 6.185915455489193526e+00 7.719428378029065483e-06
3.985283621285883038e-02 6.219800005675752530e+00 2.880350386404227209e-06
3.985283621285883038e-02 6.253684555862310646e+00 1.046898433449369842e-06
3.985283621285883038e-02 6.287569106048870538e+00 3.707966586421555943e-07
3.985283621285883038e-02 6.321453656235428653e+00 1.280292579565823326e-07
3.985283621285883038e-02 6.355338206421988545e+00 4.311139964830684124e-08
3.985283621285883038e-02 6.389222756608546661e+00 1.416279883521682867e-08
3.985283621285883038e-02 6.423107306795105664e+00 4.540901083296832719e-09
3.985283621285883038e-02 6.456991856981664668e+00 1.421445788226971185e-09
3.985283621285883038e-02 6.490876407168223672e+00 4.345808935941460288e-10
3.985283621285883038e-02 6.524760957354782676e+00 1.298127335672812489e-10
3.985283621285883038e-02 6.558645507541341679e+00 3.789850991410865969e-11
3.985283621285883038e-02 6.592530057727900683e+00 1.081769162592511493e-11
3.985283621285883038e-02 6.626414607914458799e+00 3.019964239265772932e-12
3.985283621285883038e-02 6.660299158101018691e+00 8.248378494195517718e-13
3.985283621285883038e-02 6.694183708287576806e+00 2.204842359975576163e-13
3.985283621285883038e-02 6.728068258474136698e+00 5.769910914242955500e-14
3.985283621285883038e-02 6.761952808660694814e+00 1.478705037228648047e-14
4.106049791627879031e-02 3.407382340191361880e+00 1.674690376051171567e-36
4.106049791627879031e-02 3.441266890377920884e+00 7.987069495781266158e-35
4.106049791627879031e-02 3.475151440564479888e+00 3.364171851724472421e-33
4.106049791627879031e-02 3.509035990751038447e+00 1.255549047286180683e-31
4.106049791627879031e-02 3.542920540937597451e+00 4.165098879222674750e-30
4.106049791627879031e-02 3.576805091124156455e+00 1.231888864098814016e-28
4.106049791627879031e-02 3.610689641310715459e+00 3.257921271740208310e-27
4.106049791627879031e-02 3.644574191497274462e+00 7.725970790263777961e-26
4.106049791627879031e-02 3.678458741683833466e+00 1.647343680213825986e-24
4.106049791627879031e-02 3.712343291870392026e+00 3.166403060418207598e-23
4.106049791627879031e-02 3.746227842056951030e+00 5.500347853570182415e-22
4.106049791627879031e-02 3.780112392243510033e+00 8.655819733098704183e-21
4.106049791627879031e-02 3.813996942430069037e+00 1.236901942489310897e-19
4.106049791627879031e-02 3.847881492616627597e+00 1.608610394034726378e-18
4.106049791627879031e-02 3.881766042803186600e+00 1.908098279599029259e-17
4.106049791627879031e-02 3.915650592989745604e+00 2.068704274119046673e-16
4.106049791627879031e-02 3.949535143176304608e+00 2.054124136150353637e-15
4.106049791627879031e-02 3.983419693362863612e+00 1.871711994524499016e-14
4.106049791627879031e-02 4.017304243549422615e+00 1.568053469446041437e-13
4.106049791627879031e-02 4.051188793735981619e+00 1.210015375043496133e-12
4.106049791627879031e-02 4.085073343922540623e+00 8.615930061849117969e-12
4.106049791627879031e-02 4.118957894109099627e+00 5.670786556491764117e-11
4.106049791627879031e-02 4.152842444295657742e+00 3.455727478395856249e-10
4.106049791627879031e-02 4.186726994482216746e+00 1.952960673264548661e-09
4.106049791627879031e-02 4.220611544668775750e+00 1.025148198926098218e-08
4.106049791627879031e-02 4.254496094855334754e+00 5.005871650654049302e-08
4.106049791627879031e-02 4.288380645041893757e+00 2.277265813786110488e-07
4.106049791627879031e-02 4.322265195228452761e+00 9.665200559928259417e-07
4.106049791627879031e-02 4.356149745415011765e+00 3.832438489143461232e-06
4.106049791627879031e-02 4.390034295601570768e+00 1.421652205864859042e-05
4.106049791627879031e-02 4.423918845788129772e+00 4.940095712424407939e-05
4.106049791627879031e-02 4.457803395974687888e+00 1.610108538516533681e-04
4.106049791627879031e-02 4.491687946161247780e+00 4.928233771450709049e-04
4.106049791627879031e-02 4.525572496347805895e+00 1.418298296747422553e-03
4.106049791627879031e-02 4.559457046534364899e+00 3.842320176750587454e-03
4.106049791627879031e-02 4.593341596720923903e+00 9.809911512574372855e-03
4.106049791627879031e-02 4.627226146907482907e+00 2.363006514574413769e-02
4.106049791627879031e-02 4.661110697094041910e+00 5.376047490746417579e-02
4.106049791627879031e-02 4.694995247280600914e+00 1.156425044562840732e-01
4.106049791627879031e-02 4.728879797467159918e+00 2.354367303973462222e-01
4.106049791627879031e-02 4.762764347653718922e+00 4.541173481659967481e-01
4.106049791627879031e-02 4.796648897840277925e+00 8.306594642298015252e-01
4.106049791627879031e-02 4.830533448026836041e+00 1.442289296567359935e+00
4.106049791627879031e-02 4.864417998213395933e+00 2.379356020064367083e+00
4.106049791627879031e-02 4.898302548399954048e+00 3.732824988343930617e+00
4.106049791627879031e-02 4.932187098586513052e+00 5.574051752446178121e+00
4.106049791627879031e-02 4.966071648773072056e+00 7.929292431402908292e+00
4.106049791627879031e-02 4.999956198959631060e+00 1.075459446003575792e+01
4.106049791627879031e-02 5.033840749146190063e+00 1.391897945709553674e+01
4.106049791627879031e-02 5.067725299332749067e+00 1.720377939051715188e+01
4.106049791627879031e-02 5.101609849519308071e+00 2.032286185654734112e+01
4.106049791627879031e-02 5.135494399705867075e+00 2.296276176837757532e+01
4.106049791627879031e-02 5.169378949892426078e+00 2.483521465068906764e+01
4.106049791627879031e-02 5.203263500078984194e+00 2.572973710361651101e+01
4.106049791627879031e-02 5.237148050265544086e+00 2.555280234512020598e+01
4.106049791627879031e-02 5.271032600452102201e+00 2.434349078222766494e+01
4.106049791627879031e-02 5.304917150638661205e+00 2.226215221465720973e+01
4.106049791627879031e-02 5.338801700825220209e+00 1.955617541730924103e+01
4.106049791627879031e-02 5.372686251011779213e+00 1.651275573114625672e+01
4.106049791627879031e-02 5.406570801198338216e+00 1.341079326971476782e+01
4.106049791627879031e-02 5.440455351384897220e+00 1.048246234248038178e+01
4.106049791627879031e-02 5.474339901571456224e+00 7.890692899917334913e+00
4.106049791627879031e-02 5.508224451758014339e+00 5.723656774544974013e+00
4.106049791627879031e-02 5.542109001944574231e+00 4.003105055811290391e+00
4.106049791627879031e-02 5.575993552131132347e+00 2.701087099651802603e+00
4.106049791627879031e-02 5.609878102317692239e+00 1.759327324191392039e+00
4.106049791627879031e-02 5.643762652504250354e+00 1.106788395796942437e+00
4.106049791627879031e-02 5.677647202690809358e+00 6.728700157648930258e-01
4.106049791627879031e-02 5.711531752877368362e+00 3.955310311370902054e-01
4.106049791627879031e-02 5.745416303063927366e+00 2.249274689543178940e-01
4.106049791627879031e-02 5.779300853250486369e+00 1.238062043312832539e-01
4.106049791627879031e-02 5.813185403437045373e+00 6.599355634840366192e-02
4.106049791627879031e-02 5.847069953623604377e+00 3.408293742233578505e-02
4.106049791627879031e-02 5.880954503810162493e+00 1.706326116492529535e-02
4.106049791627879031e-02 5.914839053996722384e+00 8.284873892219811811e-03
4.106049791627879031e-02 5.948723604183280500e+00 3.903140180500916118e-03
4.106049791627879031e-02 5.982608154369840392e+00 1.785042860535349064e-03
4.106049791627879031e-02 6.016492704556398508e+00 7.928439087901876332e-04
4.106049791627879031e-02 6.050377254742957511e+00 3.421575248358101713e-04
4.106049791627879031e-02 6.084261804929516515e+00 1.435341581237514633e-04
4.106049791627879031e-02 6.118146355116075519e+00 5.855490865998070921e-05
4.106049791627879031e-02 6.152030905302634523e+00 2.323994478923675311e-05
4.106049791627879031e-02 6.185915455489193526e+00 8.977436465188746303e-06
4.106049791627879031e-02 6.219800005675752530e+00 3.376709505191707555e-06
4.106049791627879031e-02 6.253684555862310646e+00 1.237185496647244235e-06
4.106049791627879031e-02 6.287569106048870538e+00 4.417213791455626520e-07
4.106049791627879031e-02 6.321453656235428653e+00 1.537461887727854796e-07
4.106049791627879031e-02 6.355338206421988545e+00 5.218788622912803764e-08
4.106049791627879031e-02 6.389222756608546661e+00 1.728258912855913826e-08
4.106049791627879031e-02 6.423107306795105664e+00 5.585773621761289862e-09
4.106049791627879031e-02 6.456991856981664668e+00 1.762594281300642096e-09
4.106049791627879031e-02 6.490876407168223672e+00 5.432158225717871423e-10
4.106049791627879031e-02 6.524760957354782676e+00 1.635676955954988043e-10
4.106049791627879031e-02 6.558645507541341679e+00 4.813703493182575359e-11
4.106049791627879031e-02 6.592530057727900683e+00 1.385055070538870424e-11
4.106049791627879031e-02 6.626414607914458799e+00 3.897692321100995986e-12
4.106049791627879031e-02 6.660299158101018691e+00 1.073113097647363669e-12
4.106049791627879031e-02 6.694183708287576806e+00 2.891500445095405835e-13
4.106049791627879031e-02 6.728068258474136698e+00 7.627479899360211108e-14
4.106049791627879031e-02 6.761952808660694814e+00 1.970411802107270642e-14
4.226815961969875718e-02 3.407382340191361880e+00 1.120608242385813216e-36
4.226815961969875718e-02 3.441266890377920884e+00 5.363491046113516839e-35
4.226815961969875718e-02 3.475151440564479888e+00 2.267498907932839349e-33
4.226815961969875718e-02 3.509035990751038447e+00 8.495269816807438052e-32
4.226815961969875718e-02 3.542920540937597451e+00 2.829482409523570233e-30
4.226815961969875718e-02 3.576805091124156455e+00 8.403359392181044776e-29
4.226815961969875718e-02 3.610689641310715459e+00 2.231933587973746436e-27
4.226815961969875718e-02 3.644574191497274462e+00 5.316314359932395537e-26
4.226815961969875718e-02 3.678458741683833466e+00 1.138713600981525468e-24
4.226815961969875718e-02 3.712343291870392026e+00 2.198989791029912260e-23
4.226815961969875718e-02 3.746227842056951030e+00 3.838187682247581567e-22
4.226815961969875718e-02 3.780112392243510033e+00 6.069794036011222677e-21
4.226815961969875718e-02 3.813996942430069037e+00 8.717255996154520505e-20
4.226815961969875718e-02 3.847881492616627597e+00 1.139519390803503544e-18
4.226815961969875718e-02 3.881766042803186600e+00 1.358763817988675325e-17
4.226815961969875718e-02 3.915650592989745604e+00 1.481012293029838339e-16
4.226815961969875718e-02 3.949535143176304608e+00 1.478588098416951188e-15
4.226815961969875718e-02 3.983419693362863612e+00 1.354758007910044921e-14
4.226815961969875718e-02 4.017304243549422615e+00 1.141369792038181322e-13
4.226815961969875718e-02 4.051188793735981619e+00 8.858058949016368475e-13
4.226815961969875718e-02 4.085073343922540623e+00 6.344102166259055282e-12
4.226815961969875718e-02 4.118957894109099627e+00 4.200186840087302746e-11
4.226815961969875718e-02 4.152842444295657742e+00 2.574885613359263676e-10
4.226815961969875718e-02 4.186726994482216746e+00 1.463995808170475896e-09
4.226815961969875718e-02 4.220611544668775750e+00 7.732047834497318996e-09
4.226815961969875718e-02 4.254496094855334754e+00 3.799109013851315522e-08
4.226815961969875718e-02 4.288380645041893757e+00 1.739168057133010452e-07
4.226815961969875718e-02 4.322265195228452761e+00 7.428396942433966131e-07
4.226815961969875718e-02 4.356149745415011765e+00 2.964459423382920337e-06
4.226815961969875718e-02 4.390034295601570768e+00 1.106823863987138964e-05
4.226815961969875718e-02 4.423918845788129772e+00 3.871356764448907148e-05
4.226815961969875718e-02 4.457803395974687888e+00 1.270143050625564883e-04
4.226815961969875718e-02 4.491687946161247780e+00 3.913673132996359043e-04
4.226815961969875718e-02 4.525572496347805895e+00 1.133918612174214567e-03
4.226815961969875718e-02 4.559457046534364899e+00 3.092811002023196278e-03
4.226815961969875718e-02 4.593341596720923903e+00 7.950494383708152715e-03
4.226815961969875718e-02 4.627226146907482907e+00 1.928351047320221376e-02
4.226815961969875718e-02 4.661110697094041910e+00 4.417724003306341268e-02
4.226815961969875718e-02 4.694995247280600914e+00 9.569488317241817144e-02
4.226815961969875718e-02 4.728879797467159918e+00 1.962013173661456278e-01
4.226815961969875718e-02 4.762764347653718922e+00 3.811292686875856206e-01
4.226815961969875718e-02 4.796648897840277925e+00 7.021389896332315139e-01
4.226815961969875718e-02 4.830533448026836041e+00 1.227911346008588644e+00
4.226815961969875718e-02 4.864417998213395933e+00 2.040359389726207340e+00
4.226815961969875718e-02 4.898302548399954048e+00 3.224295959684854829e+00
4.226815961969875718e-02 4.932187098586513052e+00 4.849925869785536747e+00
4.226815961969875718e-02 4.966071648773072056e+00 6.949948326607816362e+00
4.226815961969875718e-02 4.999956198959631060e+00 9.495980885938722693e+00
4.226815961969875718e-02 5.033840749146190063e+00 1.238131810418380496e+01
4.226815961969875718e-02 5.067725299332749067e+00 1.541741377320738238e+01
4.226815961969875718e-02 5.101609849519308071e+00 1.834909446229251628e+01
4.226815961969875718e-02 5.135494399705867075e+00 2.088860299968695244e+01
4.226815961969875718e-02 5.169378949892426078e+00 2.276258445966368171e+01
4.226815961969875718e-02 5.203263500078984194e+00 2.376127479418046207e+01
4.226815961969875718e-02 5.237148050265544086e+00 2.377746314605090205e+01
4.226815961969875718e-02 5.271032600452102201e+00 2.282515823110125908e+01
4.226815961969875718e-02 5.304917150638661205e+00 2.103356738154573691e+01
4.226815961969875718e-02 5.338801700825220209e+00 1.861894107800404186e+01
4.226815961969875718e-02 5.372686251011779213e+00 1.584257716019648043e+01
4.226815961969875718e-02 5.406570801198338216e+00 1.296598366720158069e+01
4.226815961969875718e-02 5.440455351384897220e+00 1.021334746929053594e+01
4.226815961969875718e-02 5.474339901571456224e+00 7.747870735890744598e+00
4.226815961969875718e-02 5.508224451758014339e+00 5.663846163780769771e+00
4.226815961969875718e-02 5.542109001944574231e+00 3.992209217647067376e+00
4.226815961969875718e-02 5.575993552131132347e+00 2.714818041941587268e+00
4.226815961969875718e-02 5.609878102317692239e+00 1.782139166366594418e+00
4.226815961969875718e-02 5.643762652504250354e+00 1.129949413258411806e+00
4.226815961969875718e-02 5.677647202690809358e+00 6.923588429055208548e-01
4.226815961969875718e-02 5.711531752877368362e+00 4.101966853938397994e-01
4.226815961969875718e-02 5.745416303063927366e+00 2.351099924656300799e-01
4.226815961969875718e-02 5.779300853250486369e+00 1.304346979315727517e-01
4.226815961969875718e-02 5.813185403437045373e+00 7.007759296379585667e-02
4.226815961969875718e-02 5.847069953623604377e+00 3.647925932742958344e-02
4.226815961969875718e-02 5.880954503810162493e+00 1.840799478395566124e-02
4.226815961969875718e-02 5.914839053996722384e+00 9.008854341030490473e-03
4.226815961969875718e-02 5.948723604183280500e+00 4.277996994551427380e-03
4.226815961969875718e-02 5.982608154369840392e+00 1.972062909555038612e-03
4.226815961969875718e-02 6.016492704556398508e+00 8.828937000349709003e-04
4.226815961969875718e-02 6.050377254742957511e+00 3.840589929216064818e-04
4.226815961969875718e-02 6.084261804929516515e+00 1.623979123939532469e-04
4.226815961969875718e-02 6.118146355116075519e+00 6.677958821744930950e-05
4.226815961969875718e-02 6.152030905302634523e+00 2.671605983842529451e-05
4.226815961969875718e-02 6.185915455489193526e+00 1.040274360700540984e-05
4.226815961969875718e-02 6.219800005675752530e+00 3.944105926573049728e-06
4.226815961969875718e-02 6.253684555862310646e+00 1.456631883309938768e-06
4.226815961969875718e-02 6.287569106048870538e+00 5.242326595254385589e-07
4.226815961969875718e-02 6.321453656235428653e+00 1.839250816815453445e-07
4.226815961969875718e-02 6.355338206421988545e+00 6.293138313054778419e-08
4.226815961969875718e-02 6.389222756608546661e+00 2.100714938583760788e-08
4.226815961969875718e-02 6.423107306795105664e+00 6.843872820493877711e-09
4.226815961969875718e-02 6.456991856981664668e+00 2.176860155875834793e-09
4.226815961969875718e-02 6.490876407168223672e+00 6.762530185515907493e-10
4.226815961969875718e-02 6.524760957354782676e+00 2.052540803124683474e-10
4.226815961969875718e-02 6.558645507541341679e+00 6.088771277086764926e-11
4.226815961969875718e-02 6.592530057727900683e+00 1.765923175817065207e-11
4.226815961969875718e-02 6.626414607914458799e+00 5.009160202288835158e-12
4.226815961969875718e-02 6.660299158101018691e+00 1.390123602452456822e-12
4.226815961969875718e-02 6.694183708287576806e+00 3.775543518337378740e-13
4.226815961969875718e-02 6.728068258474136698e+00 1.003883050728258191e-13
4.226815961969875718e-02 6.761952808660694814e+00 2.613979759370544978e-14
4.347582132311872405e-02 3.407382340191361880e+00 7.506136258724878145e-37
4.347582132311872405e-02 3.441266890377920884e+00 3.605189666689419713e-35
4.347582132311872405e-02 3.475151440564479888e+00 1.529725122166517623e-33
4.347582132311872405e-02 3.509035990751038447e+00 5.753006161147303780e-32
4.347582132311872405e-02 3.542920540937597451e+00 1.923709373051237598e-30
4.347582132311872405e-02 3.576805091124156455e+00 5.736692777726667117e-29
4.347582132311872405e-02 3.610689641310715459e+00 1.530120121615331092e-27
4.347582132311872405e-02 3.644574191497274462e+00 3.660564163776354643e-26
4.347582132311872405e-02 3.678458741683833466e+00 7.875908576555741158e-25
4.347582132311872405e-02 3.712343291870392026e+00 1.527960302153227908e-23
4.347582132311872405e-02 3.746227842056951030e+00 2.679600047354062566e-22
4.347582132311872405e-02 3.780112392243510033e+00 4.258172087463892256e-21
4.347582132311872405e-02 3.813996942430069037e+00 6.145872288752276006e-20
4.347582132311872405e-02 3.847881492616627597e+00 8.074718581480108126e-19
4.347582132311872405e-02 3.881766042803186600e+00 9.678266726983275184e-18
4.347582132311872405e-02 3.915650592989745604e+00 1.060485620855588013e-16
4.347582132311872405e-02 3.949535143176304608e+00 1.064459222315405451e-15
4.347582132311872405e-02 3.983419693362863612e+00 9.806659921450278078e-15
4.347582132311872405e-02 4.017304243549422615e+00 8.308141855829380869e-14
4.347582132311872405e-02 4.051188793735981619e+00 6.484456257537697745e-13
4.347582132311872405e-02 4.085073343922540623e+00 4.670902030480431609e-12
4.347582132311872405e-02 4.118957894109099627e+00 3.110511005747717894e-11
4.347582132311872405e-02 4.152842444295657742e+00 1.918180327067635536e-10
4.347582132311872405e-02 4.186726994482216746e+00 1.097171205087474079e-09
4.347582132311872405e-02 4.220611544668775750e+00 5.829963362049797888e-09
4.347582132311872405e-02 4.254496094855334754e+00 2.882188542801111633e-08
4.347582132311872405e-02 4.288380645041893757e+00 1.327648555813808774e-07
4.347582132311872405e-02 4.322265195228452761e+00 5.706479407620704965e-07
4.347582132311872405e-02 4.356149745415011765e+00 2.291816892343015831e-06
4.347582132311872405e-02 4.390034295601570768e+00 8.611978366196813573e-06
4.347582132311872405e-02 4.423918845788129772e+00 3.031834419282736665e-05
4.347582132311872405e-02 4.457803395974687888e+00 1.001243642258117073e-04
4.347582132311872405e-02 4.491687946161247780e+00 3.105579640232896776e-04
4.347582132311872405e-02 4.525572496347805895e+00 9.058082970503618728e-04
4.347582132311872405e-02 4.559457046534364899e+00 2.487302360934282291e-03
4.347582132311872405e-02 4.593341596720923903e+00 6.437449565756822936e-03
4.347582132311872405e-02 4.627226146907482907e+00 1.572074977659174144e-02
4.347582132311872405e-02 4.661110697094041910e+00 3.626397382207918046e-02
4.347582132311872405e-02 4.694995247280600914e+00 7.910003219977575217e-02
4.347582132311872405e-02 4.728879797467159918e+00 1.633133773386525045e-01
4.347582132311872405e-02 4.762764347653718922e+00 3.194803227191817530e-01
4.347582132311872405e-02 4.796648897840277925e+00 5.927427818884295485e-01
4.347582132311872405e-02 4.830533448026836041e+00 1.043999541746230442e+00
4.347582132311872405e-02 4.864417998213395933e+00 1.747222346766361900e+00
4.347582132311872405e-02 4.898302548399954048e+00 2.781006999274600933e+00
4.347582132311872405e-02 4.932187098586513052e+00 4.213517649534058940e+00
4.347582132311872405e-02 4.966071648773072056e+00 6.082051359846463612e+00
4.347582132311872405e-02 4.999956198959631060e+00 8.371105232191448309e+00
4.347582132311872405e-02 5.033840749146190063e+00 1.099510579777807173e+01
4.347582132311872405e-02 5.067725299332749067e+00 1.379266411609926379e+01
4.347582132311872405e-02 5.101609849519308071e+00 1.653748118428460501e+01
4.347582132311872405e-02 5.135494399705867075e+00 1.896687036864995690e+01
4.347582132311872405e-02 5.169378949892426078e+00 2.082343347569104708e+01
4.347582132311872405e-02 5.203263500078984194e+00 2.190067098807570289e+01
4.347582132311872405e-02 5.237148050265544086e+00 2.208116791922406819e+01
4.347582132311872405e-02 5.271032600452102201e+00 2.135750883711442683e+01
4.347582132311872405e-02 5.304917150638661205e+00 1.983083341146162226e+01
4.347582132311872405e-02 5.338801700825220209e+00 1.768824422948884134e+01
4.347582132311872405e-02 5.372686251011779213e+00 1.516586998114730989e+01
4.347582132311872405e-02 5.406570801198338216e+00 1.250743622082864626e+01
4.347582132311872405e-02 5.440455351384897220e+00 9.927991677942008764e+00
4.347582132311872405e-02 5.474339901571456224e+00 7.589529345421022200e+00
4.347582132311872405e-02 5.508224451758014339e+00 5.591024525391732780e+00
4.347582132311872405e-02 5.542109001944574231e+00 3.971445328039845180e+00
4.347582132311872405e-02 5.575993552131132347e+00 2.721691150929300473e+00
4.347582132311872405e-02 5.609878102317692239e+00 1.800568405094663760e+00
4.347582132311872405e-02 5.643762652504250354e+00 1.150544964203534359e+00
4.347582132311872405e-02 5.677647202690809358e+00 7.104912467507600304e-01
4.347582132311872405e-02 5.711531752877368362e+00 4.242369239255027180e-01
4.347582132311872405e-02 5.745416303063927366e+00 2.450652922657318711e-01
4.347582132311872405e-02 5.779300853250486369e+00 1.370261557688534082e-01
4.347582132311872405e-02 5.813185403437045373e+00 7.419830674686547778e-02
4.347582132311872405e-02 5.847069953623604377e+00 3.892869388383556756e-02
4.347582132311872405e-02 5.880954503810162493e+00 1.979901073569644357e-02
4.347582132311872405e-02 5.914839053996722384e+00 9.766155092010857589e-03
4.347582132311872405e-02 5.948723604183280500e+00 4.674284073795099276e-03
4.347582132311872405e-02 5.982608154369840392e+00 2.171796775854605965e-03
4.347582132311872405e-02 6.016492704556398508e+00 9.800168305192156863e-04
4.347582132311872405e-02 6.050377254742957511e+00 4.296871378000107085e-04
4.347582132311872405e-02 6.084261804929516515e+00 1.831329364029123173e-04
4.347582132311872405e-02 6.118146355116075519e+00 7.590377341515256815e-05
4.347582132311872405e-02 6.152030905302634523e+00 3.060746593040449497e-05
4.347582132311872405e-02 6.185915455489193526e+00 1.201267266040741069e-05
4.347582132311872405e-02 6.219800005675752530e+00 4.590693181476162622e-06
4.347582132311872405e-02 6.253684555862310646e+00 1.708906716925799460e-06
4.347582132311872405e-02 6.287569106048870538e+00 6.199149360982923059e-07
4.347582132311872405e-02 6.321453656235428653e+00 2.192243745463809964e-07
4.347582132311872405e-02 6.355338206421988545e+00 7.560580377569074585e-08
4.347582132311872405e-02 6.389222756608546661e+00 2.543869499010894389e-08
4.347582132311872405e-02 6.423107306795105664e+00 8.353512132329222536e-09
4.347582132311872405e-02 6.456991856981664668e+00 2.678160295797053407e-09
4.347582132311872405e-02 6.490876407168223672e+00 8.385969243094397751e-10
4.347582132311872405e-02 6.524760957354782676e+00 2.565504503280032693e-10
4.347582132311872405e-02 6.558645507541341679e+00 7.670899124587313473e-11
4.347582132311872405e-02 6.592530057727900683e+00 2.242448727936848778e-11
4.347582132311872405e-02 6.626414607914458799e+00 6.411328056683683560e-12
4.347582132311872405e-02 6.660299158101018691e+00 1.793357622654473622e-12
4.347582132311872405e-02 6.694183708287576806e+00 4.909318532552635473e-13
4.347582132311872405e-02 6.728068258474136698e+00 1.315681387161247574e-13
4.347582132311872405e-02 6.761952808660694814e+00 3.452972665302458355e-14
4.468348302653868398e-02 3.407382340191361880e+00 5.033051196012261208e-37
4.468348302653868398e-02 3.441266890377920884e+00 2.425710340671835466e-35
4.468348302653868398e-02 3.475151440564479888e+00 1.032970169732817861e-33
4.468348302653868398e-02 3.509035990751038447e+00 3.899403693582164587e-32
4.468348302653868398e-02 3.542920540937597451e+00 1.308986253435583044e-30
4.468348302653868398e-02 3.576805091124156455e+00 3.919319966405958177e-29
4.468348302653868398e-02 3.610689641310715459e+00 1.049753727357049388e-27
4.468348302653868398e-02 3.644574191497274462e+00 2.522203178519632671e-26
4.468348302653868398e-02 3.678458741683833466e+00 5.450776923633728460e-25
4.468348302653868398e-02 3.712343291870392026e+00 1.062305199601429631e-23
4.468348302653868398e-02 3.746227842056951030e+00 1.871711081939210897e-22
4.468348302653868398e-02 3.780112392243510033e+00 2.988643523418451821e-21
4.468348302653868398e-02 3.813996942430069037e+00 4.334763559132578213e-20
4.468348302653868398e-02 3.847881492616627597e+00 5.723841976277882756e-19
4.468348302653868398e-02 3.881766042803186600e+00 6.895759419706636762e-18
4.468348302653868398e-02 3.915650592989745604e+00 7.595529832337259788e-17
4.468348302653868398e-02 3.949535143176304608e+00 7.664683471228161276e-16
4.468348302653868398e-02 3.983419693362863612e+00 7.099700408078877275e-15
4.468348302653868398e-02 4.017304243549422615e+00 6.048073329410871295e-14
4.468348302653868398e-02 4.051188793735981619e+00 4.747010918020942789e-13
4.468348302653868398e-02 4.085073343922540623e+00 3.438895876671607880e-12
4.468348302653868398e-02 4.118957894109099627e+00 2.303342546635827384e-11
4.468348302653868398e-02 4.152842444295657742e+00 1.428764092755445799e-10
4.468348302653868398e-02 4.186726994482216746e+00 8.220997104638071333e-10
4.468348302653868398e-02 4.220611544668775750e+00 4.394693068028460584e-09
4.468348302653868398e-02 4.254496094855334754e+00 2.185900239898546115e-08
4.468348302653868398e-02 4.288380645041893757e+00 1.013136357658706102e-07
4.468348302653868398e-02 4.322265195228452761e+00 4.381879937019863442e-07
4.468348302653868398e-02 4.356149745415011765e+00 1.770962064191206988e-06
4.468348302653868398e-02 4.390034295601570768e+00 6.697275309679303831e-06
4.468348302653868398e-02 4.423918845788129772e+00 2.372981998102964590e-05
4.468348302653868398e-02 4.457803395974687888e+00 7.887683411952641475e-05
4.468348302653868398e-02 4.491687946161247780e+00 2.462630483450221420e-04
4.468348302653868398e-02 4.525572496347805895e+00 7.230445819389239677e-04
4.468348302653868398e-02 4.559457046534364899e+00 1.998729779949722733e-03
4.468348302653868398e-02 4.593341596720923903e+00 5.207865936427883043e-03
4.468348302653868398e-02 4.627226146907482907e+00 1.280450045689474591e-02
4.468348302653868398e-02 4.661110697094041910e+00 2.973927905651668063e-02
4.468348302653868398e-02 4.694995247280600914e+00 6.531589292327225071e-02
4.468348302653868398e-02 4.728879797467159918e+00 1.357912956120956860e-01
4.468348302653868398e-02 4.762764347653718922e+00 2.674991214365836645e-01
4.468348302653868398e-02 4.796648897840277925e+00 4.997951420411962387e-01
4.468348302653868398e-02 4.830533448026836041e+00 8.865277944568459301e-01
4.468348302653868398e-02 4.864417998213395933e+00 1.494254785321774692e+00
4.468348302653868398e-02 4.898302548399954048e+00 2.395413579345110566e+00
4.468348302653868398e-02 4.932187098586513052e+00 3.655460464079224980e+00
4.468348302653868398e-02 4.966071648773072056e+00 5.314745966310577607e+00
4.468348302653868398e-02 4.999956198959631060e+00 7.368279737235936544e+00
4.468348302653868398e-02 5.033840749146190063e+00 9.748745773857930175e+00
4.468348302653868398e-02 5.067725299332749067e+00 1.231907546900264805e+01
4.468348302653868398e-02 5.101609849519308071e+00 1.487969370860341378e+01
4.468348302653868398e-02 5.135494399705867075e+00 1.719208281201307997e+01
4.468348302653868398e-02 5.169378949892426078e+00 1.901543847519637964e+01
4.468348302653868398e-02 5.203263500078984194e+00 2.014861031984586859e+01
4.468348302653868398e-02 5.237148050265544086e+00 2.046705596612091327e+01
4.468348302653868398e-02 5.271032600452102201e+00 1.994532380696358231e+01
4.468348302653868398e-02 5.304917150638661205e+00 1.865948466623980551e+01
4.468348302653868398e-02 5.338801700825220209e+00 1.676957834823251758e+01
4.468348302653868398e-02 5.372686251011779213e+00 1.448750440275434492e+01
4.468348302653868398e-02 5.406570801198338216e+00 1.203907266022893729e+01
4.468348302653868398e-02 5.440455351384897220e+00 9.629280573993760584e+00
4.468348302653868398e-02 5.474339901571456224e+00 7.417606017276993313e+00
4.468348302653868398e-02 5.508224451758014339e+00 5.506367061330932344e+00
4.468348302653868398e-02 5.542109001944574231e+00 3.941442037497612461e+00
4.468348302653868398e-02 5.575993552131132347e+00 2.721985075935321241e+00
4.468348302653868398e-02 5.609878102317692239e+00 1.814696573665995905e+00
4.468348302653868398e-02 5.643762652504250354e+00 1.168563324104518131e+00
4.468348302653868398e-02 5.677647202690809358e+00 7.272237209969553140e-01
4.468348302653868398e-02 5.711531752877368362e+00 4.376071756645180111e-01
4.468348302653868398e-02 5.745416303063927366e+00 2.547593279783605391e-01
4.468348302653868398e-02 5.779300853250486369e+00 1.435586524489862181e-01
4.468348302653868398e-02 5.813185403437045373e+00 7.834340668818984277e-02
4.468348302653868398e-02 5.847069953623604377e+00 4.142528007869814011e-02
4.468348302653868398e-02 5.880954503810162493e+00 2.123393789339259735e-02
4.468348302653868398e-02 5.914839053996722384e+00 1.055616181477161790e-02
4.468348302653868398e-02 5.948723604183280500e+00 5.092095171763687082e-03
4.468348302653868398e-02 5.982608154369840392e+00 2.384530501998230034e-03
4.468348302653868398e-02 6.016492704556398508e+00 1.084482409909407093e-03
4.468348302653868398e-02 6.050377254742957511e+00 4.792358509429503824e-04
4.468348302653868398e-02 6.084261804929516515e+00 2.058608505180069455e-04
4.468348302653868398e-02 6.118146355116075519e+00 8.599696542548664622e-05
4.468348302653868398e-02 6.152030905302634523e+00 3.495114464749561899e-05
4.468348302653868398e-02 6.185915455489193526e+00 1.382577459756757466e-05
4.468348302653868398e-02 6.219800005675752530e+00 5.325313195302845805e-06
4.468348302653868398e-02 6.253684555862310646e+00 1.998035909538940700e-06
4.468348302653868398e-02 6.287569106048870538e+00 7.305262087295546917e-07
4.468348302653868398e-02 6.321453656235428653e+00 2.603824889685366788e-07
4.468348302653868398e-02 6.355338206421988545e+00 9.051019753100557114e-08
4.468348302653868398e-02 6.389222756608546661e+00 3.069422067066146470e-08
4.468348302653868398e-02 6.423107306795105664e+00 1.015897784075788014e-08
4.468348302653868398e-02 6.456991856981664668e+00 3.282736871123762182e-09
4.468348302653868398e-02 6.490876407168223672e+00 1.036025905951403336e-09
4.468348302653868398e-02 6.524760957354782676e+00 3.194530131604885164e-10
4.468348302653868398e-02 6.558645507541341679e+00 9.627114230338769012e-11
4.468348302653868398e-02 6.592530057727900683e+00 2.836524821129298466e-11
4.468348302653868398e-02 6.626414607914458799e+00 8.173811711074223819e-12
4.468348302653868398e-02 6.660299158101018691e+00 2.304380727446085694e-12
4.468348302653868398e-02 6.694183708287576806e+00 6.357950967845306282e-13
4.468348302653868398e-02 6.728068258474136698e+00 1.717327210663238655e-13
4.468348302653868398e-02 6.761952808660694814e+00 4.542546110351700240e-14
4.589114472995865085e-02 3.407382340191361880e+00 3.378351898080162877e-37
4.589114472995865085e-02 3.441266890377920884e+00 1.633756049932359449e-35
4.589114472995865085e-02 3.475151440564479888e+00 6.981974030744437968e-34
4.589114472995865085e-02 3.509035990751038447e+00 2.645428725015956390e-32
4.589114472995865085e-02 3.542920540937597451e+00 8.914633332718439956e-31
4.589114472995865085e-02 3.576805091124156455e+00 2.679851505582500077e-29
4.589114472995865085e-02 3.610689641310715459e+00 7.207392351427164664e-28
4.589114472995865085e-02 3.644574191497274462e+00 1.739076840534281521e-26
4.589114472995865085e-02 3.678458741683833466e+00 3.774856930229450595e-25
4.589114472995865085e-02 3.712343291870392026e+00 7.390068329481031138e-24
4.589114472995865085e-02 3.746227842056951030e+00 1.308118264065367807e-22
4.589114472995865085e-02 3.780112392243510033e+00 2.098658306535001757e-21
4.589114472995865085e-02 3.813996942430069037e+00 3.058730797449283669e-20
4.589114472995865085e-02 3.847881492616627597e+00 4.058999474926032809e-19
4.589114472995865085e-02 3.881766042803186600e+00 4.914901442329048536e-18
4.589114472995865085e-02 3.915650592989745604e+00 5.441724650266666419e-17
4.589114472995865085e-02 3.949535143176304608e+00 5.520285664978730935e-16
4.589114472995865085e-02 3.983419693362863612e+00 5.140885522070011858e-15
4.589114472995865085e-02 4.017304243549422615e+00 4.403378409719534059e-14
4.589114472995865085e-02 4.051188793735981619e+00 3.475357408285650556e-13
4.589114472995865085e-02 4.085073343922540623e+00 2.531900239315152011e-12
4.589114472995865085e-02 4.118957894109099627e+00 1.705576839138312104e-11
4.589114472995865085e-02 4.152842444295657742e+00 1.064128896724291735e-10
4.589114472995865085e-02 4.186726994482216746e+00 6.159051236974705287e-10
4.589114472995865085e-02 4.220611544668775750e+00 3.312127809359753295e-09
4.589114472995865085e-02 4.254496094855334754e+00 1.657412730571692572e-08
4.589114472995865085e-02 4.288380645041893757e+00 7.728969751038265236e-08
4.589114472995865085e-02 4.322265195228452761e+00 3.363552150489973444e-07
4.589114472995865085e-02 4.356149745415011765e+00 1.367919700659230238e-06
4.589114472995865085e-02 4.390034295601570768e+00 5.205853060514146433e-06
4.589114472995865085e-02 4.423918845788129772e+00 1.856344036346232074e-05
4.589114472995865085e-02 4.457803395974687888e+00 6.210273983827496291e-05
4.589114472995865085e-02 4.491687946161247780e+00 1.951569218675919335e-04
4.589114472995865085e-02 4.525572496347805895e+00 5.767645175475674202e-04
4.589114472995865085e-02 4.559457046534364899e+00 1.604947474828235555e-03
4.589114472995865085e-02 4.593341596720923903e+00 4.209820424180197446e-03
4.589114472995865085e-02 4.627226146907482907e+00 1.042044924192925617e-02
4.589114472995865085e-02 4.661110697094041910e+00 2.436668894398987331e-02
4.589114472995865085e-02 4.694995247280600914e+00 5.388262730611859813e-02
4.589114472995865085e-02 4.728879797467159918e+00 1.127941217131339796e-01
4.589114472995865085e-02 4.762764347653718922e+00 2.237389910210129951e-01
4.589114472995865085e-02 4.796648897840277925e+00 4.209549268667878708e-01
4.589114472995865085e-02 4.830533448026836041e+00 7.519327319864218540e-01
4.589114472995865085e-02 4.864417998213395933e+00 1.276358089511918203e+00
4.589114472995865085e-02 4.898302548399954048e+00 2.060664016480235450e+00
4.589114472995865085e-02 4.932187098586513052e+00 3.167119988172622858e+00
4.589114472995865085e-02 4.966071648773072056e+00 4.637853576947923884e+00
4.589114472995865085e-02 4.999956198959631060e+00 6.476322887299454933e+00
4.589114472995865085e-02 5.033840749146190063e+00 8.630862516494996584e+00
4.589114472995865085e-02 5.067725299332749067e+00 1.098604265169584338e+01
4.589114472995865085e-02 5.101609849519308071e+00 1.336684678940007487e+01
4.589114472995865085e-02 5.135494399705867075e+00 1.555782413733213332e+01
4.589114472995865085e-02 5.169378949892426078e+00 1.733505183446343167e+01
4.589114472995865085e-02 5.203263500078984194e+00 1.850439449650328072e+01
4.589114472995865085e-02 5.237148050265544086e+00 1.893686947230492024e+01
4.589114472995865085e-02 5.271032600452102201e+00 1.859210176948990778e+01
4.589114472995865085e-02 5.304917150638661205e+00 1.752397861683566305e+01
4.589114472995865085e-02 5.338801700825220209e+00 1.586760948623269840e+01
4.589114472995865085e-02 5.372686251011779213e+00 1.381177185523192996e+01
4.589114472995865085e-02 5.406570801198338216e+00 1.156445103112374895e+01
4.589114472995865085e-02 5.440455351384897220e+00 9.319900533462663006e+00
4.589114472995865085e-02 5.474339901571456224e+00 7.233949960437744409e+00
4.589114472995865085e-02 5.508224451758014339e+00 5.411026127233474980e+00
4.589114472995865085e-02 5.542109001944574231e+00 3.902836633605680117e+00
4.589114472995865085e-02 5.575993552131132347e+00 2.715997366302568494e+00
4.589114472995865085e-02 5.609878102317692239e+00 1.824623341513791130e+00
4.589114472995865085e-02 5.643762652504250354e+00 1.184005994790248373e+00
4.589114472995865085e-02 5.677647202690809358e+00 7.425207437301678537e-01
4.589114472995865085e-02 5.711531752877368362e+00 4.502668623460874264e-01
4.589114472995865085e-02 5.745416303063927366e+00 2.641595837567431992e-01
4.589114472995865085e-02 5.779300853250486369e+00 1.500105312590174211e-01
4.589114472995865085e-02 5.813185403437045373e+00 8.250038065576323354e-02
4.589114472995865085e-02 5.847069953623604377e+00 4.396274081853301929e-02
4.589114472995865085e-02 5.880954503810162493e+00 2.271015012410038808e-02
4.589114472995865085e-02 5.914839053996722384e+00 1.137809817921307635e-02
4.589114472995865085e-02 5.948723604183280500e+00 5.531437687072275101e-03
4.589114472995865085e-02 5.982608154369840392e+00 2.610511747612794843e-03
4.589114472995865085e-02 6.016492704556398508e+00 1.196546590910433586e-03
4.589114472995865085e-02 6.050377254742957511e+00 5.328972805532818362e-04
4.589114472995865085e-02 6.084261804929516515e+00 2.307052854250182230e-04
4.589114472995865085e-02 6.118146355116075519e+00 9.713118074001063384e-05
4.589114472995865085e-02 6.152030905302634523e+00 3.978602969606268133e-05
4.589114472995865085e-02 6.185915455489193526e+00 1.586185393505928383e-05
4.589114472995865085e-02 6.219800005675752530e+00 6.157525897144794506e-06
4.589114472995865085e-02 6.253684555862310646e+00 2.328424035868339704e-06
4.589114472995865085e-02 6.287569106048870538e+00 8.580114601262236259e-07
4.589114472995865085e-02 6.321453656235428653e+00 3.082251803762919384e-07
4.589114472995865085e-02 6.355338206421988545e+00 1.079824573529333609e-07
4.589114472995865085e-02 6.389222756608546661e+00 3.690725171317722212e-08
4.589114472995865085e-02 6.423107306795105664e+00 1.231131140288055576e-08
4.589114472995865085e-02 6.456991856981664668e+00 4.009490152993862377e-09
4.589114472995865085e-02 6.490876407168223672e+00 1.275327722960252513e-09
4.589114472995865085e-02 6.524760957354782676e+00 3.963285736232194706e-10
4.589114472995865085e-02 6.558645507541341679e+00 1.203761940828443248e-10
4.589114472995865085e-02 6.592530057727900683e+00 3.574586544294094610e-11
4.589114472995865085e-02 6.626414607914458799e+00 1.038142671661308435e-11
4.589114472995865085e-02 6.660299158101018691e+00 2.949701448577356653e-12
4.589114472995865085e-02 6.694183708287576806e+00 8.202201527052154320e-13
4.589114472995865085e-02 6.728068258474136698e+00 2.232819227740213119e-13
4.589114472995865085e-02 6.761952808660694814e+00 5.952298798057949413e-14
4.709880643337861772e-02 3.407382340191361880e+00 2.270080276619356100e-37
4.709880643337861772e-02 3.441266890377920884e+00 1.101483160969264546e-35
4.709880643337861772e-02 3.475151440564479888e+00 4.723788590560355336e-34
4.709880643337861772e-02 3.509035990751038447e+00 1.796366338250752939e-32
4.709880643337861772e-02 3.542920540937597451e+00 6.076477398379266910e-31
4.709880643337861772e-02 3.576805091124156455e+00 1.833874459230968163e-29
4.709880643337861772e-02 3.610689641310715459e+00 4.952294578354697629e-28
4.709880643337861772e-02 3.644574191497274462e+00 1.199978870009876817e-26
4.709880643337861772e-02 3.678458741683833466e+00 2.615996325040745504e-25
4.709880643337861772e-02 3.712343291870392026e+00 5.144230742261111745e-24
4.709880643337861772e-02 3.746227842056951030e+00 9.147580115786655908e-23
4.709880643337861772e-02 3.780112392243510033e+00 1.474478456605303032e-21
4.709880643337861772e-02 3.813996942430069037e+00 2.159355457300862239e-20
4.709880643337861772e-02 3.847881492616627597e+00 2.879620533862918991e-19
4.709880643337861772e-02 3.881766042803186600e+00 3.504372069929263855e-18
4.709880643337861772e-02 3.915650592989745604e+00 3.899917622578782437e-17
4.709880643337861772e-02 3.949535143176304608e+00 3.976920269910121422e-16
4.709880643337861772e-02 3.983419693362863612e+00 3.723328903739014420e-15
4.709880643337861772e-02 4.017304243549422615e+00 3.206476194558244249e-14
4.709880643337861772e-02 4.051188793735981619e+00 2.544656729746478689e-13
4.709880643337861772e-02 4.085073343922540623e+00 1.864240873348740946e-12
4.709880643337861772e-02 4.118957894109099627e+00 1.262959031134985048e-11
4.709880643337861772e-02 4.152842444295657742e+00 7.925204177272560011e-11
4.709880643337861772e-02 4.186726994482216746e+00 4.613844121801350199e-10
4.709880643337861772e-02 4.220611544668775750e+00 2.495873904303418291e-09
4.709880643337861772e-02 4.254496094855334754e+00 1.256450049678095545e-08
4.709880643337861772e-02 4.288380645041893757e+00 5.894768152036137724e-08
4.709880643337861772e-02 4.322265195228452761e+00 2.581097701572400060e-07
4.709880643337861772e-02 4.356149745415011765e+00 1.056228050079624746e-06
4.709880643337861772e-02 4.390034295601570768e+00 4.044907150216136456e-06
4.709880643337861772e-02 4.423918845788129772e+00 1.451518365458473369e-05
4.709880643337861772e-02 4.457803395974687888e+00 4.887077659464013514e-05
4.709880643337861772e-02 4.491687946161247780e+00 1.545692166342476671e-04
4.709880643337861772e-02 4.525572496347805895e+00 4.597941964085178906e-04
4.709880643337861772e-02 4.559457046534364899e+00 1.287882432391761678e-03
4.709880643337861772e-02 4.593341596720923903e+00 3.400581407352197723e-03
4.709880643337861772e-02 4.627226146907482907e+00 8.473703549044617894e-03
4.709880643337861772e-02 4.661110697094041910e+00 1.994815954631518062e-02
4.709880643337861772e-02 4.694995247280600914e+00 4.441156937745469047e-02
4.709880643337861772e-02 4.728879797467159918e+00 9.360428228265575690e-02
4.709880643337861772e-02 4.762764347653718922e+00 1.869532363964158395e-01
4.709880643337861772e-02 4.796648897840277925e+00 3.541836189229545795e-01
4.709880643337861772e-02 4.830533448026836041e+00 6.370775109196731290e-01
4.709880643337861772e-02 4.864417998213395933e+00 1.088991379478703392e+00
4.709880643337861772e-02 4.898302548399954048e+00 1.770578993274421364e+00
4.709880643337861772e-02 4.932187098586513052e+00 2.740601141911028105e+00
4.709880643337861772e-02 4.966071648773072056e+00 4.041922099139055646e+00
4.709880643337861772e-02 4.999956198959631060e+00 5.684663987446702649e+00
4.709880643337861772e-02 5.033840749146190063e+00 7.630467570972153446e+00
4.709880643337861772e-02 5.067725299332749067e+00 9.783034190554598553e+00
4.709880643337861772e-02 5.101609849519308071e+00 1.198976718055325996e+01
4.709880643337861772e-02 5.135494399705867075e+00 1.405703572884678465e+01
4.709880643337861772e-02 5.169378949892426078e+00 1.577779286685816551e+01
4.709880643337861772e-02 5.203263500078984194e+00 1.696620839127337632e+01
4.709880643337861772e-02 5.237148050265544086e+00 1.749117637710143924e+01
4.709880643337861772e-02 5.271032600452102201e+00 1.730022908664239978e+01
4.709880643337861772e-02 5.304917150638661205e+00 1.642781322022903012e+01
4.709880643337861772e-02 5.338801700825220209e+00 1.498624747500770127e+01
4.709880643337861772e-02 5.372686251011779213e+00 1.314242088297323363e+01
4.709880643337861772e-02 5.406570801198338216e+00 1.108677808821880539e+01
4.709880643337861772e-02 5.440455351384897220e+00 9.002337948014586644e+00
4.709880643337861772e-02 5.474339901571456224e+00 7.040316017326357034e+00
4.709880643337861772e-02 5.508224451758014339e+00 5.306124083254662338e+00
4.709880643337861772e-02 5.542109001944574231e+00 3.856269261277236016e+00
4.709880643337861772e-02 5.575993552131132347e+00 2.704040662029352671e+00
4.709880643337861772e-02 5.609878102317692239e+00 1.830464419780456709e+00
4.709880643337861772e-02 5.643762652504250354e+00 1.196886778398769113e+00
4.709880643337861772e-02 5.677647202690809358e+00 7.563545021199683527e-01
4.709880643337861772e-02 5.711531752877368362e+00 4.621794093175300988e-01
4.709880643337861772e-02 5.745416303063927366e+00 2.732351598037120466e-01
4.709880643337861772e-02 5.779300853250486369e+00 1.563604867228917672e-01
4.709880643337861772e-02 5.813185403437045373e+00 8.665654504234848732e-02
4.709880643337861772e-02 5.847069953623604377e+00 4.653450412317779172e-02
4.709880643337861772e-02 5.880954503810162493e+00 2.422477060846418492e-02
4.709880643337861772e-02 5.914839053996722384e+00 1.223102295628016208e-02
4.709880643337861772e-02 5.948723604183280500e+00 5.992228173731263367e-03
4.709880643337861772e-02 5.982608154369840392e+00 2.849946096192914214e-03
4.709880643337861772e-02 6.016492704556398508e+00 1.316450209394019960e-03
4.709880643337861772e-02 6.050377254742957511e+00 5.908605715211157159e-04
4.709880643337861772e-02 6.084261804929516515e+00 2.577913186114826278e-04
4.709880643337861772e-02 6.118146355116075519e+00 1.093807543094396303e-04
4.709880643337861772e-02 6.152030905302634523e+00 4.515297088259849609e-05
4.709880643337861772e-02 6.185915455489193526e+00 1.814198722490118073e-05
4.709880643337861772e-02 6.219800005675752530e+00 7.097636713111852509e-06
4.709880643337861772e-02 6.253684555862310646e+00 2.704875998918722533e-06
4.709880643337861772e-02 6.287569106048870538e+00 1.004516412155841045e-06
4.709880643337861772e-02 6.321453656235428653e+00 3.636732534281952401e-07
4.709880643337861772e-02 6.355338206421988545e+00 1.284032849087570715e-07
4.709880643337861772e-02 6.389222756608546661e+00 4.422974660175306865e-08
4.709880643337861772e-02 6.423107306795105664e+00 1.486917145560442813e-08
4.709880643337861772e-02 6.456991856981664668e+00 4.880349960119305328e-09
4.709880643337861772e-02 6.490876407168223672e+00 1.564452549738762814e-09
4.709880643337861772e-02 6.524760957354782676e+00 4.899750317667153948e-10
4.709880643337861772e-02 6.558645507541341679e+00 1.499809530809770879e-10
4.709880643337861772e-02 6.592530057727900683e+00 4.488456256479571156e-11
4.709880643337861772e-02 6.626414607914458799e+00 1.313718850149744574e-11
4.709880643337861772e-02 6.660299158101018691e+00 3.761802363161457457e-12
4.709880643337861772e-02 6.694183708287576806e+00 1.054190218629624117e-12
4.709880643337861772e-02 6.728068258474136698e+00 2.892082304200876572e-13
4.709880643337861772e-02 6.761952808660694814e+00 7.769768019872280970e-14
4.830646813679857765e-02 3.407382340191361880e+00 1.527012600319556377e-37
4.830646813679857765e-02 3.441266890377920884e+00 7.433852039536120997e-36
4.830646813679857765e-02 3.475151440564479888e+00 3.199102762107188926e-34
4.830646813679857765e-02 3.509035990751038447e+00 1.220953683067344976e-32
4.830646813679857765e-02 3.542920540937597451e+00 4.145581596043341655e-31
4.830646813679857765e-02 3.576805091124156455e+00 1.256010363602417984e-29
4.830646813679857765e-02 3.610689641310715459e+00 3.405484694627257138e-28
4.830646813679857765e-02 3.644574191497274462e+00 8.286131871890920417e-27
4.830646813679857765e-02 3.678458741683833466e+00 1.814162950036964387e-25
4.830646813679857765e-02 3.712343291870392026e+00 3.583223850111637384e-24
4.830646813679857765e-02 3.746227842056951030e+00 6.400675442143000126e-23
4.830646813679857765e-02 3.780112392243510033e+00 1.036511781928959411e-21
4.830646813679857765e-02 3.813996942430069037e+00 1.525192885078880313e-20
4.830646813679857765e-02 3.847881492616627597e+00 2.043844318088970789e-19
4.830646813679857765e-02 3.881766042803186600e+00 2.499656497306698993e-18
4.830646813679857765e-02 3.915650592989745604e+00 2.795937017864230835e-17
4.830646813679857765e-02 3.949535143176304608e+00 2.865916754921450090e-16
4.830646813679857765e-02 3.983419693362863612e+00 2.697332144802523660e-15
4.830646813679857765e-02 4.017304243549422615e+00 2.335380901809046290e-14
4.830646813679857765e-02 4.051188793735981619e+00 1.863479858450261221e-13
4.830646813679857765e-02 4.085073343922540623e+00 1.372780962863022311e-12
4.830646813679857765e-02 4.118957894109099627e+00 9.352527447347406740e-12
4.830646813679857765e-02 4.152842444295657742e+00 5.902369083895126756e-11
4.830646813679857765e-02 4.186726994482216746e+00 3.456126133677504241e-10
4.830646813679857765e-02 4.220611544668775750e+00 1.880587776728216181e-09
4.830646813679857765e-02 4.254496094855334754e+00 9.523421824431157346e-09
4.830646813679857765e-02 4.288380645041893757e+00 4.494929451265665475e-08
4.830646813679857765e-02 4.322265195228452761e+00 1.980156548994318678e-07
4.830646813679857765e-02 4.356149745415011765e+00 8.153073353036896678e-07
4.830646813679857765e-02 4.390034295601570768e+00 3.141734723591549800e-06
4.830646813679857765e-02 4.423918845788129772e+00 1.134510817407968486e-05
4.830646813679857765e-02 4.457803395974687888e+00 3.844036359707422000e-05
4.830646813679857765e-02 4.491687946161247780e+00 1.223600219464419654e-04
4.830646813679857765e-02 4.525572496347805895e+00 3.663394240610942675e-04
4.830646813679857765e-02 4.559457046534364899e+00 1.032819837447283753e-03
4.830646813679857765e-02 4.593341596720923903e+00 2.745070353400578828e-03
4.830646813679857765e-02 4.627226146907482907e+00 6.885707044252419029e-03
4.830646813679857765e-02 4.661110697094041910e+00 1.631831701894303349e-02
4.830646813679857765e-02 4.694995247280600914e+00 3.657526493614126489e-02
4.830646813679857765e-02 4.728879797467159918e+00 7.761162511998107028e-02
4.830646813679857765e-02 4.762764347653718922e+00 1.560716194463445672e-01
4.830646813679857765e-02 4.796648897840277925e+00 2.977137100250421553e-01
4.830646813679857765e-02 4.830533448026836041e+00 5.392137140263739692e-01
4.830646813679857765e-02 4.864417998213395933e+00 9.281317509549924516e-01
4.830646813679857765e-02 4.898302548399954048e+00 1.519618780961588866e+00
4.830646813679857765e-02 4.932187098586513052e+00 2.368734335853288187e+00
4.830646813679857765e-02 4.966071648773072056e+00 3.518244880180993128e+00
4.830646813679857765e-02 4.999956198959631060e+00 4.983407253232754464e+00
4.830646813679857765e-02 5.033840749146190063e+00 6.737076424707608702e+00
4.830646813679857765e-02 5.067725299332749067e+00 8.699762004230850110e+00
4.830646813679857765e-02 5.101609849519308071e+00 1.073920726502116452e+01
4.830646813679857765e-02 5.135494399705867075e+00 1.268225745517257863e+01
4.830646813679857765e-02 5.169378949892426078e+00 1.433849476185676863e+01
4.830646813679857765e-02 5.203263500078984194e+00 1.553135162107393796e+01
4.830646813679857765e-02 5.237148050265544086e+00 1.612956933608796817e+01
4.830646813679857765e-02 5.271032600452102201e+00 1.607113597245491476e+01
4.830646813679857765e-02 5.304917150638661205e+00 1.537363780682739289e+01
4.830646813679857765e-02 5.338801700825220209e+00 1.412871587077194846e+01
4.830646813679857765e-02 5.372686251011779213e+00 1.248269467600233362e+01
4.830646813679857765e-02 5.406570801198338216e+00 1.060892441827432009e+01
4.830646813679857765e-02 5.440455351384897220e+00 8.678881150177646830e+00
4.830646813679857765e-02 5.474339901571456224e+00 6.838360464737086808e+00
4.830646813679857765e-02 5.508224451758014339e+00 5.192747522698659246e+00
4.830646813679857765e-02 5.542109001944574231e+00 3.802377923986381969e+00
4.830646813679857765e-02 5.575993552131132347e+00 2.686439258714263367e+00
4.830646813679857765e-02 5.609878102317692239e+00 1.832349609763876730e+00
4.830646813679857765e-02 5.643762652504250354e+00 1.207230886263017222e+00
4.830646813679857765e-02 5.677647202690809358e+00 7.687046145095435268e-01
4.830646813679857765e-02 5.711531752877368362e+00 4.733122479952313055e-01
4.830646813679857765e-02 5.745416303063927366e+00 2.819568595951164047e-01
4.830646813679857765e-02 5.779300853250486369e+00 1.625876471794829581e-01
4.830646813679857765e-02 5.813185403437045373e+00 9.079909650284843925e-02
4.830646813679857765e-02 5.847069953623604377e+00 4.913372661976874584e-02
4.830646813679857765e-02 5.880954503810162493e+00 2.577467782318618519e-02
4.830646813679857765e-02 5.914839053996722384e+00 1.311382802943198214e-02
4.830646813679857765e-02 5.948723604183280500e+00 6.474288214785474047e-03
4.830646813679857765e-02 5.982608154369840392e+00 3.102993427100704266e-03
4.830646813679857765e-02 6.016492704556398508e+00 1.444416371730902803e-03
4.830646813679857765e-02 6.050377254742957511e+00 6.533105312011710944e-04
4.830646813679857765e-02 6.084261804929516515e+00 2.872448527125481712e-04
4.830646813679857765e-02 6.118146355116075519e+00 1.228221070432554147e-04
4.830646813679857765e-02 6.152030905302634523e+00 5.109467980899365283e-05
4.830646813679857765e-02 6.185915455489193526e+00 2.068853370108629441e-05
4.830646813679857765e-02 6.219800005675752530e+00 8.156721444199678325e-06
4.830646813679857765e-02 6.253684555862310646e+00 3.132618256412870569e-06
4.830646813679857765e-02 6.287569106048870538e+00 1.172401532093294368e-06
4.830646813679857765e-02 6.321453656235428653e+00 4.277506195978001970e-07
4.830646813679857765e-02 6.355338206421988545e+00 1.522004130172693762e-07
4.830646813679857765e-02 6.389222756608546661e+00 5.283415638182816415e-08
4.830646813679857765e-02 6.423107306795105664e+00 1.789978028421006104e-08
4.830646813679857765e-02 6.456991856981664668e+00 5.920688850131796960e-09
4.830646813679857765e-02 6.490876407168223672e+00 1.912685270887872261e-09
4.830646813679857765e-02 6.524760957354782676e+00 6.036902859569344782e-10
4.830646813679857765e-02 6.558645507541341679e+00 1.862235136698779079e-10
4.830646813679857765e-02 6.592530057727900683e+00 5.616327234707253693e-11
4.830646813679857765e-02 6.626414607914458799e+00 1.656583958973322467e-11
4.830646813679857765e-02 6.660299158101018691e+00 4.780364476480138528e-12
4.830646813679857765e-02 6.694183708287576806e+00 1.350007644566116742e-12
4.830646813679857765e-02 6.728068258474136698e+00 3.732313320553028133e-13
4.830646813679857765e-02 6.761952808660694814e+00 1.010470157629173118e-13
4.951412984021854452e-02 3.407382340191361880e+00 1.028276182516737993e-37
4.951412984021854452e-02 3.441266890377920884e+00 5.022231498571439578e-36
4.951412984021854452e-02 3.475151440564479888e+00 2.168670121146027993e-34
4.951412984021854452e-02 3.509035990751038447e+00 8.306377072007648793e-33
4.951412984021854452e-02 3.542920540937597451e+00 2.830789903041022239e-31
4.951412984021854452e-02 3.576805091124156455e+00 8.609653518701180023e-30
4.951412984021854452e-02 3.610689641310715459e+00 2.343690724784315500e-28
4.951412984021854452e-02 3.644574191497274462e+00 5.726099726153550350e-27
4.951412984021854452e-02 3.678458741683833466e+00 1.258995141454484823e-25
4.951412984021854452e-02 3.712343291870392026e+00 2.497558513026614787e-24
4.951412984021854452e-02 3.746227842056951030e+00 4.481393996200956528e-23
4.951412984021854452e-02 3.780112392243510033e+00 7.290497700032222564e-22
4.951412984021854452e-02 3.813996942430069037e+00 1.077833797937045965e-20
4.951412984021854452e-02 3.847881492616627597e+00 1.451329171395649681e-19
4.951412984021854452e-02 3.881766042803186600e+00 1.783754515051083546e-18
4.951412984021854452e-02 3.915650592989745604e+00 2.005224235260989748e-17
4.951412984021854452e-02 3.949535143176304608e+00 2.065964065582388945e-16
4.951412984021854452e-02 3.983419693362863612e+00 1.954603966330145236e-15
4.951412984021854452e-02 4.017304243549422615e+00 1.701325829029579148e-14
4.951412984021854452e-02 4.051188793735981619e+00 1.364894072055952707e-13
4.951412984021854452e-02 4.085073343922540623e+00 1.011015553292533382e-12
4.951412984021854452e-02 4.118957894109099627e+00 6.926353490280760147e-12
4.951412984021854452e-02 4.152842444295657742e+00 4.395990197086864164e-11
4.951412984021854452e-02 4.186726994482216746e+00 2.588863614724295084e-10
4.951412984021854452e-02 4.220611544668775750e+00 1.416889340674255195e-09
4.951412984021854452e-02 4.254496094855334754e+00 7.217562764283046018e-09
4.951412984021854452e-02 4.288380645041893757e+00 3.426945167369253382e-08
4.951412984021854452e-02 4.322265195228452761e+00 1.518801710431370246e-07
4.951412984021854452e-02 4.356149745415011765e+00 6.291725901201555810e-07
4.951412984021854452e-02 4.390034295601570768e+00 2.439459233169193486e-06
4.951412984021854452e-02 4.423918845788129772e+00 8.864130426205317837e-06
4.951412984021854452e-02 4.457803395974687888e+00 3.022354531498546717e-05
4.951412984021854452e-02 4.491687946161247780e+00 9.681753865741761186e-05
4.951412984021854452e-02 4.525572496347805895e+00 2.917293051465230246e-04
4.951412984021854452e-02 4.559457046534364899e+00 8.278038177383876400e-04
4.951412984021854452e-02 4.593341596720923903e+00 2.214555485140523236e-03
4.951412984021854452e-02 4.627226146907482907e+00 5.591584441140183548e-03
4.951412984021854452e-02 4.661110697094041910e+00 1.333942988081700948e-02
4.951412984021854452e-02 4.694995247280600914e+00 3.009861575861659880e-02
4.951412984021854452e-02 4.728879797467159918e+00 6.429894495222825135e-02
4.951412984021854452e-02 4.762764347653718922e+00 1.301784940377700150e-01
4.951412984021854452e-02 4.796648897840277925e+00 2.500183731488581640e-01
4.951412984021854452e-02 4.830533448026836041e+00 4.559431586437759365e-01
4.951412984021854452e-02 4.864417998213395933e+00 7.902315368426716669e-01
4.951412984021854452e-02 4.898302548399954048e+00 1.302842706714220089e+00
4.951412984021854452e-02 4.932187098586513052e+00 2.045047244982435952e+00
4.951412984021854452e-02 4.966071648773072056e+00 3.058856989280578365e+00
4.951412984021854452e-02 4.999956198959631060e+00 4.363364497599465430e+00
4.951412984021854452e-02 5.033840749146190063e+00 5.940786125079651647e+00
4.951412984021854452e-02 5.067725299332749067e+00 7.726306289098042512e+00
4.951412984021854452e-02 5.101609849519308071e+00 9.606011799508499038e+00
4.951412984021854452e-02 5.135494399705867075e+00 1.142582352323754868e+01
4.951412984021854452e-02 5.169378949892426078e+00 1.301151186098786638e+01
4.951412984021854452e-02 5.203263500078984194e+00 1.419643834364394408e+01
4.951412984021854452e-02 5.237148050265544086e+00 1.485084181809201276e+01
4.951412984021854452e-02 5.271032600452102201e+00 1.490543824941243223e+01
4.951412984021854452e-02 5.304917150638661205e+00 1.436335661596339719e+01
4.951412984021854452e-02 5.338801700825220209e+00 1.329761953163361987e+01
4.951412984021854452e-02 5.372686251011779213e+00 1.183536919051362979e+01
4.951412984021854452e-02 5.406570801198338216e+00 1.013344146143111679e+01
4.951412984021854452e-02 5.440455351384897220e+00 8.351624444039385864e+00
4.951412984021854452e-02 5.474339901571456224e+00 6.629638552325859635e+00
4.951412984021854452e-02 5.508224451758014339e+00 5.071942690347223781e+00
4.951412984021854452e-02 5.542109001944574231e+00 3.741794178026926154e+00
4.951412984021854452e-02 5.575993552131132347e+00 2.663526011954148842e+00
4.951412984021854452e-02 5.609878102317692239e+00 1.830420983092670539e+00
4.951412984021854452e-02 5.643762652504250354e+00 1.215074080023066827e+00
4.951412984021854452e-02 5.677647202690809358e+00 7.795578492677061044e-01
4.951412984021854452e-02 5.711531752877368362e+00 4.836368095023830804e-01
4.951412984021854452e-02 5.745416303063927366e+00 2.902972722983910847e-01
4.951412984021854452e-02 5.779300853250486369e+00 1.686716569879357919e-01
4.951412984021854452e-02 5.813185403437045373e+00 9.491516558057605524e-02
4.951412984021854452e-02 5.847069953623604377e+00 5.175331929773027695e-02
4.951412984021854452e-02 5.880954503810162493e+00 2.735651323373171351e-02
4.951412984021854452e-02 5.914839053996722384e+00 1.402523738687944110e-02
4.951412984021854452e-02 5.948723604183280500e+00 6.977340717459979726e-03
4.951412984021854452e-02 5.982608154369840392e+00 3.369764389287448550e-03
4.951412984021854452e-02 6.016492704556398508e+00 1.580648007411263913e-03
4.951412984021854452e-02 6.050377254742957511e+00 7.204262275629061581e-04
4.951412984021854452e-02 6.084261804929516515e+00 3.191919366617453719e-04
4.951412984021854452e-02 6.118146355116075519e+00 1.375334766500234732e-04
4.951412984021854452e-02 6.152030905302634523e+00 5.765565603330804995e-05
4.951412984021854452e-02 6.185915455489193526e+00 2.352513716756128142e-05
4.951412984021854452e-02 6.219800005675752530e+00 9.346648002688297138e-06
4.951412984021854452e-02 6.253684555862310646e+00 3.617319354940751406e-06
4.951412984021854452e-02 6.287569106048870538e+00 1.364256187893323722e-06
4.951412984021854452e-02 6.321453656235428653e+00 5.015926668530104221e-07
4.951412984021854452e-02 6.355338206421988545e+00 1.798530823296412635e-07
4.951412984021854452e-02 6.389222756608546661e+00 6.291564505797366298e-08
4.951412984021854452e-02 6.423107306795105664e+00 2.147995935926795712e-08
4.951412984021854452e-02 6.456991856981664668e+00 7.159780217481488989e-09
4.951412984021854452e-02 6.490876407168223672e+00 2.330838857349895789e-09
4.951412984021854452e-02 6.524760957354782676e+00 7.413504643385285131e-10
4.951412984021854452e-02 6.558645507541341679e+00 2.304536896838102760e-10
4.951412984021854452e-02 6.592530057727900683e+00 7.003904871184310166e-11
4.951412984021854452e-02 6.626414607914458799e+00 2.081798394684305547e-11
4.951412984021854452e-02 6.660299158101018691e+00 6.053716750464762736e-12
4.951412984021854452e-02 6.694183708287576806e+00 1.722786505461839831e-12
4.951412984021854452e-02 6.728068258474136698e+00 4.799605595497677805e-13
4.951412984021854452e-02 6.761952808660694814e+00 1.309426262025519041e-13
5.072179154363851139e-02 3.407382340191361880e+00 6.931735620167313347e-38
5.072179154363851139e-02 3.441266890377920884e+00 3.396458143267587799e-36
5.072179154363851139e-02 3.475151440564479888e+00 1.471590507725218062e-34
5.072179154363851139e-02 3.509035990751038447e+00 5.656314132389027319e-33
5.072179154363851139e-02 3.542920540937597451e+00 1.934729665883421017e-31
5.072179154363851139e-02 3.576805091124156455e+00 5.906762173209740162e-30
5.072179154363851139e-02 3.610689641310715459e+00 1.614260927441894527e-28
5.072179154363851139e-02 3.644574191497274462e+00 3.960030990836479576e-27
5.072179154363851139e-02 3.678458741683833466e+00 8.743490042027808843e-26
5.072179154363851139e-02 3.712343291870392026e+00 1.742010066131591510e-24
5.072179154363851139e-02 3.746227842056951030e+00 3.139596423638941942e-23
5.072179154363851139e-02 3.780112392243510033e+00 5.130899180729498020e-22
5.072179154363851139e-02 3.813996942430069037e+00 7.621001921575434938e-21
5.072179154363851139e-02 3.847881492616627597e+00 1.031091129431670122e-19
5.072179154363851139e-02 3.881766042803186600e+00 1.273451816855451215e-18
5.072179154363851139e-02 3.915650592989745604e+00 1.438701691499824525e-17
5.072179154363851139e-02 3.949535143176304608e+00 1.489819606447138549e-16
5.072179154363851139e-02 3.983419693362863612e+00 1.416818612292351564e-15
5.072179154363851139e-02 4.017304243549422615e+00 1.239731740738922513e-14
5.072179154363851139e-02 4.051188793735981619e+00 9.999145792569711670e-14
5.072179154363851139e-02 4.085073343922540623e+00 7.447033794068755739e-13
5.072179154363851139e-02 4.118957894109099627e+00 5.130129690190397969e-12
5.072179154363851139e-02 4.152842444295657742e+00 3.274267653665805212e-11
5.072179154363851139e-02 4.186726994482216746e+00 1.939254915279698017e-10
5.072179154363851139e-02 4.220611544668775750e+00 1.067488946269693658e-09
5.072179154363851139e-02 4.254496094855334754e+00 5.469557553764033188e-09
5.072179154363851139e-02 4.288380645041893757e+00 2.612368430030971940e-08
5.072179154363851139e-02 4.322265195228452761e+00 1.164727986133962682e-07
5.072179154363851139e-02 4.356149745415011765e+00 4.854214720631894067e-07
5.072179154363851139e-02 4.390034295601570768e+00 1.893639056344362910e-06
5.072179154363851139e-02 4.423918845788129772e+00 6.923441748193611294e-06
5.072179154363851139e-02 4.457803395974687888e+00 2.375420752447892779e-05
5.072179154363851139e-02 4.491687946161247780e+00 7.657456687937485120e-05
5.072179154363851139e-02 4.525572496347805895e+00 2.322048422058136763e-04
5.072179154363851139e-02 4.559457046534364899e+00 6.631379563634367440e-04
5.072179154363851139e-02 4.593341596720923903e+00 1.785550151463081341e-03
5.072179154363851139e-02 4.627226146907482907e+00 4.537873986045588490e-03
5.072179154363851139e-02 4.661110697094041910e+00 1.089705574437016891e-02
5.072179154363851139e-02 4.694995247280600914e+00 2.475109290622808794e-02
5.072179154363851139e-02 4.728879797467159918e+00 5.322903081223002986e-02
5.072179154363851139e-02 4.762764347653718922e+00 1.084928290499423964e-01
5.072179154363851139e-02 4.796648897840277925e+00 2.097830330030157342e-01
5.072179154363851139e-02 4.830533448026836041e+00 3.851808651559096019e-01
5.072179154363851139e-02 4.864417998213395933e+00 6.721747843182455107e-01
5.072179154363851139e-02 4.898302548399954048e+00 1.115864295110144511e+00
5.072179154363851139e-02 4.932187098586513052e+00 1.763726969497880326e+00
5.072179154363851139e-02 4.966071648773072056e+00 2.656515108984983442e+00
5.072179154363851139e-02 4.999956198959631060e+00 3.816063893436741239e+00
5.072179154363851139e-02 5.033840749146190063e+00 5.232321812750440060e+00
5.072179154363851139e-02 5.067725299332749067e+00 6.853203815203188221e+00
5.072179154363851139e-02 5.101609849519308071e+00 8.581245309053365133e+00
5.072179154363851139e-02 5.135494399705867075e+00 1.028001953927710410e+01
5.072179154363851139e-02 5.169378949892426078e+00 1.179089189465612897e+01
5.072179154363851139e-02 5.203263500078984194e+00 1.295756818907950958e+01
5.072179154363851139e-02 5.237148050265544086e+00 1.365314273600102979e+01
5.072179154363851139e-02 5.271032600452102201e+00 1.380306499752581395e+01
5.072179154363851139e-02 5.304917150638661205e+00 1.339822452441326206e+01
5.072179154363851139e-02 5.338801700825220209e+00 1.249500905392121375e+01
5.072179154363851139e-02 5.372686251011779213e+00 1.120279105498074124e+01
5.072179154363851139e-02 5.406570801198338216e+00 9.662579760248055649e+00
5.072179154363851139e-02 5.440455351384897220e+00 8.022473761760206656e+00
5.072179154363851139e-02 5.474339901571456224e+00 6.415603478279137128e+00
5.072179154363851139e-02 5.508224451758014339e+00 4.944711925362651250e+00
5.072179154363851139e-02 5.542109001944574231e+00 3.675139440908051558e+00
5.072179154363851139e-02 5.575993552131132347e+00 2.635639549210899713e+00
5.072179154363851139e-02 5.609878102317692239e+00 1.824831183059395068e+00
5.072179154363851139e-02 5.643762652504250354e+00 1.220461842196507884e+00
5.072179154363851139e-02 5.677647202690809358e+00 7.889078396117125136e-01
5.072179154363851139e-02 5.711531752877368362e+00 4.931285088884702628e-01
5.072179154363851139e-02 5.745416303063927366e+00 2.982308497743334508e-01
5.072179154363851139e-02 5.779300853250486369e+00 1.745927578844985728e-01
5.072179154363851139e-02 5.813185403437045373e+00 9.899187196194125793e-02
5.072179154363851139e-02 5.847069953623604377e+00 5.438597544701680858e-02
5.072179154363851139e-02 5.880954503810162493e+00 2.896669072356384059e-02
5.072179154363851139e-02 5.914839053996722384e+00 1.496380715558325199e-02
5.072179154363851139e-02 5.948723604183280500e+00 7.501006685776079319e-03
5.072179154363851139e-02 5.982608154369840392e+00 3.650317013981794166e-03
5.072179154363851139e-02 6.016492704556398508e+00 1.725325406430119803e-03
5.072179154363851139e-02 6.050377254742957511e+00 7.923795273922983008e-04
5.072179154363851139e-02 6.084261804929516515e+00 3.537580312514440562e-04
5.072179154363851139e-02 6.118146355116075519e+00 1.535946110981947863e-04
5.072179154363851139e-02 6.152030905302634523e+00 6.488209253455943506e-05
5.072179154363851139e-02 6.185915455489193526e+00 2.667671821633688101e-05
5.072179154363851139e-02 6.219800005675752530e+00 1.068009445831711521e-05
5.072179154363851139e-02 6.253684555862310646e+00 4.165109496867839335e-06
5.072179154363851139e-02 6.287569106048870538e+00 1.582912837369389373e-06
5.072179154363851139e-02 6.321453656235428653e+00 5.864549038612041377e-07
5.072179154363851139e-02 6.355338206421988545e+00 2.118967658783597752e-07
5.072179154363851139e-02 6.389222756608546661e+00 7.469447416526408804e-08
5.072179154363851139e-02 6.423107306795105664e+00 2.569725826433201139e-08
5.072179154363851139e-02 6.456991856981664668e+00 8.631304474493386971e-09
5.072179154363851139e-02 6.490876407168223672e+00 2.831470706282390596e-09
5.072179154363851139e-02 6.524760957354782676e+00 9.074984709372551160e-10
5.072179154363851139e-02 6.558645507541341679e+00 2.842678416107021523e-10
5.072179154363851139e-02 6.592530057727900683e+00 8.705726656219032377e-11
5.072179154363851139e-02 6.626414607914458799e+00 2.607491840964433385e-11
5.072179154363851139e-02 6.660299158101018691e+00 7.640547037476263894e-12
5.072179154363851139e-02 6.694183708287576806e+00 2.191039701027659780e-12
5.072179154363851139e-02 6.728068258474136698e+00 6.150903632264510414e-13
5.072179154363851139e-02 6.761952808660694814e+00 1.690935195584727710e-13
5.192945324705847132e-02 3.407382340191361880e+00 4.677754277860385479e-38
5.192945324705847132e-02 3.441266890377920884e+00 2.299329927276312639e-36
5.192945324705847132e-02 3.475151440564479888e+00 9.995580273756117554e-35
5.192945324705847132e-02 3.509035990751038447e+00 3.855358867599881792e-33
5.192945324705847132e-02 3.542920540937597451e+00 1.323500218640426959e-31
5.192945324705847132e-02 3.576805091124156455e+00 4.055887004547327369e-30
5.192945324705847132e-02 3.610689641310715459e+00 1.112758764677801528e-28
5.192945324705847132e-02 3.644574191497274462e+00 2.740774189912560508e-27
5.192945324705847132e-02 3.678458741683833466e+00 6.076612784526962794e-26
5.192945324705847132e-02 3.712343291870392026e+00 1.215856900655027593e-24
5.192945324705847132e-02 3.746227842056951030e+00 2.200959437657942867e-23
5.192945324705847132e-02 3.780112392243510033e+00 3.613165639049931339e-22
5.192945324705847132e-02 3.813996942430069037e+00 5.391515785539211940e-21
5.192945324705847132e-02 3.847881492616627597e+00 7.329039288960989968e-20
5.192945324705847132e-02 3.881766042803186600e+00 9.095551831177979151e-19
5.192945324705847132e-02 3.915650592989745604e+00 1.032661055151057609e-17
5.192945324705847132e-02 3.949535143176304608e+00 1.074741160673372950e-16
5.192945324705847132e-02 3.983419693362863612e+00 1.027327607081788061e-15
5.192945324705847132e-02 4.017304243549422615e+00 9.036225234165816451e-15
5.192945324705847132e-02 4.051188793735981619e+00 7.326992650686368036e-14
5.192945324705847132e-02 4.085073343922540623e+00 5.486399742212989755e-13
5.192945324705847132e-02 4.118957894109099627e+00 3.800234021065344321e-12
5.192945324705847132e-02 4.152842444295657742e+00 2.438987413819499461e-11
5.192945324705847132e-02 4.186726994482216746e+00 1.452707273434921963e-10
5.192945324705847132e-02 4.220611544668775750e+00 8.042440125918739612e-10
5.192945324705847132e-02 4.254496094855334754e+00 4.144673204577120483e-09
5.192945324705847132e-02 4.288380645041893757e+00 1.991212469450180816e-08
5.192945324705847132e-02 4.322265195228452761e+00 8.930653765779481004e-08
5.192945324705847132e-02 4.356149745415011765e+00 3.744405324955537479e-07
5.192945324705847132e-02 4.390034295601570768e+00 1.469585547530681877e-06
5.192945324705847132e-02 4.423918845788129772e+00 5.406065572226914038e-06
5.192945324705847132e-02 4.457803395974687888e+00 1.866329667263259078e-05
5.192945324705847132e-02 4.491687946161247780e+00 6.054064367495788418e-05
5.192945324705847132e-02 4.525572496347805895e+00 1.847454494529865952e-04
5.192945324705847132e-02 4.559457046534364899e+00 5.309711147958907657e-04
5.192945324705847132e-02 4.593341596720923903e+00 1.438889253070578219e-03
5.192945324705847132e-02 4.627226146907482907e+00 3.680603936895135864e-03
5.192945324705847132e-02 4.661110697094041910e+00 8.896301090101392181e-03
5.192945324705847132e-02 4.694995247280600914e+00 2.033995212389427820e-02
5.192945324705847132e-02 4.728879797467159918e+00 4.403320128294831853e-02
5.192945324705847132e-02 4.762764347653718922e+00 9.035020219657168006e-02
5.192945324705847132e-02 4.796648897840277925e+00 1.758791783924733010e-01
5.192945324705847132e-02 4.830533448026836041e+00 3.251199987580089545e-01
5.192945324705847132e-02 4.864417998213395933e+00 5.712344903811995556e-01
5.192945324705847132e-02 4.898302548399954048e+00 9.548046216663963470e-01
5.192945324705847132e-02 4.932187098586513052e+00 1.519576316423675300e+00
5.192945324705847132e-02 4.966071648773072056e+00 2.304666024142228764e+00
5.192945324705847132e-02 4.999956198959631060e+00 3.333740907923296692e+00
5.192945324705847132e-02 5.033840749146190063e+00 4.603059009412046265e+00
5.192945324705847132e-02 5.067725299332749067e+00 6.071506677273671215e+00
5.192945324705847132e-02 5.101609849519308071e+00 7.656286775665442690e+00
5.192945324705847132e-02 5.135494399705867075e+00 9.237206475632993019e+00
5.192945324705847132e-02 5.169378949892426078e+00 1.067051756457957801e+01
5.192945324705847132e-02 5.203263500078984194e+00 1.181047126798134350e+01
5.192945324705847132e-02 5.237148050265544086e+00 1.253411121822196073e+01
5.192945324705847132e-02 5.271032600452102201e+00 1.276337264656979897e+01
5.192945324705847132e-02 5.304917150638661205e+00 1.247893481815763650e+01
5.192945324705847132e-02 5.338801700825220209e+00 1.172244155912992447e+01
5.192945324705847132e-02 5.372686251011779213e+00 1.058691465871068971e+01
5.192945324705847132e-02 5.406570801198338216e+00 9.198307901077320992e+00
5.192945324705847132e-02 5.440455351384897220e+00 7.693153547848141649e+00
5.192945324705847132e-02 5.474339901571456224e+00 6.197606545770046438e+00
5.192945324705847132e-02 5.508224451758014339e+00 4.812010984625549881e+00
5.192945324705847132e-02 5.542109001944574231e+00 3.603021843709155014e+00
5.192945324705847132e-02 5.575993552131132347e+00 2.603121760211331015e+00
5.192945324705847132e-02 5.609878102317692239e+00 1.815741837383435087e+00
5.192945324705847132e-02 5.643762652504250354e+00 1.223448573585038890e+00
5.192945324705847132e-02 5.677647202690809358e+00 7.967547935860799235e-01
5.192945324705847132e-02 5.711531752877368362e+00 5.017667192768413553e-01
5.192945324705847132e-02 5.745416303063927366e+00 3.057339774899923146e-01
5.192945324705847132e-02 5.779300853250486369e+00 1.803318689554529175e-01
5.192945324705847132e-02 5.813185403437045373e+00 1.030163810484284320e-01
5.192945324705847132e-02 5.847069953623604377e+00 5.702420066577675029e-02
5.192945324705847132e-02 5.880954503810162493e+00 3.060140776494066697e-02
5.192945324705847132e-02 5.914839053996722384e+00 1.592792672817465102e-02
5.192945324705847132e-02 5.948723604183280500e+00 8.044802523735510025e-03
5.192945324705847132e-02 5.982608154369840392e+00 3.944653503925563826e-03
5.192945324705847132e-02 6.016492704556398508e+00 1.878603762159560897e-03
5.192945324705847132e-02 6.050377254742957511e+00 8.693335833314082620e-04
5.192945324705847132e-02 6.084261804929516515e+00 3.910672213971607379e-04
5.192945324705847132e-02 6.118146355116075519e+00 1.710864243080012319e-04
5.192945324705847132e-02 6.152030905302634523e+00 7.282175943415489824e-05
5.192945324705847132e-02 6.185915455489193526e+00 3.016945587841727975e-05
5.192945324705847132e-02 6.219800005675752530e+00 1.217056282711217505e-05
5.192945324705847132e-02 6.253684555862310646e+00 4.782598844175469016e-06
5.192945324705847132e-02 6.287569106048870538e+00 1.831461121672747507e-06
5.192945324705847132e-02 6.321453656235428653e+00 6.837218331843139616e-07
5.192945324705847132e-02 6.355338206421988545e+00 2.489281314597292921e-07
5.192945324705847132e-02 6.389222756608546661e+00 8.841855326645382662e-08
5.192945324705847132e-02 6.423107306795105664e+00 3.065118095347726042e-08
5.192945324705847132e-02 6.456991856981664668e+00 1.037390646794890765e-08
5.192945324705847132e-02 6.490876407168223672e+00 3.429123891421662087e-09
5.192945324705847132e-02 6.524760957354782676e+00 1.107443893933835260e-09
5.192945324705847132e-02 6.558645507541341679e+00 3.495486127690968664e-10
5.192945324705847132e-02 6.592530057727900683e+00 1.078668436548104334e-10
5.192945324705847132e-02 6.626414607914458799e+00 3.255426189061241907e-11
5.192945324705847132e-02 6.660299158101018691e+00 9.611915556410146046e-12
5.192945324705847132e-02 6.694183708287576806e+00 2.777376642468216904e-12
5.192945324705847132e-02 6.728068258474136698e+00 7.856348345455426092e-13
5.192945324705847132e-02 6.761952808660694814e+00 2.176226470198911037e-13
5.313711495047843819e-02 3.407382340191361880e+00 3.160044334554352843e-38
5.313711495047843819e-02 3.441266890377920884e+00 1.558186882108476998e-36
5.313711495047843819e-02 3.475151440564479888e+00 6.796024235196305966e-35
5.313711495047843819e-02 3.509035990751038447e+00 2.630294696309235683e-33
5.313711495047843819e-02 3.542920540937597451e+00 9.061879683451632267e-32
5.313711495047843819e-02 3.576805091124156455e+00 2.787371181934948101e-30
5.313711495047843819e-02 3.610689641310715459e+00 7.676845119519524108e-29
5.313711495047843819e-02 3.644574191497274462e+00 1.898384132259895320e-27
5.313711495047843819e-02 3.678458741683833466e+00 4.226258111012624684e-26
5.313711495047843819e-02 3.712343291870392026e+00 8.492066215594412297e-25
5.313711495047843819e-02 3.746227842056951030e+00 1.543940672414278586e-23
5.313711495047843819e-02 3.780112392243510033e+00 2.545914046366880351e-22
5.313711495047843819e-02 3.813996942430069037e+00 3.816384829890436493e-21
5.313711495047843819e-02 3.847881492616627597e+00 5.212191891131960587e-20
5.313711495047843819e-02 3.881766042803186600e+00 6.499496340036763126e-19
5.313711495047843819e-02 3.915650592989745604e+00 7.415315318033772655e-18
5.313711495047843819e-02 3.949535143176304608e+00 7.756029054030421420e-17
5.313711495047843819e-02 3.983419693362863612e+00 7.451599297574341228e-16
5.313711495047843819e-02 4.017304243549422615e+00 6.588288364290103195e-15
5.313711495047843819e-02 4.051188793735981619e+00 5.370258064989106317e-14
5.313711495047843819e-02 4.085073343922540623e+00 4.042763752861220945e-13
5.313711495047843819e-02 4.118957894109099627e+00 2.815524524773011512e-12
5.313711495047843819e-02 4.152842444295657742e+00 1.816987914187300545e-11
5.313711495047843819e-02 4.186726994482216746e+00 1.088299641532467688e-10
5.313711495047843819e-02 4.220611544668775750e+00 6.059258323280512679e-10
5.313711495047843819e-02 4.254496094855334754e+00 3.140621097090239783e-09
5.313711495047843819e-02 4.288380645041893757e+00 1.517636853245048705e-08
5.313711495047843819e-02 4.322265195228452761e+00 6.846820981770549538e-08
5.313711495047843819e-02 4.356149745415011765e+00 2.887842920009393338e-07
5.313711495047843819e-02 4.390034295601570768e+00 1.140247734826397579e-06
5.313711495047843819e-02 4.423918845788129772e+00 4.220141980017445356e-06
5.313711495047843819e-02 4.457803395974687888e+00 1.465893605824696229e-05
5.313711495047843819e-02 4.491687946161247780e+00 4.784709455852951550e-05
5.313711495047843819e-02 4.525572496347805895e+00 1.469271456024502740e-04
5.313711495047843819e-02 4.559457046534364899e+00 4.249555163743550315e-04
5.313711495047843819e-02 4.593341596720923903e+00 1.158958800867866028e-03
5.313711495047843819e-02 4.627226146907482907e+00 2.983670071134386908e-03
5.313711495047843819e-02 4.661110697094041910e+00 7.258628587524347357e-03
5.313711495047843819e-02 4.694995247280600914e+00 1.670436695955612727e-02
5.313711495047843819e-02 4.728879797467159918e+00 3.640124741324570617e-02
5.313711495047843819e-02 4.762764347653718922e+00 7.518674637849337428e-02
5.313711495047843819e-02 4.796648897840277925e+00 1.473405681157042846e-01
5.313711495047843819e-02 4.830533448026836041e+00 2.741992731138912509e-01
5.313711495047843819e-02 4.864417998213395933e+00 4.850316388492777464e-01
5.313711495047843819e-02 4.898302548399954048e+00 8.162457119336475886e-01
5.313711495047843819e-02 4.932187098586513052e+00 1.307967024618013951e+00
5.313711495047843819e-02 4.966071648773072056e+00 1.997407612589443771e+00
5.313711495047843819e-02 4.999956198959631060e+00 2.909316321600168731e+00
5.313711495047843819e-02 5.033840749146190063e+00 4.045027318630383562e+00
5.313711495047843819e-02 5.067725299332749067e+00 5.372817478932556234e+00
5.313711495047843819e-02 5.101609849519308071e+00 6.822897407455362107e+00
5.313711495047843819e-02 5.135494399705867075e+00 8.289916650534241427e+00
5.313711495047843819e-02 5.169378949892426078e+00 9.644221540410654825e+00
5.313711495047843819e-02 5.203263500078984194e+00 1.075063012193453993e+01
5.313711495047843819e-02 5.237148050265544086e+00 1.149099322473545470e+01
5.313711495047843819e-02 5.271032600452102201e+00 1.178524625646455881e+01
5.313711495047843819e-02 5.304917150638661205e+00 1.160569908155575902e+01
5.313711495047843819e-02 5.338801700825220209e+00 1.098103752837192815e+01
5.313711495047843819e-02 5.372686251011779213e+00 9.989337981450766790e+00
5.313711495047843819e-02 5.406570801198338216e+00 8.742331724837693940e+00
5.313711495047843819e-02 5.440455351384897220e+00 7.365214542775784246e+00
5.313711495047843819e-02 5.474339901571456224e+00 5.976898282277990582e+00
5.313711495047843819e-02 5.508224451758014339e+00 4.674747121224496205e+00
5.313711495047843819e-02 5.542109001944574231e+00 3.526033565339873999e+00
5.313711495047843819e-02 5.575993552131132347e+00 2.566315539983258898e+00
5.313711495047843819e-02 5.609878102317692239e+00 1.803322073660201363e+00
5.313711495047843819e-02 5.643762652504250354e+00 1.224096815174849917e+00
5.313711495047843819e-02 5.677647202690809358e+00 8.031051984566056623e-01
5.313711495047843819e-02 5.711531752877368362e+00 5.095347352948017550e-01
5.313711495047843819e-02 5.745416303063927366e+00 3.127850386456143550e-01
5.313711495047843819e-02 5.779300853250486369e+00 1.858706646502371884e-01
5.313711495047843819e-02 5.813185403437045373e+00 1.069759614927912189e-01
5.313711495047843819e-02 5.847069953623604377e+00 5.966034479024044657e-02
5.313711495047843819e-02 5.880954503810162493e+00 3.225665831517277732e-02
5.313711495047843819e-02 5.914839053996722384e+00 1.691582102352322259e-02
5.313711495047843819e-02 5.948723604183280500e+00 8.608137918648769982e-03
5.313711495047843819e-02 5.982608154369840392e+00 4.252717236676366482e-03
5.313711495047843819e-02 6.016492704556398508e+00 2.040610741509751164e-03
5.313711495047843819e-02 6.050377254742957511e+00 9.514412796177590956e-04
5.313711495047843819e-02 6.084261804929516515e+00 4.312413781107664519e-04
5.313711495047843819e-02 6.118146355116075519e+00 1.900906140457944541e-04
5.313711495047843819e-02 6.152030905302634523e+00 8.152386506285682233e-05
5.313711495047843819e-02 6.185915455489193526e+00 3.403075783638855717e-05
5.313711495047843819e-02 6.219800005675752530e+00 1.383238802240895161e-05
5.313711495047843819e-02 6.253684555862310646e+00 5.476894243876637174e-06
5.313711495047843819e-02 6.287569106048870538e+00 2.113261718888082702e-06
5.313711495047843819e-02 6.321453656235428653e+00 7.949159995259666096e-07
5.313711495047843819e-02 6.355338206421988545e+00 2.916102277869029567e-07
5.313711495047843819e-02 6.389222756608546661e+00 1.043661565192502348e-07
5.313711495047843819e-02 6.423107306795105664e+00 3.645451278515883934e-08
5.313711495047843819e-02 6.456991856981664668e+00 1.243180721429365766e-08
5.313711495047843819e-02 6.490876407168223672e+00 4.140595319836846264e-09
5.313711495047843819e-02 6.524760957354782676e+00 1.347375381979170494e-09
5.313711495047843819e-02 6.558645507541341679e+00 4.285101283116528310e-10
5.313711495047843819e-02 6.592530057727900683e+00 1.332377416643848811e-10
5.313711495047843819e-02 6.626414607914458799e+00 4.051649462388638972e-11
5.313711495047843819e-02 6.660299158101018691e+00 1.205361741227942087e-11
5.313711495047843819e-02 6.694183708287576806e+00 3.509329911157274125e-12
5.313711495047843819e-02 6.728068258474136698e+00 1.000208245940554029e-12
5.313711495047843819e-02 6.761952808660694814e+00 2.791593545501562367e-13
5.434477665389840506e-02 3.407382340191361880e+00 2.137005424601322894e-38
5.434477665389840506e-02 3.441266890377920884e+00 1.057007084795084555e-36
5.434477665389840506e-02 3.475151440564479888e+00 4.625142606241655036e-35
5.434477665389840506e-02 3.509035990751038447e+00 1.796181812717450413e-33
5.434477665389840506e-02 3.542920540937597451e+00 6.210143465312340943e-32
5.434477665389840506e-02 3.576805091124156455e+00 1.917235319346079406e-30
5.434477665389840506e-02 3.610689641310715459e+00 5.300521478632087981e-29
5.434477665389840506e-02 3.644574191497274462e+00 1.315925295814837532e-27
5.434477665389840506e-02 3.678458741683833466e+00 2.941499956613919322e-26
5.434477665389840506e-02 3.712343291870392026e+00 5.935325964891847057e-25
5.434477665389840506e-02 3.746227842056951030e+00 1.083755336412635986e-23
5.434477665389840506e-02 3.780112392243510033e+00 1.794995294960213222e-22
5.434477665389840506e-02 3.813996942430069037e+00 2.702954058744071558e-21
5.434477665389840506e-02 3.847881492616627597e+00 3.708688500371984062e-20
5.434477665389840506e-02 3.881766042803186600e+00 4.646631662169987394e-19
5.434477665389840506e-02 3.915650592989745604e+00 5.327095874434866903e-18
5.434477665389840506e-02 3.949535143176304608e+00 5.599446653751139671e-17
5.434477665389840506e-02 3.983419693362863612e+00 5.406810474669355366e-16
5.434477665389840506e-02 4.017304243549422615e+00 4.804964297872692108e-15
5.434477665389840506e-02 4.051188793735981619e+00 3.937108496850802330e-14
5.434477665389840506e-02 4.085073343922540623e+00 2.979633477296423506e-13
5.434477665389840506e-02 4.118957894109099627e+00 2.086327698707054848e-12
5.434477665389840506e-02 4.152842444295657742e+00 1.353783949610823246e-11
5.434477665389840506e-02 4.186726994482216746e+00 8.153691062817213397e-11
5.434477665389840506e-02 4.220611544668775750e+00 4.565275444749595112e-10
5.434477665389840506e-02 4.254496094855334754e+00 2.379781731063682178e-09
5.434477665389840506e-02 4.288380645041893757e+00 1.156631083593852496e-08
5.434477665389840506e-02 4.322265195228452761e+00 5.248700485595769009e-08
5.434477665389840506e-02 4.356149745415011765e+00 2.226905071915883479e-07
5.434477665389840506e-02 4.390034295601570768e+00 8.845477577660730941e-07
5.434477665389840506e-02 4.423918845788129772e+00 3.293599646389225501e-06
5.434477665389840506e-02 4.457803395974687888e+00 1.151051565318351316e-05
5.434477665389840506e-02 4.491687946161247780e+00 3.780267860350646489e-05
5.434477665389840506e-02 4.525572496347805895e+00 1.168070378984769269e-04
5.434477665389840506e-02 4.559457046534364899e+00 3.399655604127088215e-04
5.434477665389840506e-02 4.593341596720923903e+00 9.330559669097927009e-04
5.434477665389840506e-02 4.627226146907482907e+00 2.417473725408765886e-03
5.434477665389840506e-02 4.661110697094041910e+00 5.919146819104134476e-03
5.434477665389840506e-02 4.694995247280600914e+00 1.371038772145296951e-02
5.434477665389840506e-02 4.728879797467159918e+00 3.007267621098561050e-02
5.434477665389840506e-02 4.762764347653718922e+00 6.252496445890613763e-02
5.434477665389840506e-02 4.796648897840277925e+00 1.233418486868584629e-01
5.434477665389840506e-02 4.830533448026836041e+00 2.310730674023114273e-01
5.434477665389840506e-02 4.864417998213395933e+00 4.114967033017878362e-01
5.434477665389840506e-02 4.898302548399954048e+00 6.971852700937483105e-01
5.434477665389840506e-02 4.932187098586513052e+00 1.124792025407481466e+00
5.434477665389840506e-02 4.966071648773072056e+00 1.729445350750174581e+00
5.434477665389840506e-02 4.999956198959631060e+00 2.536365247210225604e+00
5.434477665389840506e-02 5.033840749146190063e+00 3.550900175136931569e+00
5.434477665389840506e-02 5.067725299332749067e+00 4.749305973516774415e+00
5.434477665389840506e-02 5.101609849519308071e+00 6.073266474283547822e+00
5.434477665389840506e-02 5.135494399705867075e+00 7.430926240206908950e+00
5.434477665389840506e-02 5.169378949892426078e+00 8.705878582997941706e+00
5.434477665389840506e-02 5.203263500078984194e+00 9.773381337461882978e+00
5.434477665389840506e-02 5.237148050265544086e+00 1.052074172947640740e+01
5.434477665389840506e-02 5.271032600452102201e+00 1.086718884892332326e+01
5.434477665389840506e-02 5.304917150638661205e+00 1.077831943796911496e+01
5.434477665389840506e-02 5.338801700825220209e+00 1.027153353856717644e+01
5.434477665389840506e-02 5.372686251011779213e+00 9.411336852105307571e+00
5.434477665389840506e-02 5.406570801198338216e+00 8.296113477048281837e+00
5.434477665389840506e-02 5.440455351384897220e+00 7.040042196464098900e+00
5.434477665389840506e-02 5.474339901571456224e+00 5.754630337177492727e+00
5.434477665389840506e-02 5.508224451758014339e+00 4.533777809556252869e+00
5.434477665389840506e-02 5.542109001944574231e+00 3.444748594085486282e+00
5.434477665389840506e-02 5.575993552131132347e+00 2.525562761548463264e+00
5.434477665389840506e-02 5.609878102317692239e+00 1.787747129784797995e+00
5.434477665389840506e-02 5.643762652504250354e+00 1.222476492555792271e+00
5.434477665389840506e-02 5.677647202690809358e+00 8.079715189243726892e-01
5.434477665389840506e-02 5.711531752877368362e+00 5.164197251966360369e-01
5.434477665389840506e-02 5.745416303063927366e+00 3.193644708248243869e-01
5.434477665389840506e-02 5.779300853250486369e+00 1.911916502350869684e-01
5.434477665389840506e-02 5.813185403437045373e+00 1.108580433123223657e-01
5.434477665389840506e-02 5.847069953623604377e+00 6.228663556922161421e-02
5.434477665389840506e-02 5.880954503810162493e+00 3.392824740153229518e-02
5.434477665389840506e-02 5.914839053996722384e+00 1.792555391061557979e-02
5.434477665389840506e-02 5.948723604183280500e+00 9.190314350049076306e-03
5.434477665389840506e-02 5.982608154369840392e+00 4.574390019025775106e-03
5.434477665389840506e-02 6.016492704556398508e+00 2.211444105066489706e-03
5.434477665389840506e-02 6.050377254742957511e+00 1.038843647409577135e-03
5.434477665389840506e-02 6.084261804929516515e+00 4.743992739106395271e-04
5.434477665389840506e-02 6.118146355116075519e+00 2.106892423805938822e-04
5.434477665389840506e-02 6.152030905302634523e+00 9.103889362071525856e-05
5.434477665389840506e-02 6.185915455489193526e+00 3.828921836652029933e-05
5.434477665389840506e-02 6.219800005675752530e+00 1.568074138003622530e-05
5.434477665389840506e-02 6.253684555862310646e+00 6.255614041914457072e-06
5.434477665389840506e-02 6.287569106048870538e+00 2.431959799080705020e-06
5.434477665389840506e-02 6.321453656235428653e+00 9.217071503236403812e-07
5.434477665389840506e-02 6.355338206421988545e+00 3.406778759648407495e-07
5.434477665389840506e-02 6.389222756608546661e+00 1.228488036212549293e-07
5.434477665389840506e-02 6.423107306795105664e+00 4.323475116814666076e-08
5.434477665389840506e-02 6.456991856981664668e+00 1.485547291636083499e-08
5.434477665389840506e-02 6.490876407168223672e+00 4.985232822229790151e-09
5.434477665389840506e-02 6.524760957354782676e+00 1.634486648442774569e-09
5.434477665389840506e-02 6.558645507541341679e+00 5.237492514795089382e-10
5.434477665389840506e-02 6.592530057727900683e+00 1.640810275606013380e-10
5.434477665389840506e-02 6.626414607914458799e+00 5.027253213279417240e-11
5.434477665389840506e-02 6.660299158101018691e+00 1.506894653112917038e-11
5.434477665389840506e-02 6.694183708287576806e+00 4.420331863139782877e-12
5.434477665389840506e-02 6.728068258474136698e+00 1.269359654234292880e-12
5.434477665389840506e-02 6.761952808660694814e+00 3.569506872351966372e-13
5.555243835731836499e-02 3.407382340191361880e+00 1.446672980218355471e-38
5.555243835731836499e-02 3.441266890377920884e+00 7.177488415734409217e-37
5.555243835731836499e-02 3.475151440564479888e+00 3.150759874496111102e-35
5.555243835731836499e-02 3.509035990751038447e+00 1.227720913401107307e-33
5.555243835731836499e-02 3.542920540937597451e+00 4.259628727335199847e-32
5.555243835731836499e-02 3.576805091124156455e+00 1.319854058514399045e-30
5.555243835731836499e-02 3.610689641310715459e+00 3.662749461560171173e-29
5.555243835731836499e-02 3.644574191497274462e+00 9.128804659959840908e-28
5.555243835731836499e-02 3.678458741683833466e+00 2.048801070102725575e-26
5.555243835731836499e-02 3.712343291870392026e+00 4.151225424688272778e-25
5.555243835731836499e-02 3.746227842056951030e+00 7.612279107914427969e-24
5.555243835731836499e-02 3.780112392243510033e+00 1.266332756355048551e-22
5.555243835731836499e-02 3.813996942430069037e+00 1.915455737294136577e-21
5.555243835731836499e-02 3.847881492616627597e+00 2.640274934656757884e-20
5.555243835731836499e-02 3.881766042803186600e+00 3.323589584397302571e-19
5.555243835731836499e-02 3.915650592989745604e+00 3.828632277842923302e-18
5.555243835731836499e-02 3.949535143176304608e+00 4.044125290277772878e-17
5.555243835731836499e-02 3.983419693362863612e+00 3.924533705954072456e-16
5.555243835731836499e-02 4.017304243549422615e+00 3.505454720890785022e-15
5.555243835731836499e-02 4.051188793735981619e+00 2.887204365142112721e-14
5.555243835731836499e-02 4.085073343922540623e+00 2.196577088514129592e-13
5.555243835731836499e-02 4.118957894109099627e+00 1.546272351189443289e-12
5.555243835731836499e-02 4.152842444295657742e+00 1.008806817258338013e-11
5.555243835731836499e-02 4.186726994482216746e+00 6.109453318217854760e-11
5.555243835731836499e-02 4.220611544668775750e+00 3.439836385299541755e-10
5.555243835731836499e-02 4.254496094855334754e+00 1.803278855400924691e-09
5.555243835731836499e-02 4.288380645041893757e+00 8.814686855227640971e-09
5.555243835731836499e-02 4.322265195228452761e+00 4.023281792295796796e-08
5.555243835731836499e-02 4.356149745415011765e+00 1.717024361276200764e-07
5.555243835731836499e-02 4.390034295601570768e+00 6.860735973685680966e-07
5.555243835731836499e-02 4.423918845788129772e+00 2.569937804092952625e-06
5.555243835731836499e-02 4.457803395974687888e+00 9.035992289721859108e-06
5.555243835731836499e-02 4.491687946161247780e+00 2.985788075535104243e-05
5.555243835731836499e-02 4.525572496347805895e+00 9.282950268486598396e-05
5.555243835731836499e-02 4.559457046534364899e+00 2.718673452808137241e-04
5.555243835731836499e-02 4.593341596720923903e+00 7.508594930310853472e-04
5.555243835731836499e-02 4.627226146907482907e+00 1.957783293004336771e-03
5.555243835731836499e-02 4.661110697094041910e+00 4.824320386497043568e-03
5.555243835731836499e-02 4.694995247280600914e+00 1.124663348081931039e-02
5.555243835731836499e-02 4.728879797467159918e+00 2.482913448856716512e-02
5.555243835731836499e-02 4.762764347653718922e+00 5.196128824306674859e-02
5.555243835731836499e-02 4.796648897840277925e+00 1.031795124036751499e-01
5.555243835731836499e-02 4.830533448026836041e+00 1.945843389303365534e-01
5.555243835731836499e-02 4.864417998213395933e+00 3.488339985250784037e-01
5.555243835731836499e-02 4.898302548399954048e+00 5.949935977899596384e-01
5.555243835731836499e-02 4.932187098586513052e+00 9.664182524091028403e-01
5.555243835731836499e-02 4.966071648773072056e+00 1.496046622840177642e+00
5.555243835731836499e-02 4.999956198959631060e+00 2.209080231292980478e+00
5.555243835731836499e-02 5.033840749146190063e+00 3.113974402262985386e+00
5.555243835731836499e-02 5.067725299332749067e+00 4.193711344047684086e+00
5.555243835731836499e-02 5.101609849519308071e+00 5.400039465964527885e+00
5.555243835731836499e-02 5.135494399705867075e+00 6.653308280000961084e+00
5.555243835731836499e-02 5.169378949892426078e+00 7.849478136646093951e+00
5.555243835731836499e-02 5.203263500078984194e+00 8.873999358479723654e+00
5.555243835731836499e-02 5.237148050265544086e+00 9.620102153121727895e+00
5.555243835731836499e-02 5.271032600452102201e+00 1.000739971458225597e+01
5.555243835731836499e-02 5.304917150638661205e+00 9.996253485693200602e+00
5.555243835731836499e-02 5.338801700825220209e+00 9.594330873323210440e+00
5.555243835731836499e-02 5.372686251011779213e+00 8.853897427244113771e+00
5.555243835731836499e-02 5.406570801198338216e+00 7.860890643114525567e+00
5.555243835731836499e-02 5.440455351384897220e+00 6.718865491808532653e+00
5.555243835731836499e-02 5.474339901571456224e+00 5.531858001685076687e+00
5.555243835731836499e-02 5.508224451758014339e+00 4.389910023194838473e+00
5.555243835731836499e-02 5.542109001944574231e+00 3.359720868494694201e+00
5.555243835731836499e-02 5.575993552131132347e+00 2.481202458002257139e+00
5.555243835731836499e-02 5.609878102317692239e+00 1.769197052670627768e+00
5.555243835731836499e-02 5.643762652504250354e+00 1.218664181289999204e+00
5.555243835731836499e-02 5.677647202690809358e+00 8.113718887521262912e-01
5.555243835731836499e-02 5.711531752877368362e+00 5.224126711826465597e-01
5.555243835731836499e-02 5.745416303063927366e+00 3.254548145077146293e-01
5.555243835731836499e-02 5.779300853250486369e+00 1.962782340792021130e-01
5.555243835731836499e-02 5.813185403437045373e+00 1.146502761660279646e-01
5.555243835731836499e-02 5.847069953623604377e+00 6.489521387815887221e-02
5.555243835731836499e-02 5.880954503810162493e+00 3.561180733767457807e-02
5.555243835731836499e-02 5.914839053996722384e+00 1.895503281396173842e-02
5.555243835731836499e-02 5.948723604183280500e+00 9.790524264873541604e-03
5.555243835731836499e-02 5.982608154369840392e+00 4.909489628685171150e-03
5.555243835731836499e-02 6.016492704556398508e+00 2.391169400572022881e-03
5.555243835731836499e-02 6.050377254742957511e+00 1.131668261544534898e-03
5.555243835731836499e-02 6.084261804929516515e+00 5.206556561255450306e-04
5.555243835731836499e-02 6.118146355116075519e+00 2.329642794750778467e-04
5.555243835731836499e-02 6.152030905302634523e+00 1.014184188578003696e-04
5.555243835731836499e-02 6.185915455489193526e+00 4.297456323072904971e-05
5.555243835731836499e-02 6.219800005675752530e+00 1.773162816843446468e-05
5.555243835731836499e-02 6.253684555862310646e+00 7.126900636898081595e-06
5.555243835731836499e-02 6.287569106048870538e+00 2.791497907964792133e-06
5.555243835731836499e-02 6.321453656235428653e+00 1.065921436920080512e-06
5.555243835731836499e-02 6.355338206421988545e+00 3.969432431131533490e-07
5.555243835731836499e-02 6.389222756608546661e+00 1.442143013696926684e-07
5.555243835731836499e-02 6.423107306795105664e+00 5.113564191813893803e-08
5.555243835731836499e-02 6.456991856981664668e+00 1.770234404720373243e-08
5.555243835731836499e-02 6.490876407168223672e+00 5.985263213919106984e-09
5.555243835731836499e-02 6.524760957354782676e+00 1.977117311663382564e-09
5.555243835731836499e-02 6.558645507541341679e+00 6.383035316570794094e-10
5.555243835731836499e-02 6.592530057727900683e+00 2.014718012328745835e-10
5.555243835731836499e-02 6.626414607914458799e+00 6.219247182551795895e-11
5.555243835731836499e-02 6.660299158101018691e+00 1.878191977471189505e-11
5.555243835731836499e-02 6.694183708287576806e+00 5.550865022755066260e-12
5.555243835731836499e-02 6.728068258474136698e+00 1.605970826638849714e-12
5.555243835731836499e-02 6.761952808660694814e+00 4.549950006876018828e-13
5.676010006073833186e-02 3.407382340191361880e+00 9.803529124873198233e-39
5.676010006073833186e-02 3.441266890377920884e+00 4.878641213996593223e-37
5.676010006073833186e-02 3.475151440564479888e+00 2.148431349532257646e-35
5.676010006073833186e-02 3.509035990751038447e+00 8.399414395820286218e-34
5.676010006073833186e-02 3.542920540937597451e+00 2.924325062994146412e-32
5.676010006073833186e-02 3.576805091124156455e+00 9.093766118342085890e-31
5.676010006073833186e-02 3.610689641310715459e+00 2.533066603093888627e-29
5.676010006073833186e-02 3.644574191497274462e+00 6.337684284902987306e-28
5.676010006073833186e-02 3.678458741683833466e+00 1.428064439351618727e-26
5.676010006073833186e-02 3.712343291870392026e+00 2.905414006573281468e-25
5.676010006073833186e-02 3.746227842056951030e+00 5.350333737904740907e-24
5.676010006073833186e-02 3.780112392243510033e+00 8.939180135935232039e-23
5.676010006073833186e-02 3.813996942430069037e+00 1.358167617516564703e-21
5.676010006073833186e-02 3.847881492616627597e+00 1.880650477178048593e-20
5.676010006073833186e-02 3.881766042803186600e+00 2.378421921909658125e-19
5.676010006073833186e-02 3.915650592989745604e+00 2.752905370200275277e-18
5.676010006073833186e-02 3.949535143176304608e+00 2.922002517977744855e-17
5.676010006073833186e-02 3.983419693362863612e+00 2.849662224382649423e-16
5.676010006073833186e-02 4.017304243549422615e+00 2.558225260289274726e-15
5.676010006073833186e-02 4.051188793735981619e+00 2.117871595777525631e-14
5.676010006073833186e-02 4.085073343922540623e+00 1.619696574891145573e-13
5.676010006073833186e-02 4.118957894109099627e+00 1.146237585149554770e-12
5.676010006073833186e-02 4.152842444295657742e+00 7.518537196298110678e-12
5.676010006073833186e-02 4.186726994482216746e+00 4.578240365450524463e-11
5.676010006073833186e-02 4.220611544668775750e+00 2.592018592961711017e-10
5.676010006073833186e-02 4.254496094855334754e+00 1.366468143952882036e-09
5.676010006073833186e-02 4.288380645041893757e+00 6.717552292731388325e-09
5.676010006073833186e-02 4.322265195228452761e+00 3.083773609902354787e-08
5.676010006073833186e-02 4.356149745415011765e+00 1.323749410309261161e-07
5.676010006073833186e-02 4.390034295601570768e+00 5.320541753728896920e-07
5.676010006073833186e-02 4.423918845788129772e+00 2.004893342552433037e-06
5.676010006073833186e-02 4.457803395974687888e+00 7.091773825932443342e-06
5.676010006073833186e-02 4.491687946161247780e+00 2.357623274744771789e-05
5.676010006073833186e-02 4.525572496347805895e+00 7.375018502421016307e-05
5.676010006073833186e-02 4.559457046534364899e+00 2.173303004699899072e-04
5.676010006073833186e-02 4.593341596720923903e+00 6.039928373067059847e-04
5.676010006073833186e-02 4.627226146907482907e+00 1.584785954670897253e-03
5.676010006073833186e-02 4.661110697094041910e+00 3.930043093056965163e-03
5.676010006073833186e-02 4.694995247280600914e+00 9.220627658575805338e-03
5.676010006073833186e-02 4.728879797467159918e+00 2.048788914161352864e-02
5.676010006073833186e-02 4.762764347653718922e+00 4.315523579080611516e-02
5.676010006073833186e-02 4.796648897840277925e+00 8.625506695983771455e-02
5.676010006073833186e-02 4.830533448026836041e+00 1.637402960485948300e-01
5.676010006073833186e-02 4.864417998213395933e+00 2.954890569399766798e-01
5.676010006073833186e-02 4.898302548399954048e+00 5.073732425294575910e-01
5.676010006073833186e-02 4.932187098586513052e+00 8.296410608583119073e-01
5.676010006073833186e-02 4.966071648773072056e+00 1.292994539391288056e+00
5.676010006073833186e-02 4.999956198959631060e+00 1.922230834886307305e+00
5.676010006073833186e-02 5.033840749146190063e+00 2.728142596292735256e+00
5.676010006073833186e-02 5.067725299332749067e+00 3.699333574302555050e+00
5.676010006073833186e-02 5.101609849519308071e+00 4.796332175069884407e+00
5.676010006073833186e-02 5.135494399705867075e+00 5.950469586874921113e+00
5.676010006073833186e-02 5.169378949892426078e+00 7.069180366487930911e+00
5.676010006073833186e-02 5.203263500078984194e+00 8.047764824085563262e+00
5.676010006073833186e-02 5.237148050265544086e+00 8.785684655545718869e+00
5.676010006073833186e-02 5.271032600452102201e+00 9.203842639161651462e+00
5.676010006073833186e-02 5.304917150638661205e+00 9.258672344345697525e+00
5.676010006073833186e-02 5.338801700825220209e+00 8.949540069213750115e+00
5.676010006073833186e-02 5.372686251011779213e+00 8.317746760719220589e+00
5.676010006073833186e-02 5.406570801198338216e+00 7.437694276933759951e+00
5.676010006073833186e-02 5.440455351384897220e+00 6.402765999977586553e+00
5.676010006073833186e-02 5.474339901571456224e+00 5.309543219785656021e+00
5.676010006073833186e-02 5.508224451758014339e+00 4.243899984499332589e+00
5.676010006073833186e-02 5.542109001944574231e+00 3.271482755600121362e+00
5.676010006073833186e-02 5.575993552131132347e+00 2.433569196180895400e+00
5.676010006073833186e-02 5.609878102317692239e+00 1.747855479557723912e+00
5.676010006073833186e-02 5.643762652504250354e+00 1.212742392083290710e+00
5.676010006073833186e-02 5.677647202690809358e+00 8.133297956156860797e-01
5.676010006073833186e-02 5.711531752877368362e+00 5.275082975365005256e-01
5.676010006073833186e-02 5.745416303063927366e+00 3.310407528382545150e-01
5.676010006073833186e-02 5.779300853250486369e+00 2.011147961707889231e-01
5.676010006073833186e-02 5.813185403437045373e+00 1.183405873638170708e-01
5.676010006073833186e-02 5.847069953623604377e+00 6.747817024348524984e-02
5.676010006073833186e-02 5.880954503810162493e+00 3.730281549493528331e-02
5.676010006073833186e-02 5.914839053996722384e+00 2.000201450686743890e-02
5.676010006073833186e-02 5.948723604183280500e+00 1.040785095429162289e-02
5.676010006073833186e-02 5.982608154369840392e+00 5.257767678063063159e-03
5.676010006073833186e-02 6.016492704556398508e+00 2.579817753567218482e-03
5.676010006073833186e-02 6.050377254742957511e+00 1.230027631459314381e-03
5.676010006073833186e-02 6.084261804929516515e+00 5.701202832715584687e-04
5.676010006073833186e-02 6.118146355116075519e+00 2.569971119171472816e-04
5.676010006073833186e-02 6.152030905302634523e+00 1.127148934050194846e-04
5.676010006073833186e-02 6.185915455489193526e+00 4.811758080518668059e-05
5.676010006073833186e-02 6.219800005675752530e+00 2.000187850027384937e-05
5.676010006073833186e-02 6.253684555862310646e+00 8.099430412131752274e-06
5.676010006073833186e-02 6.287569106048870538e+00 3.196128092734695660e-06
5.676010006073833186e-02 6.321453656235428653e+00 1.229550575293088663e-06
5.676010006073833186e-02 6.355338206421988545e+00 4.613015699210984696e-07
5.676010006073833186e-02 6.389222756608546661e+00 1.688499397667395942e-07
5.676010006073833186e-02 6.423107306795105664e+00 6.031882255267194014e-08
5.676010006073833186e-02 6.456991856981664668e+00 2.103762704624128195e-08
5.676010006073833186e-02 6.490876407168223672e+00 7.166153348860973480e-09
5.676010006073833186e-02 6.524760957354782676e+00 2.384909819905886091e-09
5.676010006073833186e-02 6.558645507541341679e+00 7.757165177694344717e-10
5.676010006073833186e-02 6.592530057727900683e+00 2.466753207408928609e-10
5.676010006073833186e-02 6.626414607914458799e+00 7.671566412619733570e-11
5.676010006073833186e-02 6.660299158101018691e+00 2.334102692343159225e-11
5.676010006073833186e-02 6.694183708287576806e+00 6.949813274649658841e-12
5.676010006073833186e-02 6.728068258474136698e+00 2.025728107581023685e-12
5.676010006073833186e-02 6.761952808660694814e+00 5.782018870436584098e-13
5.796776176415829873e-02 3.407382340191361880e+00 6.650225728337901483e-39
5.796776176415829873e-02 3.441266890377920884e+00 3.319342416386419438e-37
5.796776176415829873e-02 3.475151440564479888e+00 1.466355058817607852e-35
5.796776176415829873e-02 3.509035990751038447e+00 5.751674720195659145e-34
5.796776176415829873e-02 3.542920540937597451e+00 2.009369273383833400e-32
5.796776176415829873e-02 3.576805091124156455e+00 6.270842840757040989e-31
5.796776176415829873e-02 3.610689641310715459e+00 1.753210808490097391e-29
5.796776176415829873e-02 3.644574191497274462e+00 4.403308445633809561e-28
5.796776176415829873e-02 3.678458741683833466e+00 9.961188384497003252e-27
5.796776176415829873e-02 3.712343291870392026e+00 2.034878223127696225e-25
5.796776176415829873e-02 3.746227842056951030e+00 3.762954203342807038e-24
5.796776176415829873e-02 3.780112392243510033e+00 6.314114942546960799e-23
5.796776176415829873e-02 3.813996942430069037e+00 9.635682650223652746e-22
5.796776176415829873e-02 3.847881492616627597e+00 1.340286614760809158e-20
5.796776176415829873e-02 3.881766042803186600e+00 1.702878779931475199e-19
5.796776176415829873e-02 3.915650592989745604e+00 1.980317331187963748e-18
5.796776176415829873e-02 3.949535143176304608e+00 2.112102033888919353e-17
5.796776176415829873e-02 3.983419693362863612e+00 2.069947722927561236e-16
5.796776176415829873e-02 4.017304243549422615e+00 1.867566711403497042e-15
5.796776176415829873e-02 4.051188793735981619e+00 1.553984946220201486e-14
5.796776176415829873e-02 4.085073343922540623e+00 1.194615204731526437e-13
5.796776176415829873e-02 4.118957894109099627e+00 8.498699235637667162e-13
5.796776176415829873e-02 4.152842444295657742e+00 5.604408543456013340e-12
5.796776176415829873e-02 4.186726994482216746e+00 3.431213810716117293e-11
5.796776176415829873e-02 4.220611544668775750e+00 1.953319074946714883e-10
5.796776176415829873e-02 4.254496094855334754e+00 1.035506021248226636e-09
5.796776176415829873e-02 4.288380645041893757e+00 5.119333355842853716e-09
5.796776176415829873e-02 4.322265195228452761e+00 2.363547605669567295e-08
5.796776176415829873e-02 4.356149745415011765e+00 1.020461286689651155e-07
5.796776176415829873e-02 4.390034295601570768e+00 4.125570353401831762e-07
5.796776176415829873e-02 4.423918845788129772e+00 1.563811682473979294e-06
5.796776176415829873e-02 4.457803395974687888e+00 5.564676411791918566e-06
5.796776176415829873e-02 4.491687946161247780e+00 1.861132627804313922e-05
5.796776176415829873e-02 4.525572496347805895e+00 5.857457285694997169e-05
5.796776176415829873e-02 4.559457046534364899e+00 1.736736229590984254e-04
5.796776176415829873e-02 4.593341596720923903e+00 4.856648335509712654e-04
5.796776176415829873e-02 4.627226146907482907e+00 1.282300347148315409e-03
5.796776176415829873e-02 4.661110697094041910e+00 3.200022393436298147e-03
5.796776176415829873e-02 4.694995247280600914e+00 7.555693616223315909e-03
5.796776176415829873e-02 4.728879797467159918e+00 1.689624248710279442e-02
5.796776176415829873e-02 4.762764347653718922e+00 3.582001247207115130e-02
5.796776176415829873e-02 4.796648897840277925e+00 7.206025418632683310e-02
5.796776176415829873e-02 4.830533448026836041e+00 1.376907178296480627e-01
5.796776176415829873e-02 4.864417998213395933e+00 2.501190593464733825e-01
5.796776176415829873e-02 4.898302548399954048e+00 4.323216747490675194e-01
5.796776176415829873e-02 4.932187098586513052e+00 7.116409659868763171e-01
5.796776176415829873e-02 4.966071648773072056e+00 1.116542506412591562e+00
5.796776176415829873e-02 4.999956198959631060e+00 1.671121528444561077e+00
5.796776176415829873e-02 5.033840749146190063e+00 2.387860735754955055e+00
5.796776176415829873e-02 5.067725299332749067e+00 3.260016735179553482e+00
5.796776176415829873e-02 5.101609849519308071e+00 4.255733728580437969e+00
5.796776176415829873e-02 5.135494399705867075e+00 5.316174556423222342e+00
5.796776176415829873e-02 5.169378949892426078e+00 6.359358266333791754e+00
5.796776176415829873e-02 5.203263500078984194e+00 7.290019541969336103e+00
5.796776176415829873e-02 5.237148050265544086e+00 8.014024798856983267e+00
5.796776176415829873e-02 5.271032600452102201e+00 8.454304981538381725e+00
5.796776176415829873e-02 5.304917150638661205e+00 8.564512268755761326e+00
5.796776176415829873e-02 5.338801700825220209e+00 8.337021521470187935e+00
5.796776176415829873e-02 5.372686251011779213e+00 7.803381398353778309e+00
5.796776176415829873e-02 5.406570801198338216e+00 7.027366681171967500e+00
5.796776176415829873e-02 5.440455351384897220e+00 6.092687023844177041e+00
5.796776176415829873e-02 5.474339901571456224e+00 5.088557979627315042e+00
5.796776176415829873e-02 5.508224451758014339e+00 4.096453316007097278e+00
5.796776176415829873e-02 5.542109001944574231e+00 3.180543829659294275e+00
5.796776176415829873e-02 5.575993552131132347e+00 2.382991626313842204e+00
5.796776176415829873e-02 5.609878102317692239e+00 1.723908497105590021e+00
5.796776176415829873e-02 5.643762652504250354e+00 1.204798875023136429e+00
5.796776176415829873e-02 5.677647202690809358e+00 8.138737592218956429e-01
5.796776176415829873e-02 5.711531752877368362e+00 5.317049863406071442e-01
5.796776176415829873e-02 5.745416303063927366e+00 3.361091421053041817e-01
5.796776176415829873e-02 5.779300853250486369e+00 2.056867522772116430e-01
5.796776176415829873e-02 5.813185403437045373e+00 1.219172391643763564e-01
5.796776176415829873e-02 5.847069953623604377e+00 7.002758242701347113e-02
5.796776176415829873e-02 5.880954503810162493e+00 3.899661353315646978e-02
5.796776176415829873e-02 5.914839053996722384e+00 2.106411208685463748e-02
5.796776176415829873e-02 5.948723604183280500e+00 1.104126916171230613e-02
5.796776176415829873e-02 5.982608154369840392e+00 5.618907833201571347e-03
5.796776176415829873e-02 6.016492704556398508e+00 2.777383779214358424e-03
5.796776176415829873e-02 6.050377254742957511e+00 1.334017599781800022e-03
5.796776176415829873e-02 6.084261804929516515e+00 6.228969303910868258e-04
5.796776176415829873e-02 6.118146355116075519e+00 2.828680172477651493e-04
5.796776176415829873e-02 6.152030905302634523e+00 1.249814136061291382e-04
5.796776176415829873e-02 6.185915455489193526e+00 5.375003881298282856e-05
5.796776176415829873e-02 6.219800005675752530e+00 2.250913107551605265e-05
5.796776176415829873e-02 6.253684555862310646e+00 9.182420674563996664e-06
5.796776176415829873e-02 6.287569106048870538e+00 3.650423070767393069e-06
5.796776176415829873e-02 6.321453656235428653e+00 1.414760875977360026e-06
5.796776176415829873e-02 6.355338206421988545e+00 5.347370185917223591e-07
5.796776176415829873e-02 6.389222756608546661e+00 1.971858340609533210e-07
5.796776176415829873e-02 6.423107306795105664e+00 7.096557274056520468e-08
5.796776176415829873e-02 6.456991856981664668e+00 2.493515086349466146e-08
5.796776176415829873e-02 6.490876407168223672e+00 8.557006145781045954e-09
5.796776176415829873e-02 6.524760957354782676e+00 2.868983740982573382e-09
5.796776176415829873e-02 6.558645507541341679e+00 9.401111476520572692e-10
5.796776176415829873e-02 6.592530057727900683e+00 3.011766823775663561e-10
5.796776176415829873e-02 6.626414607914458799e+00 9.436227476273266260e-11
5.796776176415829873e-02 6.660299158101018691e+00 2.892357967435065801e-11
5.796776176415829873e-02 6.694183708287576806e+00 8.676044340291324951e-12
5.796776176415829873e-02 6.728068258474136698e+00 2.547680361890176959e-12
5.796776176415829873e-02 6.761952808660694814e+00 7.325830496044390789e-13
5.917542346757825866e-02 3.407382340191361880e+00 4.515713081947832197e-39
5.917542346757825866e-02 3.441266890377920884e+00 2.260615064569700661e-37
5.917542346757825866e-02 3.475151440564479888e+00 1.001759176002789635e-35
5.917542346757825866e-02 3.509035990751038447e+00 3.942131140351997465e-34
5.917542346757825866e-02 3.542920540937597451e+00 1.381878980808092665e-32
5.917542346757825866e-02 3.576805091124156455e+00 4.327815077676435775e-31
5.917542346757825866e-02 3.610689641310715459e+00 1.214413591464343475e-29
5.917542346757825866e-02 3.644574191497274462e+00 3.061658088519221750e-28
5.917542346757825866e-02 3.678458741683833466e+00 6.953244908963412091e-27
5.917542346757825866e-02 3.712343291870392026e+00 1.426151402609436515e-25
5.917542346757825866e-02 3.746227842056951030e+00 2.648240574635125287e-24
5.917542346757825866e-02 3.780112392243510033e+00 4.462633332115939020e-23
5.917542346757825866e-02 3.813996942430069037e+00 6.840043706131369791e-22
5.917542346757825866e-02 3.847881492616627597e+00 9.556915760493743681e-21
5.917542346757825866e-02 3.881766042803186600e+00 1.219809871237311723e-19
5.917542346757825866e-02 3.915650592989745604e+00 1.425196810192177069e-18
5.917542346757825866e-02 3.949535143176304608e+00 1.527314990017073971e-17
5.917542346757825866e-02 3.983419693362863612e+00 1.504137499555593265e-16
5.917542346757825866e-02 4.017304243549422615e+00 1.363823898506459736e-15
5.917542346757825866e-02 4.051188793735981619e+00 1.140568544529051399e-14
5.917542346757825866e-02 4.085073343922540623e+00 8.813173058652740106e-14
5.917542346757825866e-02 4.118957894109099627e+00 6.302640939987748951e-13
5.917542346757825866e-02 4.152842444295657742e+00 4.178311765118121557e-12
5.917542346757825866e-02 4.186726994482216746e+00 2.571898679032254201e-11
5.917542346757825866e-02 4.220611544668775750e+00 1.472134023509824152e-10
5.917542346757825866e-02 4.254496094855334754e+00 7.847421208178341486e-10
5.917542346757825866e-02 4.288380645041893757e+00 3.901387307812420490e-09
5.917542346757825866e-02 4.322265195228452761e+00 1.811471709412758136e-08
5.917542346757825866e-02 4.356149745415011765e+00 7.866012101234658364e-08
5.917542346757825866e-02 4.390034295601570768e+00 3.198610867159894087e-07
5.917542346757825866e-02 4.423918845788129772e+00 1.219575834979453997e-06
5.917542346757825866e-02 4.457803395974687888e+00 4.365540350682667904e-06
5.917542346757825866e-02 4.491687946161247780e+00 1.468842176151718424e-05
5.917542346757825866e-02 4.525572496347805895e+00 4.650844988630444145e-05
5.917542346757825866e-02 4.559457046534364899e+00 1.387413651456201259e-04
5.917542346757825866e-02 4.593341596720923903e+00 3.903748417263348727e-04
5.917542346757825866e-02 4.627226146907482907e+00 1.037124664236521200e-03
5.917542346757825866e-02 4.661110697094041910e+00 2.604429038293516480e-03
5.917542346757825866e-02 4.694995247280600914e+00 6.188333919033865357e-03
5.917542346757825866e-02 4.728879797467159918e+00 1.392676775095519522e-02
5.917542346757825866e-02 4.762764347653718922e+00 2.971440126094586701e-02
5.917542346757825866e-02 4.796648897840277925e+00 6.016413888023351003e-02
5.917542346757825866e-02 4.830533448026836041e+00 1.157087578522093818e-01
5.917542346757825866e-02 4.864417998213395933e+00 2.115662474083034039e-01
5.917542346757825866e-02 4.898302548399954048e+00 3.680971163700446080e-01
5.917542346757825866e-02 4.932187098586513052e+00 6.099431420670059500e-01
5.917542346757825866e-02 4.966071648773072056e+00 9.633704204169296625e-01
5.917542346757825866e-02 4.999956198959631060e+00 1.451549281508900835e+00
5.917542346757825866e-02 5.033840749146190063e+00 2.088112898241086146e+00
5.917542346757825866e-02 5.067725299332749067e+00 2.870126476382826475e+00
5.917542346757825866e-02 5.101609849519308071e+00 3.772301088121085666e+00
5.917542346757825866e-02 5.135494399705867075e+00 4.744558356575908853e+00
5.917542346757825866e-02 5.169378949892426078e+00 5.714628134306924068e+00
5.917542346757825866e-02 5.203263500078984194e+00 6.596209992605215788e+00
5.917542346757825866e-02 5.237148050265544086e+00 7.301633980277424385e+00
5.917542346757825866e-02 5.271032600452102201e+00 7.756448505219073475e+00
5.917542346757825866e-02 5.304917150638661205e+00 7.912520307287469912e+00
5.917542346757825866e-02 5.338801700825220209e+00 7.756422317166522085e+00
5.917542346757825866e-02 5.372686251011779213e+00 7.311093979768664042e+00
5.917542346757825866e-02 5.406570801198338216e+00 6.630578338076380085e+00
5.917542346757825866e-02 5.440455351384897220e+00 5.789442714677217161e+00
5.917542346757825866e-02 5.474339901571456224e+00 4.869687992569673440e+00
5.917542346757825866e-02 5.508224451758014339e+00 3.948225533191240366e+00
5.917542346757825866e-02 5.542109001944574231e+00 3.087389919131320770e+00
5.917542346757825866e-02 5.575993552131132347e+00 2.329791193993825171e+00
5.917542346757825866e-02 5.609878102317692239e+00 1.697543574270195421e+00
5.917542346757825866e-02 5.643762652504250354e+00 1.194925942532816698e+00
5.917542346757825866e-02 5.677647202690809358e+00 8.130370029682860711e-01
5.917542346757825866e-02 5.711531752877368362e+00 5.350046806785473397e-01
5.917542346757825866e-02 5.745416303063927366e+00 3.406490324779196111e-01
5.917542346757825866e-02 5.779300853250486369e+00 2.099806131917940077e-01
5.917542346757825866e-02 5.813185403437045373e+00 1.253688849137113148e-01
5.917542346757825866e-02 5.847069953623604377e+00 7.253555380257106777e-02
5.917542346757825866e-02 5.880954503810162493e+00 4.068842797806129785e-02
5.917542346757825866e-02 5.914839053996722384e+00 2.213880311532242379e-02
5.917542346757825866e-02 5.948723604183280500e+00 1.168964644519684612e-02
5.917542346757825866e-02 5.982608154369840392e+00 5.992524418755182380e-03
5.917542346757825866e-02 6.016492704556398508e+00 2.983823639270106933e-03
5.917542346757825866e-02 6.050377254742957511e+00 1.443715762779289530e-03
5.917542346757825866e-02 6.084261804929516515e+00 6.790823699276860460e-04
5.917542346757825866e-02 6.118146355116075519e+00 3.106556068026812491e-04
5.917542346757825866e-02 6.152030905302634523e+00 1.382714599424162707e-04
5.917542346757825866e-02 6.185915455489193526e+00 5.990458612322164102e-05
5.917542346757825866e-02 6.219800005675752530e+00 2.527180920730735868e-05
5.917542346757825866e-02 6.253684555862310646e+00 1.038563322297238171e-05
5.917542346757825866e-02 6.287569106048870538e+00 4.159286230115145188e-06
5.917542346757825866e-02 6.321453656235428653e+00 1.623902043496854838e-06
5.917542346757825866e-02 6.355338206421988545e+00 6.183286020616741263e-07
5.917542346757825866e-02 6.389222756608546661e+00 2.296984013460421505e-07
5.917542346757825866e-02 6.423107306795105664e+00 8.327867096578537313e-08
5.917542346757825866e-02 6.456991856981664668e+00 2.947829020354026108e-08
5.917542346757825866e-02 6.490876407168223672e+00 1.019099348995884096e-08
5.917542346757825866e-02 6.524760957354782676e+00 3.442128716377559861e-09
5.917542346757825866e-02 6.558645507541341679e+00 1.136271958333126934e-09
5.917542346757825866e-02 6.592530057727900683e+00 3.667144385911404976e-10
5.917542346757825866e-02 6.626414607914458799e+00 1.157465201761872945e-10
5.917542346757825866e-02 6.660299158101018691e+00 3.574074078769400039e-11
5.917542346757825866e-02 6.694183708287576806e+00 1.080025782484381172e-11
5.917542346757825866e-02 6.728068258474136698e+00 3.194896816401673044e-12
5.917542346757825866e-02 6.761952808660694814e+00 9.254794669467322361e-13
6.038308517099822553e-02 3.407382340191361880e+00 3.069347883837782565e-39
6.038308517099822553e-02 3.441266890377920884e+00 1.541050273487583565e-37
6.038308517099822553e-02 3.475151440564479888e+00 6.849970674331205882e-36
6.038308517099822553e-02 3.509035990751038447e+00 2.704296803647606209e-34
6.038308517099822553e-02 3.542920540937597451e+00 9.511563844384003086e-33
6.038308517099822553e-02 3.576805091124156455e+00 2.989290056700467341e-31
6.038308517099822553e-02 3.610689641310715459e+00 8.418610331306315997e-30
6.038308517099822553e-02 3.644574191497274462e+00 2.130394933614557554e-28
6.038308517099822553e-02 3.678458741683833466e+00 4.857067245819219270e-27
6.038308517099822553e-02 3.712343291870392026e+00 1.000200942471989033e-25
6.038308517099822553e-02 3.746227842056951030e+00 1.864937993669876195e-24
6.038308517099822553e-02 3.780112392243510033e+00 3.155965728124876067e-23
6.038308517099822553e-02 3.813996942430069037e+00 4.858266889901440838e-22
6.038308517099822553e-02 3.847881492616627597e+00 6.818165790832739305e-21
6.038308517099822553e-02 3.881766042803186600e+00 8.742059681119844150e-20
6.038308517099822553e-02 3.915650592989745604e+00 1.026151492548010788e-18
6.038308517099822553e-02 3.949535143176304608e+00 1.104897980848515891e-17
6.038308517099822553e-02 3.983419693362863612e+00 1.093399071229230547e-16
6.038308517099822553e-02 4.017304243549422615e+00 9.962917262619476420e-16
6.038308517099822553e-02 4.051188793735981619e+00 8.373846374560206143e-15
6.038308517099822553e-02 4.085073343922540623e+00 6.503519519257019271e-14
6.038308517099822553e-02 4.118957894109099627e+00 4.675061769706218046e-13
6.038308517099822553e-02 4.152842444295657742e+00 3.115654506689761943e-12
6.038308517099822553e-02 4.186726994482216746e+00 1.928057442659599474e-11
6.038308517099822553e-02 4.220611544668775750e+00 1.109594065278947150e-10
6.038308517099822553e-02 4.254496094855334754e+00 5.947390171462367442e-10
6.038308517099822553e-02 4.288380645041893757e+00 2.973256064336898804e-09
6.038308517099822553e-02 4.322265195228452761e+00 1.388317359719789099e-08
6.038308517099822553e-02 4.356149745415011765e+00 6.062964731245230681e-08
6.038308517099822553e-02 4.390034295601570768e+00 2.479667723085691856e-07
6.038308517099822553e-02 4.423918845788129772e+00 9.509772175369230936e-07
6.038308517099822553e-02 4.457803395974687888e+00 3.424169722259662436e-06
6.038308517099822553e-02 4.491687946161247780e+00 1.158975719353581316e-05
6.038308517099822553e-02 4.525572496347805895e+00 3.691800043188705777e-05
6.038308517099822553e-02 4.559457046534364899e+00 1.108010277191737701e-04
6.038308517099822553e-02 4.593341596720923903e+00 3.136713433748856668e-04
6.038308517099822553e-02 4.627226146907482907e+00 8.384982108452068749e-04
6.038308517099822553e-02 4.661110697094041910e+00 2.118771470520765341e-03
6.038308517099822553e-02 4.694995247280600914e+00 5.066024743442088842e-03
6.038308517099822553e-02 4.728879797467159918e+00 1.147325851901022029e-02
6.038308517099822553e-02 4.762764347653718922e+00 2.463579360131654822e-02
6.038308517099822553e-02 4.796648897840277925e+00 5.020188393803448612e-02
6.038308517099822553e-02 4.830533448026836041e+00 9.717404166254453579e-02
6.038308517099822553e-02 4.864417998213395933e+00 1.788341776765321467e-01
6.038308517099822553e-02 4.898302548399954048e+00 3.131875173211361441e-01
6.038308517099822553e-02 4.932187098586513052e+00 5.223799221344735955e-01
6.038308517099822553e-02 4.966071648773072056e+00 8.305430790923008511e-01
6.038308517099822553e-02 4.999956198959631060e+00 1.259761862806914046e+00
6.038308517099822553e-02 5.033840749146190063e+00 1.824374542905961682e+00
6.038308517099822553e-02 5.067725299332749067e+00 2.524523562800691678e+00
6.038308517099822553e-02 5.101609849519308071e+00 3.340547102204987073e+00
6.038308517099822553e-02 5.135494399705867075e+00 4.230131657020739233e+00
6.038308517099822553e-02 5.169378949892426078e+00 5.129870412148359371e+00
6.038308517099822553e-02 5.203263500078984194e+00 5.961921051997702392e+00
6.038308517099822553e-02 5.237148050265544086e+00 6.645040916464156844e+00
6.038308517099822553e-02 5.271032600452102201e+00 7.107852819506025988e+00
6.038308517099822553e-02 5.304917150638661205e+00 7.301294485141895940e+00
6.038308517099822553e-02 5.338801700825220209e+00 7.207209493095724007e+00
6.038308517099822553e-02 5.372686251011779213e+00 6.840997865775633180e+00
6.038308517099822553e-02 5.406570801198338216e+00 6.247844022116330720e+00
6.038308517099822553e-02 5.440455351384897220e+00 5.493727070984298244e+00
6.038308517099822553e-02 5.474339901571456224e+00 4.653636582020702406e+00
6.038308517099822553e-02 5.508224451758014339e+00 3.799822826328212333e+00
6.038308517099822553e-02 5.542109001944574231e+00 2.992482393501409099e+00
6.038308517099822553e-02 5.575993552131132347e+00 2.274281002464137558e+00
6.038308517099822553e-02 5.609878102317692239e+00 1.668948565662730532e+00
6.038308517099822553e-02 5.643762652504250354e+00 1.183219811041424929e+00
6.038308517099822553e-02 5.677647202690809358e+00 8.108571196452043495e-01
6.038308517099822553e-02 5.711531752877368362e+00 5.374127753882403935e-01
6.038308517099822553e-02 5.745416303063927366e+00 3.446516786263456589e-01
6.038308517099822553e-02 5.779300853250486369e+00 2.139840385466238448e-01
6.038308517099822553e-02 5.813185403437045373e+00 1.286846235781204106e-01
6.038308517099822553e-02 5.847069953623604377e+00 7.499425224285985458e-02
6.038308517099822553e-02 5.880954503810162493e+00 4.237339201581257625e-02
6.038308517099822553e-02 5.914839053996722384e+00 2.322343889134379988e-02
6.038308517099822553e-02 5.948723604183280500e+00 1.235174531077037723e-02
6.038308517099822553e-02 5.982608154369840392e+00 6.378161437293739661e-03
6.038308517099822553e-02 6.016492704556398508e+00 3.199053267853507482e-03
6.038308517099822553e-02 6.050377254742957511e+00 1.559179927394623716e-03
6.038308517099822553e-02 6.084261804929516515e+00 7.387653353604473712e-04
6.038308517099822553e-02 6.118146355116075519e+00 3.404362394535625602e-04
6.038308517099822553e-02 6.152030905302634523e+00 1.526386133987047116e-04
6.038308517099822553e-02 6.185915455489193526e+00 6.661463918800333080e-05
6.038308517099822553e-02 6.219800005675752530e+00 2.830908861199679178e-05
6.038308517099822553e-02 6.253684555862310646e+00 1.171937416531895805e-05
6.038308517099822553e-02 6.287569106048870538e+00 4.727960240240244024e-06
6.038308517099822553e-02 6.321453656235428653e+00 1.859515636468982783e-06
6.038308517099822553e-02 6.355338206421988545e+00 7.132561496137982718e-07
6.038308517099822553e-02 6.389222756608546661e+00 2.669139573498977233e-07
6.038308517099822553e-02 6.423107306795105664e+00 9.748435516025654775e-08
6.038308517099822553e-02 6.456991856981664668e+00 3.476095685662750973e-08
6.038308517099822553e-02 6.490876407168223672e+00 1.210582780256105445e-08
6.038308517099822553e-02 6.524760957354782676e+00 4.119017386094952567e-09
6.038308517099822553e-02 6.558645507541341679e+00 1.369736892731266288e-09
6.038308517099822553e-02 6.592530057727900683e+00 4.453185623529315011e-10
6.038308517099822553e-02 6.626414607914458799e+00 1.415917738806973450e-10
6.038308517099822553e-02 6.660299158101018691e+00 4.404332301495125999e-11
6.038308517099822553e-02 6.694183708287576806e+00 1.340713725197775713e-11
6.038308517099822553e-02 6.728068258474136698e+00 3.995240488431516166e-12
6.038308517099822553e-02 6.761952808660694814e+00 1.165830981486499997e-12
6.159074687441818546e-02 3.407382340191361880e+00 2.088282545912907786e-39
6.159074687441818546e-02 3.441266890377920884e+00 1.051517685337558419e-37
6.159074687441818546e-02 3.475151440564479888e+00 4.688238055410243435e-36
6.159074687441818546e-02 3.509035990751038447e+00 1.856773587387575281e-34
6.159074687441818546e-02 3.542920540937597451e+00 6.552404212536093331e-33
6.159074687441818546e-02 3.576805091124156455e+00 2.066424676965583477e-31
6.159074687441818546e-02 3.610689641310715459e+00 5.840519568017990181e-30
6.159074687441818546e-02 3.644574191497274462e+00 1.483493946231582507e-28
6.159074687441818546e-02 3.678458741683833466e+00 3.395218236853089874e-27
6.159074687441818546e-02 3.712343291870392026e+00 7.019407714945561768e-26
6.159074687441818546e-02 3.746227842056951030e+00 1.314157373652344367e-24
6.159074687441818546e-02 3.780112392243510033e+00 2.233231028090158067e-23
6.159074687441818546e-02 3.813996942430069037e+00 3.452616193067563625e-22
6.159074687441818546e-02 3.847881492616627597e+00 4.866825810949412159e-21
6.159074687441818546e-02 3.881766042803186600e+00 6.268270252105041456e-20
6.159074687441818546e-02 3.915650592989745604e+00 7.391697704570267243e-19
6.159074687441818546e-02 3.949535143176304608e+00 7.996417531599449042e-18
6.159074687441818546e-02 3.983419693362863612e+00 7.951207951448476274e-17
6.159074687441818546e-02 4.017304243549422615e+00 7.280503769937951540e-16
6.159074687441818546e-02 4.051188793735981619e+00 6.149766172144966087e-15
6.159074687441818546e-02 4.085073343922540623e+00 4.800404766861035756e-14
6.159074687441818546e-02 4.118957894109099627e+00 3.468554814792111368e-13
6.159074687441818546e-02 4.152842444295657742e+00 2.323684966068512181e-12
6.159074687441818546e-02 4.186726994482216746e+00 1.445601515767051656e-11
6.159074687441818546e-02 4.220611544668775750e+00 8.364237456222309016e-11
6.159074687441818546e-02 4.254496094855334754e+00 4.507691936497051644e-10
6.159074687441818546e-02 4.288380645041893757e+00 2.265983316926121539e-09
6.159074687441818546e-02 4.322265195228452761e+00 1.063995678911463644e-08
6.159074687441818546e-02 4.356149745415011765e+00 4.672960380559977285e-08
6.159074687441818546e-02 4.390034295601570768e+00 1.922139318979166956e-07
6.159074687441818546e-02 4.423918845788129772e+00 7.414354278960224563e-07
6.159074687441818546e-02 4.457803395974687888e+00 2.685326305570432183e-06
6.159074687441818546e-02 4.491687946161247780e+00 9.142829115890547357e-06
6.159074687441818546e-02 4.525572496347805895e+00 2.929773606814967311e-05
6.159074687441818546e-02 4.559457046534364899e+00 8.846137741004224300e-05
6.159074687441818546e-02 4.593341596720923903e+00 2.519546769354687600e-04
6.159074687441818546e-02 4.627226146907482907e+00 6.776576261889009911e-04
6.159074687441818546e-02 4.661110697094041910e+00 1.722959836596932390e-03
6.159074687441818546e-02 4.694995247280600914e+00 4.145364723309591382e-03
6.159074687441818546e-02 4.728879797467159918e+00 9.447295790384054731e-03
6.159074687441818546e-02 4.762764347653718922e+00 2.041422154932059918e-02
6.159074687441818546e-02 4.796648897840277925e+00 4.186503132406914351e-02
6.159074687441818546e-02 4.830533448026836041e+00 8.155785504339221892e-02
6.159074687441818546e-02 4.864417998213395933e+00 1.510666349662016239e-01
6.159074687441818546e-02 4.898302548399954048e+00 2.662825886904820472e-01
6.159074687441818546e-02 4.932187098586513052e+00 4.470563893937754552e-01
6.159074687441818546e-02 4.966071648773072056e+00 7.154711775089168668e-01
6.159074687441818546e-02 4.999956198959631060e+00 1.092417576329534734e+00
6.159074687441818546e-02 5.033840749146190063e+00 1.592575470127121973e+00
6.159074687441818546e-02 5.067725299332749067e+00 2.218534917715255794e+00
6.159074687441818546e-02 5.101609849519308071e+00 2.955423819821048959e+00
6.159074687441818546e-02 5.135494399705867075e+00 3.767778696455457155e+00
6.159074687441818546e-02 5.169378949892426078e+00 4.600242610963675816e+00
6.159074687441818546e-02 5.203263500078984194e+00 5.382901425296338083e+00
6.159074687441818546e-02 5.237148050265544086e+00 6.040825342486661143e+00
6.159074687441818546e-02 5.271032600452102201e+00 6.506052232928706935e+00
6.159074687441818546e-02 5.304917150638661205e+00 6.729318985091480521e+00
6.159074687441818546e-02 5.338801700825220209e+00 6.688699933139209186e+00
6.159074687441818546e-02 5.372686251011779213e+00 6.393049836758831539e+00
6.159074687441818546e-02 5.406570801198338216e+00 5.879538051517027242e+00
6.159074687441818546e-02 5.440455351384897220e+00 5.206122748017300239e+00
6.159074687441818546e-02 5.474339901571456224e+00 4.441028716794607867e+00
6.159074687441818546e-02 5.508224451758014339e+00 3.651803086184041813e+00
6.159074687441818546e-02 5.542109001944574231e+00 2.896257664910462104e+00
6.159074687441818546e-02 5.575993552131132347e+00 2.216764814643946480e+00
6.159074687441818546e-02 5.609878102317692239e+00 1.638310782683899847e+00
6.159074687441818546e-02 5.643762652504250354e+00 1.169779961675269320e+00
6.159074687441818546e-02 5.677647202690809358e+00 8.073757318923451276e-01
6.159074687441818546e-02 5.711531752877368362e+00 5.389379955855427839e-01
6.159074687441818546e-02 5.745416303063927366e+00 3.481105399588259042e-01
6.159074687441818546e-02 5.779300853250486369e+00 2.176858847161997346e-01
6.159074687441818546e-02 5.813185403437045373e+00 1.318540522334285259e-01
6.159074687441818546e-02 5.847069953623604377e+00 7.739594922399871402e-02
6.159074687441818546e-02 5.880954503810162493e+00 4.404656836034649692e-02
6.159074687441818546e-02 5.914839053996722384e+00 2.431525481750059642e-02
6.159074687441818546e-02 5.948723604183280500e+00 1.302622612606760787e-02
6.159074687441818546e-02 5.982608154369840392e+00 6.775292028219275474e-03
6.159074687441818546e-02 6.016492704556398508e+00 3.422946789055664185e-03
6.159074687441818546e-02 6.050377254742957511e+00 1.680446620010978259e-03
6.159074687441818546e-02 6.084261804929516515e+00 8.020254754276505285e-04
6.159074687441818546e-02 6.118146355116075519e+00 3.722834093031631938e-04
6.159074687441818546e-02 6.152030905302634523e+00 1.681362483915324851e-04
6.159074687441818546e-02 6.185915455489193526e+00 7.391425281178604296e-05
6.159074687441818546e-02 6.219800005675752530e+00 3.164085648334929220e-05
6.159074687441818546e-02 6.253684555862310646e+00 1.319448960717824680e-05
6.159074687441818546e-02 6.287569106048870538e+00 5.362034042569990602e-06
6.159074687441818546e-02 6.321453656235428653e+00 2.124343070694116284e-06
6.159074687441818546e-02 6.355338206421988545e+00 8.208062580933432236e-07
6.159074687441818546e-02 6.389222756608546661e+00 3.094124158539889288e-07
6.159074687441818546e-02 6.423107306795105664e+00 1.138343836051464616e-07
6.159074687441818546e-02 6.456991856981664668e+00 4.088865995542106680e-08
6.159074687441818546e-02 6.490876407168223672e+00 1.434427391783466969e-08
6.159074687441818546e-02 6.524760957354782676e+00 4.916439581110322699e-09
6.159074687441818546e-02 6.558645507541341679e+00 1.646899504011418807e-09
6.159074687441818546e-02 6.592530057727900683e+00 5.393531913467461424e-10
6.159074687441818546e-02 6.626414607914458799e+00 1.727477578492958441e-10
6.159074687441818546e-02 6.660299158101018691e+00 5.412845642708712665e-11
6.159074687441818546e-02 6.694183708287576806e+00 1.659784897324901638e-11
6.159074687441818546e-02 6.728068258474136698e+00 4.982274945760367321e-12
6.159074687441818546e-02 6.761952808660694814e+00 1.464495336213779792e-12
6.279840857783815233e-02 3.407382340191361880e+00 1.422162136245852240e-39
6.279840857783815233e-02 3.441266890377920884e+00 7.181574522221912265e-38
6.279840857783815233e-02 3.475151440564479888e+00 3.211591348090958256e-36
6.279840857783815233e-02 3.509035990751038447e+00 1.275966753375446999e-34
6.279840857783815233e-02 3.542920540937597451e+00 4.517635251729387773e-33
6.279840857783815233e-02 3.576805091124156455e+00 1.429613160534874744e-31
6.279840857783815233e-02 3.610689641310715459e+00 4.055043368748826861e-30
6.279840857783815233e-02 3.644574191497274462e+00 1.033783749763513639e-28
6.279840857783815233e-02 3.678458741683833466e+00 2.375005828697876993e-27
6.279840857783815233e-02 3.712343291870392026e+00 4.929490741788336635e-26
6.279840857783815233e-02 3.746227842056951030e+00 9.266239964498331380e-25
6.279840857783815233e-02 3.780112392243510033e+00 1.581222086243103063e-23
6.279840857783815233e-02 3.813996942430069037e+00 2.455034458763958218e-22
6.279840857783815233e-02 3.847881492616627597e+00 3.475767972537601082e-21
6.279840857783815233e-02 3.881766042803186600e+00 4.496686710160031519e-20
6.279840857783815233e-02 3.915650592989745604e+00 5.326868881267992661e-19
6.279840857783815233e-02 3.949535143176304608e+00 5.789590443639952428e-18
6.279840857783815233e-02 3.983419693362863612e+00 5.784296076329676189e-17
6.279840857783815233e-02 4.017304243549422615e+00 5.322101105238626125e-16
6.279840857783815233e-02 4.051188793735981619e+00 4.517755181620503661e-15
6.279840857783815233e-02 4.085073343922540623e+00 3.544225495199199161e-14
6.279840857783815233e-02 4.118957894109099627e+00 2.573993008807993177e-13
6.279840857783815233e-02 4.152842444295657742e+00 1.733349860977078099e-12
6.279840857783815233e-02 4.186726994482216746e+00 1.084030762959096117e-11
6.279840857783815233e-02 4.220611544668775750e+00 6.305742858534389297e-11
6.279840857783815233e-02 4.254496094855334754e+00 3.416747794815254291e-10
6.279840857783815233e-02 4.288380645041893757e+00 1.727011234991303681e-09
6.279840857783815233e-02 4.322265195228452761e+00 8.154327319091768467e-09
6.279840857783815233e-02 4.356149745415011765e+00 3.601466471249045956e-08
6.279840857783815233e-02 4.390034295601570768e+00 1.489839425226549904e-07
6.279840857783815233e-02 4.423918845788129772e+00 5.779932204334268486e-07
6.279840857783815233e-02 4.457803395974687888e+00 2.105561649353071617e-06
6.279840857783815233e-02 4.491687946161247780e+00 7.211055978590261323e-06
6.279840857783815233e-02 4.525572496347805895e+00 2.324474617313809525e-05
6.279840857783815233e-02 4.559457046534364899e+00 7.060594768063410025e-05
6.279840857783815233e-02 4.593341596720923903e+00 2.023161195151472556e-04
6.279840857783815233e-02 4.627226146907482907e+00 5.474718342582594833e-04
6.279840857783815233e-02 4.661110697094041910e+00 1.400529345146206721e-03
6.279840857783815233e-02 4.694995247280600914e+00 3.390525031294758154e-03
6.279840857783815233e-02 4.728879797467159918e+00 7.775346408795739267e-03
6.279840857783815233e-02 4.762764347653718922e+00 1.690726321934031551e-02
6.279840857783815233e-02 4.796648897840277925e+00 3.489311693850726676e-02
6.279840857783815233e-02 4.830533448026836041e+00 6.841021852107871670e-02
6.279840857783815233e-02 4.864417998213395933e+00 1.275289997844573087e-01
6.279840857783815233e-02 4.898302548399954048e+00 2.262487427435679599e-01
6.279840857783815233e-02 4.932187098586513052e+00 3.823190436119719982e-01
6.279840857783815233e-02 4.966071648773072056e+00 6.158750926931456648e-01
6.279840857783815233e-02 4.999956198959631060e+00 9.465469304874026824e-01
6.279840857783815233e-02 5.033840749146190063e+00 1.389063288877067981e+00
6.279840857783815233e-02 5.067725299332749067e+00 1.947923321506438432e+00
6.279840857783815233e-02 5.101609849519308071e+00 2.612302456318110977e+00
6.279840857783815233e-02 5.135494399705867075e+00 3.352750195973887237e+00
6.279840857783815233e-02 5.169378949892426078e+00 4.121185801474978483e+00
6.279840857783815233e-02 5.203263500078984194e+00 4.855082102398653454e+00
6.279840857783815233e-02 5.237148050265544086e+00 5.485644973199311991e+00
6.279840857783815233e-02 5.271032600452102201e+00 5.948566763206375008e+00
6.279840857783815233e-02 5.304917150638661205e+00 6.194994781795444716e+00
6.279840857783815233e-02 5.338801700825220209e+00 6.200087128785028767e+00
6.279840857783815233e-02 5.372686251011779213e+00 5.967070927004528791e+00
6.279840857783815233e-02 5.406570801198338216e+00 5.525908656108486028e+00
6.279840857783815233e-02 5.440455351384897220e+00 4.927109622568544012e+00
6.279840857783815233e-02 5.474339901571456224e+00 4.232415134326954487e+00
6.279840857783815233e-02 5.508224451758014339e+00 3.504677134169481789e+00
6.279840857783815233e-02 5.542109001944574231e+00 2.799126882391054227e+00
6.279840857783815233e-02 5.575993552131132347e+00 2.157536185511751636e+00
6.279840857783815233e-02 5.609878102317692239e+00 1.605816130216493498e+00
6.279840857783815233e-02 5.643762652504250354e+00 1.154708520534467375e+00
6.279840857783815233e-02 5.677647202690809358e+00 8.026381483157998264e-01
6.279840857783815233e-02 5.711531752877368362e+00 5.395922633307982386e-01
6.279840857783815233e-02 5.745416303063927366e+00 3.510212703070880180e-01
6.279840857783815233e-02 5.779300853250486369e+00 2.210762463886405127e-01
6.279840857783815233e-02 5.813185403437045373e+00 1.348673160858815112e-01
6.279840857783815233e-02 5.847069953623604377e+00 7.973305884809564481e-02
6.279840857783815233e-02 5.880954503810162493e+00 4.570297303568194441e-02
6.279840857783815233e-02 5.914839053996722384e+00 2.541138180389938481e-02
6.279840857783815233e-02 5.948723604183280500e+00 1.371165081639473884e-02
6.279840857783815233e-02 5.982608154369840392e+00 7.183318388206900822e-03
6.279840857783815233e-02 6.016492704556398508e+00 3.655335148559442100e-03
6.279840857783815233e-02 6.050377254742957511e+00 1.807529662344281628e-03
6.279840857783815233e-02 6.084261804929516515e+00 8.689323073198074003e-04
6.279840857783815233e-02 6.118146355116075519e+00 4.062671108525575800e-04
6.279840857783815233e-02 6.152030905302634523e+00 1.848172031643493737e-04
6.279840857783815233e-02 6.185915455489193526e+00 8.183797508384787589e-05
6.279840857783815233e-02 6.219800005675752530e+00 3.528766141876385742e-05
6.279840857783815233e-02 6.253684555862310646e+00 1.482235683979795118e-05
6.279840857783815233e-02 6.287569106048870538e+00 6.067447983454088242e-06
6.279840857783815233e-02 6.321453656235428653e+00 2.421333039150355233e-06
6.279840857783815233e-02 6.355338206421988545e+00 9.423781719553052328e-07
6.279840857783815233e-02 6.389222756608546661e+00 3.578310698036777068e-07
6.279840857783815233e-02 6.423107306795105664e+00 1.326081907951206997e-07
6.279840857783815233e-02 6.456991856981664668e+00 4.797963535794402975e-08
6.279840857783815233e-02 6.490876407168223672e+00 1.695470271317893746e-08
6.279840857783815233e-02 6.524760957354782676e+00 5.853559052886697286e-09
6.279840857783815233e-02 6.558645507541341679e+00 1.975122378592926439e-09
6.279840857783815233e-02 6.592530057727900683e+00 6.515646089035197098e-10
6.279840857783815233e-02 6.626414607914458799e+00 2.102100494613020706e-10
6.279840857783815233e-02 6.660299158101018691e+00 6.634723219275881636e-11
6.279840857783815233e-02 6.694183708287576806e+00 2.049293564593647689e-11
6.279840857783815233e-02 6.728068258474136698e+00 6.196324397481337333e-12
6.279840857783815233e-02 6.761952808660694814e+00 1.834624673788790271e-12
6.400607028125811226e-02 3.407382340191361880e+00 9.694353560709758909e-40
6.400607028125811226e-02 3.441266890377920884e+00 4.909300656856555980e-38
6.400607028125811226e-02 3.475151440564479888e+00 2.201985764271013114e-36
6.400607028125811226e-02 3.509035990751038447e+00 8.775863823907566329e-35
6.400607028125811226e-02 3.542920540937597451e+00 3.117295969221287069e-33
6.400607028125811226e-02 3.576805091124156455e+00 9.898285146907344969e-32
6.400607028125811226e-02 3.610689641310715459e+00 2.817525546207761183e-30
6.400607028125811226e-02 3.644574191497274462e+00 7.209209507600900512e-29
6.400607028125811226e-02 3.678458741683833466e+00 1.662498227043270483e-27
6.400607028125811226e-02 3.712343291870392026e+00 3.464084678622006132e-26
6.400607028125811226e-02 3.746227842056951030e+00 6.537771471333051605e-25
6.400607028125811226e-02 3.780112392243510033e+00 1.120229823436928165e-23
6.400607028125811226e-02 3.813996942430069037e+00 1.746653619786880579e-22
6.400607028125811226e-02 3.847881492616627597e+00 2.483592764476617961e-21
6.400607028125811226e-02 3.881766042803186600e+00 3.227355295796358548e-20
6.400607028125811226e-02 3.915650592989745604e+00 3.840550827036259145e-19
6.400607028125811226e-02 3.949535143176304608e+00 4.193515725858154301e-18
6.400607028125811226e-02 3.983419693362863612e+00 4.209497069814279071e-17
6.400607028125811226e-02 4.017304243549422615e+00 3.891806505616256033e-16
6.400607028125811226e-02 4.051188793735981619e+00 3.319840721196701788e-15
6.400607028125811226e-02 4.085073343922540623e+00 2.617455100114703365e-14
6.400607028125811226e-02 4.118957894109099627e+00 1.910576478323186305e-13
6.400607028125811226e-02 4.152842444295657742e+00 1.293234395960669919e-12
6.400607028125811226e-02 4.186726994482216746e+00 8.130183523488725282e-12
6.400607028125811226e-02 4.220611544668775750e+00 4.754397759800648196e-11
6.400607028125811226e-02 4.254496094855334754e+00 2.590028398314546302e-10
6.400607028125811226e-02 4.288380645041893757e+00 1.316285261729006200e-09
6.400607028125811226e-02 4.322265195228452761e+00 6.249370195380856329e-09
6.400607028125811226e-02 4.356149745415011765e+00 2.775555201779494790e-08
6.400607028125811226e-02 4.390034295601570768e+00 1.154677252525919817e-07
6.400607028125811226e-02 4.423918845788129772e+00 4.505282081639434481e-07
6.400607028125811226e-02 4.457803395974687888e+00 1.650714380219049280e-06
6.400607028125811226e-02 4.491687946161247780e+00 5.686347744108894194e-06
6.400607028125811226e-02 4.525572496347805895e+00 1.843805093549994015e-05
6.400607028125811226e-02 4.559457046534364899e+00 5.633930356494662803e-05
6.400607028125811226e-02 4.593341596720923903e+00 1.624068197940322224e-04
6.400607028125811226e-02 4.627226146907482907e+00 4.421422702627122439e-04
6.400607028125811226e-02 4.661110697094041910e+00 1.137997081540534274e-03
6.400607028125811226e-02 4.694995247280600914e+00 2.771954471010163248e-03
6.400607028125811226e-02 4.728879797467159918e+00 6.396316576479367695e-03
6.400607028125811226e-02 4.762764347653718922e+00 1.399570572333559172e-02
6.400607028125811226e-02 4.796648897840277925e+00 2.906645913434972167e-02
6.400607028125811226e-02 4.830533448026836041e+00 5.734864912385702340e-02
6.400607028125811226e-02 4.864417998213395933e+00 1.075918550176195171e-01
6.400607028125811226e-02 4.898302548399954048e+00 1.921067537584797147e-01
6.400607028125811226e-02 4.932187098586513052e+00 3.267274502444513229e-01
6.400607028125811226e-02 4.966071648773072056e+00 5.297515345601566672e-01
6.400607028125811226e-02 4.999956198959631060e+00 8.195165595256070912e-01
6.400607028125811226e-02 5.033840749146190063e+00 1.210567996592609052e+00
6.400607028125811226e-02 5.067725299332749067e+00 1.708856655852590389e+00
6.400607028125811226e-02 5.101609849519308071e+00 2.306951133451569103e+00
6.400607028125811226e-02 5.135494399705867075e+00 2.980652372598532107e+00
6.400607028125811226e-02 5.169378949892426078e+00 3.688425929625633426e+00
6.400607028125811226e-02 5.203263500078984194e+00 4.374588980887255119e+00
6.400607028125811226e-02 5.237148050265544086e+00 4.976256664533168284e+00
6.400607028125811226e-02 5.271032600452102201e+00 5.432927987938152015e+00
6.400607028125811226e-02 5.304917150638661205e+00 5.696666164029684509e+00
6.400607028125811226e-02 5.338801700825220209e+00 5.740465028741124520e+00
6.400607028125811226e-02 5.372686251011779213e+00 5.562765473598937582e+00
6.400607028125811226e-02 5.406570801198338216e+00 5.187091454830124349e+00
6.400607028125811226e-02 5.440455351384897220e+00 4.657073070910464629e+00
6.400607028125811226e-02 5.474339901571456224e+00 4.028276508003029832e+00
6.400607028125811226e-02 5.508224451758014339e+00 3.358910122654751085e+00
6.400607028125811226e-02 5.542109001944574231e+00 2.701475798928588912e+00
6.400607028125811226e-02 5.575993552131132347e+00 2.096877716450215701e+00
6.400607028125811226e-02 5.609878102317692239e+00 1.571648307049582138e+00
6.400607028125811226e-02 5.643762652504250354e+00 1.138109659328114809e+00
6.400607028125811226e-02 5.677647202690809358e+00 7.966930163412311305e-01
6.400607028125811226e-02 5.711531752877368362e+00 5.393905529575909741e-01
6.400607028125811226e-02 5.745416303063927366e+00 3.533816969987648160e-01
6.400607028125811226e-02 5.779300853250486369e+00 2.241464914389051932e-01
6.400607028125811226e-02 5.813185403437045373e+00 1.377151556193118853e-01
6.400607028125811226e-02 5.847069953623604377e+00 8.199817648070489851e-02
6.400607028125811226e-02 5.880954503810162493e+00 4.733759990359728831e-02
6.400607028125811226e-02 5.914839053996722384e+00 2.650885864520967361e-02
6.400607028125811226e-02 5.948723604183280500e+00 1.440648733776347425e-02
6.400607028125811226e-02 5.982608154369840392e+00 7.601572171368735191e-03
6.400607028125811226e-02 6.016492704556398508e+00 3.896004980278269803e-03
6.400607028125811226e-02 6.050377254742957511e+00 1.940418829961368039e-03
6.400607028125811226e-02 6.084261804929516515e+00 9.395441777074801893e-04
6.400607028125811226e-02 6.118146355116075519e+00 4.424531856108758314e-04
6.400607028125811226e-02 6.152030905302634523e+00 2.027334288481721144e-04
6.400607028125811226e-02 6.185915455489193526e+00 9.042068645333669696e-05
6.400607028125811226e-02 6.219800005675752530e+00 3.927065382231553791e-05
6.400607028125811226e-02 6.253684555862310646e+00 1.661487066808128960e-05
6.400607028125811226e-02 6.287569106048870538e+00 6.850496847262658130e-06
6.400607028125811226e-02 6.321453656235428653e+00 2.753648215043448000e-06
6.400607028125811226e-02 6.355338206421988545e+00 1.079489529389555984e-06
6.400607028125811226e-02 6.389222756608546661e+00 4.128684296305042566e-07
6.400607028125811226e-02 6.423107306795105664e+00 1.541151312091201521e-07
6.400607028125811226e-02 6.456991856981664668e+00 5.616604362719032222e-08
6.400607028125811226e-02 6.490876407168223672e+00 1.999168769450938618e-08
6.400607028125811226e-02 6.524760957354782676e+00 6.952193961557993463e-09
6.400607028125811226e-02 6.558645507541341679e+00 2.362862611307619201e-09
6.400607028125811226e-02 6.592530057727900683e+00 7.851349403567166139e-10
6.400607028125811226e-02 6.626414607914458799e+00 2.551421510189976680e-10
6.400607028125811226e-02 6.660299158101018691e+00 8.111344067891443327e-11
6.400607028125811226e-02 6.694183708287576806e+00 2.523565711412162608e-11
6.400607028125811226e-02 6.728068258474136698e+00 7.685709575570751928e-12
6.400607028125811226e-02 6.761952808660694814e+00 2.292108611369491713e-12
6.521373198467808607e-02 3.407382340191361880e+00 6.614416685082391194e-40
6.521373198467808607e-02 3.441266890377920884e+00 3.358999012748908215e-38
6.521373198467808607e-02 3.475151440564479888e+00 1.511075319511772280e-36
6.521373198467808607e-02 3.509035990751038447e+00 6.040941466359600391e-35
6.521373198467808607e-02 3.542920540937597451e+00 2.152760830368324903e-33
6.521373198467808607e-02 3.576805091124156455e+00 6.858650590484395951e-32
6.521373198467808607e-02 3.610689641310715459e+00 1.959132184959603547e-30
6.521373198467808607e-02 3.644574191497274462e+00 5.031009553443094091e-29
6.521373198467808607e-02 3.678458741683833466e+00 1.164536489129378823e-27
6.521373198467808607e-02 3.712343291870392026e+00 2.435880730472749564e-26
6.521373198467808607e-02 3.746227842056951030e+00 4.615539970593319399e-25
6.521373198467808607e-02 3.780112392243510033e+00 7.940965926294733537e-24
6.521373198467808607e-02 3.813996942430069037e+00 1.243349244269018211e-22
6.521373198467808607e-02 3.847881492616627597e+00 1.775547157995462511e-21
6.521373198467808607e-02 3.881766042803186600e+00 2.317437747781424606e-20
6.521373198467808607e-02 3.915650592989745604e+00 2.770173579613424066e-19
6.521373198467808607e-02 3.949535143176304608e+00 3.038682685841026801e-18
6.521373198467808607e-02 3.983419693362863612e+00 3.064581133263548342e-17
6.521373198467808607e-02 4.017304243549422615e+00 2.846852983966134436e-16
6.521373198467808607e-02 4.051188793735981619e+00 2.440292297709579477e-15
6.521373198467808607e-02 4.085073343922540623e+00 1.933532392053460362e-14
6.521373198467808607e-02 4.118957894109099627e+00 1.418469451653919563e-13
6.521373198467808607e-02 4.152842444295657742e+00 9.650523150812945836e-13
6.521373198467808607e-02 4.186726994482216746e+00 6.098537539016729130e-12
6.521373198467808607e-02 4.220611544668775750e+00 3.585133416010757238e-11
6.521373198467808607e-02 4.254496094855334754e+00 1.963498422676931189e-10
6.521373198467808607e-02 4.288380645041893757e+00 1.003282210737301230e-09
6.521373198467808607e-02 4.322265195228452761e+00 4.789457797721460945e-09
6.521373198467808607e-02 4.356149745415011765e+00 2.138976653835552622e-08
6.521373198467808607e-02 4.390034295601570768e+00 8.948517313989170239e-08
6.521373198467808607e-02 4.423918845788129772e+00 3.511350257436675169e-07
6.521373198467808607e-02 4.457803395974687888e+00 1.293934764785197547e-06
6.521373198467808607e-02 4.491687946161247780e+00 4.483198316227906863e-06
6.521373198467808607e-02 4.525572496347805895e+00 1.462206390099012060e-05
6.521373198467808607e-02 4.559457046534364899e+00 4.494367405262586924e-05
6.521373198467808607e-02 4.593341596720923903e+00 1.303311913466304853e-04
6.521373198467808607e-02 4.627226146907482907e+00 3.569570892197445255e-04
6.521373198467808607e-02 4.661110697094041910e+00 9.243302618997405098e-04
6.521373198467808607e-02 4.694995247280600914e+00 2.265299708842957119e-03
6.521373198467808607e-02 4.728879797467159918e+00 5.259493552556589527e-03
6.521373198467808607e-02 4.762764347653718922e+00 1.157986204394895885e-02
6.521373198467808607e-02 4.796648897840277925e+00 2.419997398696103336e-02
6.521373198467808607e-02 4.830533448026836041e+00 4.804842069491255252e-02
6.521373198467808607e-02 4.864417998213395933e+00 9.071661719405309243e-02
6.521373198467808607e-02 4.898302548399954048e+00 1.630119337685738690e-01
6.521373198467808607e-02 4.932187098586513052e+00 2.790287292021735310e-01
6.521373198467808607e-02 4.966071648773072056e+00 4.553430498104764634e-01
6.521373198467808607e-02 4.999956198959631060e+00 7.089955795077541589e-01
6.521373198467808607e-02 5.033840749146190063e+00 1.054168096447337444e+00
6.521373198467808607e-02 5.067725299332749067e+00 1.497877371480454300e+00
6.521373198467808607e-02 5.101609849519308071e+00 2.035511289459291717e+00
6.521373198467808607e-02 5.135494399705867075e+00 2.647433088355648501e+00
6.521373198467808607e-02 5.169378949892426078e+00 3.297971027058513194e+00
6.521373198467808607e-02 5.203263500078984194e+00 3.937750651570943727e+00
6.521373198467808607e-02 5.237148050265544086e+00 4.509532608847451662e+00
6.521373198467808607e-02 5.271032600452102201e+00 4.956700360465353228e+00
6.521373198467808607e-02 5.304917150638661205e+00 5.232643553910794942e+00
6.521373198467808607e-02 5.338801700825220209e+00 5.308849201039335775e+00
6.521373198467808607e-02 5.372686251011779213e+00 5.179738467566395776e+00
6.521373198467808607e-02 5.406570801198338216e+00 4.863122048580682311e+00
6.521373198467808607e-02 5.440455351384897220e+00 4.396311928556552395e+00
6.521373198467808607e-02 5.474339901571456224e+00 3.829027620347047911e+00
6.521373198467808607e-02 5.508224451758014339e+00 3.214923075431053157e+00
6.521373198467808607e-02 5.542109001944574231e+00 2.603664793602997296e+00
6.521373198467808607e-02 5.575993552131132347e+00 2.035060423972375965e+00
6.521373198467808607e-02 5.609878102317692239e+00 1.535988068505775184e+00
6.521373198467808607e-02 5.643762652504250354e+00 1.120089017301256984e+00
6.521373198467808607e-02 5.677647202690809358e+00 7.895919730271284687e-01
6.521373198467808607e-02 5.711531752877368362e+00 5.383507357207419908e-01
6.521373198467808607e-02 5.745416303063927366e+00 3.551917893612969168e-01
6.521373198467808607e-02 5.779300853250486369e+00 2.268892888008301190e-01
6.521373198467808607e-02 5.813185403437045373e+00 1.403889504870363958e-01
6.521373198467808607e-02 5.847069953623604377e+00 8.418411670010139680e-02
6.521373198467808607e-02 5.880954503810162493e+00 4.894544575715521761e-02
6.521373198467808607e-02 5.914839053996722384e+00 2.760464529479103937e-02
6.521373198467808607e-02 5.948723604183280500e+00 1.510911491380893638e-02
6.521373198467808607e-02 5.982608154369840392e+00 8.029315383309580667e-03
6.521373198467808607e-02 6.016492704556398508e+00 4.144697727589860894e-03
6.521373198467808607e-02 6.050377254742957511e+00 2.079078608852301304e-03
6.521373198467808607e-02 6.084261804929516515e+00 1.013907240881444655e-03
6.521373198467808607e-02 6.118146355116075519e+00 4.809026545516207609e-04
6.521373198467808607e-02 6.152030905302634523e+00 2.219356186856192106e-04
6.521373198467808607e-02 6.185915455489193526e+00 9.969742308663835997e-05
6.521373198467808607e-02 6.219800005675752530e+00 4.361151647546940670e-05
6.521373198467808607e-02 6.253684555862310646e+00 1.858442453581948326e-05
6.521373198467808607e-02 6.287569106048870538e+00 7.717830544948961377e-06
6.521373198467808607e-02 6.321453656235428653e+00 3.124671097086833155e-06
6.521373198467808607e-02 6.355338206421988545e+00 1.233781905869155386e-06
6.521373198467808607e-02 6.389222756608546661e+00 4.752880906350514871e-07
6.521373198467808607e-02 6.423107306795105664e+00 1.786968020392556345e-07
6.521373198467808607e-02 6.456991856981664668e+00 6.559523525342997302e-08
6.521373198467808607e-02 6.490876407168223672e+00 2.351664544602281144e-08
6.521373198467808607e-02 6.524760957354782676e+00 8.237122273613190434e-09
6.521373198467808607e-02 6.558645507541341679e+00 2.819810170115514674e-09
6.521373198467808607e-02 6.592530057727900683e+00 9.437420628314371329e-10
6.521373198467808607e-02 6.626414607914458799e+00 3.089003850876145021e-10
6.521373198467808607e-02 6.660299158101018691e+00 9.891353188860174598e-11
6.521373198467808607e-02 6.694183708287576806e+00 3.099583699147652136e-11
6.521373198467808607e-02 6.728068258474136698e+00 9.508184538646913966e-12
6.521373198467808607e-02 6.761952808660694814e+00 2.856094219060770315e-12
6.642139368809804600e-02 3.407382340191361880e+00 4.517104943879535145e-40
6.642139368809804600e-02 3.441266890377920884e+00 2.300296037644453106e-38
6.642139368809804600e-02 3.475151440564479888e+00 1.037836059000692546e-36
6.642139368809804600e-02 3.509035990751038447e+00 4.161765572746499109e-35
6.642139368809804600e-02 3.542920540937597451e+00 1.487848575380350781e-33
6.642139368809804600e-02 3.576805091124156455e+00 4.756082310932170160e-32
6.642139368809804600e-02 3.610689641310715459e+00 1.363258265021528658e-30
6.642139368809804600e-02 3.644574191497274462e+00 3.513399419001683531e-29
6.642139368809804600e-02 3.678458741683833466e+00 8.162742201232833443e-28
6.642139368809804600e-02 3.712343291870392026e+00 1.713959739456753435e-26
6.642139368809804600e-02 3.746227842056951030e+00 3.260455026545753682e-25
6.642139368809804600e-02 3.780112392243510033e+00 5.632330551740585658e-24
6.642139368809804600e-02 3.813996942430069037e+00 8.855510756131650769e-23
6.642139368809804600e-02 3.847881492616627597e+00 1.269999534748215227e-21
6.642139368809804600e-02 3.881766042803186600e+00 1.664846338142549039e-20
6.642139368809804600e-02 3.915650592989745604e+00 1.998988784521050216e-19
6.642139368809804600e-02 3.949535143176304608e+00 2.202760814421513697e-18
6.642139368809804600e-02 3.983419693362863612e+00 2.231885152126441180e-17
6.642139368809804600e-02 4.017304243549422615e+00 2.083163853597346598e-16
6.642139368809804600e-02 4.051188793735981619e+00 1.794302747996140938e-15
6.642139368809804600e-02 4.085073343922540623e+00 1.428688402937264969e-14
6.642139368809804600e-02 4.118957894109099627e+00 1.053352902838629112e-13
6.642139368809804600e-02 4.152842444295657742e+00 7.202897303570302558e-13
6.642139368809804600e-02 4.186726994482216746e+00 4.575284835994993580e-12
6.642139368809804600e-02 4.220611544668775750e+00 2.703749581246391532e-11
6.642139368809804600e-02 4.254496094855334754e+00 1.488648286364459840e-10
6.642139368809804600e-02 4.288380645041893757e+00 7.647435695101642883e-10
6.642139368809804600e-02 4.322265195228452761e+00 3.670625958950211813e-09
6.642139368809804600e-02 4.356149745415011765e+00 1.648351764612216720e-08
6.642139368809804600e-02 4.390034295601570768e+00 6.934468442188792879e-08
6.642139368809804600e-02 4.423918845788129772e+00 2.736414179763124218e-07
6.642139368809804600e-02 4.457803395974687888e+00 1.014126643207192241e-06
6.642139368809804600e-02 4.491687946161247780e+00 3.533992787128187585e-06
6.642139368809804600e-02 4.525572496347805895e+00 1.159335911105363693e-05
6.642139368809804600e-02 4.559457046534364899e+00 3.584399033236579146e-05
6.642139368809804600e-02 4.593341596720923903e+00 1.045603085970665358e-04
6.642139368809804600e-02 4.627226146907482907e+00 2.880899144066148792e-04
6.642139368809804600e-02 4.661110697094041910e+00 7.505072984308403449e-04
6.642139368809804600e-02 4.694995247280600914e+00 1.850506462585337249e-03
6.642139368809804600e-02 4.728879797467159918e+00 4.322817317416723613e-03
6.642139368809804600e-02 4.762764347653718922e+00 9.576450126462679110e-03
6.642139368809804600e-02 4.796648897840277925e+00 2.013788440220228362e-02
6.642139368809804600e-02 4.830533448026836041e+00 4.023414717202822288e-02
6.642139368809804600e-02 4.864417998213395933e+00 7.644298429708323850e-02
6.642139368809804600e-02 4.898302548399954048e+00 1.382366094094942266e-01
6.642139368809804600e-02 4.932187098586513052e+00 2.381347081432906854e-01
6.642139368809804600e-02 4.966071648773072056e+00 3.911103002806686213e-01
6.642139368809804600e-02 4.999956198959631060e+00 6.129244574303048809e-01
6.642139368809804600e-02 5.033840749146190063e+00 9.172585349821050782e-01
6.642139368809804600e-02 5.067725299332749067e+00 1.311872685084722212e+00
6.642139368809804600e-02 5.101609849519308071e+00 1.794473466398407657e+00
6.642139368809804600e-02 5.135494399705867075e+00 2.349365983466745078e+00
6.642139368809804600e-02 5.169378949892426078e+00 2.946105218618669142e+00
6.642139368809804600e-02 5.203263500078984194e+00 3.541102207204922081e+00
6.642139368809804600e-02 5.237148050265544086e+00 4.082472302676125153e+00
6.642139368809804600e-02 5.271032600452102201e+00 4.517498557303152751e+00
6.642139368809804600e-02 5.304917150638661205e+00 4.801223005015303080e+00
6.642139368809804600e-02 5.338801700825220209e+00 4.904195525009970247e+00
6.642139368809804600e-02 5.372686251011779213e+00 4.817511300392763651e+00
6.642139368809804600e-02 5.406570801198338216e+00 4.553947743555230687e+00
6.642139368809804600e-02 5.440455351384897220e+00 4.145046109360834841e+00
6.642139368809804600e-02 5.474339901571456224e+00 3.635021510134383238e+00
6.642139368809804600e-02 5.508224451758014339e+00 3.073094541955840420e+00
6.642139368809804600e-02 5.542109001944574231e+00 2.506029032793345213e+00
6.642139368809804600e-02 5.575993552131132347e+00 1.972343215892780499e+00
6.642139368809804600e-02 5.609878102317692239e+00 1.499012549957145390e+00
6.642139368809804600e-02 5.643762652504250354e+00 1.100753145498744479e+00
6.642139368809804600e-02 5.677647202690809358e+00 7.813892951792535957e-01
6.642139368809804600e-02 5.711531752877368362e+00 5.364934145472549654e-01
6.642139368809804600e-02 5.745416303063927366e+00 3.564536168060516430e-01
6.642139368809804600e-02 5.779300853250486369e+00 2.292986291001965771e-01
6.642139368809804600e-02 5.813185403437045373e+00 1.428807597955117914e-01
6.642139368809804600e-02 5.847069953623604377e+00 8.628395025869813051e-02
6.642139368809804600e-02 5.880954503810162493e+00 5.052153579255425075e-02
6.642139368809804600e-02 5.914839053996722384e+00 2.869563694992356695e-02
6.642139368809804600e-02 5.948723604183280500e+00 1.581783001584767534e-02
6.642139368809804600e-02 5.982608154369840392e+00 8.465741778934001219e-03
6.642139368809804600e-02 6.016492704556398508e+00 4.401109037035712442e-03
6.642139368809804600e-02 6.050377254742957511e+00 2.223447065238313806e-03
6.642139368809804600e-02 6.084261804929516515e+00 1.092054463608946443e-03
6.642139368809804600e-02 6.118146355116075519e+00 5.216710412293206573e-04
6.642139368809804600e-02 6.152030905302634523e+00 2.424728192183768158e-04
6.642139368809804600e-02 6.185915455489193526e+00 1.097031848171150522e-04
6.642139368809804600e-02 6.219800005675752530e+00 4.833238504141437210e-05
6.642139368809804600e-02 6.253684555862310646e+00 2.074388612812087012e-05
6.642139368809804600e-02 6.287569106048870538e+00 8.676452213665561262e-06
6.642139368809804600e-02 6.321453656235428653e+00 3.538008850170447982e-06
6.642139368809804600e-02 6.355338206421988545e+00 1.407026080737630160e-06
6.642139368809804600e-02 6.389222756608546661e+00 5.459225975096528999e-07
6.642139368809804600e-02 6.423107306795105664e+00 2.067294339052224499e-07
6.642139368809804600e-02 6.456991856981664668e+00 7.643108084503337078e-08
6.642139368809804600e-02 6.490876407168223672e+00 2.759852050640979496e-08
6.642139368809804600e-02 6.524760957354782676e+00 9.736413123848978228e-09
6.642139368809804600e-02 6.558645507541341679e+00 3.357039981688853968e-09
6.642139368809804600e-02 6.592530057727900683e+00 1.131626242724891912e-09
6.642139368809804600e-02 6.626414607914458799e+00 3.730618946583021490e-10
6.642139368809804600e-02 6.660299158101018691e+00 1.203179366241285053e-10
6.642139368809804600e-02 6.694183708287576806e+00 3.797427901244443538e-11
6.642139368809804600e-02 6.728068258474136698e+00 1.173260241497256128e-11
6.642139368809804600e-02 6.761952808660694814e+00 3.549594565824798989e-12
6.762905539151800594e-02 3.407382340191361880e+00 3.087576138017373348e-40
6.762905539151800594e-02 3.441266890377920884e+00 1.576646939502227446e-38
6.762905539151800594e-02 3.475151440564479888e+00 7.134047866108226114e-37
6.762905539151800594e-02 3.509035990751038447e+00 2.869476926711260069e-35
6.762905539151800594e-02 3.542920540937597451e+00 1.029108385302748746e-33
6.762905539151800594e-02 3.576805091124156455e+00 3.300551849084934663e-32
6.762905539151800594e-02 3.610689641310715459e+00 9.493053556163978047e-31
6.762905539151800594e-02 3.644574191497274462e+00 2.455274106679166789e-29
6.762905539151800594e-02 3.678458741683833466e+00 5.725397381571356029e-28
6.762905539151800594e-02 3.712343291870392026e+00 1.206752232714941750e-26
6.762905539151800594e-02 3.746227842056951030e+00 2.304586251668988659e-25
6.762905539151800594e-02 3.780112392243510033e+00 3.997127388506548102e-24
6.762905539151800594e-02 3.813996942430069037e+00 6.310517762762916336e-23
6.762905539151800594e-02 3.847881492616627597e+00 9.088485386471862233e-22
6.762905539151800594e-02 3.881766042803186600e+00 1.196581822180553558e-20
6.762905539151800594e-02 3.915650592989745604e+00 1.443116313792561959e-19
6.762905539151800594e-02 3.949535143176304608e+00 1.597431526209215537e-18
6.762905539151800594e-02 3.983419693362863612e+00 1.626037955421711903e-17
6.762905539151800594e-02 4.017304243549422615e+00 1.524842636066689889e-16
6.762905539151800594e-02 4.051188793735981619e+00 1.319707800858460429e-15
6.762905539151800594e-02 4.085073343922540623e+00 1.055933725849773493e-14
6.762905539151800594e-02 4.118957894109099627e+00 7.823942919705129308e-14
6.762905539151800594e-02 4.152842444295657742e+00 5.377075847056131017e-13
6.762905539151800594e-02 4.186726994482216746e+00 3.433031349490353684e-12
6.762905539151800594e-02 4.220611544668775750e+00 2.039291708153072163e-11
6.762905539151800594e-02 4.254496094855334754e+00 1.128729476964824523e-10
6.762905539151800594e-02 4.288380645041893757e+00 5.829471497731966501e-10
6.762905539151800594e-02 4.322265195228452761e+00 2.813188829897331419e-09
6.762905539151800594e-02 4.356149745415011765e+00 1.270231879027510147e-08
6.762905539151800594e-02 4.390034295601570768e+00 5.373394898388594287e-08
6.762905539151800594e-02 4.423918845788129772e+00 2.132294478369096495e-07
6.762905539151800594e-02 4.457803395974687888e+00 7.947193897038130355e-07
6.762905539151800594e-02 4.491687946161247780e+00 2.785282590086679835e-06
6.762905539151800594e-02 4.525572496347805895e+00 9.190091820925695075e-06
6.762905539151800594e-02 4.559457046534364899e+00 2.857972857015842928e-05
6.762905539151800594e-02 4.593341596720923903e+00 8.386163067246665890e-05
6.762905539151800594e-02 4.627226146907482907e+00 2.324352602161908188e-04
6.762905539151800594e-02 4.661110697094041910e+00 6.091559828901207518e-04
6.762905539151800594e-02 4.694995247280600914e+00 1.511072491599962583e-03
6.762905539151800594e-02 4.728879797467159918e+00 3.551431857028588147e-03
6.762905539151800594e-02 4.762764347653718922e+00 7.915953608178535189e-03
6.762905539151800594e-02 4.796648897840277925e+00 1.674920405088798844e-02
6.762905539151800594e-02 4.830533448026836041e+00 3.367252780968045534e-02
6.762905539151800594e-02 4.864417998213395933e+00 6.437800301584169216e-02
6.762905539151800594e-02 4.898302548399954048e+00 1.171546866934599085e-01
6.762905539151800594e-02 4.932187098586513052e+00 2.031015472531155497e-01
6.762905539151800594e-02 4.966071648773072056e+00 3.357069925640842056e-01
6.762905539151800594e-02 4.999956198959631060e+00 5.294863947930223969e-01
6.762905539151800594e-02 5.033840749146190063e+00 7.975206322203300946e-01
6.762905539151800594e-02 5.067725299332749067e+00 1.148045871793748507e+00
6.762905539151800594e-02 5.101609849519308071e+00 1.580653025466110639e+00
6.762905539151800594e-02 5.135494399705867075e+00 2.083033283463040064e+00
6.762905539151800594e-02 5.169378949892426078e+00 2.629380283474673341e+00
6.762905539151800594e-02 5.203263500078984194e+00 3.181385814951388280e+00
6.762905539151800594e-02 5.237148050265544086e+00 3.692210937403153981e+00
6.762905539151800594e-02 5.271032600452102201e+00 4.113001368175299710e+00
6.762905539151800594e-02 5.304917150638661205e+00 4.400702733365291941e+00
6.762905539151800594e-02 5.338801700825220209e+00 4.525416622053515248e+00
6.762905539151800594e-02 5.372686251011779213e+00 4.475536001811399878e+00
6.762905539151800594e-02 5.406570801198338216e+00 4.259438427338142041e+00
6.762905539151800594e-02 5.440455351384897220e+00 3.903423868687294185e+00
6.762905539151800594e-02 5.474339901571456224e+00 3.446553566801626278e+00
6.762905539151800594e-02 5.508224451758014339e+00 2.933762342139521806e+00
6.762905539151800594e-02 5.542109001944574231e+00 2.408878755875859756e+00
6.762905539151800594e-02 5.575993552131132347e+00 1.908972468525927058e+00
6.762905539151800594e-02 5.609878102317692239e+00 1.460894650054888944e+00
6.762905539151800594e-02 5.643762652504250354e+00 1.080208974477663730e+00
6.762905539151800594e-02 5.677647202690809358e+00 7.721415502035715583e-01
6.762905539151800594e-02 5.711531752877368362e+00 5.338417497881406959e-01
6.762905539151800594e-02 5.745416303063927366e+00 3.571712967434362285e-01
6.762905539151800594e-02 5.779300853250486369e+00 2.313698378793389021e-01
6.762905539151800594e-02 5.813185403437045373e+00 1.451833584591127879e-01
6.762905539151800594e-02 5.847069953623604377e+00 8.829103976393021247e-02
6.762905539151800594e-02 5.880954503810162493e+00 5.206094926582640475e-02
6.762905539151800594e-02 5.914839053996722384e+00 2.977867885286552760e-02
6.762905539151800594e-02 5.948723604183280500e+00 1.653085305773635549e-02
6.762905539151800594e-02 5.982608154369840392e+00 8.909978769353647451e-03
6.762905539151800594e-02 6.016492704556398508e+00 4.664888440400384410e-03
6.762905539151800594e-02 6.050377254742957511e+00 2.373434843375193688e-03
6.762905539151800594e-02 6.084261804929516515e+00 1.174004666547357216e-03
6.762905539151800594e-02 6.118146355116075519e+00 5.648076907483053034e-04
6.762905539151800594e-02 6.152030905302634523e+00 2.643920255391319111e-04
6.762905539151800594e-02 6.185915455489193526e+00 1.204727281763847579e-04
6.762905539151800594e-02 6.219800005675752530e+00 5.345575835273169458e-05
6.762905539151800594e-02 6.253684555862310646e+00 2.310656715934083925e-05
6.762905539151800594e-02 6.287569106048870538e+00 9.733713486229233035e-06
6.762905539151800594e-02 6.321453656235428653e+00 3.997496989716528290e-06
6.762905539151800594e-02 6.355338206421988545e+00 1.601126946990778174e-06
6.762905539151800594e-02 6.389222756608546661e+00 6.256772702560594611e-07
6.762905539151800594e-02 6.423107306795105664e+00 2.386263364372849512e-07
6.762905539151800594e-02 6.456991856981664668e+00 8.885536299842360929e-08
6.762905539151800594e-02 6.490876407168223672e+00 3.231451483013750442e-08
6.762905539151800594e-02 6.524760957354782676e+00 1.148178507256513472e-08
6.762905539151800594e-02 6.558645507541341679e+00 3.987178551601524475e-09
6.762905539151800594e-02 6.592530057727900683e+00 1.353664027545200518e-09
6.762905539151800594e-02 6.626414607914458799e+00 4.494560420657428103e-10
6.762905539151800594e-02 6.660299158101018691e+00 1.459938972591885135e-10
6.762905539151800594e-02 6.694183708287576806e+00 4.640782326482518322e-11
6.762905539151800594e-02 6.728068258474136698e+00 1.444084120132957487e-11
6.762905539151800594e-02 6.761952808660694814e+00 4.400198959413644922e-12
6.883671709493797974e-02 3.407382340191361880e+00 2.112306544268423563e-40
6.883671709493797974e-02 3.441266890377920884e+00 1.081571557198402182e-38
6.883671709493797974e-02 3.475151440564479888e+00 4.907964709049193971e-37
6.883671709493797974e-02 3.509035990751038447e+00 1.980039428842700310e-35
6.883671709493797974e-02 3.542920540937597451e+00 7.123559921452012020e-34
6.883671709493797974e-02 3.576805091124156455e+00 2.292158934902099134e-32
6.883671709493797974e-02 3.610689641310715459e+00 6.615183230669643488e-31
6.883671709493797974e-02 3.644574191497274462e+00 1.716989295696823758e-29
6.883671709493797974e-02 3.678458741683833466e+00 4.018436767842302328e-28
6.883671709493797974e-02 3.712343291870392026e+00 8.501668810488970898e-27
6.883671709493797974e-02 3.746227842056951030e+00 1.629906738598560642e-25
6.883671709493797974e-02 3.780112392243510033e+00 2.838240408654102837e-24
6.883671709493797974e-02 3.813996942430069037e+00 4.499288624648096656e-23
6.883671709493797974e-02 3.847881492616627597e+00 6.507181911576097507e-22
6.883671709493797974e-02 3.881766042803186600e+00 8.604190041416148975e-21
6.883671709493797974e-02 3.915650592989745604e+00 1.042263180251344169e-19
6.883671709493797974e-02 3.949535143176304608e+00 1.158905037976079750e-18
6.883671709493797974e-02 3.983419693362863612e+00 1.185074619822873724e-17
6.883671709493797974e-02 4.017304243549422615e+00 1.116524315962140720e-16
6.883671709493797974e-02 4.051188793735981619e+00 9.709272370727877286e-16
6.883671709493797974e-02 4.085073343922540623e+00 7.806346383616621360e-15
6.883671709493797974e-02 4.118957894109099627e+00 5.812655005933505358e-14
6.883671709493797974e-02 4.152842444295657742e+00 4.014830297564642689e-13
6.883671709493797974e-02 4.186726994482216746e+00 2.576347276351932265e-12
6.883671709493797974e-02 4.220611544668775750e+00 1.538310746834025986e-11
6.883671709493797974e-02 4.254496094855334754e+00 8.559023575483840619e-11
6.883671709493797974e-02 4.288380645041893757e+00 4.443895242982412748e-10
6.883671709493797974e-02 4.322265195228452761e+00 2.156073401781478028e-09
6.883671709493797974e-02 4.356149745415011765e+00 9.788284608118634870e-09
6.883671709493797974e-02 4.390034295601570768e+00 4.163507201896741528e-08
6.883671709493797974e-02 4.423918845788129772e+00 1.661391440877090929e-07
6.883671709493797974e-02 4.457803395974687888e+00 6.227005818995512935e-07
6.883671709493797974e-02 4.491687946161247780e+00 2.194830981200190499e-06
6.883671709493797974e-02 4.525572496347805895e+00 7.283547376000047996e-06
6.883671709493797974e-02 4.559457046534364899e+00 2.278225317104417365e-05
6.883671709493797974e-02 4.593341596720923903e+00 6.724203221205595719e-05
6.883671709493797974e-02 4.627226146907482907e+00 1.874740982616470298e-04
6.883671709493797974e-02 4.661110697094041910e+00 4.942556165718611436e-04
6.883671709493797974e-02 4.694995247280600914e+00 1.233427631205766739e-03
6.883671709493797974e-02 4.728879797467159918e+00 2.916472761613400633e-03
6.883671709493797974e-02 4.762764347653718922e+00 6.540393855190991187e-03
6.883671709493797974e-02 4.796648897840277925e+00 1.392389047294457366e-02
6.883671709493797974e-02 4.830533448026836041e+00 2.816610837529976222e-02
6.883671709493797974e-02 4.864417998213395933e+00 5.418657179749310215e-02
6.883671709493797974e-02 4.898302548399954048e+00 9.922809704109268603e-02
6.883671709493797974e-02 4.932187098586513052e+00 1.731116349670630827e-01
6.883671709493797974e-02 4.966071648773072056e+00 2.879573067748313897e-01
6.883671709493797974e-02 4.999956198959631060e+00 4.570811707821537118e-01
6.883671709493797974e-02 5.033840749146190063e+00 6.928940909505818535e-01
6.883671709493797974e-02 5.067725299332749067e+00 1.003888908030752924e+00
6.883671709493797974e-02 5.101609849519308071e+00 1.391166211962144184e+00
6.883671709493797974e-02 5.135494399705867075e+00 1.845307835826683229e+00
6.883671709493797974e-02 5.169378949892426078e+00 2.344605400547517871e+00
6.883671709493797974e-02 5.203263500078984194e+00 2.855548686874954445e+00
6.883671709493797974e-02 5.237148050265544086e+00 3.336024783547699268e+00
6.883671709493797974e-02 5.271032600452102201e+00 3.740962587571661224e+00
6.883671709493797974e-02 5.304917150638661205e+00 4.029397007377329309e+00
6.883671709493797974e-02 5.338801700825220209e+00 4.171396224083752990e+00
6.883671709493797974e-02 5.372686251011779213e+00 4.153208065351724265e+00
6.883671709493797974e-02 5.406570801198338216e+00 3.979396625297119350e+00
6.883671709493797974e-02 5.440455351384897220e+00 3.671528701250192928e+00
6.883671709493797974e-02 5.474339901571456224e+00 3.263865550024449114e+00
6.883671709493797974e-02 5.508224451758014339e+00 2.797225381096861252e+00
6.883671709493797974e-02 5.542109001944574231e+00 2.312499672076597790e+00
6.883671709493797974e-02 5.575993552131132347e+00 1.845181698893655797e+00
6.883671709493797974e-02 5.609878102317692239e+00 1.421802472570133258e+00
6.883671709493797974e-02 5.643762652504250354e+00 1.058563306604213494e+00
6.883671709493797974e-02 5.677647202690809358e+00 7.619072491994700602e-01
6.883671709493797974e-02 5.711531752877368362e+00 5.304212769688158025e-01
6.883671709493797974e-02 5.745416303063927366e+00 3.573509326770200056e-01
6.883671709493797974e-02 5.779300853250486369e+00 2.330995813132363537e-01
6.883671709493797974e-02 5.813185403437045373e+00 1.472902693413820630e-01
6.883671709493797974e-02 5.847069953623604377e+00 9.019907379599474695e-02
6.883671709493797974e-02 5.880954503810162493e+00 5.355884513692701215e-02
6.883671709493797974e-02 5.914839053996722384e+00 3.085058170412336223e-02
6.883671709493797974e-02 5.948723604183280500e+00 1.724633576976686636e-02
6.883671709493797974e-02 5.982608154369840392e+00 9.361089838524693646e-03
6.883671709493797974e-02 6.016492704556398508e+00 4.935639338883981986e-03
6.883671709493797974e-02 6.050377254742957511e+00 2.528924305505693328e-03
6.883671709493797974e-02 6.084261804929516515e+00 1.259761612194031013e-03
6.883671709493797974e-02 6.118146355116075519e+00 6.103550901158803950e-04
6.883671709493797974e-02 6.152030905302634523e+00 2.877377630049259374e-04
6.883671709493797974e-02 6.185915455489193526e+00 1.320403451822344833e-04
6.883671709493797974e-02 6.219800005675752530e+00 5.900439842415411488e-05
6.883671709493797974e-02 6.253684555862310646e+00 2.568618708901815095e-05
6.883671709493797974e-02 6.287569106048870538e+00 1.089730669558060475e-05
6.883671709493797974e-02 6.321453656235428653e+00 4.507201754473807390e-06
6.883671709493797974e-02 6.355338206421988545e+00 1.818127979314163425e-06
6.883671709493797974e-02 6.389222756608546661e+00 7.155339519162680317e-07
6.883671709493797974e-02 6.423107306795105664e+00 2.748403833605073911e-07
6.883671709493797974e-02 6.456991856981664668e+00 1.030692254487335348e-07
6.883671709493797974e-02 6.490876407168223672e+00 3.775086153044571144e-08
6.883671709493797974e-02 6.524760957354782676e+00 1.350899203521742584e-08
6.883671709493797974e-02 6.558645507541341679e+00 4.724585902287096960e-09
6.883671709493797974e-02 6.592530057727900683e+00 1.615449926552165146e-09
6.883671709493797974e-02 6.626414607914458799e+00 5.401995143570876894e-10
6.883671709493797974e-02 6.660299158101018691e+00 1.767199674912739640e-10
6.883671709493797974e-02 6.694183708287576806e+00 5.657511870510879976e-11
6.883671709493797974e-02 6.728068258474136698e+00 1.773002404440189600e-11
6.883671709493797974e-02 6.761952808660694814e+00 5.440899600718849175e-12
7.004437879835793967e-02 3.407382340191361880e+00 1.446341654390890675e-40
7.004437879835793967e-02 3.441266890377920884e+00 7.425733422639486549e-39
7.004437879835793967e-02 3.475151440564479888e+00 3.379235792783865888e-37
7.004437879835793967e-02 3.509035990751038447e+00 1.367365816811114946e-35
7.004437879835793967e-02 3.542920540937597451e+00 4.934699657053480935e-34
7.004437879835793967e-02 3.576805091124156455e+00 1.593009107449306701e-32
7.004437879835793967e-02 3.610689641310715459e+00 4.612970392327867201e-31
7.004437879835793967e-02 3.644574191497274462e+00 1.201504265965138580e-29
7.004437879835793967e-02 3.678458741683833466e+00 2.822187508138685743e-28
7.004437879835793967e-02 3.712343291870392026e+00 5.993139626974828298e-27
7.004437879835793967e-02 3.746227842056951030e+00 1.153409263864521058e-25
7.004437879835793967e-02 3.780112392243510033e+00 2.016451813472339073e-24
7.004437879835793967e-02 3.813996942430069037e+00 3.209568349730889833e-23
7.004437879835793967e-02 3.847881492616627597e+00 4.661273507721372838e-22
7.004437879835793967e-02 3.881766042803186600e+00 6.189761878006655023e-21
7.004437879835793967e-02 3.915650592989745604e+00 7.530708354387753230e-20
7.004437879835793967e-02 3.949535143176304608e+00 8.410885432384916057e-19
7.004437879835793967e-02 3.983419693362863612e+00 8.640020189294364589e-18
7.004437879835793967e-02 4.017304243549422615e+00 8.178074242371481748e-17
7.004437879835793967e-02 4.051188793735981619e+00 7.145306209161890540e-16
7.004437879835793967e-02 4.085073343922540623e+00 5.772576405754300390e-15
7.004437879835793967e-02 4.118957894109099627e+00 4.319360940316186525e-14
7.004437879835793967e-02 4.152842444295657742e+00 2.998261917558959162e-13
7.004437879835793967e-02 4.186726994482216746e+00 1.933737714235692396e-12
7.004437879835793967e-02 4.220611544668775750e+00 1.160540848950328953e-11
7.004437879835793967e-02 4.254496094855334754e+00 6.490755439245321339e-11
7.004437879835793967e-02 4.288380645041893757e+00 3.387817993970197105e-10
7.004437879835793967e-02 4.322265195228452761e+00 1.652474334511317988e-09
7.004437879835793967e-02 4.356149745415011765e+00 7.542607804423473224e-09
7.004437879835793967e-02 4.390034295601570768e+00 3.225863713494425788e-08
7.004437879835793967e-02 4.423918845788129772e+00 1.294367537007949591e-07
7.004437879835793967e-02 4.457803395974687888e+00 4.878544438677523669e-07
7.004437879835793967e-02 4.491687946161247780e+00 1.729271004648900891e-06
7.004437879835793967e-02 4.525572496347805895e+00 5.771394962562396485e-06
7.004437879835793967e-02 4.559457046534364899e+00 1.815660077984537055e-05
7.004437879835793967e-02 4.593341596720923903e+00 5.390166362715435270e-05
7.004437879835793967e-02 4.627226146907482907e+00 1.511641585810279663e-04
7.004437879835793967e-02 4.661110697094041910e+00 4.008920674579021892e-04
7.004437879835793967e-02 4.694995247280600914e+00 1.006419928814495518e-03
7.004437879835793967e-02 4.728879797467159918e+00 2.394054059714396249e-03
7.004437879835793967e-02 4.762764347653718922e+00 5.401452268552608266e-03
7.004437879835793967e-02 4.796648897840277925e+00 1.156957421732497139e-02
7.004437879835793967e-02 4.830533448026836041e+00 2.354792723806774235e-02
7.004437879835793967e-02 4.864417998213395933e+00 4.558321086632437236e-02
7.004437879835793967e-02 4.898302548399954048e+00 8.399492828884116968e-02
7.004437879835793967e-02 4.932187098586513052e+00 1.474575541011556856e-01
7.004437879835793967e-02 4.966071648773072056e+00 2.468356553503298079e-01
7.004437879835793967e-02 4.999956198959631060e+00 3.943013506444861260e-01
7.004437879835793967e-02 5.033840749146190063e+00 6.015511069741967809e-01
7.004437879835793967e-02 5.067725299332749067e+00 8.771566310883780471e-01
7.004437879835793967e-02 5.101609849519308071e+00 1.223406885794924737e+00
7.004437879835793967e-02 5.135494399705867075e+00 1.633334818899612184e+00
7.004437879835793967e-02 5.169378949892426078e+00 2.088835600562601424e+00
7.004437879835793967e-02 5.203263500078984194e+00 2.560738989176761571e+00
7.004437879835793967e-02 5.237148050265544086e+00 3.011334067269292536e+00
7.004437879835793967e-02 5.271032600452102201e+00 3.399219318234924625e+00
7.004437879835793967e-02 5.304917150638661205e+00 3.685647695647558564e+00
7.004437879835793967e-02 5.338801700825220209e+00 3.841001667470043124e+00
7.004437879835793967e-02 5.372686251011779213e+00 3.849877957212527235e+00
7.004437879835793967e-02 5.406570801198338216e+00 3.713566768607825086e+00
7.004437879835793967e-02 5.440455351384897220e+00 3.449385869002741689e+00
7.004437879835793967e-02 5.474339901571456224e+00 3.087149516140503813e+00
7.004437879835793967e-02 5.508224451758014339e+00 2.663745515588469281e+00
7.004437879835793967e-02 5.542109001944574231e+00 2.217153456183551530e+00
7.004437879835793967e-02 5.575993552131132347e+00 1.781191326229341954e+00
7.004437879835793967e-02 5.609878102317692239e+00 1.381898825761315841e+00
7.004437879835793967e-02 5.643762652504250354e+00 1.035922334055193961e+00
7.004437879835793967e-02 5.677647202690809358e+00 7.507465038352394426e-01
7.004437879835793967e-02 5.711531752877368362e+00 5.262597176210547234e-01
7.004437879835793967e-02 5.745416303063927366e+00 3.570005429165135635e-01
7.004437879835793967e-02 5.779300853250486369e+00 2.344858643866300774e-01
7.004437879835793967e-02 5.813185403437045373e+00 1.491957909368838986e-01
7.004437879835793967e-02 5.847069953623604377e+00 9.200209919301599593e-02
7.004437879835793967e-02 5.880954503810162493e+00 5.501048750209427962e-02
7.004437879835793967e-02 5.914839053996722384e+00 3.190813757699498265e-02
7.004437879835793967e-02 5.948723604183280500e+00 1.796236920866926129e-02
7.004437879835793967e-02 5.982608154369840392e+00 9.818077465422658454e-03
7.004437879835793967e-02 6.016492704556398508e+00 5.212919300661462627e-03
7.004437879835793967e-02 6.050377254742957511e+00 2.689768827327731430e-03
7.004437879835793967e-02 6.084261804929516515e+00 1.349313149382285609e-03
7.004437879835793967e-02 6.118146355116075519e+00 6.583481958084954006e-04
7.004437879835793967e-02 6.152030905302634523e+00 3.125516580955586756e-04
7.004437879835793967e-02 6.185915455489193526e+00 1.444396287492692060e-04
7.004437879835793967e-02 6.219800005675752530e+00 6.500122023180278873e-05
7.004437879835793967e-02 6.253684555862310646e+00 2.849683054836304840e-05
7.004437879835793967e-02 6.287569106048870538e+00 1.217525378908450096e-05
7.004437879835793967e-02 6.321453656235428653e+00 5.071421010453310894e-06
7.004437879835793967e-02 6.355338206421988545e+00 2.060215170824971084e-06
7.004437879835793967e-02 6.389222756608546661e+00 8.165546347404410682e-07
7.004437879835793967e-02 6.423107306795105664e+00 3.158665193752031512e-07
7.004437879835793967e-02 6.456991856981664668e+00 1.192946739036452832e-07
7.004437879835793967e-02 6.490876407168223672e+00 4.400364207878330853e-08
7.004437879835793967e-02 6.524760957354782676e+00 1.585823747581808292e-08
7.004437879835793967e-02 6.558645507541341679e+00 5.585553566822489893e-09
7.004437879835793967e-02 6.592530057727900683e+00 1.923386416940720987e-09
7.004437879835793967e-02 6.626414607914458799e+00 6.477354550145705771e-10
7.004437879835793967e-02 6.660299158101018691e+00 2.134023507732923101e-10
7.004437879835793967e-02 6.694183708287576806e+00 6.880319484216177722e-11
7.004437879835793967e-02 6.728068258474136698e+00 2.171507194417221269e-11
7.004437879835793967e-02 6.761952808660694814e+00 6.711051100933302467e-12
7.125204050177789961e-02 3.407382340191361880e+00 9.911798195074547331e-41
7.125204050177789961e-02 3.441266890377920884e+00 5.102464066383715032e-39
7.125204050177789961e-02 3.475151440564479888e+00 2.328523973410534973e-37
7.125204050177789961e-02 3.509035990751038447e+00 9.449942390186539675e-36
7.125204050177789961e-02 3.542920540937597451e+00 3.420945179708297177e-34
7.125204050177789961e-02 3.576805091124156455e+00 1.107902402416902980e-32
7.125204050177789961e-02 3.610689641310715459e+00 3.218970025611662579e-31
7.125204050177789961e-02 3.644574191497274462e+00 8.413333187778279696e-30
7.125204050177789961e-02 3.678458741683833466e+00 1.983293603855363350e-28
7.125204050177789961e-02 3.712343291870392026e+00 4.227311277608464194e-27
7.125204050177789961e-02 3.746227842056951030e+00 8.166778246298041510e-26
7.125204050177789961e-02 3.780112392243510033e+00 1.433375683650825041e-24
7.125204050177789961e-02 3.813996942430069037e+00 2.290707465998122530e-23
7.125204050177789961e-02 3.847881492616627597e+00 3.340588782775962535e-22
7.125204050177789961e-02 3.881766042803186600e+00 4.454829722474656757e-21
7.125204050177789961e-02 3.915650592989745604e+00 5.443444177841955143e-20
7.125204050177789961e-02 3.949535143176304608e+00 6.106625157348857450e-19
7.125204050177789961e-02 3.983419693362863612e+00 6.301378156900251111e-18
7.125204050177789961e-02 4.017304243549422615e+00 5.991996778190942983e-17
7.125204050177789961e-02 4.051188793735981619e+00 5.259912149279069602e-16
7.125204050177789961e-02 4.085073343922540623e+00 4.269733518686941240e-15
7.125204050177789961e-02 4.118957894109099627e+00 3.210401002442551363e-14
7.125204050177789961e-02 4.152842444295657742e+00 2.239506448056711198e-13
7.125204050177789961e-02 4.186726994482216746e+00 1.451632074300599336e-12
7.125204050177789961e-02 4.220611544668775750e+00 8.756448183637033498e-12
7.125204050177789961e-02 4.254496094855334754e+00 4.922693046102159804e-11
7.125204050177789961e-02 4.288380645041893757e+00 2.582843174058120068e-10
7.125204050177789961e-02 4.322265195228452761e+00 1.266522088621837784e-09
7.125204050177789961e-02 4.356149745415011765e+00 5.812037676770476088e-09
7.125204050177789961e-02 4.390034295601570768e+00 2.499250007321499708e-08
7.125204050177789961e-02 4.423918845788129772e+00 1.008335894283847884e-07
7.125204050177789961e-02 4.457803395974687888e+00 3.821625800655878959e-07
7.125204050177789961e-02 4.491687946161247780e+00 1.362250015258876893e-06
7.125204050177789961e-02 4.525572496347805895e+00 4.572305781273251075e-06
7.125204050177789961e-02 4.559457046534364899e+00 1.446684540176494357e-05
7.125204050177789961e-02 4.593341596720923903e+00 4.319661328574300854e-05
7.125204050177789961e-02 4.627226146907482907e+00 1.218504986323149295e-04
7.125204050177789961e-02 4.661110697094041910e+00 3.250565618590944058e-04
7.125204050177789961e-02 4.694995247280600914e+00 8.208902253447221669e-04
7.125204050177789961e-02 4.728879797467159918e+00 1.964422665865709315e-03
7.125204050177789961e-02 4.762764347653718922e+00 4.458890141037482116e-03
7.125204050177789961e-02 4.796648897840277925e+00 9.608782414159664637e-03
7.125204050177789961e-02 4.830533448026836041e+00 1.967692954871806676e-02
7.125204050177789961e-02 4.864417998213395933e+00 3.832494562252368453e-02
7.125204050177789961e-02 4.898302548399954048e+00 7.105905716274212025e-02
7.125204050177789961e-02 4.932187098586513052e+00 1.255279231498371006e-01
7.125204050177789961e-02 4.966071648773072056e+00 2.114485947742389682e-01
7.125204050177789961e-02 4.999956198959631060e+00 3.399107382095038488e-01
7.125204050177789961e-02 5.033840749146190063e+00 5.218725537776288670e-01
7.125204050177789961e-02 5.067725299332749067e+00 7.658425121868047691e-01
7.125204050177789961e-02 5.101609849519308071e+00 1.075024147348769166e+00
7.125204050177789961e-02 5.135494399705867075e+00 1.444513471378746416e+00
7.125204050177789961e-02 5.169378949892426078e+00 1.859359354176888024e+00
7.125204050177789961e-02 5.203263500078984194e+00 2.294300148840652920e+00
7.125204050177789961e-02 5.237148050265544086e+00 2.715703773005790023e+00
7.125204050177789961e-02 5.271032600452102201e+00 3.085698052196270691e+00
7.125204050177789961e-02 5.304917150638661205e+00 3.367833745287194702e+00
7.125204050177789961e-02 5.338801700825220209e+00 3.533094688739800482e+00
7.125204050177789961e-02 5.372686251011779213e+00 3.564861401928987927e+00
7.125204050177789961e-02 5.406570801198338216e+00 3.461643707858840902e+00
7.125204050177789961e-02 5.440455351384897220e+00 3.236968558325864720e+00
7.125204050177789961e-02 5.474339901571456224e+00 2.916551636338772457e+00
7.125204050177789961e-02 5.508224451758014339e+00 2.533549455862969868e+00
7.125204050177789961e-02 5.542109001944574231e+00 2.123078331711702127e+00
7.125204050177789961e-02 5.575993552131132347e+00 1.717208517296844983e+00
7.125204050177789961e-02 5.609878102317692239e+00 1.341340778152922297e+00
7.125204050177789961e-02 5.643762652504250354e+00 1.012391183596045519e+00
7.125204050177789961e-02 5.677647202690809358e+00 7.387206885634928222e-01
7.125204050177789961e-02 5.711531752877368362e+00 5.213867843488878551e-01
7.125204050177789961e-02 5.745416303063927366e+00 3.561299804348137532e-01
7.125204050177789961e-02 5.779300853250486369e+00 2.355280215714953829e-01
7.125204050177789961e-02 5.813185403437045373e+00 1.508950203891364916e-01
7.125204050177789961e-02 5.847069953623604377e+00 9.369455125039870269e-02
7.125204050177789961e-02 5.880954503810162493e+00 5.641127061561396205e-02
7.125204050177789961e-02 5.914839053996722384e+00 3.294813621625779232e-02
7.125204050177789961e-02 5.948723604183280500e+00 1.867699235393932566e-02
7.125204050177789961e-02 5.982608154369840392e+00 1.027988654266758124e-02
7.125204050177789961e-02 6.016492704556398508e+00 5.496240680503531456e-03
7.125204050177789961e-02 6.050377254742957511e+00 2.855792261387521229e-03
7.125204050177789961e-02 6.084261804929516515e+00 1.442630424258010751e-03
7.125204050177789961e-02 6.118146355116075519e+00 7.088137746259192675e-04
7.125204050177789961e-02 6.152030905302634523e+00 3.388720013738806005e-04
7.125204050177789961e-02 6.185915455489193526e+00 1.577032257820892370e-04
7.125204050177789961e-02 6.219800005675752530e+00 7.146917140694175738e-05
7.125204050177789961e-02 6.253684555862310646e+00 3.155289830573753361e-05
7.125204050177789961e-02 6.287569106048870538e+00 1.357589174073931324e-05
7.125204050177789961e-02 6.321453656235428653e+00 5.694683528333920977e-06
7.125204050177789961e-02 6.355338206421988545e+00 2.329720344936298795e-06
7.125204050177789961e-02 6.389222756608546661e+00 9.298849177163162899e-07
7.125204050177789961e-02 6.423107306795105664e+00 3.622442687250102978e-07
7.125204050177789961e-02 6.456991856981664668e+00 1.377761216788696876e-07
7.125204050177789961e-02 6.490876407168223672e+00 5.117964555265131342e-08
7.125204050177789961e-02 6.524760957354782676e+00 1.857461723537843172e-08
7.125204050177789961e-02 6.558645507541341679e+00 6.588519315415670521e-09
7.125204050177789961e-02 6.592530057727900683e+00 2.284782808221380892e-09
7.125204050177789961e-02 6.626414607914458799e+00 7.748769521482970068e-10
7.125204050177789961e-02 6.660299158101018691e+00 2.570932571155611129e-10
7.125204050177789961e-02 6.694183708287576806e+00 8.347492209697005509e-11
7.125204050177789961e-02 6.728068258474136698e+00 2.653163052227731039e-11
7.125204050177789961e-02 6.761952808660694814e+00 8.257481173600184163e-12
7.245970220519787341e-02 3.407382340191361880e+00 6.798210056344451926e-41
7.245970220519787341e-02 3.441266890377920884e+00 3.508894392681930703e-39
7.245970220519787341e-02 3.475151440564479888e+00 1.605763545867895156e-37
7.245970220519787341e-02 3.509035990751038447e+00 6.535833061988858917e-36
7.245970220519787341e-02 3.542920540937597451e+00 2.373270872327000765e-34
7.245970220519787341e-02 3.576805091124156455e+00 7.710611020372083451e-33
7.245970220519787341e-02 3.610689641310715459e+00 2.247735873847469690e-31
7.245970220519787341e-02 3.644574191497274462e+00 5.895094546788858815e-30
7.245970220519787341e-02 3.678458741683833466e+00 1.394619459632646113e-28
7.245970220519787341e-02 3.712343291870392026e+00 2.983520956628256739e-27
7.245970220519787341e-02 3.746227842056951030e+00 5.785760087458922170e-26
7.245970220519787341e-02 3.780112392243510033e+00 1.019440026890071878e-24
7.245970220519787341e-02 3.813996942430069037e+00 1.635720429208827828e-23
7.245970220519787341e-02 3.847881492616627597e+00 2.395216229805634200e-22
7.245970220519787341e-02 3.881766042803186600e+00 3.207585499697581398e-21
7.245970220519787341e-02 3.915650592989745604e+00 3.936300466852100029e-20
7.245970220519787341e-02 3.949535143176304608e+00 4.435307765578065465e-19
7.245970220519787341e-02 3.983419693362863612e+00 4.597329072619447945e-18
7.245970220519787341e-02 4.017304243549422615e+00 4.391648272605055658e-17
7.245970220519787341e-02 4.051188793735981619e+00 3.873090800712529683e-16
7.245970220519787341e-02 4.085073343922540623e+00 3.158925451072275621e-15
7.245970220519787341e-02 4.118957894109099627e+00 2.386670573870354815e-14
7.245970220519787341e-02 4.152842444295657742e+00 1.673070607652046405e-13
7.245970220519787341e-02 4.186726994482216746e+00 1.089884443233035076e-12
7.245970220519787341e-02 4.220611544668775750e+00 6.607635335725715397e-12
7.245970220519787341e-02 4.254496094855334754e+00 3.733759562110383175e-11
7.245970220519787341e-02 4.288380645041893757e+00 1.969235063376907188e-10
7.245970220519787341e-02 4.322265195228452761e+00 9.707284902338550346e-10
7.245970220519787341e-02 4.356149745415011765e+00 4.478448872027892115e-09
7.245970220519787341e-02 4.390034295601570768e+00 1.936203391308341068e-08
7.245970220519787341e-02 4.423918845788129772e+00 7.854447795997567352e-08
7.245970220519787341e-02 4.457803395974687888e+00 2.993326195614654691e-07
7.245970220519787341e-02 4.491687946161247780e+00 1.072960421835522020e-06
7.245970220519787341e-02 4.525572496347805895e+00 3.621662205133469520e-06
7.245970220519787341e-02 4.559457046534364899e+00 1.152434849525920413e-05
7.245970220519787341e-02 4.593341596720923903e+00 3.460871545284591156e-05
7.245970220519787341e-02 4.627226146907482907e+00 9.819265788909726914e-05
7.245970220519787341e-02 4.661110697094041910e+00 2.634805609147788897e-04
7.245970220519787341e-02 4.694995247280600914e+00 6.693203392924701456e-04
7.245970220519787341e-02 4.728879797467159918e+00 1.611253567203856357e-03
7.245970220519787341e-02 4.762764347653718922e+00 3.679220720270941387e-03
7.245970220519787341e-02 4.796648897840277925e+00 7.976585644482834733e-03
7.245970220519787341e-02 4.830533448026836041e+00 1.643404611022772355e-02
7.245970220519787341e-02 4.864417998213395933e+00 3.220516491242096657e-02
7.245970220519787341e-02 4.898302548399954048e+00 6.008111376268952114e-02
7.245970220519787341e-02 4.932187098586513052e+00 1.067949263763033618e-01
7.245970220519787341e-02 4.966071648773072056e+00 1.810187116866007473e-01
7.245970220519787341e-02 4.999956198959631060e+00 2.928249348983397726e-01
7.245970220519787341e-02 5.033840749146190063e+00 4.524261799671338014e-01
7.245970220519787341e-02 5.067725299332749067e+00 6.681560858112544077e-01
7.245970220519787341e-02 5.101609849519308071e+00 9.439010189823187069e-01
7.245970220519787341e-02 5.135494399705867075e+00 1.276479112130664673e+00
7.245970220519787341e-02 5.169378949892426078e+00 1.653685646422289768e+00
7.245970220519787341e-02 5.203263500078984194e+00 2.053763944784044337e+00
7.245970220519787341e-02 5.237148050265544086e+00 2.446842748390927635e+00
7.245970220519787341e-02 5.271032600452102201e+00 2.798418853928487326e+00
7.245970220519787341e-02 5.304917150638661205e+00 3.074378838672620518e+00
7.245970220519787341e-02 5.338801700825220209e+00 3.246540686571166567e+00
7.245970220519787341e-02 5.372686251011779213e+00 3.297448535362738742e+00
7.245970220519787341e-02 5.406570801198338216e+00 3.223280507865358580e+00
7.245970220519787341e-02 5.440455351384897220e+00 3.034203668911340745e+00
7.245970220519787341e-02 5.474339901571456224e+00 2.752175894305227910e+00
7.245970220519787341e-02 5.508224451758014339e+00 2.406830688352469494e+00
7.245970220519787341e-02 5.542109001944574231e+00 2.030489730888479727e+00
7.245970220519787341e-02 5.575993552131132347e+00 1.653427110210663020e+00
7.245970220519787341e-02 5.609878102317692239e+00 1.300279269541950722e+00
7.245970220519787341e-02 5.643762652504250354e+00 9.880734891251579111e-01
7.245970220519787341e-02 5.677647202690809358e+00 7.258921097230863761e-01
7.245970220519787341e-02 5.711531752877368362e+00 5.158339813342792679e-01
7.245970220519787341e-02 5.745416303063927366e+00 3.547508444716098164e-01
7.245970220519787341e-02 5.779300853250486369e+00 2.362267001117269172e-01
7.245970220519787341e-02 5.813185403437045373e+00 1.523838716831177054e-01
7.245970220519787341e-02 5.847069953623604377e+00 9.527128159973349830e-02
7.245970220519787341e-02 5.880954503810162493e+00 5.775674330464478090e-02
7.245970220519787341e-02 5.914839053996722384e+00 3.396738159882649322e-02
7.245970220519787341e-02 5.948723604183280500e+00 1.938820123432224637e-02
7.245970220519787341e-02 5.982608154369840392e+00 1.074540827759077471e-02
7.245970220519787341e-02 6.016492704556398508e+00 5.785071567342648692e-03
7.245970220519787341e-02 6.050377254742957511e+00 3.026788579666946696e-03
7.245970220519787341e-02 6.084261804929516515e+00 1.539667167478888385e-03
7.245970220519787341e-02 6.118146355116075519e+00 7.617697640990746255e-04
7.245970220519787341e-02 6.152030905302634523e+00 3.667333057607082567e-04
7.245970220519787341e-02 6.185915455489193526e+00 1.718625792052390301e-04
7.245970220519787341e-02 6.219800005675752530e+00 7.843110210487129225e-05
7.245970220519787341e-02 6.253684555862310646e+00 3.486905165104697948e-05
7.245970220519787341e-02 6.287569106048870538e+00 1.510785426619180016e-05
7.245970220519787341e-02 6.321453656235428653e+00 6.381746478097802304e-06
7.245970220519787341e-02 6.355338206421988545e+00 2.629123745438270523e-06
7.245970220519787341e-02 6.389222756608546661e+00 1.056757244841870814e-06
7.245970220519787341e-02 6.423107306795105664e+00 4.145602228997165825e-07
7.245970220519787341e-02 6.456991856981664668e+00 1.587819718915654391e-07
7.245970220519787341e-02 6.490876407168223672e+00 5.939726788041854060e-08
7.245970220519787341e-02 6.524760957354782676e+00 2.170859111090576730e-08
7.245970220519787341e-02 6.558645507541341679e+00 7.754299212726642473e-09
7.245970220519787341e-02 6.592530057727900683e+00 2.707963486061938543e-09
7.245970220519787341e-02 6.626414607914458799e+00 9.248552210286450576e-10
7.245970220519787341e-02 6.660299158101018691e+00 3.090114674054352890e-10
7.245970220519787341e-02 6.694183708287576806e+00 1.010374570361756517e-10
7.245970220519787341e-02 6.728068258474136698e+00 3.233941637466008518e-11
7.245970220519787341e-02 6.761952808660694814e+00 1.013577281255208223e-11
7.366736390861783335e-02 3.407382340191361880e+00 4.666489506940834419e-41
7.366736390861783335e-02 3.441266890377920884e+00 2.414925068747742515e-39
7.366736390861783335e-02 3.475151440564479888e+00 1.108191155910362849e-37
7.366736390861783335e-02 3.509035990751038447e+00 4.523701006728971484e-36
7.366736390861783335e-02 3.542920540937597451e+00 1.647625005251546771e-34
7.366736390861783335e-02 3.576805091124156455e+00 5.370002135873580703e-33
7.366736390861783335e-02 3.610689641310715459e+00 1.570580819300978384e-31
7.366736390861783335e-02 3.644574191497274462e+00 4.133217183323990612e-30
7.366736390861783335e-02 3.678458741683833466e+00 9.812667958128710076e-29
7.366736390861783335e-02 3.712343291870392026e+00 2.106902111215462755e-27
7.366736390861783335e-02 3.746227842056951030e+00 4.101172498187827372e-26
7.366736390861783335e-02 3.780112392243510033e+00 7.254185887036438646e-25
7.366736390861783335e-02 3.813996942430069037e+00 1.168587160270202883e-23
7.366736390861783335e-02 3.847881492616627597e+00 1.718169900266981369e-22
7.366736390861783335e-02 3.881766042803186600e+00 2.310532033890331005e-21
7.366736390861783335e-02 3.915650592989745604e+00 2.847581356193689401e-20
7.366736390861783335e-02 3.949535143176304608e+00 3.222599783121838717e-19
7.366736390861783335e-02 3.983419693362863612e+00 3.355230146912047804e-18
7.366736390861783335e-02 4.017304243549422615e+00 3.219709219095831472e-17
7.366736390861783335e-02 4.051188793735981619e+00 2.852701464648619680e-16
7.366736390861783335e-02 4.085073343922540623e+00 2.337672531568060945e-15
7.366736390861783335e-02 4.118957894109099627e+00 1.774669557480283786e-14
7.366736390861783335e-02 4.152842444295657742e+00 1.250126863238211392e-13
7.366736390861783335e-02 4.186726994482216746e+00 8.184048040176517484e-13
7.366736390861783335e-02 4.220611544668775750e+00 4.986706867812974279e-12
7.366736390861783335e-02 4.254496094855334754e+00 2.832209785244430884e-11
7.366736390861783335e-02 4.288380645041893757e+00 1.501475603523454466e-10
7.366736390861783335e-02 4.322265195228452761e+00 7.440285994876790004e-10
7.366736390861783335e-02 4.356149745415011765e+00 3.450795711440268925e-09
7.366736390861783335e-02 4.390034295601570768e+00 1.499927278734465456e-08
7.366736390861783335e-02 4.423918845788129772e+00 6.117718744902047275e-08
7.366736390861783335e-02 4.457803395974687888e+00 2.344276128573902100e-07
7.366736390861783335e-02 4.491687946161247780e+00 8.449767925128186772e-07
7.366736390861783335e-02 4.525572496347805895e+00 2.868138584311333211e-06
7.366736390861783335e-02 4.559457046534364899e+00 9.178331091889262714e-06
7.366736390861783335e-02 4.593341596720923903e+00 2.772115340907537460e-05
7.366736390861783335e-02 4.627226146907482907e+00 7.910536879038329128e-05
7.366736390861783335e-02 4.661110697094041910e+00 2.135003704216460599e-04
7.366736390861783335e-02 4.694995247280600914e+00 5.455424083907673728e-04
7.366736390861783335e-02 4.728879797467159918e+00 1.321062978092196446e-03
7.366736390861783335e-02 4.762764347653718922e+00 3.034594618231239039e-03
7.366736390861783335e-02 4.796648897840277925e+00 6.618606372383381044e-03
7.366736390861783335e-02 4.830533448026836041e+00 1.371884590951284906e-02
7.366736390861783335e-02 4.864417998213395933e+00 2.704833016140168259e-02
7.366736390861783335e-02 4.898302548399954048e+00 5.077062313657288578e-02
7.366736390861783335e-02 4.932187098586513052e+00 9.080335745713731532e-02
7.366736390861783335e-02 4.966071648773072056e+00 1.548703081762534683e-01
7.366736390861783335e-02 4.999956198959631060e+00 2.520938585761286488e-01
7.366736390861783335e-02 5.033840749146190063e+00 3.919467331624858497e-01
7.366736390861783335e-02 5.067725299332749067e+00 5.825020368598895493e-01
7.366736390861783335e-02 5.101609849519308071e+00 8.281342866974333861e-01
7.366736390861783335e-02 5.135494399705867075e+00 1.127085655012208587e+00
7.366736390861783335e-02 5.169378949892426078e+00 1.469530820419044703e+00
7.366736390861783335e-02 5.203263500078984194e+00 1.836842708387724343e+00
7.366736390861783335e-02 5.237148050265544086e+00 2.202601436240367416e+00
7.366736390861783335e-02 5.271032600452102201e+00 2.535497932783588038e+00
7.366736390861783335e-02 5.304917150638661205e+00 2.803757453109646747e+00
7.366736390861783335e-02 5.338801700825220209e+00 2.980216602959097294e+00
7.366736390861783335e-02 5.372686251011779213e+00 3.046912012038512696e+00
7.366736390861783335e-02 5.406570801198338216e+00 2.998095560276633265e+00
7.366736390861783335e-02 5.440455351384897220e+00 2.840977239273587696e+00
7.366736390861783335e-02 5.474339901571456224e+00 2.594087653402491256e+00
7.366736390861783335e-02 5.508224451758014339e+00 2.283751406202412237e+00
7.366736390861783335e-02 5.542109001944574231e+00 1.939581021499152236e+00
7.366736390861783335e-02 5.575993552131132347e+00 1.590027611569583055e+00
7.366736390861783335e-02 5.609878102317692239e+00 1.258858775949924347e+00
7.366736390861783335e-02 5.643762652504250354e+00 9.630709928688639954e-01
7.366736390861783335e-02 5.677647202690809358e+00 7.123236830427672750e-01
7.366736390861783335e-02 5.711531752877368362e+00 5.096344015268493566e-01
7.366736390861783335e-02 5.745416303063927366e+00 3.528763845560151102e-01
7.366736390861783335e-02 5.779300853250486369e+00 2.365838360881039326e-01
7.366736390861783335e-02 5.813185403437045373e+00 1.536590888953792700e-01
7.366736390861783335e-02 5.847069953623604377e+00 9.672758355400550012e-02
7.366736390861783335e-02 5.880954503810162493e+00 5.904263258534981490e-02
7.366736390861783335e-02 5.914839053996722384e+00 3.496270863049681654e-02
7.366736390861783335e-02 5.948723604183280500e+00 2.009395852237363597e-02
7.366736390861783335e-02 5.982608154369840392e+00 1.121348455688367905e-02
7.366736390861783335e-02 6.016492704556398508e+00 6.078837062743865788e-03
7.366736390861783335e-02 6.050377254742957511e+00 3.202521705345053905e-03
7.366736390861783335e-02 6.084261804929516515e+00 1.640359067073820327e-03
7.366736390861783335e-02 6.118146355116075519e+00 8.172246588487384455e-04
7.366736390861783335e-02 6.152030905302634523e+00 3.961658635709268709e-04
7.366736390861783335e-02 6.185915455489193526e+00 1.869476603764844505e-04
7.366736390861783335e-02 6.219800005675752530e+00 8.590962542717915586e-05
7.366736390861783335e-02 6.253684555862310646e+00 3.846015013590743729e-05
7.366736390861783335e-02 6.287569106048870538e+00 1.678004966604141295e-05
7.366736390861783335e-02 6.321453656235428653e+00 7.137590988083457297e-06
7.366736390861783335e-02 6.355338206421988545e+00 2.961055805370354141e-06
7.366736390861783335e-02 6.389222756608546661e+00 1.198493870202197395e-06
7.366736390861783335e-02 6.423107306795105664e+00 4.734504824632261152e-07
7.366736390861783335e-02 6.456991856981664668e+00 1.826062265373809555e-07
7.366736390861783335e-02 6.490876407168223672e+00 6.878744832854345003e-08
7.366736390861783335e-02 6.524760957354782676e+00 2.531648300756818144e-08
7.366736390861783335e-02 6.558645507541341679e+00 9.106337506356291406e-09
7.366736390861783335e-02 6.592530057727900683e+00 3.202386037190743970e-09
7.366736390861783335e-02 6.626414607914458799e+00 1.101372823614157281e-09
7.366736390861783335e-02 6.660299158101018691e+00 3.705653030875349690e-10
7.366736390861783335e-02 6.694183708287576806e+00 1.220117753511758820e-10
7.366736390861783335e-02 6.728068258474136698e+00 3.932603255358883987e-11
7.366736390861783335e-02 6.761952808660694814e+00 1.241174039827117032e-11
7.487502561203779328e-02 3.407382340191361880e+00 3.205772289773635017e-41
7.487502561203779328e-02 3.441266890377920884e+00 1.663310667408574530e-39
7.487502561203779328e-02 3.475151440564479888e+00 7.653737337955309491e-38
7.487502561203779328e-02 3.509035990751038447e+00 3.133298870641392996e-36
7.487502561203779328e-02 3.542920540937597451e+00 1.144651809886950584e-34
7.487502561203779328e-02 3.576805091124156455e+00 3.742422673914388791e-33
7.487502561203779328e-02 3.610689641310715459e+00 1.098137092812001518e-31
7.487502561203779328e-02 3.644574191497274462e+00 2.899714799486626660e-30
7.487502561203779328e-02 3.678458741683833466e+00 6.908380533645020951e-29
7.487502561203779328e-02 3.712343291870392026e+00 1.488693757305761789e-27
7.487502561203779328e-02 3.746227842056951030e+00 2.908634827486747658e-26
7.487502561203779328e-02 3.780112392243510033e+00 5.164602101866350903e-25
7.487502561203779328e-02 3.813996942430069037e+00 8.352602532034291657e-24
7.487502561203779328e-02 3.847881492616627597e+00 1.233057970014422809e-22
7.487502561203779328e-02 3.881766042803186600e+00 1.665056388983817303e-21
7.487502561203779328e-02 3.915650592989745604e+00 2.060792645923164401e-20
7.487502561203779328e-02 3.949535143176304608e+00 2.342319693258932734e-19
7.487502561203779328e-02 3.983419693362863612e+00 2.449531496382657495e-18
7.487502561203779328e-02 4.017304243549422615e+00 2.361219871375948508e-17
7.487502561203779328e-02 4.051188793735981619e+00 2.101707272342397015e-16
7.487502561203779328e-02 4.085073343922540623e+00 1.730341003769675026e-15
7.487502561203779328e-02 4.118957894109099627e+00 1.319874453431601139e-14
7.487502561203779328e-02 4.152842444295657742e+00 9.342654485078741065e-14
7.487502561203779328e-02 4.186726994482216746e+00 6.146366590356475224e-13
7.487502561203779328e-02 4.220611544668775750e+00 3.763832541057990964e-12
7.487502561203779328e-02 4.254496094855334754e+00 2.148518993260120137e-11
7.487502561203779328e-02 4.288380645041893757e+00 1.144879186283457000e-10
7.487502561203779328e-02 4.322265195228452761e+00 5.702798486494234120e-10
7.487502561203779328e-02 4.356149745415011765e+00 2.658907555042629414e-09
7.487502561203779328e-02 4.390034295601570768e+00 1.161896771279861255e-08
7.487502561203779328e-02 4.423918845788129772e+00 4.764607913394090701e-08
7.487502561203779328e-02 4.457803395974687888e+00 1.835747472570486747e-07
7.487502561203779328e-02 4.491687946161247780e+00 6.653358240604204943e-07
7.487502561203779328e-02 4.525572496347805895e+00 2.270977955093032716e-06
7.487502561203779328e-02 4.559457046534364899e+00 7.308313301555203677e-06
7.487502561203779328e-02 4.593341596720923903e+00 2.219875800763523977e-05
7.487502561203779328e-02 4.627226146907482907e+00 6.371033620631498355e-05
7.487502561203779328e-02 4.661110697094041910e+00 1.729462206583239905e-04
7.487502561203779328e-02 4.694995247280600914e+00 4.444989778891771711e-04
7.487502561203779328e-02 4.728879797467159918e+00 1.082720220558824149e-03
7.487502561203779328e-02 4.762764347653718922e+00 2.501865369918015308e-03
7.487502561203779328e-02 4.796648897840277925e+00 5.489335567682883041e-03
7.487502561203779328e-02 4.830533448026836041e+00 1.144668255169080037e-02
7.487502561203779328e-02 4.864417998213395933e+00 2.270542501895282325e-02
7.487502561203779328e-02 4.898302548399954048e+00 4.287918347463740704e-02
7.487502561203779328e-02 4.932187098586513052e+00 7.716101387733691197e-02
7.487502561203779328e-02 4.966071648773072056e+00 1.324167176795608136e-01
7.487502561203779328e-02 4.999956198959631060e+00 2.168860723593202533e-01
7.487502561203779328e-02 5.033840749146190063e+00 3.393179076378999848e-01
7.487502561203779328e-02 5.067725299332749067e+00 5.074609161735674778e-01
7.487502561203779328e-02 5.101609849519308071e+00 7.260155622841769629e-01
7.487502561203779328e-02 5.135494399705867075e+00 9.943887698641590278e-01
7.487502561203779328e-02 5.169378949892426078e+00 1.304805416406644936e+00
7.487502561203779328e-02 5.203263500078984194e+00 1.641420904398964042e+00
7.487502561203779328e-02 5.237148050265544086e+00 1.980968512916960078e+00
7.487502561203779328e-02 5.271032600452102201e+00 2.295148857953684729e+00
7.487502561203779328e-02 5.304917150638661205e+00 2.554499526097245177e+00
7.487502561203779328e-02 5.338801700825220209e+00 2.733017565064177479e+00
7.487502561203779328e-02 5.372686251011779213e+00 2.812514149947292985e+00
7.487502561203779328e-02 5.406570801198338216e+00 2.785679050945366608e+00
7.487502561203779328e-02 5.440455351384897220e+00 2.657139515867774193e+00
7.487502561203779328e-02 5.474339901571456224e+00 2.442317085520414377e+00
7.487502561203779328e-02 5.508224451758014339e+00 2.164444435977168624e+00
7.487502561203779328e-02 5.542109001944574231e+00 1.850524291232236385e+00
7.487502561203779328e-02 5.575993552131132347e+00 1.527177261804076203e+00
7.487502561203779328e-02 5.609878102317692239e+00 1.217217027117026840e+00
7.487502561203779328e-02 5.643762652504250354e+00 9.374831759814504784e-01
7.487502561203779328e-02 5.677647202690809358e+00 6.980786210087315258e-01
7.487502561203779328e-02 5.711531752877368362e+00 5.028225217828158344e-01
7.487502561203779328e-02 5.745416303063927366e+00 3.505213976802433740e-01
7.487502561203779328e-02 5.779300853250486369e+00 2.366026234989897503e-01
7.487502561203779328e-02 5.813185403437045373e+00 1.547182544297942275e-01
7.487502561203779328e-02 5.847069953623604377e+00 9.805921472889138346e-02
7.487502561203779328e-02 5.880954503810162493e+00 6.026486629509954923e-02
7.487502561203779328e-02 5.914839053996722384e+00 3.593099985040042188e-02
7.487502561203779328e-02 5.948723604183280500e+00 2.079220352970277685e-02
7.487502561203779328e-02 5.982608154369840392e+00 1.168291275120201221e-02
7.487502561203779328e-02 6.016492704556398508e+00 6.376920890185371928e-03
7.487502561203779328e-02 6.050377254742957511e+00 3.382725542258042343e-03
7.487502561203779328e-02 6.084261804929516515e+00 1.744623235974625958e-03
7.487502561203779328e-02 6.118146355116075519e+00 8.751769293555178601e-04
7.487502561203779328e-02 6.152030905302634523e+00 4.271953059651882492e-04
7.487502561203779328e-02 6.185915455489193526e+00 2.029866935178773737e-04
7.487502561203779328e-02 6.219800005675752530e+00 9.392696889695715341e-05
7.487502561203779328e-02 6.253684555862310646e+00 4.234118266845674964e-05
7.487502561203779328e-02 6.287569106048870538e+00 1.860163464720199271e-05
7.487502561203779328e-02 6.321453656235428653e+00 7.967415621142086350e-06
7.487502561203779328e-02 6.355338206421988545e+00 3.328297993676269190e-06
7.487502561203779328e-02 6.389222756608546661e+00 1.356509492875945754e-06
7.487502561203779328e-02 6.423107306795105664e+00 5.396030255597263092e-07
7.487502561203779328e-02 6.456991856981664668e+00 2.095701112883933265e-07
7.487502561203779328e-02 6.490876407168223672e+00 7.949463971578523066e-08
7.487502561203779328e-02 6.524760957354782676e+00 2.946100915558243715e-08
7.487502561203779328e-02 6.558645507541341679e+00 1.067097472866592124e-08
7.487502561203779328e-02 6.592530057727900683e+00 3.778769728060209359e-09
7.487502561203779328e-02 6.626414607914458799e+00 1.308662269009520583e-09
7.487502561203779328e-02 6.660299158101018691e+00 4.433782067325664886e-10
7.487502561203779328e-02 6.694183708287576806e+00 1.470034020153786533e-10
7.487502561203779328e-02 6.728068258474136698e+00 4.771130686894032848e-11
7.487502561203779328e-02 6.761952808660694814e+00 1.516312443403705709e-11
7.608268731545776709e-02 3.407382340191361880e+00 2.204016601490224720e-41
7.608268731545776709e-02 3.441266890377920884e+00 1.146496757331817574e-39
7.608268731545776709e-02 3.475151440564479888e+00 5.289953496625921016e-38
7.608268731545776709e-02 3.509035990751038447e+00 2.171793957100696597e-36
7.608268731545776709e-02 3.542920540937597451e+00 7.957680662396657948e-35
7.608268731545776709e-02 3.576805091124156455e+00 2.609866496473850381e-33
7.608268731545776709e-02 3.610689641310715459e+00 7.682962277047019252e-32
7.608268731545776709e-02 3.644574191497274462e+00 2.035573557341178544e-30
7.608268731545776709e-02 3.678458741683833466e+00 4.866517126443149539e-29
7.608268731545776709e-02 3.712343291870392026e+00 1.052464486063987089e-27
7.608268731545776709e-02 3.746227842056951030e+00 2.063951475339627060e-26
7.608268731545776709e-02 3.780112392243510033e+00 3.678765069412645892e-25
7.608268731545776709e-02 3.813996942430069037e+00 5.972927484625235737e-24
7.608268731545776709e-02 3.847881492616627597e+00 8.853055288510057161e-23
7.608268731545776709e-02 3.881766042803186600e+00 1.200398988767540989e-21
7.608268731545776709e-02 3.915650592989745604e+00 1.491967858033810028e-20
7.608268731545776709e-02 3.949535143176304608e+00 1.703099987194484109e-19
7.608268731545776709e-02 3.983419693362863612e+00 1.788895454403284290e-18
7.608268731545776709e-02 4.017304243549422615e+00 1.732145422220730965e-17
7.608268731545776709e-02 4.051188793735981619e+00 1.548827613479392114e-16
7.608268731545776709e-02 4.085073343922540623e+00 1.281095143147315137e-15
7.608268731545776709e-02 4.118957894109099627e+00 9.818293532119556243e-15
7.608268731545776709e-02 4.152842444295657742e+00 6.983309073445741240e-14
7.608268731545776709e-02 4.186726994482216746e+00 4.616681832617153172e-13
7.608268731545776709e-02 4.220611544668775750e+00 2.841150748174645734e-12
7.608268731545776709e-02 4.254496094855334754e+00 1.629996842193848335e-11
7.608268731545776709e-02 4.288380645041893757e+00 8.730135959898782303e-11
7.608268731545776709e-02 4.322265195228452761e+00 4.371117668552844374e-10
7.608268731545776709e-02 4.356149745415011765e+00 2.048704607265943733e-09
7.608268731545776709e-02 4.390034295601570768e+00 9.000009811895243671e-09
7.608268731545776709e-02 4.423918845788129772e+00 3.710469325573140150e-08
7.608268731545776709e-02 4.457803395974687888e+00 1.437364767864100749e-07
7.608268731545776709e-02 4.491687946161247780e+00 5.238087299726499171e-07
7.608268731545776709e-02 4.525572496347805895e+00 1.797823981941629404e-06
7.608268731545776709e-02 4.559457046534364899e+00 5.818054453491690015e-06
7.608268731545776709e-02 4.593341596720923903e+00 1.777210736964735468e-05
7.608268731545776709e-02 4.627226146907482907e+00 5.129704534189979753e-05
7.608268731545776709e-02 4.661110697094041910e+00 1.400514622933436389e-04
7.608268731545776709e-02 4.694995247280600914e+00 3.620451438470009549e-04
7.608268731545776709e-02 4.728879797467159918e+00 8.870421088859154705e-04
7.608268731545776709e-02 4.762764347653718922e+00 2.061806861171657217e-03
7.608268731545776709e-02 4.796648897840277925e+00 4.550711532847831649e-03
7.608268731545776709e-02 4.830533448026836041e+00 9.546265002705757452e-03
7.608268731545776709e-02 4.864417998213395933e+00 1.905004783141008712e-02
7.608268731545776709e-02 4.898302548399954048e+00 3.619455443347786155e-02
7.608268731545776709e-02 4.932187098586513052e+00 6.553029228680121165e-02
7.608268731545776709e-02 4.966071648773072056e+00 1.131490917307903660e-01
7.608268731545776709e-02 4.999956198959631060e+00 1.864747744771940996e-01
7.608268731545776709e-02 5.033840749146190063e+00 2.935560029969369045e-01
7.608268731545776709e-02 5.067725299332749067e+00 4.417714323674477028e-01
7.608268731545776709e-02 5.101609849519308071e+00 6.360135915355219494e-01
7.608268731545776709e-02 5.135494399705867075e+00 8.766297970870827738e-01
7.608268731545776709e-02 5.169378949892426078e+00 1.157601184228515212e+00
7.608268731545776709e-02 5.203263500078984194e+00 1.465546316722525999e+00
7.608268731545776709e-02 5.237148050265544086e+00 1.780066672255489202e+00
7.608268731545776709e-02 5.271032600452102201e+00 2.075682638576102246e+00
7.608268731545776709e-02 5.304917150638661205e+00 2.325193908649283880e+00
7.608268731545776709e-02 5.338801700825220209e+00 2.503862418278173685e+00
7.608268731545776709e-02 5.372686251011779213e+00 2.593513191805354889e+00
7.608268731545776709e-02 5.406570801198338216e+00 2.585598818959352396e+00
7.608268731545776709e-02 5.440455351384897220e+00 2.482509674439988601e+00
7.608268731545776709e-02 5.474339901571456224e+00 2.296862455526779367e+00
7.608268731545776709e-02 5.508224451758014339e+00 2.049015150104529503e+00
7.608268731545776709e-02 5.542109001944574231e+00 1.763471180708217512e+00
7.608268731545776709e-02 5.575993552131132347e+00 1.465030163709212463e+00
7.608268731545776709e-02 5.609878102317692239e+00 1.175484774998558191e+00
7.608268731545776709e-02 5.643762652504250354e+00 9.114069191578418883e-01
7.608268731545776709e-02 5.677647202690809358e+00 6.832201314861715558e-01
7.608268731545776709e-02 5.711531752877368362e+00 4.954339972259378388e-01
7.608268731545776709e-02 5.745416303063927366e+00 3.477021194084457534e-01
7.608268731545776709e-02 5.779300853250486369e+00 2.362874766520186576e-01
7.608268731545776709e-02 5.813185403437045373e+00 1.555597922124135890e-01
7.608268731545776709e-02 5.847069953623604377e+00 9.926241677526542739e-02
7.608268731545776709e-02 5.880954503810162493e+00 6.141959456411379137e-02
7.608268731545776709e-02 5.914839053996722384e+00 3.686920201374773581e-02
7.608268731545776709e-02 5.948723604183280500e+00 2.148086253084607183e-02
7.608268731545776709e-02 5.982608154369840392e+00 1.215245093151198427e-02
7.608268731545776709e-02 6.016492704556398508e+00 6.678667331949845326e-03
7.608268731545776709e-02 6.050377254742957511e+00 3.567104209000420030e-03
7.608268731545776709e-02 6.084261804929516515e+00 1.852357782696133822e-03
7.608268731545776709e-02 6.118146355116075519e+00 9.356144796009988659e-04
7.608268731545776709e-02 6.152030905302634523e+00 4.598421686501091431e-04
7.608268731545776709e-02 6.185915455489193526e+00 2.200058739798007267e-04
7.608268731545776709e-02 6.219800005675752530e+00 1.025048176104327737e-04
7.608268731545776709e-02 6.253684555862310646e+00 4.652719202827718743e-05
7.608268731545776709e-02 6.287569106048870538e+00 2.058198400014567275e-05
7.608268731545776709e-02 6.321453656235428653e+00 8.876627628323498521e-06
7.608268731545776709e-02 6.355338206421988545e+00 3.733782638070022580e-06
7.608268731545776709e-02 6.389222756608546661e+00 1.532313502022711057e-06
7.608268731545776709e-02 6.423107306795105664e+00 6.137599732679778445e-07
7.608268731545776709e-02 6.456991856981664668e+00 2.400237033166366789e-07
7.608268731545776709e-02 6.490876407168223672e+00 9.167780802368951350e-08
7.608268731545776709e-02 6.524760957354782676e+00 3.421183351375910436e-08
7.608268731545776709e-02 6.558645507541341679e+00 1.247773425428378124e-08
7.608268731545776709e-02 6.592530057727900683e+00 4.449234770853986124e-09
7.608268731545776709e-02 6.626414607914458799e+00 1.551550335998012462e-09
7.608268731545776709e-02 6.660299158101018691e+00 5.293171454223807422e-10
7.608268731545776709e-02 6.694183708287576806e+00 1.767144543867265064e-10
7.608268731545776709e-02 6.728068258474136698e+00 5.775221092505827430e-11
7.608268731545776709e-02 6.761952808660694814e+00 1.848153199107569645e-11
7.729034901887772702e-02 3.407382340191361880e+00 1.516456996366724786e-41
7.729034901887772702e-02 3.441266890377920884e+00 7.908525163653844092e-40
7.729034901887772702e-02 3.475151440564479888e+00 3.658838851500526131e-38
7.729034901887772702e-02 3.509035990751038447e+00 1.506392769983507588e-36
7.729034901887772702e-02 3.542920540937597451e+00 5.535946278490366333e-35
7.729034901887772702e-02 3.576805091124156455e+00 1.821231824628477699e-33
7.729034901887772702e-02 3.610689641310715459e+00 5.378625956100984220e-32
7.729034901887772702e-02 3.644574191497274462e+00 1.429807731659542143e-30
7.729034901887772702e-02 3.678458741683833466e+00 3.430111338401806018e-29
7.729034901887772702e-02 3.712343291870392026e+00 7.444678364591460294e-28
7.729034901887772702e-02 3.746227842056951030e+00 1.465326649165096289e-26
7.729034901887772702e-02 3.780112392243510033e+00 2.621682131741543576e-25
7.729034901887772702e-02 3.813996942430069037e+00 4.273201921333140691e-24
7.729034901887772702e-02 3.847881492616627597e+00 6.359037797937330380e-23
7.729034901887772702e-02 3.881766042803186600e+00 8.657619650360767804e-22
7.729034901887772702e-02 3.915650592989745604e+00 1.080558704561458263e-20
7.729034901887772702e-02 3.949535143176304608e+00 1.238754486849718344e-19
7.729034901887772702e-02 3.983419693362863612e+00 1.306848606092400016e-18
7.729034901887772702e-02 4.017304243549422615e+00 1.271035867990909333e-17
7.729034901887772702e-02 4.051188793735981619e+00 1.141685566636581020e-16
7.729034901887772702e-02 4.085073343922540623e+00 9.487036517058499269e-16
7.729034901887772702e-02 4.118957894109099627e+00 7.305092711090946561e-15
7.729034901887772702e-02 4.152842444295657742e+00 5.220658731616876908e-14
7.729034901887772702e-02 4.186726994482216746e+00 3.468176082554540698e-13
7.729034901887772702e-02 4.220611544668775750e+00 2.144887542725472347e-12
7.729034901887772702e-02 4.254496094855334754e+00 1.236707712752144220e-11
7.729034901887772702e-02 4.288380645041893757e+00 6.657351601155109557e-11
7.729034901887772702e-02 4.322265195228452761e+00 3.350444565438724427e-10
7.729034901887772702e-02 4.356149745415011765e+00 1.578509415662608419e-09
7.729034901887772702e-02 4.390034295601570768e+00 6.971020234960699095e-09
7.729034901887772702e-02 4.423918845788129772e+00 2.889312937329221830e-08
7.729034901887772702e-02 4.457803395974687888e+00 1.125307441925967648e-07
7.729034901887772702e-02 4.491687946161247780e+00 4.123260030111375767e-07
7.729034901887772702e-02 4.525572496347805895e+00 1.422995635714575330e-06
7.729034901887772702e-02 4.559457046534364899e+00 4.630698330814145263e-06
7.729034901887772702e-02 4.593341596720923903e+00 1.422470134648801629e-05
7.729034901887772702e-02 4.627226146907482907e+00 4.129092746488291515e-05
7.729034901887772702e-02 4.661110697094041910e+00 1.133782824310245152e-04
7.729034901887772702e-02 4.694995247280600914e+00 2.947855084699382367e-04
7.729034901887772702e-02 4.728879797467159918e+00 7.264561920887864987e-04
7.729034901887772702e-02 4.762764347653718922e+00 1.698458594549975787e-03
7.729034901887772702e-02 4.796648897840277925e+00 3.770921429220300790e-03
7.729034901887772702e-02 4.830533448026836041e+00 7.957592134328334357e-03
7.729034901887772702e-02 4.864417998213395933e+00 1.597506085990756802e-02
7.729034901887772702e-02 4.898302548399954048e+00 3.053554235237788614e-02
7.729034901887772702e-02 4.932187098586513052e+00 5.562084810671649726e-02
7.729034901887772702e-02 4.966071648773072056e+00 9.662650797724431362e-02
7.729034901887772702e-02 4.999956198959631060e+00 1.602253043182360059e-01
7.729034901887772702e-02 5.033840749146190063e+00 2.537951760916227761e-01
7.729034901887772702e-02 5.067725299332749067e+00 3.843142518756444970e-01
7.729034901887772702e-02 5.101609849519308071e+00 5.567578072512544551e-01
7.729034901887772702e-02 5.135494399705867075e+00 7.722204876947348362e-01
7.729034901887772702e-02 5.169378949892426078e+00 1.026178407244324964e+00
7.729034901887772702e-02 5.203263500078984194e+00 1.307421023649524061e+00
7.729034901887772702e-02 5.237148050265544086e+00 1.598147758932218165e+00
7.729034901887772702e-02 5.271032600452102201e+00 1.875506864043552158e+00
7.729034901887772702e-02 5.304917150638661205e+00 2.114490770456459501e+00
7.729034901887772702e-02 5.338801700825220209e+00 2.291698270554933803e+00
7.729034901887772702e-02 5.372686251011779213e+00 2.389168757502595497e+00
7.729034901887772702e-02 5.406570801198338216e+00 2.397405643830220257e+00
7.729034901887772702e-02 5.440455351384897220e+00 2.316880203539232852e+00
7.729034901887772702e-02 5.474339901571456224e+00 2.157693256818058458e+00
7.729034901887772702e-02 5.508224451758014339e+00 1.937543355731808692e+00
7.729034901887772702e-02 5.542109001944574231e+00 1.678553756874524794e+00
7.729034901887772702e-02 5.575993552131132347e+00 1.403727469188531751e+00
7.729034901887772702e-02 5.609878102317692239e+00 1.133785611577857289e+00
7.729034901887772702e-02 5.643762652504250354e+00 8.849361937059079253e-01
7.729034901887772702e-02 5.677647202690809358e+00 6.678111288961057213e-01
7.729034901887772702e-02 5.711531752877368362e+00 4.875054560949494964e-01
7.729034901887772702e-02 5.745416303063927366e+00 3.444361097454426424e-01
7.729034901887772702e-02 5.779300853250486369e+00 2.356439862165204957e-01
7.729034901887772702e-02 5.813185403437045373e+00 1.561829658639191654e-01
7.729034901887772702e-02 5.847069953623604377e+00 1.003339320845666738e-01
7.729034901887772702e-02 5.880954503810162493e+00 6.250320996018221553e-02
7.729034901887772702e-02 5.914839053996722384e+00 3.777434242361571437e-02
7.729034901887772702e-02 5.948723604183280500e+00 2.215785933975614533e-02
7.729034901887772702e-02 5.982608154369840392e+00 1.262082346458705262e-02
7.729034901887772702e-02 6.016492704556398508e+00 6.983383487264580372e-03
7.729034901887772702e-02 6.050377254742957511e+00 3.755332482893358661e-03
7.729034901887772702e-02 6.084261804929516515e+00 1.963441492990295519e-03
7.729034901887772702e-02 6.118146355116075519e+00 9.985141499634208467e-04
7.729034901887772702e-02 6.152030905302634523e+00 4.941214678042096841e-04
7.729034901887772702e-02 6.185915455489193526e+00 2.380290823243443976e-04
7.729034901887772702e-02 6.219800005675752530e+00 1.116641498134673976e-04
7.729034901887772702e-02 6.253684555862310646e+00 5.103319293771603303e-05
7.729034901887772702e-02 6.287569106048870538e+00 2.273065604155742391e-05
7.729034901887772702e-02 6.321453656235428653e+00 9.870831850526204528e-06
7.729034901887772702e-02 6.355338206421988545e+00 4.180591623126270636e-06
7.729034901887772702e-02 6.389222756608546661e+00 1.727511770254039690e-06
7.729034901887772702e-02 6.423107306795105664e+00 6.967197196825129911e-07
7.729034901887772702e-02 6.456991856981664668e+00 2.743475478869184719e-07
7.729034901887772702e-02 6.490876407168223672e+00 1.055114562070959664e-07
7.729034901887772702e-02 6.524760957354782676e+00 3.964614907329757353e-08
7.729034901887772702e-02 6.558645507541341679e+00 1.455962739313439399e-08
7.729034901887772702e-02 6.592530057727900683e+00 5.227452760138621065e-09
7.729034901887772702e-02 6.626414607914458799e+00 1.835528451336782694e-09
7.729034901887772702e-02 6.660299158101018691e+00 6.305240536955910578e-10
7.729034901887772702e-02 6.694183708287576806e+00 2.119571200033616901e-10
7.729034901887772702e-02 6.728068258474136698e+00 6.974842207207574787e-11
7.729034901887772702e-02 6.761952808660694814e+00 2.247465242706236236e-11
7.849801072229768695e-02 3.407382340191361880e+00 1.044171188606300434e-41
7.849801072229768695e-02 3.441266890377920884e+00 5.459274487135946279e-40
7.849801072229768695e-02 3.475151440564479888e+00 2.532454262780441416e-38
7.849801072229768695e-02 3.509035990751038447e+00 1.045573644061497126e-36
7.849801072229768695e-02 3.542920540937597451e+00 3.853751464384307140e-35
7.849801072229768695e-02 3.576805091124156455e+00 1.271710039168713697e-33
7.849801072229768695e-02 3.610689641310715459e+00 3.767724701867979982e-32
7.849801072229768695e-02 3.644574191497274462e+00 1.004899672586499545e-30
7.849801072229768695e-02 3.678458741683833466e+00 2.419030013378888028e-29
7.849801072229768695e-02 3.712343291870392026e+00 5.268854202303696669e-28
7.849801072229768695e-02 3.746227842056951030e+00 1.040853639565944041e-26
7.849801072229768695e-02 3.780112392243510033e+00 1.869246599729958951e-25
7.849801072229768695e-02 3.813996942430069037e+00 3.058555376202949748e-24
7.849801072229768695e-02 3.847881492616627597e+00 4.569560379255424260e-23
7.849801072229768695e-02 3.881766042803186600e+00 6.246605035643279019e-22
7.849801072229768695e-02 3.915650592989745604e+00 7.828844562861423661e-21
7.849801072229768695e-02 3.949535143176304608e+00 9.013186375411477659e-20
7.849801072229768695e-02 3.983419693362863612e+00 9.549950044522343230e-19
7.849801072229768695e-02 4.017304243549422615e+00 9.329408983737790425e-18
7.849801072229768695e-02 4.051188793735981619e+00 8.417828299398923014e-17
7.849801072229768695e-02 4.085073343922540623e+00 7.027114531055375871e-16
7.849801072229768695e-02 4.118957894109099627e+00 5.436254374021629397e-15
7.849801072229768695e-02 4.152842444295657742e+00 3.903557784926308671e-14
7.849801072229768695e-02 4.186726994482216746e+00 2.605736263113003261e-13
7.849801072229768695e-02 4.220611544668775750e+00 1.619420645775872502e-12
7.849801072229768695e-02 4.254496094855334754e+00 9.383804690757465061e-12
7.849801072229768695e-02 4.288380645041893757e+00 5.076918336142924326e-11
7.849801072229768695e-02 4.322265195228452761e+00 2.568130631147255376e-10
7.849801072229768695e-02 4.356149745415011765e+00 1.216203404116846731e-09
7.849801072229768695e-02 4.390034295601570768e+00 5.399173887804784496e-09
7.849801072229768695e-02 4.423918845788129772e+00 2.249698272517663061e-08
7.849801072229768695e-02 4.457803395974687888e+00 8.808980145592045630e-08
7.849801072229768695e-02 4.491687946161247780e+00 3.245227863545891062e-07
7.849801072229768695e-02 4.525572496347805895e+00 1.126114715051485648e-06
7.849801072229768695e-02 4.559457046534364899e+00 3.684885560615506018e-06
7.849801072229768695e-02 4.593341596720923903e+00 1.138262140723691461e-05
7.849801072229768695e-02 4.627226146907482907e+00 3.322751708587301988e-05
7.849801072229768695e-02 4.661110697094041910e+00 9.175697508133657675e-05
7.849801072229768695e-02 4.694995247280600914e+00 2.399399216063078917e-04
7.849801072229768695e-02 4.728879797467159918e+00 5.947213963862685217e-04
7.849801072229768695e-02 4.762764347653718922e+00 1.398578418203957723e-03
7.849801072229768695e-02 4.796648897840277925e+00 3.123391655114725590e-03
7.849801072229768695e-02 4.830533448026836041e+00 6.630198634449900943e-03
7.849801072229768695e-02 4.864417998213395933e+00 1.338972068327784655e-02
7.849801072229768695e-02 4.898302548399954048e+00 2.574758149811792046e-02
7.849801072229768695e-02 4.932187098586513052e+00 4.718319544910127422e-02
7.849801072229768695e-02 4.966071648773072056e+00 8.246726075145849322e-02
7.849801072229768695e-02 4.999956198959631060e+00 1.375840259390301579e-01
7.849801072229768695e-02 5.033840749146190063e+00 2.192741670499244178e-01
7.849801072229768695e-02 5.067725299332749067e+00 3.340972283886932681e-01
7.849801072229768695e-02 5.101609849519308071e+00 4.870231053086537254e-01
7.849801072229768695e-02 5.135494399705867075e+00 6.797286121518668622e-01
7.849801072229768695e-02 5.169378949892426078e+00 9.089536421578342518e-01
7.849801072229768695e-02 5.203263500078984194e+00 1.165392312836111222e+00
7.849801072229768695e-02 5.237148050265544086e+00 1.433587424217310335e+00
7.849801072229768695e-02 5.271032600452102201e+00 1.693124074880409058e+00
7.849801072229768695e-02 5.304917150638661205e+00 1.921103103521505373e+00
7.849801072229768695e-02 5.338801700825220209e+00 2.095504158100701897e+00
7.849801072229768695e-02 5.372686251011779213e+00 2.198746558186842393e+00
7.849801072229768695e-02 5.406570801198338216e+00 2.220637996659399871e+00
7.849801072229768695e-02 5.440455351384897220e+00 2.160020961158573893e+00
7.849801072229768695e-02 5.474339901571456224e+00 2.024753194846628190e+00
7.849801072229768695e-02 5.508224451758014339e+00 1.830085151678924937e+00
7.849801072229768695e-02 5.542109001944574231e+00 1.595885418919601451e+00
7.849801072229768695e-02 5.575993552131132347e+00 1.343397619286778033e+00
7.849801072229768695e-02 5.609878102317692239e+00 1.092235834161619179e+00
7.849801072229768695e-02 5.643762652504250354e+00 8.581617833542254381e-01
7.849801072229768695e-02 5.677647202690809358e+00 6.519139591465408223e-01
7.849801072229768695e-02 5.711531752877368362e+00 4.790742963190900428e-01
7.849801072229768695e-02 5.745416303063927366e+00 3.407421346223016290e-01
7.849801072229768695e-02 5.779300853250486369e+00 2.346788693368906387e-01
7.849801072229768695e-02 5.813185403437045373e+00 1.565878719121045481e-01
7.849801072229768695e-02 5.847069953623604377e+00 1.012710173564640714e-01
7.849801072229768695e-02 5.880954503810162493e+00 6.351236615219262027e-02
7.849801072229768695e-02 5.914839053996722384e+00 3.864354488417880151e-02
7.849801072229768695e-02 5.948723604183280500e+00 2.282112605970549116e-02
7.849801072229768695e-02 5.982608154369840392e+00 1.308672695097942186e-02
7.849801072229768695e-02 6.016492704556398508e+00 7.290341842166913992e-03
7.849801072229768695e-02 6.050377254742957511e+00 3.947056457233383969e-03
7.849801072229768695e-02 6.084261804929516515e+00 2.077733629536884872e-03
7.849801072229768695e-02 6.118146355116075519e+00 1.063841271604060688e-03
7.849801072229768695e-02 6.152030905302634523e+00 5.300422903146245453e-04
7.849801072229768695e-02 6.185915455489193526e+00 2.570775963722186767e-04
7.849801072229768695e-02 6.219800005675752530e+00 1.214250657757656092e-04
7.849801072229768695e-02 6.253684555862310646e+00 5.587408389999793209e-05
7.849801072229768695e-02 6.287569106048870538e+00 2.505735376712443137e-05
7.849801072229768695e-02 6.321453656235428653e+00 1.095581715093998968e-05
7.849801072229768695e-02 6.355338206421988545e+00 4.671953864416931478e-06
7.849801072229768695e-02 6.389222756608546661e+00 1.943807931645370071e-06
7.849801072229768695e-02 6.423107306795105664e+00 7.893388924414828400e-07
7.849801072229768695e-02 6.456991856981664668e+00 3.129542478904583747e-07
7.849801072229768695e-02 6.490876407168223672e+00 1.211866660983436929e-07
7.849801072229768695e-02 6.524760957354782676e+00 4.584928332908208392e-08
7.849801072229768695e-02 6.558645507541341679e+00 1.695347691275944407e-08
7.849801072229768695e-02 6.592530057727900683e+00 6.128808601096518915e-09
7.849801072229768695e-02 6.626414607914458799e+00 2.166829444782276924e-09
7.849801072229768695e-02 6.660299158101018691e+00 7.494505357099546823e-10
7.849801072229768695e-02 6.694183708287576806e+00 2.536686963036176631e-10
7.849801072229768695e-02 6.728068258474136698e+00 8.404859469551959208e-11
7.849801072229768695e-02 6.761952808660694814e+00 2.726878051923110625e-11
7.970567242571766076e-02 3.407382340191361880e+00 7.195038110174806840e-42
7.970567242571766076e-02 3.441266890377920884e+00 3.771245067923490279e-40
7.970567242571766076e-02 3.475151440564479888e+00 1.754044841649698840e-38
7.970567242571766076e-02 3.509035990751038447e+00 7.262094632889131964e-37
7.970567242571766076e-02 3.542920540937597451e+00 2.684456066260968096e-35
7.970567242571766076e-02 3.576805091124156455e+00 8.885490416040322774e-34
7.970567242571766076e-02 3.610689641310715459e+00 2.640869120165479706e-32
7.970567242571766076e-02 3.644574191497274462e+00 7.066704445462822069e-31
7.970567242571766076e-02 3.678458741683833466e+00 1.706917488635255563e-29
7.970567242571766076e-02 3.712343291870392026e+00 3.730899442227779783e-28
7.970567242571766076e-02 3.746227842056951030e+00 7.397086861080100779e-27
7.970567242571766076e-02 3.780112392243510033e+00 1.333391091495266916e-25
7.970567242571766076e-02 3.813996942430069037e+00 2.190140898521646082e-24
7.970567242571766076e-02 3.847881492616627597e+00 3.285023238522441525e-23
7.970567242571766076e-02 3.881766042803186600e+00 4.508776386246936589e-22
7.970567242571766076e-02 3.915650592989745604e+00 5.674192105148311709e-21
7.970567242571766076e-02 3.949535143176304608e+00 6.560188921493147747e-20
7.970567242571766076e-02 3.983419693362863612e+00 6.980869232557439277e-19
7.970567242571766076e-02 4.017304243549422615e+00 6.849685302803517605e-18
7.970567242571766076e-02 4.051188793735981619e+00 6.208136280354820729e-17
7.970567242571766076e-02 4.085073343922540623e+00 5.206171561656587257e-16
7.970567242571766076e-02 4.118957894109099627e+00 4.046281068943087861e-15
7.970567242571766076e-02 4.152842444295657742e+00 2.919209859818433313e-14
7.970567242571766076e-02 4.186726994482216746e+00 1.958016003660484979e-13
7.970567242571766076e-02 4.220611544668775750e+00 1.222807959237989174e-12
7.970567242571766076e-02 4.254496094855334754e+00 7.120675365380564855e-12
7.970567242571766076e-02 4.288380645041893757e+00 3.871827624818680873e-11
7.970567242571766076e-02 4.322265195228452761e+00 1.968501190458810412e-10
7.970567242571766076e-02 4.356149745415011765e+00 9.370350228138141347e-10
7.970567242571766076e-02 4.390034295601570768e+00 4.181532397036764912e-09
7.970567242571766076e-02 4.423918845788129772e+00 1.751530461788303884e-08
7.970567242571766076e-02 4.457803395974687888e+00 6.894936782669405703e-08
7.970567242571766076e-02 4.491687946161247780e+00 2.553796702577090018e-07
7.970567242571766076e-02 4.525572496347805895e+00 8.910144323389796928e-07
7.970567242571766076e-02 4.559457046534364899e+00 2.931641759531573724e-06
7.970567242571766076e-02 4.593341596720923903e+00 9.106198252693703215e-06
7.970567242571766076e-02 4.627226146907482907e+00 2.673148430267697394e-05
7.970567242571766076e-02 4.661110697094041910e+00 7.423632325867601074e-05
7.970567242571766076e-02 4.694995247280600914e+00 1.952330025127678589e-04
7.970567242571766076e-02 4.728879797467159918e+00 4.866964636936595362e-04
7.970567242571766076e-02 4.762764347653718922e+00 1.151185477070653263e-03
7.970567242571766076e-02 4.796648897840277925e+00 2.585938144042124881e-03
7.970567242571766076e-02 4.830533448026836041e+00 5.521666966845200850e-03
7.970567242571766076e-02 4.864417998213395933e+00 1.121722369098131743e-02
7.970567242571766076e-02 4.898302548399954048e+00 2.169892188725503282e-02
7.970567242571766076e-02 4.932187098586513052e+00 4.000313563769693909e-02
7.970567242571766076e-02 4.966071648773072056e+00 7.034120661377017691e-02
7.970567242571766076e-02 4.999956198959631060e+00 1.180684578539187013e-01
7.970567242571766076e-02 5.033840749146190063e+00 1.893243817051337430e-01
7.970567242571766076e-02 5.067725299332749067e+00 2.902419762812883941e-01
7.970567242571766076e-02 5.101609849519308071e+00 4.257158068691943575e-01
7.970567242571766076e-02 5.135494399705867075e+00 5.978644585176379200e-01
7.970567242571766076e-02 5.169378949892426078e+00 8.044879514663453302e-01
7.970567242571766076e-02 5.203263500078984194e+00 1.037943657121907393e+00
7.970567242571766076e-02 5.237148050265544086e+00 1.284879449991303657e+00
7.970567242571766076e-02 5.271032600452102201e+00 1.527129512451326221e+00
7.970567242571766076e-02 5.304917150638661205e+00 1.743807455190570233e+00
7.970567242571766076e-02 5.338801700825220209e+00 1.914293933138180526e+00
7.970567242571766076e-02 5.372686251011779213e+00 2.021522438171829528e+00
7.970567242571766076e-02 5.406570801198338216e+00 2.054826290226954288e+00
7.970567242571766076e-02 5.440455351384897220e+00 2.011682916277625299e+00
7.970567242571766076e-02 5.474339901571456224e+00 1.897963016722143959e+00
7.970567242571766076e-02 5.508224451758014339e+00 1.726674746111196201e+00
7.970567242571766076e-02 5.542109001944574231e+00 1.515561829308721187e+00
7.970567242571766076e-02 5.575993552131132347e+00 1.284156632640839790e+00
7.970567242571766076e-02 5.609878102317692239e+00 1.050944356175058658e+00
7.970567242571766076e-02 5.643762652504250354e+00 8.311710368939539961e-01
7.970567242571766076e-02 5.677647202690809358e+00 6.355901394005039062e-01
7.970567242571766076e-02 5.711531752877368362e+00 4.701784850295381291e-01
7.970567242571766076e-02 5.745416303063927366e+00 3.366400438769269199e-01
7.970567242571766076e-02 5.779300853250486369e+00 2.333999142522470982e-01
7.970567242571766076e-02 5.813185403437045373e+00 1.567754281497353852e-01
7.970567242571766076e-02 5.847069953623604377e+00 1.020714539469707999e-01
7.970567242571766076e-02 5.880954503810162493e+00 6.444399495172717374e-02
7.970567242571766076e-02 5.914839053996722384e+00 3.947404515066822717e-02
7.970567242571766076e-02 5.948723604183280500e+00 2.346861392501849164e-02
7.970567242571766076e-02 5.982608154369840392e+00 1.354883646500965218e-02
7.970567242571766076e-02 6.016492704556398508e+00 7.598783138453403703e-03
7.970567242571766076e-02 6.050377254742957511e+00 4.141894413324479808e-03
7.970567242571766076e-02 6.084261804929516515e+00 2.195073855874910516e-03
7.970567242571766076e-02 6.118146355116075519e+00 1.131549278358184949e-03
7.970567242571766076e-02 6.152030905302634523e+00 5.676074024772913241e-04
7.970567242571766076e-02 6.185915455489193526e+00 2.771698035014153751e-04
7.970567242571766076e-02 6.219800005675752530e+00 1.318066109581189128e-04
7.970567242571766076e-02 6.253684555862310646e+00 6.106455309167701476e-05
7.970567242571766076e-02 6.287569106048870538e+00 2.757188169778356415e-05
7.970567242571766076e-02 6.321453656235428653e+00 1.213754027587213554e-05
7.970567242571766076e-02 6.355338206421988545e+00 5.211241462643328325e-06
7.970567242571766076e-02 6.389222756608546661e+00 2.183004079572807486e-06
7.970567242571766076e-02 6.423107306795105664e+00 8.925341074362532894e-07
7.970567242571766076e-02 6.456991856981664668e+00 3.562900089273983732e-07
7.970567242571766076e-02 6.490876407168223672e+00 1.389121513511330202e-07
7.970567242571766076e-02 6.524760957354782676e+00 5.291532570252261031e-08
7.970567242571766076e-02 6.558645507541341679e+00 1.970025867337686356e-08
7.970567242571766076e-02 6.592530057727900683e+00 7.170574174960921165e-09
7.970567242571766076e-02 6.626414607914458799e+00 2.552510983206266340e-09
7.970567242571766076e-02 6.660299158101018691e+00 8.888960469438851535e-10
7.970567242571766076e-02 6.694183708287576806e+00 3.029283243283636612e-10
7.970567242571766076e-02 6.728068258474136698e+00 1.010574114324386467e-10
7.970567242571766076e-02 6.761952808660694814e+00 3.301168180222294367e-11
8.091333412913762069e-02 3.407382340191361880e+00 4.961440586595857421e-42
8.091333412913762069e-02 3.441266890377920884e+00 2.606986011515250794e-40
8.091333412913762069e-02 3.475151440564479888e+00 1.215722520910756983e-38
8.091333412913762069e-02 3.509035990751038447e+00 5.047242810472843715e-37
8.091333412913762069e-02 3.542920540937597451e+00 1.871130233843840217e-35
8.091333412913762069e-02 3.576805091124156455e+00 6.212118114062445616e-34
8.091333412913762069e-02 3.610689641310715459e+00 1.852120612397376250e-32
8.091333412913762069e-02 3.644574191497274462e+00 4.972276763105134934e-31
8.091333412913762069e-02 3.678458741683833466e+00 1.205083729935089384e-29
8.091333412913762069e-02 3.712343291870392026e+00 2.643220707971255926e-28
8.091333412913762069e-02 3.746227842056951030e+00 5.259484950344956431e-27
8.091333412913762069e-02 3.780112392243510033e+00 9.515874387115189712e-26
8.091333412913762069e-02 3.813996942430069037e+00 1.568976941509542839e-24
8.091333412913762069e-02 3.847881492616627597e+00 2.362542966228740489e-23
8.091333412913762069e-02 3.881766042803186600e+00 3.255658848014384803e-22
8.091333412913762069e-02 3.915650592989745604e+00 4.113998265010644363e-21
8.091333412913762069e-02 3.949535143176304608e+00 4.776349246343019778e-20
8.091333412913762069e-02 3.983419693362863612e+00 5.104433409087376372e-19
8.091333412913762069e-02 4.017304243549422615e+00 5.030423236305945948e-18
8.091333412913762069e-02 4.051188793735981619e+00 4.579599616241560817e-17
8.091333412913762069e-02 4.085073343922540623e+00 3.857914242233242773e-16
8.091333412913762069e-02 4.118957894109099627e+00 3.012259842282777872e-15
8.091333412913762069e-02 4.152842444295657742e+00 2.183421032374013095e-14
8.091333412913762069e-02 4.186726994482216746e+00 1.471488091720973550e-13
8.091333412913762069e-02 4.220611544668775750e+00 9.234188916080750603e-13
8.091333412913762069e-02 4.254496094855334754e+00 5.403714826220678833e-12
8.091333412913762069e-02 4.288380645041893757e+00 2.952894124194418647e-11
8.091333412913762069e-02 4.322265195228452761e+00 1.508888747543307043e-10
8.091333412913762069e-02 4.356149745415011765e+00 7.219303023738615339e-10
8.091333412913762069e-02 4.390034295601570768e+00 3.238323726401112838e-09
8.091333412913762069e-02 4.423918845788129772e+00 1.363560786096259194e-08
8.091333412913762069e-02 4.457803395974687888e+00 5.396162504269558903e-08
8.091333412913762069e-02 4.491687946161247780e+00 2.009389609176794497e-07
8.091333412913762069e-02 4.525572496347805895e+00 7.048717874295003993e-07
8.091333412913762069e-02 4.559457046534364899e+00 2.331887587778521997e-06
8.091333412913762069e-02 4.593341596720923903e+00 7.283300292442809347e-06
8.091333412913762069e-02 4.627226146907482907e+00 2.149963125710023718e-05
8.091333412913762069e-02 4.661110697094041910e+00 6.004308297809825008e-05
8.091333412913762069e-02 4.694995247280600914e+00 1.588032889262918853e-04
8.091333412913762069e-02 4.728879797467159918e+00 3.981481486197149203e-04
8.091333412913762069e-02 4.762764347653718922e+00 9.471788242424357147e-04
8.091333412913762069e-02 4.796648897840277925e+00 2.140051905544369977e-03
8.091333412913762069e-02 4.830533448026836041e+00 4.596366317589131376e-03
8.091333412913762069e-02 4.864417998213395933e+00 9.392609027821255396e-03
8.091333412913762069e-02 4.898302548399954048e+00 1.827734465896426949e-02
8.091333412913762069e-02 4.932187098586513052e+00 3.389691413463311737e-02
8.091333412913762069e-02 4.966071648773072056e+00 5.996304830086097992e-02
8.091333412913762069e-02 4.999956198959631060e+00 1.012585263058193574e-01
8.091333412913762069e-02 5.033840749146190063e+00 1.633592161625661565e-01
8.091333412913762069e-02 5.067725299332749067e+00 2.519716992725106741e-01
8.091333412913762069e-02 5.101609849519308071e+00 3.718607588288785348e-01
8.091333412913762069e-02 5.135494399705867075e+00 5.254682224610860430e-01
8.091333412913762069e-02 5.169378949892426078e+00 7.114756823359563720e-01
8.091333412913762069e-02 5.203263500078984194e+00 9.236858474264565411e-01
8.091333412913762069e-02 5.237148050265544086e+00 1.150629863322528257e+00
8.091333412913762069e-02 5.271032600452102201e+00 1.376208376076777817e+00
8.091333412913762069e-02 5.304917150638661205e+00 1.581444007171534327e+00
8.091333412913762069e-02 5.338801700825220209e+00 1.747118465648492602e+00
8.091333412913762069e-02 5.372686251011779213e+00 1.856785806678334261e+00
8.091333412913762069e-02 5.406570801198338216e+00 1.899496661923880225e+00
8.091333412913762069e-02 5.440455351384897220e+00 1.871601587691146262e+00
8.091333412913762069e-02 5.474339901571456224e+00 1.777223186064339044e+00
8.091333412913762069e-02 5.508224451758014339e+00 1.627326228426150490e+00
8.091333412913762069e-02 5.542109001944574231e+00 1.437661862976842508e+00
8.091333412913762069e-02 5.575993552131132347e+00 1.226108437538013796e+00
8.091333412913762069e-02 5.609878102317692239e+00 1.010012661334524164e+00
8.091333412913762069e-02 5.643762652504250354e+00 8.040476515738248509e-01
8.091333412913762069e-02 5.677647202690809358e+00 6.189001136386894641e-01
8.091333412913762069e-02 5.711531752877368362e+00 4.608563621658697818e-01
8.091333412913762069e-02 5.745416303063927366e+00 3.321506466205030872e-01
8.091333412913762069e-02 5.779300853250486369e+00 2.318159199069208809e-01
8.091333412913762069e-02 5.813185403437045373e+00 1.567473572840433760e-01
8.091333412913762069e-02 5.847069953623604377e+00 1.027335549442643658e-01
8.091333412913762069e-02 5.880954503810162493e+00 6.529532160694222209e-02
8.091333412913762069e-02 5.914839053996722384e+00 4.026320575561673221e-02
8.091333412913762069e-02 5.948723604183280500e+00 2.409830415149855423e-02
8.091333412913762069e-02 5.982608154369840392e+00 1.400581205294741671e-02
8.091333412913762069e-02 6.016492704556398508e+00 7.907919526016280246e-03
8.091333412913762069e-02 6.050377254742957511e+00 4.339437906831224503e-03
8.091333412913762069e-02 6.084261804929516515e+00 2.315282289817950125e-03
8.091333412913762069e-02 6.118146355116075519e+00 1.201579381847133485e-03
8.091333412913762069e-02 6.152030905302634523e+00 6.068128813385922525e-04
8.091333412913762069e-02 6.185915455489193526e+00 2.983209156105031366e-04
8.091333412913762069e-02 6.219800005675752530e+00 1.428265945866525959e-04
8.091333412913762069e-02 6.253684555862310646e+00 6.661897867578898762e-05
8.091333412913762069e-02 6.287569106048870538e+00 3.028409844434615033e-05
8.091333412913762069e-02 6.321453656235428653e+00 1.342210705871773059e-05
8.091333412913762069e-02 6.355338206421988545e+00 5.801964446239088267e-06
8.091333412913762069e-02 6.389222756608546661e+00 2.447000819024736897e-06
8.091333412913762069e-02 6.423107306795105664e+00 1.007283479671475388e-06
8.091333412913762069e-02 6.456991856981664668e+00 4.048361210140062474e-07
8.091333412913762069e-02 6.490876407168223672e+00 1.589153133930463306e-07
8.091333412913762069e-02 6.524760957354782676e+00 6.094777418191591444e-08
8.091333412913762069e-02 6.558645507541341679e+00 2.284546082429763151e-08
8.091333412913762069e-02 6.592530057727900683e+00 8.372093898235371245e-09
8.091333412913762069e-02 6.626414607914458799e+00 3.000545961062662946e-09
8.091333412913762069e-02 6.660299158101018691e+00 1.052049773821851029e-09
8.091333412913762069e-02 6.694183708287576806e+00 3.609755524591017785e-10
8.091333412913762069e-02 6.728068258474136698e+00 1.212434889141379325e-10
8.091333412913762069e-02 6.761952808660694814e+00 3.987583759729363637e-11
8.212099583255758062e-02 3.407382340191361880e+00 3.423650438619133235e-42
8.212099583255758062e-02 3.441266890377920884e+00 1.803393876757466834e-40
8.212099583255758062e-02 3.475151440564479888e+00 8.431734953252158011e-39
8.212099583255758062e-02 3.509035990751038447e+00 3.510150498058975227e-37
8.212099583255758062e-02 3.542920540937597451e+00 1.305032354704400877e-35
8.212099583255758062e-02 3.576805091124156455e+00 4.345678937627003943e-34
8.212099583255758062e-02 3.610689641310715459e+00 1.299694127551012672e-32
8.212099583255758062e-02 3.644574191497274462e+00 3.500522221975624500e-31
8.212099583255758062e-02 3.678458741683833466e+00 8.512371704485254185e-30
8.212099583255758062e-02 3.712343291870392026e+00 1.873575822757782953e-28
8.212099583255758062e-02 3.746227842056951030e+00 3.741388446474912130e-27
8.212099583255758062e-02 3.780112392243510033e+00 6.794161956025499504e-26
8.212099583255758062e-02 3.813996942430069037e+00 1.124464911143384300e-24
8.212099583255758062e-02 3.847881492616627597e+00 1.699786873898876641e-23
8.212099583255758062e-02 3.881766042803186600e+00 2.351695396726519689e-22
8.212099583255758062e-02 3.915650592989745604e+00 2.983833048845757705e-21
8.212099583255758062e-02 3.949535143176304608e+00 3.478679180978207952e-20
8.212099583255758062e-02 3.983419693362863612e+00 3.733466500116751215e-19
8.212099583255758062e-02 4.017304243549422615e+00 3.695328837251472119e-18
8.212099583255758062e-02 4.051188793735981619e+00 3.379063112463034233e-17
8.212099583255758062e-02 4.085073343922540623e+00 2.859413384914032340e-16
8.212099583255758062e-02 4.118957894109099627e+00 2.242883692950782335e-15
8.212099583255758062e-02 4.152842444295657742e+00 1.633334567320367165e-14
8.212099583255758062e-02 4.186726994482216746e+00 1.105987504054567098e-13
8.212099583255758062e-02 4.220611544668775750e+00 6.973962059504001381e-13
8.212099583255758062e-02 4.254496094855334754e+00 4.101014195475982534e-12
8.212099583255758062e-02 4.288380645041893757e+00 2.252135739794982496e-11
8.212099583255758062e-02 4.322265195228452761e+00 1.156593421294617397e-10
8.212099583255758062e-02 4.356149745415011765e+00 5.561907252083292040e-10
8.212099583255758062e-02 4.390034295601570768e+00 2.507731745513346429e-09
8.212099583255758062e-02 4.423918845788129772e+00 1.061437104721774817e-08
8.212099583255758062e-02 4.457803395974687888e+00 4.222693693936972042e-08
8.212099583255758062e-02 4.491687946161247780e+00 1.580806199358783047e-07
8.212099583255758062e-02 4.525572496347805895e+00 5.575180513555897281e-07
8.212099583255758062e-02 4.559457046534364899e+00 1.854447135418108561e-06
8.212099583255758062e-02 4.593341596720923903e+00 5.823929935317473992e-06
8.212099583255758062e-02 4.627226146907482907e+00 1.728710984214049224e-05
8.212099583255758062e-02 4.661110697094041910e+00 4.854891746433168977e-05
8.212099583255758062e-02 4.694995247280600914e+00 1.291285722935662703e-04
8.212099583255758062e-02 4.728879797467159918e+00 3.255924568974769744e-04
8.212099583255758062e-02 4.762764347653718922e+00 7.790194129053762753e-04
8.212099583255758062e-02 4.796648897840277925e+00 1.770298800092317279e-03
8.212099583255758062e-02 4.830533448026836041e+00 3.824384931815294746e-03
8.212099583255758062e-02 4.864417998213395933e+00 7.860968864106785553e-03
8.212099583255758062e-02 4.898302548399954048e+00 1.538733541613663408e-02
8.212099583255758062e-02 4.932187098586513052e+00 2.870701639261068888e-02
8.212099583255758062e-02 4.966071648773072056e+00 5.108645119945574853e-02
8.212099583255758062e-02 4.999956198959631060e+00 8.678882802221626891e-02
8.212099583255758062e-02 5.033840749146190063e+00 1.408645140940272544e-01
8.212099583255758062e-02 5.067725299332749067e+00 2.186001846850431085e-01
8.212099583255758062e-02 5.101609849519308071e+00 3.245895170680522246e-01
8.212099583255758062e-02 5.135494399705867075e+00 4.614982777788734780e-01
8.212099583255758062e-02 5.169378949892426078e+00 6.287338269517959155e-01
8.212099583255758062e-02 5.203263500078984194e+00 8.213483579146055868e-01
8.212099583255758062e-02 5.237148050265544086e+00 1.029550943397942619e+00
8.212099583255758062e-02 5.271032600452102201e+00 1.239132698605901250e+00
8.212099583255758062e-02 5.304917150638661205e+00 1.432916104085836917e+00
8.212099583255758062e-02 5.338801700825220209e+00 1.593067242768120728e+00
8.212099583255758062e-02 5.372686251011779213e+00 1.703842517347334162e+00
8.212099583255758062e-02 5.406570801198338216e+00 1.754174322309293599e+00
8.212099583255758062e-02 5.440455351384897220e+00 1.739500192963953529e+00
8.212099583255758062e-02 5.474339901571456224e+00 1.662416403246057328e+00
8.212099583255758062e-02 5.508224451758014339e+00 1.532035289664050337e+00
8.212099583255758062e-02 5.542109001944574231e+00 1.362248568140368432e+00
8.212099583255758062e-02 5.575993552131132347e+00 1.169345242839936683e+00
8.212099583255758062e-02 5.609878102317692239e+00 9.695347989414055956e-01
8.212099583255758062e-02 5.643762652504250354e+00 7.768714869870638751e-01
8.212099583255758062e-02 5.677647202690809358e+00 6.019030248410207617e-01
8.212099583255758062e-02 5.711531752877368362e+00 4.511464492792178760e-01
8.212099583255758062e-02 5.745416303063927366e+00 3.272955848825527259e-01
8.212099583255758062e-02 5.779300853250486369e+00 2.299366310700068361e-01
8.212099583255758062e-02 5.813185403437045373e+00 1.565061660626842766e-01
8.212099583255758062e-02 5.847069953623604377e+00 1.032561689487837969e-01
8.212099583255758062e-02 5.880954503810162493e+00 6.606387823906634260e-02
8.212099583255758062e-02 5.914839053996722384e+00 4.100853009629721463e-02
8.212099583255758062e-02 5.948723604183280500e+00 2.470821871170673575e-02
8.212099583255758062e-02 5.982608154369840392e+00 1.445630544256946461e-02
8.212099583255758062e-02 6.016492704556398508e+00 8.216937979932451702e-03
8.212099583255758062e-02 6.050377254742957511e+00 4.539253065970835603e-03
8.212099583255758062e-02 6.084261804929516515e+00 2.438159690552900525e-03
8.212099583255758062e-02 6.118146355116075519e+00 1.273860315157257202e-03
8.212099583255758062e-02 6.152030905302634523e+00 6.476477728361122732e-04
8.212099583255758062e-02 6.185915455489193526e+00 3.205426892653570788e-04
8.212099583255758062e-02 6.219800005675752530e+00 1.545014048612673989e-04
8.212099583255758062e-02 6.253684555862310646e+00 7.255132398225172909e-05
8.212099583255758062e-02 6.287569106048870538e+00 3.320386505986523934e-05
8.212099583255758062e-02 6.321453656235428653e+00 1.481575090135509079e-05
8.212099583255758062e-02 6.355338206421988545e+00 6.447764016881095778e-06
8.212099583255758062e-02 6.389222756608546661e+00 2.737796608216199914e-06
8.212099583255758062e-02 6.423107306795105664e+00 1.134627850742601963e-06
8.212099583255758062e-02 6.456991856981664668e+00 4.591103565114484005e-07
8.212099583255758062e-02 6.490876407168223672e+00 1.814432913589704610e-07
8.212099583255758062e-02 6.524760957354782676e+00 7.006019789588154241e-08
8.212099583255758062e-02 6.558645507541341679e+00 2.643945975088441111e-08
8.212099583255758062e-02 6.592530057727900683e+00 9.754982228816970385e-09
8.212099583255758062e-02 6.626414607914458799e+00 3.519920092261975190e-09
8.212099583255758062e-02 6.660299158101018691e+00 1.242536424733408612e-09
8.212099583255758062e-02 6.694183708287576806e+00 4.292308692199361366e-10
8.212099583255758062e-02 6.728068258474136698e+00 1.451482164130674136e-10
8.212099583255758062e-02 6.761952808660694814e+00 4.806210993420448683e-11
8.332865753597755443e-02 3.407382340191361880e+00 2.364131823664804710e-42
8.332865753597755443e-02 3.441266890377920884e+00 1.248344199361075615e-40
8.332865753597755443e-02 3.475151440564479888e+00 5.851702825688059569e-39
8.332865753597755443e-02 3.509035990751038447e+00 2.442703950573631049e-37
8.332865753597755443e-02 3.542920540937597451e+00 9.107571672293569602e-36
8.332865753597755443e-02 3.576805091124156455e+00 3.041794739072315007e-34
8.332865753597755443e-02 3.610689641310715459e+00 9.125516454689818438e-33
8.332865753597755443e-02 3.644574191497274462e+00 2.465725107994393499e-31
8.332865753597755443e-02 3.678458741683833466e+00 6.016000825811755296e-30
8.332865753597755443e-02 3.712343291870392026e+00 1.328686629634674109e-28
8.332865753597755443e-02 3.746227842056951030e+00 2.662717853065226538e-27
8.332865753597755443e-02 3.780112392243510033e+00 4.853052696252304399e-26
8.332865753597755443e-02 3.813996942430069037e+00 8.062248200068312622e-25
8.332865753597755443e-02 3.847881492616627597e+00 1.223429576326889345e-23
8.332865753597755443e-02 3.881766042803186600e+00 1.699345515311108635e-22
8.332865753597755443e-02 3.915650592989745604e+00 2.164870542321462879e-21
8.332865753597755443e-02 3.949535143176304608e+00 2.534358786665701215e-20
8.332865753597755443e-02 3.983419693362863612e+00 2.731496733428521852e-19
8.332865753597755443e-02 4.017304243549422615e+00 2.715273241407212093e-18
8.332865753597755443e-02 4.051188793735981619e+00 2.493819624006867822e-17
8.332865753597755443e-02 4.085073343922540623e+00 2.119772297328700294e-16
8.332865753597755443e-02 4.118957894109099627e+00 1.670308953004113387e-15
8.332865753597755443e-02 4.152842444295657742e+00 1.222014324534469831e-14
8.332865753597755443e-02 4.186726994482216746e+00 8.313708993952178914e-14
8.332865753597755443e-02 4.220611544668775750e+00 5.267433936001488159e-13
8.332865753597755443e-02 4.254496094855334754e+00 3.112549682951771557e-12
8.332865753597755443e-02 4.288380645041893757e+00 1.717729662251492164e-11
8.332865753597755443e-02 4.322265195228452761e+00 8.865538135844996520e-11
8.332865753597755443e-02 4.356149745415011765e+00 4.284896634042565595e-10
8.332865753597755443e-02 4.390034295601570768e+00 1.941856851157386958e-09
8.332865753597755443e-02 4.423918845788129772e+00 8.261833979452656391e-09
8.332865753597755443e-02 4.457803395974687888e+00 3.304027355273398453e-08
8.332865753597755443e-02 4.491687946161247780e+00 1.243453663067258737e-07
8.332865753597755443e-02 4.525572496347805895e+00 4.408909520828573833e-07
8.332865753597755443e-02 4.559457046534364899e+00 1.474455441988624525e-06
8.332865753597755443e-02 4.593341596720923903e+00 4.655874559265408782e-06
8.332865753597755443e-02 4.627226146907482907e+00 1.389625544936815600e-05
8.332865753597755443e-02 4.661110697094041910e+00 3.924342546709751759e-05
8.332865753597755443e-02 4.694995247280600914e+00 1.049645710072884155e-04
8.332865753597755443e-02 4.728879797467159918e+00 2.661633189282779175e-04
8.332865753597755443e-02 4.762764347653718922e+00 6.404651294336373120e-04
8.332865753597755443e-02 4.796648897840277925e+00 1.463815694063473833e-03
8.332865753597755443e-02 4.830533448026836041e+00 3.180627005199707525e-03
8.332865753597755443e-02 4.864417998213395933e+00 6.575922504668009309e-03
8.332865753597755443e-02 4.898302548399954048e+00 1.294765445178855563e-02
8.332865753597755443e-02 4.932187098586513052e+00 2.429852302357455446e-02
8.332865753597755443e-02 4.966071648773072056e+00 4.349889664727187716e-02
8.332865753597755443e-02 4.999956198959631060e+00 7.434179737337553995e-02
8.332865753597755443e-02 5.033840749146190063e+00 1.213900531450961967e-01
8.332865753597755443e-02 5.067725299332749067e+00 1.895218746640746355e-01
8.332865753597755443e-02 5.101609849519308071e+00 2.831295522310277590e-01
8.332865753597755443e-02 5.135494399705867075e+00 4.050203054214481790e-01
8.332865753597755443e-02 5.169378949892426078e+00 5.551919841571637537e-01
8.332865753597755443e-02 5.203263500078984194e+00 7.297710008738981236e-01
8.332865753597755443e-02 5.237148050265544086e+00 9.204552048317278246e-01
8.332865753597755443e-02 5.271032600452102201e+00 1.114757935955539736e+00
8.332865753597755443e-02 5.304917150638661205e+00 1.297189323253660209e+00
8.332865753597755443e-02 5.338801700825220209e+00 1.451269441845575381e+00
8.332865753597755443e-02 5.372686251011779213e+00 1.562017249532825280e+00
8.332865753597755443e-02 5.406570801198338216e+00 1.618386500856585863e+00
8.332865753597755443e-02 5.440455351384897220e+00 1.615092520666938647e+00
8.332865753597755443e-02 5.474339901571456224e+00 1.553409972023531482e+00
8.332865753597755443e-02 5.508224451758014339e+00 1.440780886518702619e+00
8.332865753597755443e-02 5.542109001944574231e+00 1.289370132609799269e+00
8.332865753597755443e-02 5.575993552131132347e+00 1.113947943114459660e+00
8.332865753597755443e-02 5.609878102317692239e+00 9.295974179242492141e-01
8.332865753597755443e-02 5.643762652504250354e+00 7.497184090134015877e-01
8.332865753597755443e-02 5.677647202690809358e+00 5.846565044722981108e-01
8.332865753597755443e-02 5.711531752877368362e+00 4.410872645654354551e-01
8.332865753597755443e-02 5.745416303063927366e+00 3.220972064210385066e-01
8.332865753597755443e-02 5.779300853250486369e+00 2.277726695097467557e-01
8.332865753597755443e-02 5.813185403437045373e+00 1.560551200971171948e-01
8.332865753597755443e-02 5.847069953623604377e+00 1.036386805632510122e-01
8.332865753597755443e-02 5.880954503810162493e+00 6.674751532891680383e-02
8.332865753597755443e-02 5.914839053996722384e+00 4.170767567499130551e-02
8.332865753597755443e-02 5.948723604183280500e+00 2.529643095144189571e-02
8.332865753597755443e-02 5.982608154369840392e+00 1.489896691479086072e-02
8.332865753597755443e-02 6.016492704556398508e+00 8.525003960875866468e-03
8.332865753597755443e-02 6.050377254742957511e+00 4.740882097031982358e-03
8.332865753597755443e-02 6.084261804929516515e+00 2.563487782499983356e-03
8.332865753597755443e-02 6.118146355116075519e+00 1.348308149989747504e-03
8.332865753597755443e-02 6.152030905302634523e+00 6.900937808312474463e-04
8.332865753597755443e-02 6.185915455489193526e+00 3.438431536304475370e-04
8.332865753597755443e-02 6.219800005675752530e+00 1.668458221316990826e-04
8.332865753597755443e-02 6.253684555862310646e+00 7.887502808220552615e-05
8.332865753597755443e-02 6.287569106048870538e+00 3.634098929588033795e-05
8.332865753597755443e-02 6.321453656235428653e+00 1.632480848904650862e-05
8.332865753597755443e-02 6.355338206421988545e+00 7.152404219826049897e-06
8.332865753597755443e-02 6.389222756608546661e+00 3.057486325277741468e-06
8.332865753597755443e-02 6.423107306795105664e+00 1.275671692202981848e-06
8.332865753597755443e-02 6.456991856981664668e+00 5.196682624740511367e-07
8.332865753597755443e-02 6.490876407168223672e+00 2.067639959724048807e-07
8.332865753597755443e-02 6.524760957354782676e+00 8.037691175647512005e-08
8.332865753597755443e-02 6.558645507541341679e+00 3.053791167756160608e-08
8.332865753597755443e-02 6.592530057727900683e+00 1.134333305372244727e-08
8.332865753597755443e-02 6.626414607914458799e+00 4.120736908630098399e-09
8.332865753597755443e-02 6.660299158101018691e+00 1.464466137637998975e-09
8.332865753597755443e-02 6.694183708287576806e+00 5.093183459221120212e-10
8.332865753597755443e-02 6.728068258474136698e+00 1.733956092227587651e-10
8.332865753597755443e-02 6.761952808660694814e+00 5.780386926526580493e-11
8.453631923939751436e-02 3.407382340191361880e+00 1.633610255053720320e-42
8.453631923939751436e-02 3.441266890377920884e+00 8.646970878672284877e-41
8.453631923939751436e-02 3.475151440564479888e+00 4.063727937969094680e-39
8.453631923939751436e-02 3.509035990751038447e+00 1.700920020012604112e-37
8.453631923939751436e-02 3.542920540937597451e+00 6.359786892896143938e-36
8.453631923939751436e-02 3.576805091124156455e+00 2.130351599097187114e-34
8.453631923939751436e-02 3.610689641310715459e+00 6.410813187984610658e-33
8.453631923939751436e-02 3.644574191497274462e+00 1.737744439448399861e-31
8.453631923939751436e-02 3.678458741683833466e+00 4.253872736613317647e-30
8.453631923939751436e-02 3.712343291870392026e+00 9.427202528676636476e-29
8.453631923939751436e-02 3.746227842056951030e+00 1.895902453861168872e-27
8.453631923939751436e-02 3.780112392243510033e+00 3.468022835158387106e-26
8.453631923939751436e-02 3.813996942430069037e+00 5.782870002750278677e-25
8.453631923939751436e-02 3.847881492616627597e+00 8.809058941289429891e-24
8.453631923939751436e-02 3.881766042803186600e+00 1.228392701485409070e-22
8.453631923939751436e-02 3.915650592989745604e+00 1.571205533869734918e-21
8.453631923939751436e-02 3.949535143176304608e+00 1.846945509502388379e-20
8.453631923939751436e-02 3.983419693362863612e+00 1.998986486234477071e-19
8.453631923939751436e-02 4.017304243549422615e+00 1.995644104597540790e-18
8.453631923939751436e-02 4.051188793735981619e+00 1.840903915721010134e-17
8.453631923939751436e-02 4.085073343922540623e+00 1.571762636859771625e-16
8.453631923939751436e-02 4.118957894109099627e+00 1.244114567681739335e-15
8.453631923939751436e-02 4.152842444295657742e+00 9.144056060450794216e-15
8.453631923939751436e-02 4.186726994482216746e+00 6.250124833930728980e-14
8.453631923939751436e-02 4.220611544668775750e+00 3.978832284546581944e-13
8.453631923939751436e-02 4.254496094855334754e+00 2.362468302493947485e-12
8.453631923939751436e-02 4.288380645041893757e+00 1.310169015078007834e-11
8.453631923939751436e-02 4.322265195228452761e+00 6.795622496754245610e-11
8.453631923939751436e-02 4.356149745415011765e+00 3.300989518791679299e-10
8.453631923939751436e-02 4.390034295601570768e+00 1.503584692173245314e-09
8.453631923939751436e-02 4.423918845788129772e+00 6.430141196550184377e-09
8.453631923939751436e-02 4.457803395974687888e+00 2.584918016336128208e-08
8.453631923939751436e-02 4.491687946161247780e+00 9.779504401564640320e-08
8.453631923939751436e-02 4.525572496347805895e+00 3.485995572007371396e-07
8.453631923939751436e-02 4.559457046534364899e+00 1.172085565143771364e-06
8.453631923939751436e-02 4.593341596720923903e+00 3.721207612187414219e-06
8.453631923939751436e-02 4.627226146907482907e+00 1.116754407377250539e-05
8.453631923939751436e-02 4.661110697094041910e+00 3.171215125298335443e-05
8.453631923939751436e-02 4.694995247280600914e+00 8.529458672711207230e-05
8.453631923939751436e-02 4.728879797467159918e+00 2.175040247159889769e-04
8.453631923939751436e-02 4.762764347653718922e+00 5.263501737393322475e-04
8.453631923939751436e-02 4.796648897840277925e+00 1.209887845743201152e-03
8.453631923939751436e-02 4.830533448026836041e+00 2.644049426649747094e-03
8.453631923939751436e-02 4.864417998213395933e+00 5.498316693778841288e-03
8.453631923939751436e-02 4.898302548399954048e+00 1.088925038290353489e-02
8.453631923939751436e-02 4.932187098586513052e+00 2.055595369380958798e-02
8.453631923939751436e-02 4.966071648773072056e+00 3.701718594157105829e-02
8.453631923939751436e-02 4.999956198959631060e+00 6.364168164310569920e-02
8.453631923939751436e-02 5.033840749146190063e+00 1.045419632098622265e-01
8.453631923939751436e-02 5.067725299332749067e+00 1.642029280932365831e-01
8.453631923939751436e-02 5.101609849519308071e+00 2.467944150909879009e-01
8.453631923939751436e-02 5.135494399705867075e+00 3.551972511369145269e-01
8.453631923939751436e-02 5.169378949892426078e+00 4.898829299327897013e-01
8.453631923939751436e-02 5.203263500078984194e+00 6.478959138512518923e-01
8.453631923939751436e-02 5.237148050265544086e+00 8.222494260197631410e-01
8.453631923939751436e-02 5.271032600452102201e+00 1.002019352356362747e+00
8.453631923939751436e-02 5.304917150638661205e+00 1.173290166686050018e+00
8.453631923939751436e-02 5.338801700825220209e+00 1.320894546042794548e+00
8.453631923939751436e-02 5.372686251011779213e+00 1.430655441598268407e+00
8.453631923939751436e-02 5.406570801198338216e+00 1.491665019177897733e+00
8.453631923939751436e-02 5.440455351384897220e+00 1.498085539248908749e+00
8.453631923939751436e-02 5.474339901571456224e+00 1.450058014311021992e+00
8.453631923939751436e-02 5.508224451758014339e+00 1.353526844748452085e+00
8.453631923939751436e-02 5.542109001944574231e+00 1.219060849903012222e+00
8.453631923939751436e-02 5.575993552131132347e+00 1.059986553415874555e+00
8.453631923939751436e-02 5.609878102317692239e+00 8.902798371500589836e-01
8.453631923939751436e-02 5.643762652504250354e+00 7.226601632079147075e-01
8.453631923939751436e-02 5.677647202690809358e+00 5.672164798143259912e-01
8.453631923939751436e-02 5.711531752877368362e+00 4.307171450851417505e-01
8.453631923939751436e-02 5.745416303063927366e+00 3.165784375681862106e-01
8.453631923939751436e-02 5.779300853250486369e+00 2.253354617896213274e-01
8.453631923939751436e-02 5.813185403437045373e+00 1.553982146374306150e-01
8.453631923939751436e-02 5.847069953623604377e+00 1.038810076268858046e-01
8.453631923939751436e-02 5.880954503810162493e+00 6.734441117874227778e-02
8.453631923939751436e-02 5.914839053996722384e+00 4.235846639136143371e-02
8.453631923939751436e-02 5.948723604183280500e+00 2.586107596480024043e-02
8.453631923939751436e-02 5.982608154369840392e+00 1.533245228602159692e-02
8.453631923939751436e-02 6.016492704556398508e+00 8.831265294815659334e-03
8.453631923939751436e-02 6.050377254742957511e+00 4.943844990669025302e-03
8.453631923939751436e-02 6.084261804929516515e+00 2.691029717824781550e-03
8.453631923939751436e-02 6.118146355116075519e+00 1.424826191674386129e-03
8.453631923939751436e-02 6.152030905302634523e+00 7.341249910113712253e-04
8.453631923939751436e-02 6.185915455489193526e+00 3.682263488443625571e-04
8.453631923939751436e-02 6.219800005675752530e+00 1.798728314715825050e-04
8.453631923939751436e-02 6.253684555862310646e+00 8.560289236238417939e-05
8.453631923939751436e-02 6.287569106048870538e+00 3.970516592747018242e-05
8.453631923939751436e-02 6.321453656235428653e+00 1.795569271892220197e-05
8.453631923939751436e-02 6.355338206421988545e+00 7.919761969965222388e-06
8.453631923939751436e-02 6.389222756608546661e+00 3.408258997562245927e-06
8.453631923939751436e-02 6.423107306795105664e+00 1.431583643255265070e-06
8.453631923939751436e-02 6.456991856981664668e+00 5.871043243221774236e-07
8.453631923939751436e-02 6.490876407168223672e+00 2.351671163398771065e-07
8.453631923939751436e-02 6.524760957354782676e+00 9.203365870491240481e-08
8.453631923939751436e-02 6.558645507541341679e+00 3.520215852524191177e-08
8.453631923939751436e-02 6.592530057727900683e+00 1.316394075931305092e-08
8.453631923939751436e-02 6.626414607914458799e+00 4.814330322023085295e-09
8.453631923939751436e-02 6.660299158101018691e+00 1.722488697423941728e-09
8.453631923939751436e-02 6.694183708287576806e+00 6.030905302389494381e-10
8.453631923939751436e-02 6.728068258474136698e+00 2.067032616235828062e-10
8.453631923939751436e-02 6.761952808660694814e+00 6.937163051224096405e-11
8.574398094281747429e-02 3.407382340191361880e+00 1.129571299121228200e-42
8.574398094281747429e-02 3.441266890377920884e+00 5.993405557264358558e-41
8.574398094281747429e-02 3.475151440564479888e+00 2.823828673350811327e-39
8.574398094281747429e-02 3.509035990751038447e+00 1.185112026654040259e-37
8.574398094281747429e-02 3.542920540937597451e+00 4.443609152304247421e-36
8.574398094281747429e-02 3.576805091124156455e+00 1.492851616314387923e-34
8.574398094281747429e-02 3.610689641310715459e+00 4.506124701619353839e-33
8.574398094281747429e-02 3.644574191497274462e+00 1.225326465432906345e-31
8.574398094281747429e-02 3.678458741683833466e+00 3.009371504394628897e-30
8.574398094281747429e-02 3.712343291870392026e+00 6.691872864485216087e-29
8.574398094281747429e-02 3.746227842056951030e+00 1.350520215116735164e-27
8.574398094281747429e-02 3.780112392243510033e+00 2.479320518228995226e-26
8.574398094281747429e-02 3.813996942430069037e+00 4.149577137674103517e-25
8.574398094281747429e-02 3.847881492616627597e+00 6.345157581959808567e-24
8.574398094281747429e-02 3.881766042803186600e+00 8.882683404517608162e-23
8.574398094281747429e-02 3.915650592989745604e+00 1.140707796027776894e-21
8.574398094281747429e-02 3.949535143176304608e+00 1.346384790426124607e-20
8.574398094281747429e-02 3.983419693362863612e+00 1.463311619672050108e-19
8.574398094281747429e-02 4.017304243549422615e+00 1.467097499886828066e-18
8.574398094281747429e-02 4.051188793735981619e+00 1.359226891254938780e-17
8.574398094281747429e-02 4.085073343922540623e+00 1.165648946306726752e-16
8.574398094281747429e-02 4.118957894109099627e+00 9.268196131282557389e-16
8.574398094281747429e-02 4.152842444295657742e+00 6.843225395480624364e-15
8.574398094281747429e-02 4.186726994482216746e+00 4.699265237107524666e-14
8.574398094281747429e-02 4.220611544668775750e+00 3.005712827468907379e-13
8.574398094281747429e-02 4.254496094855334754e+00 1.793241744104269317e-12
8.574398094281747429e-02 4.288380645041893757e+00 9.993341767756235711e-12
8.574398094281747429e-02 4.322265195228452761e+00 5.208971404051575319e-11
8.574398094281747429e-02 4.356149745415011765e+00 2.542928392346715523e-10
8.574398094281747429e-02 4.390034295601570768e+00 1.164159015032966556e-09
8.574398094281747429e-02 4.423918845788129772e+00 5.004097385123275090e-09
8.574398094281747429e-02 4.457803395974687888e+00 2.022080870285344864e-08
8.574398094281747429e-02 4.491687946161247780e+00 7.690242731584301829e-08
8.574398094281747429e-02 4.525572496347805895e+00 2.755787564521317584e-07
8.574398094281747429e-02 4.559457046534364899e+00 9.315313838958598619e-07
8.574398094281747429e-02 4.593341596720923903e+00 2.973474657596960302e-06
8.574398094281747429e-02 4.627226146907482907e+00 8.972271984914809628e-06
8.574398094281747429e-02 4.661110697094041910e+00 2.561866448556706215e-05
8.574398094281747429e-02 4.694995247280600914e+00 6.928819851732905845e-05
8.574398094281747429e-02 4.728879797467159918e+00 1.776775281656907889e-04
8.574398094281747429e-02 4.762764347653718922e+00 4.324014857635742311e-04
8.574398094281747429e-02 4.796648897840277925e+00 9.995946870706435682e-04
8.574398094281747429e-02 4.830533448026836041e+00 2.197017244542314677e-03
8.574398094281747429e-02 4.864417998213395933e+00 4.595119596839647089e-03
8.574398094281747429e-02 4.898302548399954048e+00 9.153470485142919250e-03
8.574398094281747429e-02 4.932187098586513052e+00 1.738053733944123005e-02
8.574398094281747429e-02 4.966071648773072056e+00 3.148351785121510787e-02
8.574398094281747429e-02 4.999956198959631060e+00 5.444923663342721848e-02
8.574398094281747429e-02 5.033840749146190063e+00 8.997598599075143366e-02
8.574398094281747429e-02 5.067725299332749067e+00 1.421731903116217333e-01
8.574398094281747429e-02 5.101609849519308071e+00 2.149747975661046584e-01
8.574398094281747429e-02 5.135494399705867075e+00 3.112800761730636356e-01
8.574398094281747429e-02 5.169378949892426078e+00 4.319337945116188404e-01
8.574398094281747429e-02 5.203263500078984194e+00 5.747599091643985636e-01
8.574398094281747429e-02 5.237148050265544086e+00 7.339287779817171842e-01
8.574398094281747429e-02 5.271032600452102201e+00 8.999282708955261834e-01
8.574398094281747429e-02 5.304917150638661205e+00 1.060304446557077229e+00
8.574398094281747429e-02 5.338801700825220209e+00 1.201152564763895869e+00
8.574398094281747429e-02 5.372686251011779213e+00 1.309124822819750955e+00
8.574398094281747429e-02 5.406570801198338216e+00 1.373548520704035880e+00
8.574398094281747429e-02 5.440455351384897220e+00 1.388181755998557421e+00
8.574398094281747429e-02 5.474339901571456224e+00 1.352203535538581525e+00
8.574398094281747429e-02 5.508224451758014339e+00 1.270223398471548304e+00
8.574398094281747429e-02 5.542109001944574231e+00 1.151342079873958868e+00
8.574398094281747429e-02 5.575993552131132347e+00 1.007520669270178137e+00
8.574398094281747429e-02 5.609878102317692239e+00 8.516541494407419144e-01
8.574398094281747429e-02 5.643762652504250354e+00 6.957642768666515432e-01
8.574398094281747429e-02 5.677647202690809358e+00 5.496369995436680700e-01
8.574398094281747429e-02 5.711531752877368362e+00 4.200740770433866733e-01
8.574398094281747429e-02 5.745416303063927366e+00 3.107626569593106569e-01
8.574398094281747429e-02 5.779300853250486369e+00 2.226371642682277996e-01
8.574398094281747429e-02 5.813185403437045373e+00 1.545401415823290381e-01
8.574398094281747429e-02 5.847069953623604377e+00 1.039835952559473309e-01
8.574398094281747429e-02 5.880954503810162493e+00 6.785307929311647224e-02
8.574398094281747429e-02 5.914839053996722384e+00 4.295890379489709920e-02
8.574398094281747429e-02 5.948723604183280500e+00 2.640036064706248811e-02
8.574398094281747429e-02 5.982608154369840392e+00 1.575542994843287178e-02
8.574398094281747429e-02 6.016492704556398508e+00 9.134856245569115615e-03
8.574398094281747429e-02 6.050377254742957511e+00 5.147641420424267124e-03
8.574398094281747429e-02 6.084261804929516515e+00 2.820530678256577984e-03
8.574398094281747429e-02 6.118146355116075519e+00 1.503304955864390906e-03
8.574398094281747429e-02 6.152030905302634523e+00 7.797076334800804925e-04
8.574398094281747429e-02 6.185915455489193526e+00 3.936920775308192324e-04
8.574398094281747429e-02 6.219800005675752530e+00 1.935934361679428155e-04
8.574398094281747429e-02 6.253684555862310646e+00 9.274696378310387111e-05
8.574398094281747429e-02 6.287569106048870538e+00 4.330591336225637808e-05
8.574398094281747429e-02 6.321453656235428653e+00 1.971486284812693702e-05
8.574398094281747429e-02 6.355338206421988545e+00 8.753815375023285276e-06
8.574398094281747429e-02 6.389222756608546661e+00 3.792394633764754507e-06
8.574398094281747429e-02 6.423107306795105664e+00 1.603596640760459060e-06
8.574398094281747429e-02 6.456991856981664668e+00 6.620529765848733630e-07
8.574398094281747429e-02 6.490876407168223672e+00 2.669650876396230400e-07
8.574398094281747429e-02 6.524760957354782676e+00 1.051782944700633147e-07
8.574398094281747429e-02 6.558645507541341679e+00 4.049964629207518962e-08
8.574398094281747429e-02 6.592530057727900683e+00 1.524653263551637011e-08
8.574398094281747429e-02 6.626414607914458799e+00 5.613384850340459063e-09
8.574398094281747429e-02 6.660299158101018691e+00 2.021852240027015360e-09
8.574398094281747429e-02 6.694183708287576806e+00 7.126557304417424694e-10
8.574398094281747429e-02 6.728068258474136698e+00 2.458944867723946650e-10
8.574398094281747429e-02 6.761952808660694814e+00 8.307824552487271110e-11
8.695164264623744810e-02 3.407382340191361880e+00 7.815582317938918137e-43
8.695164264623744810e-02 3.441266890377920884e+00 4.156785282956649848e-41
8.695164264623744810e-02 3.475151440564479888e+00 1.963440887954824267e-39
8.695164264623744810e-02 3.509035990751038447e+00 8.262128779138105383e-38
8.695164264623744810e-02 3.542920540937597451e+00 3.106542000400454296e-36
8.695164264623744810e-02 3.576805091124156455e+00 1.046696842368554527e-34
8.695164264623744810e-02 3.610689641310715459e+00 3.169004267423805999e-33
8.695164264623744810e-02 3.644574191497274462e+00 8.644456068270572222e-32
8.695164264623744810e-02 3.678458741683833466e+00 2.129988670998156325e-30
8.695164264623744810e-02 3.712343291870392026e+00 4.752397363079887694e-29
8.695164264623744810e-02 3.746227842056951030e+00 9.624457918135503191e-28
8.695164264623744810e-02 3.780112392243510033e+00 1.773222315794619125e-26
8.695164264623744810e-02 3.813996942430069037e+00 2.978746748450761393e-25
8.695164264623744810e-02 3.847881492616627597e+00 4.572082100954844910e-24
8.695164264623744810e-02 3.881766042803186600e+00 6.425384029459843079e-23
8.695164264623744810e-02 3.915650592989745604e+00 8.284243732530287702e-22
8.695164264623744810e-02 3.949535143176304608e+00 9.817712816295677985e-21
8.695164264623744810e-02 3.983419693362863612e+00 1.071466589889239450e-19
8.695164264623744810e-02 4.017304243549422615e+00 1.078793756431464669e-18
8.695164264623744810e-02 4.051188793735981619e+00 1.003794834665383223e-17
8.695164264623744810e-02 4.085073343922540623e+00 8.646278875141707234e-17
8.695164264623744810e-02 4.118957894109099627e+00 6.905562913929565851e-16
8.695164264623744810e-02 4.152842444295657742e+00 5.122006444300193235e-15
8.695164264623744810e-02 4.186726994482216746e+00 3.533594591517359295e-14
8.695164264623744810e-02 4.220611544668775750e+00 2.270768846315211546e-13
8.695164264623744810e-02 4.254496094855334754e+00 1.361235569890302230e-12
8.695164264623744810e-02 4.288380645041893757e+00 7.622609672693061312e-12
8.695164264623744810e-02 4.322265195228452761e+00 3.992749602722153832e-11
8.695164264623744810e-02 4.356149745415011765e+00 1.958886465547966691e-10
8.695164264623744810e-02 4.390034295601570768e+00 9.013004148173158877e-10
8.695164264623744810e-02 4.423918845788129772e+00 3.893960055908713738e-09
8.695164264623744810e-02 4.457803395974687888e+00 1.581606140549288346e-08
8.695164264623744810e-02 4.491687946161247780e+00 6.046427432566886138e-08
8.695164264623744810e-02 4.525572496347805895e+00 2.178149591866944049e-07
8.695164264623744810e-02 4.559457046534364899e+00 7.401949920719033191e-07
8.695164264623744810e-02 4.593341596720923903e+00 2.375431042534232472e-06
8.695164264623744810e-02 4.627226146907482907e+00 7.206632141127627725e-06
8.695164264623744810e-02 4.661110697094041910e+00 2.068996322717704071e-05
8.695164264623744810e-02 4.694995247280600914e+00 5.626738932994012856e-05
8.695164264623744810e-02 4.728879797467159918e+00 1.450923829291656030e-04
8.695164264623744810e-02 4.762764347653718922e+00 3.550860937319209420e-04
8.695164264623744810e-02 4.796648897840277925e+00 8.255131407508982909e-04
8.695164264623744810e-02 4.830533448026836041e+00 1.824759815204400528e-03
8.695164264623744810e-02 4.864417998213395933e+00 3.838480417440281144e-03
8.695164264623744810e-02 4.898302548399954048e+00 7.690527025123536017e-03
8.695164264623744810e-02 4.932187098586513052e+00 1.468785367924184231e-02
8.695164264623744810e-02 4.966071648773072056e+00 2.676207065475600874e-02
8.695164264623744810e-02 4.999956198959631060e+00 4.655706294178183630e-02
8.695164264623744810e-02 5.033840749146190063e+00 7.739149200488296132e-02
8.695164264623744810e-02 5.067725299332749067e+00 1.230189917819425327e-01
8.695164264623744810e-02 5.101609849519308071e+00 1.871304257591700493e-01
8.695164264623744810e-02 5.135494399705867075e+00 2.725992616163842586e-01
8.695164264623744810e-02 5.169378949892426078e+00 3.805578362684472471e-01
8.695164264623744810e-02 5.203263500078984194e+00 5.094872055878461037e-01
8.695164264623744810e-02 5.237148050265544086e+00 6.545710977775784922e-01
8.695164264623744810e-02 5.271032600452102201e+00 8.075682482269259665e-01
8.695164264623744810e-02 5.304917150638661205e+00 9.573754266791080214e-01
8.695164264623744810e-02 5.338801700825220209e+00 1.091293915091490652e+00
8.695164264623744810e-02 5.372686251011779213e+00 1.196816587045667291e+00
8.695164264623744810e-02 5.406570801198338216e+00 1.263584384465741506e+00
8.695164264623744810e-02 5.440455351384897220e+00 1.285081339559825508e+00
8.695164264623744810e-02 5.474339901571456224e+00 1.259680343629903332e+00
8.695164264623744810e-02 5.508224451758014339e+00 1.190808662474255986e+00
8.695164264623744810e-02 5.542109001944574231e+00 1.086223198988089722e+00
8.695164264623744810e-02 5.575993552131132347e+00 9.565999475549321618e-01
8.695164264623744810e-02 5.609878102317692239e+00 8.137853566606013667e-01
8.695164264623744810e-02 5.643762652504250354e+00 6.690939888461292506e-01
8.695164264623744810e-02 5.677647202690809358e+00 5.319700778092391058e-01
8.695164264623744810e-02 5.711531752877368362e+00 4.091955349123694852e-01
8.695164264623744810e-02 5.745416303063927366e+00 3.046735709600685849e-01
8.695164264623744810e-02 5.779300853250486369e+00 2.196905858937870659e-01
8.695164264623744810e-02 5.813185403437045373e+00 1.534862530343736875e-01
8.695164264623744810e-02 5.847069953623604377e+00 1.039474067792015982e-01
8.695164264623744810e-02 5.880954503810162493e+00 6.827237364134788877e-02
8.695164264623744810e-02 5.914839053996722384e+00 4.350717721502115470e-02
8.695164264623744810e-02 5.948723604183280500e+00 2.691257334740744522e-02
8.695164264623744810e-02 5.982608154369840392e+00 1.616658791432530953e-02
8.695164264623744810e-02 6.016492704556398508e+00 9.434901751622648547e-03
8.695164264623744810e-02 6.050377254742957511e+00 5.351752822971274012e-03
8.695164264623744810e-02 6.084261804929516515e+00 2.951718615585391999e-03
8.695164264623744810e-02 6.118146355116075519e+00 1.583622230095227618e-03
8.695164264623744810e-02 6.152030905302634523e+00 8.267998876426264172e-04
8.695164264623744810e-02 6.185915455489193526e+00 4.202356721405676814e-04
8.695164264623744810e-02 6.219800005675752530e+00 2.080164737177543090e-04
8.695164264623744810e-02 6.253684555862310646e+00 1.003184155778870688e-04
8.695164264623744810e-02 6.287569106048870538e+00 4.715250679971426075e-05
8.695164264623744810e-02 6.321453656235428653e+00 2.160879189558242709e-05
8.695164264623744810e-02 6.355338206421988545e+00 9.658630309343481060e-06
8.695164264623744810e-02 6.389222756608546661e+00 4.212260102607469795e-06
8.695164264623744810e-02 6.423107306795105664e+00 1.793007599560402251e-06
8.695164264623744810e-02 6.456991856981664668e+00 7.451894354615204924e-07
8.695164264623744810e-02 6.490876407168223672e+00 3.024940067330033906e-07
8.695164264623744810e-02 6.524760957354782676e+00 1.199714691137414271e-07
8.695164264623744810e-02 6.558645507541341679e+00 4.650435387627595317e-08
8.695164264623744810e-02 6.592530057727900683e+00 1.762401210050867148e-08
8.695164264623744810e-02 6.626414607914458799e+00 6.532063541702226790e-09
8.695164264623744810e-02 6.660299158101018691e+00 2.368466599633720643e-09
8.695164264623744810e-02 6.694183708287576806e+00 8.404078267636752376e-10
8.695164264623744810e-02 6.728068258474136698e+00 2.919117326799499289e-10
8.695164264623744810e-02 6.761952808660694814e+00 9.928470241216469155e-11
8.815930434965740803e-02 3.407382340191361880e+00 5.411101742168006465e-43
8.815930434965740803e-02 3.441266890377920884e+00 2.884762833690745543e-41
8.815930434965740803e-02 3.475151440564479888e+00 1.366021696669218223e-39
8.815930434965740803e-02 3.509035990751038447e+00 5.763366513011044685e-38
8.815930434965740803e-02 3.542920540937597451e+00 2.173009115082031329e-36
8.815930434965740803e-02 3.576805091124156455e+00 7.342756482959337178e-35
8.815930434965740803e-02 3.610689641310715459e+00 2.229806471853109893e-33
8.815930434965740803e-02 3.644574191497274462e+00 6.101531370903336090e-32
8.815930434965740803e-02 3.678458741683833466e+00 1.508288778247951886e-30
8.815930434965740803e-02 3.712343291870392026e+00 3.376554335056796367e-29
8.815930434965740803e-02 3.746227842056951030e+00 6.861790229850013970e-28
8.815930434965740803e-02 3.780112392243510033e+00 1.268730976313869796e-26
8.815930434965740803e-02 3.813996942430069037e+00 2.139089086731851253e-25
8.815930434965740803e-02 3.847881492616627597e+00 3.295647371247220900e-24
8.815930434965740803e-02 3.881766042803186600e+00 4.649417150808413367e-23
8.815930434965740803e-02 3.915650592989745604e+00 6.018179163698733563e-22
8.815930434965740803e-02 3.949535143176304608e+00 7.161011527102217243e-21
8.815930434965740803e-02 3.983419693362863612e+00 7.847518967079243467e-20
8.815930434965740803e-02 4.017304243549422615e+00 7.934483913809363090e-19
8.815930434965740803e-02 4.051188793735981619e+00 7.414596724875466051e-18
8.815930434965740803e-02 4.085073343922540623e+00 6.414590533829217928e-17
8.815930434965740803e-02 4.118957894109099627e+00 5.145999546468119136e-16
8.815930434965740803e-02 4.152842444295657742e+00 3.834198848497954477e-15
8.815930434965740803e-02 4.186726994482216746e+00 2.657339688493160302e-14
8.815930434965740803e-02 4.220611544668775750e+00 1.715656029670702299e-13
8.815930434965740803e-02 4.254496094855334754e+00 1.033350761903953432e-12
8.815930434965740803e-02 4.288380645041893757e+00 5.814397808244766332e-12
8.815930434965740803e-02 4.322265195228452761e+00 3.060471296921098987e-11
8.815930434965740803e-02 4.356149745415011765e+00 1.508927852300511879e-10
8.815930434965740803e-02 4.390034295601570768e+00 6.977482916801943109e-10
8.815930434965740803e-02 4.423918845788129772e+00 3.029821074413661417e-09
8.815930434965740803e-02 4.457803395974687888e+00 1.236931523042738654e-08
8.815930434965740803e-02 4.491687946161247780e+00 4.753273669758872217e-08
8.815930434965740803e-02 4.525572496347805895e+00 1.721283781881099894e-07
8.815930434965740803e-02 4.559457046534364899e+00 5.880377105011137125e-07
8.815930434965740803e-02 4.593341596720923903e+00 1.897223639241292697e-06
8.815930434965740803e-02 4.627226146907482907e+00 5.786922630892753832e-06
8.815930434965740803e-02 4.661110697094041910e+00 1.670458888264485150e-05
8.815930434965740803e-02 4.694995247280600914e+00 4.567878087877436761e-05
8.815930434965740803e-02 4.728879797467159918e+00 1.184416187309793881e-04
8.815930434965740803e-02 4.762764347653718922e+00 2.914842523753011076e-04
8.815930434965740803e-02 4.796648897840277925e+00 6.814692947213453955e-04
8.815930434965740803e-02 4.830533448026836041e+00 1.514912249858585414e-03
8.815930434965740803e-02 4.864417998213395933e+00 3.204930510192916925e-03
8.815930434965740803e-02 4.898302548399954048e+00 6.458184189407328857e-03
8.815930434965740803e-02 4.932187098586513052e+00 1.240579762869844713e-02
8.815930434965740803e-02 4.966071648773072056e+00 2.273602726376613981e-02
8.815930434965740803e-02 4.999956198959631060e+00 3.978551090118336020e-02
8.815930434965740803e-02 5.033840749146190063e+00 6.652617786508929765e-02
8.815930434965740803e-02 5.067725299332749067e+00 1.063767013400558903e-01
8.815930434965740803e-02 5.101609849519308071e+00 1.627827226826598916e-01
8.815930434965740803e-02 5.135494399705867075e+00 2.385570245442937831e-01
8.815930434965740803e-02 5.169378949892426078e+00 3.350467966254463970e-01
8.815930434965740803e-02 5.203263500078984194e+00 4.512825535174808667e-01
8.815930434965740803e-02 5.237148050265544086e+00 5.833313408757749841e-01
8.815930434965740803e-02 5.271032600452102201e+00 7.240912229069285111e-01
8.815930434965740803e-02 5.304917150638661205e+00 8.637017746230843951e-01
8.815930434965740803e-02 5.338801700825220209e+00 9.906090147802063539e-01
8.815930434965740803e-02 5.372686251011779213e+00 1.093146247975718799e+00
8.815930434965740803e-02 5.406570801198338216e+00 1.161330349279578122e+00
8.815930434965740803e-02 5.440455351384897220e+00 1.188484019402308522e+00
8.815930434965740803e-02 5.474339901571456224e+00 1.172314825169006980e+00
8.815930434965740803e-02 5.508224451758014339e+00 1.115210035273485945e+00
8.815930434965740803e-02 5.542109001944574231e+00 1.023702535787349932e+00
8.815930434965740803e-02 5.575993552131132347e+00 9.072646041134646566e-01
8.815930434965740803e-02 5.609878102317692239e+00 7.767315331931043954e-01
8.815930434965740803e-02 5.643762652504250354e+00 6.427082060735205271e-01
8.815930434965740803e-02 5.677647202690809358e+00 5.142655569234014790e-01
8.815930434965740803e-02 5.711531752877368362e+00 3.981183300860492436e-01
8.815930434965740803e-02 5.745416303063927366e+00 2.983350915696355021e-01
8.815930434965740803e-02 5.779300853250486369e+00 2.165091093867995697e-01
8.815930434965740803e-02 5.813185403437045373e+00 1.522425217329885505e-01
8.815930434965740803e-02 5.847069953623604377e+00 1.037739116823768598e-01
8.815930434965740803e-02 5.880954503810162493e+00 6.860149178283554694e-02
8.815930434965740803e-02 5.914839053996722384e+00 4.400167269674246789e-02
8.815930434965740803e-02 5.948723604183280500e+00 2.739609304692151512e-02
8.815930434965740803e-02 5.982608154369840392e+00 1.656464081039303246e-02
8.815930434965740803e-02 6.016492704556398508e+00 9.730521796770691748e-03
8.815930434965740803e-02 6.050377254742957511e+00 5.555644647697990067e-03
8.815930434965740803e-02 6.084261804929516515e+00 3.084305128914322219e-03
8.815930434965740803e-02 6.118146355116075519e+00 1.665643222701025010e-03
8.815930434965740803e-02 6.152030905302634523e+00 8.753517327404821292e-04
8.815930434965740803e-02 6.185915455489193526e+00 4.478477807941848646e-04
8.815930434965740803e-02 6.219800005675752530e+00 2.231484359845138166e-04
8.815930434965740803e-02 6.253684555862310646e+00 1.083274262233623579e-04
8.815930434965740803e-02 6.287569106048870538e+00 5.125390825863858569e-05
8.815930434965740803e-02 6.321453656235428653e+00 2.364393136080210732e-05
8.815930434965740803e-02 6.355338206421988545e+00 1.063834520522786440e-05
8.815930434965740803e-02 6.389222756608546661e+00 4.670304006359759792e-06
8.815930434965740803e-02 6.423107306795105664e+00 2.001176601592124452e-06
8.815930434965740803e-02 6.456991856981664668e+00 8.372303271443090116e-07
8.815930434965740803e-02 6.490876407168223672e+00 3.421144818232715951e-07
8.815930434965740803e-02 6.524760957354782676e+00 1.365872989943167300e-07
8.815930434965740803e-02 6.558645507541341679e+00 5.329722989124013372e-08
8.815930434965740803e-02 6.592530057727900683e+00 2.033271205188660626e-08
8.815930434965740803e-02 6.626414607914458799e+00 7.586143555575405282e-09
8.815930434965740803e-02 6.660299158101018691e+00 2.768971429733528071e-09
8.815930434965740803e-02 6.694183708287576806e+00 9.890587409516407576e-10
8.815930434965740803e-02 6.728068258474136698e+00 3.458313644779518551e-10
8.815930434965740803e-02 6.761952808660694814e+00 1.184065843759381567e-10
8.936696605307736796e-02 3.407382340191361880e+00 3.748702764725848234e-43
8.936696605307736796e-02 3.441266890377920884e+00 2.003206316608153341e-41
8.936696605307736796e-02 3.475151440564479888e+00 9.509381182566304750e-40
8.936696605307736796e-02 3.509035990751038447e+00 4.022601586059591994e-38
8.936696605307736796e-02 3.542920540937597451e+00 1.520840789659963952e-36
8.936696605307736796e-02 3.576805091124156455e+00 5.153786065976720807e-35
8.936696605307736796e-02 3.610689641310715459e+00 1.569753735835921892e-33
8.936696605307736796e-02 3.644574191497274462e+00 4.308744949977125836e-32
8.936696605307736796e-02 3.678458741683833466e+00 1.068545531270005882e-30
8.936696605307736796e-02 3.712343291870392026e+00 2.400084024738874664e-29
8.936696605307736796e-02 3.746227842056951030e+00 4.894186432963072655e-28
8.936696605307736796e-02 3.780112392243510033e+00 9.081296347344129769e-27
8.936696605307736796e-02 3.813996942430069037e+00 1.536689022170428863e-25
8.936696605307736796e-02 3.847881492616627597e+00 2.376397033735439562e-24
8.936696605307736796e-02 3.881766042803186600e+00 3.365418371422343337e-23
8.936696605307736796e-02 3.915650592989745604e+00 4.373286368120402372e-22
8.936696605307736796e-02 3.949535143176304608e+00 5.224662973173711333e-21
8.936696605307736796e-02 3.983419693362863612e+00 5.749037555779548541e-20
8.936696605307736796e-02 4.017304243549422615e+00 5.837098529869175372e-19
8.936696605307736796e-02 4.051188793735981619e+00 5.477938173826510310e-18
8.936696605307736796e-02 4.085073343922540623e+00 4.759753617270620597e-17
8.936696605307736796e-02 4.118957894109099627e+00 3.835349528315552683e-16
8.936696605307736796e-02 4.152842444295657742e+00 2.870531422130566050e-15
8.936696605307736796e-02 4.186726994482216746e+00 1.998568802352107622e-14
8.936696605307736796e-02 4.220611544668775750e+00 1.296336104236265787e-13
8.936696605307736796e-02 4.254496094855334754e+00 7.844778377007013294e-13
8.936696605307736796e-02 4.288380645041893757e+00 4.435192729974611864e-12
8.936696605307736796e-02 4.322265195228452761e+00 2.345845562271219461e-11
8.936696605307736796e-02 4.356149745415011765e+00 1.162279711574300422e-10
8.936696605307736796e-02 4.390034295601570768e+00 5.401308671588854625e-10
8.936696605307736796e-02 4.423918845788129772e+00 2.357227184651781269e-09
8.936696605307736796e-02 4.457803395974687888e+00 9.672524623423510631e-09
8.936696605307736796e-02 4.491687946161247780e+00 3.736125949154323745e-08
8.936696605307736796e-02 4.525572496347805895e+00 1.360002642736990083e-07
8.936696605307736796e-02 4.559457046534364899e+00 4.670619096206494072e-07
8.936696605307736796e-02 4.593341596720923903e+00 1.514929946061297329e-06
8.936696605307736796e-02 4.627226146907482907e+00 4.645672195078073869e-06
8.936696605307736796e-02 4.661110697094041910e+00 1.348295320358720907e-05
8.936696605307736796e-02 4.694995247280600914e+00 3.707088592872891255e-05
8.936696605307736796e-02 4.728879797467159918e+00 9.665232347148197667e-05
8.936696605307736796e-02 4.762764347653718922e+00 2.391840753001624057e-04
8.936696605307736796e-02 4.796648897840277925e+00 5.623306865815937616e-04
8.936696605307736796e-02 4.830533448026836041e+00 1.257129059686462212e-03
8.936696605307736796e-02 4.864417998213395933e+00 2.674705240688687608e-03
8.936696605307736796e-02 4.898302548399954048e+00 5.420634877250893151e-03
8.936696605307736796e-02 4.932187098586513052e+00 1.047282414180536123e-02
8.936696605307736796e-02 4.966071648773072056e+00 1.930498885269768192e-02
8.936696605307736796e-02 4.999956198959631060e+00 3.397908931828744206e-02
8.936696605307736796e-02 5.033840749146190063e+00 5.715137313876116065e-02
8.936696605307736796e-02 5.067725299332749067e+00 9.192696437883847438e-02
8.936696605307736796e-02 5.101609849519308071e+00 1.415081803470491228e-01
8.936696605307736796e-02 5.135494399705867075e+00 2.086202029270630420e-01
8.936696605307736796e-02 5.169378949892426078e+00 2.947638157768968092e-01
8.936696605307736796e-02 5.203263500078984194e+00 3.994247579759549471e-01
8.936696605307736796e-02 5.237148050265544086e+00 5.194362385773397817e-01
8.936696605307736796e-02 5.271032600452102201e+00 6.487136785501350644e-01
8.936696605307736796e-02 5.304917150638661205e+00 7.785353720438468184e-01
8.936696605307736796e-02 5.338801700825220209e+00 8.984276321685548128e-01
8.936696605307736796e-02 5.372686251011779213e+00 9.975542128067335090e-01
8.936696605307736796e-02 5.406570801198338216e+00 1.066355873300898205e+00
8.936696605307736796e-02 5.440455351384897220e+00 1.098090775511745942e+00
8.936696605307736796e-02 5.474339901571456224e+00 1.089927582787498128e+00
8.936696605307736796e-02 5.508224451758014339e+00 1.043345531247922731e+00
8.936696605307736796e-02 5.542109001944574231e+00 9.637682875001971627e-01
8.936696605307736796e-02 5.575993552131132347e+00 8.595459241094145497e-01
8.936696605307736796e-02 5.609878102317692239e+00 7.405440150949281763e-01
8.936696605307736796e-02 5.643762652504250354e+00 6.166614855564683806e-01
8.936696605307736796e-02 5.677647202690809358e+00 4.965709886416749819e-01
8.936696605307736796e-02 5.711531752877368362e+00 3.868784696577087234e-01
8.936696605307736796e-02 5.745416303063927366e+00 2.917712175321881540e-01
8.936696605307736796e-02 5.779300853250486369e+00 2.131066114013840940e-01
8.936696605307736796e-02 5.813185403437045373e+00 1.508154987165539473e-01
8.936696605307736796e-02 5.847069953623604377e+00 1.034650706991433744e-01
8.936696605307736796e-02 5.880954503810162493e+00 6.883997585550072351e-02
8.936696605307736796e-02 5.914839053996722384e+00 4.444098068071600238e-02
8.936696605307736796e-02 5.948723604183280500e+00 2.784939799166471011e-02
8.936696605307736796e-02 5.982608154369840392e+00 1.694833676782345547e-02
8.936696605307736796e-02 6.016492704556398508e+00 1.002083588252696000e-02
8.936696605307736796e-02 6.050377254742957511e+00 5.758768761471859572e-03
8.936696605307736796e-02 6.084261804929516515e+00 3.217986475425549560e-03
8.936696605307736796e-02 6.118146355116075519e+00 1.749220800847244971e-03
8.936696605307736796e-02 6.152030905302634523e+00 9.253048470862319450e-04
8.936696605307736796e-02 6.185915455489193526e+00 4.765141742404505575e-04
8.936696605307736796e-02 6.219800005675752530e+00 2.389932952131666364e-04
8.936696605307736796e-02 6.253684555862310646e+00 1.167830575731038600e-04
8.936696605307736796e-02 6.287569106048870538e+00 5.561869384193234944e-05
8.936696605307736796e-02 6.321453656235428653e+00 2.582667335404527486e-05
8.936696605307736796e-02 6.355338206421988545e+00 1.169715404370806348e-05
8.936696605307736796e-02 6.389222756608546661e+00 5.169050502938124990e-06
8.936696605307736796e-02 6.423107306795105664e+00 2.229525553273874811e-06
8.936696605307736796e-02 6.456991856981664668e+00 9.389340852587168957e-07
8.936696605307736796e-02 6.490876407168223672e+00 3.862124014461154613e-07
8.936696605307736796e-02 6.524760957354782676e+00 1.552140221388734106e-07
8.936696605307736796e-02 6.558645507541341679e+00 6.096663463865490300e-08
8.936696605307736796e-02 6.592530057727900683e+00 2.341265745492070235e-08
8.936696605307736796e-02 6.626414607914458799e+00 8.793159274376064734e-09
8.936696605307736796e-02 6.660299158101018691e+00 3.230809197988937077e-09
8.936696605307736796e-02 6.694183708287576806e+00 1.161673687264843014e-09
8.936696605307736796e-02 6.728068258474136698e+00 4.088799032893483889e-10
8.936696605307736796e-02 6.761952808660694814e+00 1.409212425655616306e-10
9.057462775649734177e-02 3.407382340191361880e+00 2.598613299016290155e-43
9.057462775649734177e-02 3.441266890377920884e+00 1.391870553363657413e-41
9.057462775649734177e-02 3.475151440564479888e+00 6.623636984890391774e-40
9.057462775649734177e-02 3.509035990751038447e+00 2.809177491212830355e-38
9.057462775649734177e-02 3.542920540937597451e+00 1.064973685826248425e-36
9.057462775649734177e-02 3.576805091124156455e+00 3.619244268255021811e-35
9.057462775649734177e-02 3.610689641310715459e+00 1.105633636324595751e-33
9.057462775649734177e-02 3.644574191497274462e+00 3.044170738288304099e-32
9.057462775649734177e-02 3.678458741683833466e+00 7.573533858914317087e-31
9.057462775649734177e-02 3.712343291870392026e+00 1.706737373060052906e-29
9.057462775649734177e-02 3.746227842056951030e+00 3.492219201541794490e-28
9.057462775649734177e-02 3.780112392243510033e+00 6.502708215267029954e-27
9.057462775649734177e-02 3.813996942430069037e+00 1.104336070516819649e-25
9.057462775649734177e-02 3.847881492616627597e+00 1.714136104667860616e-24
9.057462775649734177e-02 3.881766042803186600e+00 2.436785948613928154e-23
9.057462775649734177e-02 3.915650592989745604e+00 3.178908946742200561e-22
9.057462775649734177e-02 3.949535143176304608e+00 3.812931633333388708e-21
9.057462775649734177e-02 3.983419693362863612e+00 4.212734406650901372e-20
9.057462775649734177e-02 4.017304243549422615e+00 4.295074849557462996e-19
9.057462775649734177e-02 4.051188793735981619e+00 4.047913115702443573e-18
9.057462775649734177e-02 4.085073343922540623e+00 3.532429079682540318e-17
9.057462775649734177e-02 4.118957894109099627e+00 2.858923095207022399e-16
9.057462775649734177e-02 4.152842444295657742e+00 2.149319946752528650e-15
9.057462775649734177e-02 4.186726994482216746e+00 1.503248918736879704e-14
9.057462775649734177e-02 4.220611544668775750e+00 9.795652320361842399e-14
9.057462775649734177e-02 4.254496094855334754e+00 5.955667437455550090e-13
9.057462775649734177e-02 4.288380645041893757e+00 3.383183149823112525e-12
9.057462775649734177e-02 4.322265195228452761e+00 1.798059729862323986e-11
9.057462775649734177e-02 4.356149745415011765e+00 8.952301259062956122e-11
9.057462775649734177e-02 4.390034295601570768e+00 4.180894887800538736e-10
9.057462775649734177e-02 4.423918845788129772e+00 1.833766597477348236e-09
9.057462775649734177e-02 4.457803395974687888e+00 7.562758730775410665e-09
9.057462775649734177e-02 4.491687946161247780e+00 2.936191724291684190e-08
9.057462775649734177e-02 4.525572496347805895e+00 1.074358396701281789e-07
9.057462775649734177e-02 4.559457046534364899e+00 3.708973811401004620e-07
9.057462775649734177e-02 4.593341596720923903e+00 1.209384663126423447e-06
9.057462775649734177e-02 4.627226146907482907e+00 3.728508389046023329e-06
9.057462775649734177e-02 4.661110697094041910e+00 1.087946875385844103e-05
9.057462775649734177e-02 4.694995247280600914e+00 3.007547964087750085e-05
9.057462775649734177e-02 4.728879797467159918e+00 7.884407687720859821e-05
9.057462775649734177e-02 4.762764347653718922e+00 1.961940688286522086e-04
9.057462775649734177e-02 4.796648897840277925e+00 4.638326651864649514e-04
9.057462775649734177e-02 4.830533448026836041e+00 1.042758856868537462e-03
9.057462775649734177e-02 4.864417998213395933e+00 2.231168784021260194e-03
9.057462775649734177e-02 4.898302548399954048e+00 4.547540721444381755e-03
9.057462775649734177e-02 4.932187098586513052e+00 8.836436279838929403e-03
9.057462775649734177e-02 4.966071648773072056e+00 1.638272863201461343e-02
9.057462775649734177e-02 4.999956198959631060e+00 2.900331976325717237e-02
9.057462775649734177e-02 5.033840749146190063e+00 4.906789229030446287e-02
9.057462775649734177e-02 5.067725299332749067e+00 7.938956113721891417e-02
9.057462775649734177e-02 5.101609849519308071e+00 1.229323834262178033e-01
9.057462775649734177e-02 5.135494399705867075e+00 1.823137658968252417e-01
9.057462775649734177e-02 5.169378949892426078e+00 2.591368858077529591e-01
9.057462775649734177e-02 5.203263500078984194e+00 3.532605982085075258e-01
9.057462775649734177e-02 5.237148050265544086e+00 4.621791795889427235e-01
9.057462775649734177e-02 5.271032600452102201e+00 5.807128557795876445e-01
9.057462775649734177e-02 5.304917150638661205e+00 7.011790244155279295e-01
9.057462775649734177e-02 5.338801700825220209e+00 8.141180336026156983e-01
9.057462775649734177e-02 5.372686251011779213e+00 9.095061080430176803e-01
9.057462775649734177e-02 5.406570801198338216e+00 9.782432525753804731e-01
9.057462775649734177e-02 5.440455351384897220e+00 1.013605331378248042e+00
9.057462775649734177e-02 5.474339901571456224e+00 1.012334938205740276e+00
9.057462775649734177e-02 5.508224451758014339e+00 9.751250406943378080e-01
9.057462775649734177e-02 5.542109001944574231e+00 9.063994141588902487e-01
9.057462775649734177e-02 5.575993552131132347e+00 8.134667813106138956e-01
9.057462775649734177e-02 5.609878102317692239e+00 7.052676122060715924e-01
9.057462775649734177e-02 5.643762652504250354e+00 5.910040405884351422e-01
9.057462775649734177e-02 5.677647202690809358e+00 4.789315338739523753e-01
9.057462775649734177e-02 5.711531752877368362e+00 3.755110258124556566e-01
9.057462775649734177e-02 5.745416303063927366e+00 2.850059193393662538e-01
9.057462775649734177e-02 5.779300853250486369e+00 2.094973822467872671e-01
9.057462775649734177e-02 5.813185403437045373e+00 1.492122685795181369e-01
9.057462775649734177e-02 5.847069953623604377e+00 1.030233182079883653e-01
9.057462775649734177e-02 5.880954503810162493e+00 6.898771144606825889e-02
9.057462775649734177e-02 5.914839053996722384e+00 4.482390237809429773e-02
9.057462775649734177e-02 5.948723604183280500e+00 2.827107371548071707e-02
9.057462775649734177e-02 5.982608154369840392e+00 1.731646415485478541e-02
9.057462775649734177e-02 6.016492704556398508e+00 1.030496756902262757e-02
9.057462775649734177e-02 6.050377254742957511e+00 5.960565992770012166e-03
9.057462775649734177e-02 6.084261804929516515e+00 3.352444710120351841e-03
9.057462775649734177e-02 6.118146355116075519e+00 1.834195818663292375e-03
9.057462775649734177e-02 6.152030905302634523e+00 9.765925587066457032e-04
9.057462775649734177e-02 6.185915455489193526e+00 5.062155764595630989e-04
9.057462775649734177e-02 6.219800005675752530e+00 2.555523376318241733e-04
9.057462775649734177e-02 6.253684555862310646e+00 1.256931331084357498e-04
9.057462775649734177e-02 6.287569106048870538e+00 6.025497865819900468e-05
9.057462775649734177e-02 6.321453656235428653e+00 2.816331026400571171e-05
9.057462775649734177e-02 6.355338206421988545e+00 1.283928754289479201e-05
9.057462775649734177e-02 6.389222756608546661e+00 5.711092036786291959e-06
9.057462775649734177e-02 6.423107306795105664e+00 2.479536272195749747e-06
9.057462775649734177e-02 6.456991856981664668e+00 1.051101090440953618e-06
9.057462775649734177e-02 6.490876407168223672e+00 4.351996073193184871e-07
9.057462775649734177e-02 6.524760957354782676e+00 1.760546293827721256e-07
9.057462775649734177e-02 6.558645507541341679e+00 6.960878400831030190e-08
9.057462775649734177e-02 6.592530057727900683e+00 2.690783606887396200e-08
9.057462775649734177e-02 6.626414607914458799e+00 1.017255272393147583e-08
9.057462775649734177e-02 6.660299158101018691e+00 3.762303118566684975e-09
9.057462775649734177e-02 6.694183708287576806e+00 1.361709317742612854e-09
9.057462775649734177e-02 6.728068258474136698e+00 4.824518110584373800e-10
9.057462775649734177e-02 6.761952808660694814e+00 1.673757390125291210e-10
9.178228945991730170e-02 3.407382340191361880e+00 1.802445562237215592e-43
9.178228945991730170e-02 3.441266890377920884e+00 9.676633065150811696e-42
9.178228945991730170e-02 3.475151440564479888e+00 4.616206324979295454e-40
9.178228945991730170e-02 3.509035990751038447e+00 1.962852604876524077e-38
9.178228945991730170e-02 3.542920540937597451e+00 7.461429683098329493e-37
9.178228945991730170e-02 3.576805091124156455e+00 2.542897961909563439e-35
9.178228945991730170e-02 3.610689641310715459e+00 7.791153545794403072e-34
9.178228945991730170e-02 3.644574191497274462e+00 2.151736583430849271e-32
9.178228945991730170e-02 3.678458741683833466e+00 5.370279255405777560e-31
9.178228945991730170e-02 3.712343291870392026e+00 1.214200505178690845e-29
9.178228945991730170e-02 3.746227842056951030e+00 2.492851826594946199e-28
9.178228945991730170e-02 3.780112392243510033e+00 4.658059413792447290e-27
9.178228945991730170e-02 3.813996942430069037e+00 7.939096094833156592e-26
9.178228945991730170e-02 3.847881492616627597e+00 1.236847559086209956e-24
9.178228945991730170e-02 3.881766042803186600e+00 1.764940904447591725e-23
9.178228945991730170e-02 3.915650592989745604e+00 2.311386005473795382e-22
9.178228945991730170e-02 3.949535143176304608e+00 2.783386985521261817e-21
9.178228945991730170e-02 3.983419693362863612e+00 3.087708823314839930e-20
9.178228945991730170e-02 4.017304243549422615e+00 3.161092029716297790e-19
9.178228945991730170e-02 4.051188793735981619e+00 2.991762933254659171e-18
9.178228945991730170e-02 4.085073343922540623e+00 2.622004936668652568e-17
9.178228945991730170e-02 4.118957894109099627e+00 2.131376147820121272e-16
9.178228945991730170e-02 4.152842444295657742e+00 1.609492155061197122e-15
9.178228945991730170e-02 4.186726994482216746e+00 1.130786350060857075e-14
9.178228945991730170e-02 4.220611544668775750e+00 7.402453806413264979e-14
9.178228945991730170e-02 4.254496094855334754e+00 4.521634424499355518e-13
9.178228945991730170e-02 4.288380645041893757e+00 2.580728600840141711e-12
9.178228945991730170e-02 4.322265195228452761e+00 1.378164667704980005e-11
9.178228945991730170e-02 4.356149745415011765e+00 6.895081927434546791e-11
9.178228945991730170e-02 4.390034295601570768e+00 3.236000290251855137e-10
9.178228945991730170e-02 4.423918845788129772e+00 1.426408760207468371e-09
9.178228945991730170e-02 4.457803395974687888e+00 5.912432271236771090e-09
9.178228945991730170e-02 4.491687946161247780e+00 2.307177416813137853e-08
9.178228945991730170e-02 4.525572496347805895e+00 8.485557570666923405e-08
9.178228945991730170e-02 4.559457046534364899e+00 2.944712455439596674e-07
9.178228945991730170e-02 4.593341596720923903e+00 9.652374461756367080e-07
9.178228945991730170e-02 4.627226146907482907e+00 2.991626886821705592e-06
9.178228945991730170e-02 4.661110697094041910e+00 8.776149043017611353e-06
9.178228945991730170e-02 4.694995247280600914e+00 2.439235071424661466e-05
9.178228945991730170e-02 4.728879797467159918e+00 6.429469833340278721e-05
9.178228945991730170e-02 4.762764347653718922e+00 1.608705652877890952e-04
9.178228945991730170e-02 4.796648897840277925e+00 3.824333262586789299e-04
9.178228945991730170e-02 4.830533448026836041e+00 8.645706458068539010e-04
9.178228945991730170e-02 4.864417998213395933e+00 1.860326597100263367e-03
9.178228945991730170e-02 4.898302548399954048e+00 3.813212288472394261e-03
9.178228945991730170e-02 4.932187098586513052e+00 7.451883984804315644e-03
9.178228945991730170e-02 4.966071648773072056e+00 1.389524300523260064e-02
9.178228945991730170e-02 4.999956198959631060e+00 2.474198425617573499e-02
9.178228945991730170e-02 5.033840749146190063e+00 4.210237308992389321e-02
9.178228945991730170e-02 5.067725299332749067e+00 6.851882506600863454e-02
9.178228945991730170e-02 5.101609849519308071e+00 1.067246296032762914e-01
9.178228945991730170e-02 5.135494399705867075e+00 1.592149063986811053e-01
9.178228945991730170e-02 5.169378949892426078e+00 2.276528155481312432e-01
9.178228945991730170e-02 5.203263500078984194e+00 3.121991381345239902e-01
9.178228945991730170e-02 5.237148050265544086e+00 4.109153289223330674e-01
9.178228945991730170e-02 5.271032600452102201e+00 5.194230406431340485e-01
9.178228945991730170e-02 5.304917150638661205e+00 6.309841056922657065e-01
9.178228945991730170e-02 5.338801700825220209e+00 7.370859645856698839e-01
9.178228945991730170e-02 5.372686251011779213e+00 8.284928884833162588e-01
9.178228945991730170e-02 5.406570801198338216e+00 8.965885209034359926e-01
9.178228945991730170e-02 5.440455351384897220e+00 9.347354631146809201e-01
9.178228945991730170e-02 5.474339901571456224e+00 9.393503057024574776e-01
9.178228945991730170e-02 5.508224451758014339e+00 9.104515171714570032e-01
9.178228945991730170e-02 5.542109001944574231e+00 8.515665069881719340e-01
9.178228945991730170e-02 5.575993552131132347e+00 7.690421626869856642e-01
9.178228945991730170e-02 5.609878102317692239e+00 6.709408405052795787e-01
9.178228945991730170e-02 5.643762652504250354e+00 5.657817697468683349e-01
9.178228945991730170e-02 5.677647202690809358e+00 4.613898805435733830e-01
9.178228945991730170e-02 5.711531752877368362e+00 3.640500162254822758e-01
9.178228945991730170e-02 5.745416303063927366e+00 2.780630287508516485e-01
9.178228945991730170e-02 5.779300853250486369e+00 2.056960457366205919e-01
9.178228945991730170e-02 5.813185403437045373e+00 1.474404027013223872e-01
9.178228945991730170e-02 5.847069953623604377e+00 1.024515421139653992e-01
9.178228945991730170e-02 5.880954503810162493e+00 6.904492437882345235e-02
9.178228945991730170e-02 5.914839053996722384e+00 4.514945480234316966e-02
9.178228945991730170e-02 5.948723604183280500e+00 2.865982039285123323e-02
9.178228945991730170e-02 5.982608154369840392e+00 1.766785809967830884e-02
9.178228945991730170e-02 6.016492704556398508e+00 1.058204905015886974e-02
9.178228945991730170e-02 6.050377254742957511e+00 6.160468797842644922e-03
9.178228945991730170e-02 6.084261804929516515e+00 3.487348948703227879e-03
9.178228945991730170e-02 6.118146355116075519e+00 1.920397535653354691e-03
9.178228945991730170e-02 6.152030905302634523e+00 1.029139849717926975e-03
9.178228945991730170e-02 6.185915455489193526e+00 5.369275213235194869e-04
9.178228945991730170e-02 6.219800005675752530e+00 2.728240063804930463e-04
9.178228945991730170e-02 6.253684555862310646e+00 1.350641173108101340e-04
9.178228945991730170e-02 6.287569106048870538e+00 6.517033986838846572e-05
9.178228945991730170e-02 6.321453656235428653e+00 3.065999212189308195e-05
9.178228945991730170e-02 6.355338206421988545e+00 1.406899255952524355e-05
9.178228945991730170e-02 6.389222756608546661e+00 6.299080946160498012e-06
9.178228945991730170e-02 6.423107306795105664e+00 2.752747966277712943e-06
9.178228945991730170e-02 6.456991856981664668e+00 1.174573525008923853e-06
9.178228945991730170e-02 6.490876407168223672e+00 4.895144549209448877e-07
9.178228945991730170e-02 6.524760957354782676e+00 1.993274630232282713e-07
9.178228945991730170e-02 6.558645507541341679e+00 7.932819166742299763e-08
9.178228945991730170e-02 6.592530057727900683e+00 3.086647598945955454e-08
9.178228945991730170e-02 6.626414607914458799e+00 1.174583097608569943e-08
9.178228945991730170e-02 6.660299158101018691e+00 4.372740043421651330e-09
9.178228945991730170e-02 6.694183708287576806e+00 1.593054861251966946e-09
9.178228945991730170e-02 6.728068258474136698e+00 5.681289085210004294e-10
9.178228945991730170e-02 6.761952808660694814e+00 1.983956168171433805e-10
9.298995116333726163e-02 3.407382340191361880e+00 1.250941856682985933e-43
9.298995116333726163e-02 3.441266890377920884e+00 6.731265587262648545e-42
9.298995116333726163e-02 3.475151440564479888e+00 3.218942666632719635e-40
9.298995116333726163e-02 3.509035990751038447e+00 1.372232227673574961e-38
9.298995116333726163e-02 3.542920540937597451e+00 5.230322784257121124e-37
9.298995116333726163e-02 3.576805091124156455e+00 1.787536312948579447e-35
9.298995116333726163e-02 3.610689641310715459e+00 5.492861012239278465e-34
9.298995116333726163e-02 3.644574191497274462e+00 1.521621905818700955e-32
9.298995116333726163e-02 3.678458741683833466e+00 3.809638385162105337e-31
9.298995116333726163e-02 3.712343291870392026e+00 8.641588008041506476e-30
9.298995116333726163e-02 3.746227842056951030e+00 1.780170285448092381e-28
9.298995116333726163e-02 3.780112392243510033e+00 3.337923671687033481e-27
9.298995116333726163e-02 3.813996942430069037e+00 5.709417843538137266e-26
9.298995116333726163e-02 3.847881492616627597e+00 8.927466134603675159e-25
9.298995116333726163e-02 3.881766042803186600e+00 1.278716184976128564e-23
9.298995116333726163e-02 3.915650592989745604e+00 1.681078453562700901e-22
9.298995116333726163e-02 3.949535143176304608e+00 2.032352552901925769e-21
9.298995116333726163e-02 3.983419693362863612e+00 2.263649174855377788e-20
9.298995116333726163e-02 4.017304243549422615e+00 2.326984992227946135e-19
9.298995116333726163e-02 4.051188793735981619e+00 2.211579783005357208e-18
9.298995116333726163e-02 4.085073343922540623e+00 1.946535305882763597e-17
9.298995116333726163e-02 4.118957894109099627e+00 1.589189314036398534e-16
9.298995116333726163e-02 4.152842444295657742e+00 1.205379062793631824e-15
9.298995116333726163e-02 4.186726994482216746e+00 8.506799155996278722e-15
9.298995116333726163e-02 4.220611544668775750e+00 5.594263283836561146e-14
9.298995116333726163e-02 4.254496094855334754e+00 3.433002388113195166e-13
9.298995116333726163e-02 4.288380645041893757e+00 1.968618341516266812e-12
9.298995116333726163e-02 4.322265195228452761e+00 1.056304452794527106e-11
9.298995116333726163e-02 4.356149745415011765e+00 5.310357198812612929e-11
9.298995116333726163e-02 4.390034295601570768e+00 2.504470405680905800e-10
9.298995116333726163e-02 4.423918845788129772e+00 1.109431280165304682e-09
9.298995116333726163e-02 4.457803395974687888e+00 4.621648768351531776e-09
9.298995116333726163e-02 4.491687946161247780e+00 1.812636389896397764e-08
9.298995116333726163e-02 4.525572496347805895e+00 6.700897038198410405e-08
9.298995116333726163e-02 4.559457046534364899e+00 2.337445872837251375e-07
9.298995116333726163e-02 4.593341596720923903e+00 7.701965060226232766e-07
9.298995116333726163e-02 4.627226146907482907e+00 2.399747205414911999e-06
9.298995116333726163e-02 4.661110697094041910e+00 7.077405793814174358e-06
9.298995116333726163e-02 4.694995247280600914e+00 1.977682436869353575e-05
9.298995116333726163e-02 4.728879797467159918e+00 5.241203516108103625e-05
9.298995116333726163e-02 4.762764347653718922e+00 1.318575493261004577e-04
9.298995116333726163e-02 4.796648897840277925e+00 3.151923905781792829e-04
9.298995116333726163e-02 4.830533448026836041e+00 7.165236715000726118e-04
9.298995116333726163e-02 4.864417998213395933e+00 1.550412496587011456e-03
9.298995116333726163e-02 4.898302548399954048e+00 3.195909541894712512e-03
9.298995116333726163e-02 4.932187098586513052e+00 6.281045173839041110e-03
9.298995116333726163e-02 4.966071648773072056e+00 1.177906238297794610e-02
9.298995116333726163e-02 4.999956198959631060e+00 2.109471976838860063e-02
9.298995116333726163e-02 5.033840749146190063e+00 3.610404838939959560e-02
9.298995116333726163e-02 5.067725299332749067e+00 5.909956594203125135e-02
9.298995116333726163e-02 5.101609849519308071e+00 9.259309481213751081e-02
9.298995116333726163e-02 5.135494399705867075e+00 1.389476741856156272e-01
9.298995116333726163e-02 5.169378949892426078e+00 1.998516800854716335e-01
9.298995116333726163e-02 5.203263500078984194e+00 2.757064183931746681e-01
9.298995116333726163e-02 5.237148050265544086e+00 3.650569923381090653e-01
9.298995116333726163e-02 5.271032600452102201e+00 4.642319516933031687e-01
9.298995116333726163e-02 5.304917150638661205e+00 5.673481683261299979e-01
9.298995116333726163e-02 5.338801700825220209e+00 6.667734968569954956e-01
9.298995116333726163e-02 5.372686251011779213e+00 7.540307577713742937e-01
9.298995116333726163e-02 5.406570801198338216e+00 8.210021520359346292e-01
9.298995116333726163e-02 5.440455351384897220e+00 8.611941372491841440e-01
9.298995116333726163e-02 5.474339901571456224e+00 8.707854410765720754e-01
9.298995116333726163e-02 5.508224451758014339e+00 8.492220919647298638e-01
9.298995116333726163e-02 5.542109001944574231e+00 7.992326282253864322e-01
9.298995116333726163e-02 5.575993552131132347e+00 7.262796949154467496e-01
9.298995116333726163e-02 5.609878102317692239e+00 6.375961720285077128e-01
9.298995116333726163e-02 5.643762652504250354e+00 5.410363071986106220e-01
9.298995116333726163e-02 5.677647202690809358e+00 4.439861791925070467e-01
9.298995116333726163e-02 5.711531752877368362e+00 3.525282957573233622e-01
9.298995116333726163e-02 5.745416303063927366e+00 2.709661334020389001e-01
9.298995116333726163e-02 5.779300853250486369e+00 2.017174797139855980e-01
9.298995116333726163e-02 5.813185403437045373e+00 1.455079108305634972e-01
9.298995116333726163e-02 5.847069953623604377e+00 1.017530614118514060e-01
9.298995116333726163e-02 5.880954503810162493e+00 6.901217547689440790e-02
9.298995116333726163e-02 5.914839053996722384e+00 4.541687443232936272e-02
9.298995116333726163e-02 5.948723604183280500e+00 2.901445946824152133e-02
9.298995116333726163e-02 5.982608154369840392e+00 1.800140675331857870e-02
9.298995116333726163e-02 6.016492704556398508e+00 1.085122572821659200e-02
9.298995116333726163e-02 6.050377254742957511e+00 6.357904030228129187e-03
9.298995116333726163e-02 6.084261804929516515e+00 3.622356746538481827e-03
9.298995116333726163e-02 6.118146355116075519e+00 2.007644124735527731e-03
9.298995116333726163e-02 6.152030905302634523e+00 1.082863416334759734e-03
9.298995116333726163e-02 6.185915455489193526e+00 5.686202375797281758e-04
9.298995116333726163e-02 6.219800005675752530e+00 2.908037555011506949e-04
9.298995116333726163e-02 6.253684555862310646e+00 1.449009972039539318e-04
9.298995116333726163e-02 6.287569106048870538e+00 7.037173837217945986e-05
9.298995116333726163e-02 6.321453656235428653e+00 3.332268185378022874e-05
9.298995116333726163e-02 6.355338206421988545e+00 1.539050973789169734e-05
9.298995116333726163e-02 6.389222756608546661e+00 6.935719922817497324e-06
9.298995116333726163e-02 6.423107306795105664e+00 3.050754071288342742e-06
9.298995116333726163e-02 6.456991856981664668e+00 1.310234915923241232e-06
9.298995116333726163e-02 6.490876407168223672e+00 5.496222451266605541e-07
9.298995116333726163e-02 6.524760957354782676e+00 2.252667741499935494e-07
9.298995116333726163e-02 6.558645507541341679e+00 9.023810549176431453e-08
9.298995116333726163e-02 6.592530057727900683e+00 3.534132845088314593e-08
9.298995116333726163e-02 6.626414607914458799e+00 1.353673009184829624e-08
9.298995116333726163e-02 6.660299158101018691e+00 5.072458285850064345e-09
9.298995116333726163e-02 6.694183708287576806e+00 1.860076339402637958e-09
9.298995116333726163e-02 6.728068258474136698e+00 6.677015099463833785e-10
9.298995116333726163e-02 6.761952808660694814e+00 2.346945553647837214e-10
9.419761286675723544e-02 3.407382340191361880e+00 8.686829260318753457e-44
9.419761286675723544e-02 3.441266890377920884e+00 4.685016004321398565e-42
9.419761286675723544e-02 3.475151440564479888e+00 2.245823539568140550e-40
9.419761286675723544e-02 3.509035990751038447e+00 9.598295638280025760e-39
9.419761286675723544e-02 3.542920540937597451e+00 3.668204266882367459e-37
9.419761286675723544e-02 3.576805091124156455e+00 1.257161786152457708e-35
9.419761286675723544e-02 3.610689641310715459e+00 3.874336946351730702e-34
9.419761286675723544e-02 3.644574191497274462e+00 1.076509098138199210e-32
9.419761286675723544e-02 3.678458741683833466e+00 2.703678982850791138e-31
9.419761286675723544e-02 3.712343291870392026e+00 6.152791401799765611e-30
9.419761286675723544e-02 3.746227842056951030e+00 1.271724213003956125e-28
9.419761286675723544e-02 3.780112392243510033e+00 2.392790883999963891e-27
9.419761286675723544e-02 3.813996942430069037e+00 4.107334365003108563e-26
9.419761286675723544e-02 3.847881492616627597e+00 6.445818153863846036e-25
9.419761286675723544e-02 3.881766042803186600e+00 9.267149140872747751e-24
9.419761286675723544e-02 3.915650592989745604e+00 1.222986134841587378e-22
9.419761286675723544e-02 3.949535143176304608e+00 1.484336850230820782e-21
9.419761286675723544e-02 3.983419693362863612e+00 1.659891329594766583e-20
9.419761286675723544e-02 4.017304243549422615e+00 1.713315901420745591e-19
9.419761286675723544e-02 4.051188793735981619e+00 1.635140265650664539e-18
9.419761286675723544e-02 4.085073343922540623e+00 1.445298221040981663e-17
9.419761286675723544e-02 4.118957894109099627e+00 1.185077904055437825e-16
9.419761286675723544e-02 4.152842444295657742e+00 9.028245857959804816e-16
9.419761286675723544e-02 4.186726994482216746e+00 6.400087070204404083e-15
9.419761286675723544e-02 4.220611544668775750e+00 4.227982806355063781e-14
9.419761286675723544e-02 4.254496094855334754e+00 2.606542583076273120e-13
9.419761286675723544e-02 4.288380645041893757e+00 1.501694672009536410e-12
9.419761286675723544e-02 4.322265195228452761e+00 8.095931234011880053e-12
9.419761286675723544e-02 4.356149745415011765e+00 4.089652847771718729e-11
9.419761286675723544e-02 4.390034295601570768e+00 1.938162982298000069e-10
9.419761286675723544e-02 4.423918845788129772e+00 8.628045325485723928e-10
9.419761286675723544e-02 4.457803395974687888e+00 3.612200075906649942e-09
9.419761286675723544e-02 4.491687946161247780e+00 1.423878514809572880e-08
9.419761286675723544e-02 4.525572496347805895e+00 5.290618257345521104e-08
9.419761286675723544e-02 4.559457046534364899e+00 1.855023774067497014e-07
9.419761286675723544e-02 4.593341596720923903e+00 6.144215639365690652e-07
9.419761286675723544e-02 4.627226146907482907e+00 1.924461877854534742e-06
9.419761286675723544e-02 4.661110697094041910e+00 5.705820940887630188e-06
9.419761286675723544e-02 4.694995247280600914e+00 1.602955749089763509e-05
9.419761286675723544e-02 4.728879797467159918e+00 4.271073673481487416e-05
9.419761286675723544e-02 4.762764347653718922e+00 1.080367862312936597e-04
9.419761286675723544e-02 4.796648897840277925e+00 2.596701303569351384e-04
9.419761286675723544e-02 4.830533448026836041e+00 5.935740148028624194e-04
9.419761286675723544e-02 4.864417998213395933e+00 1.291539167775502010e-03
9.419761286675723544e-02 4.898302548399954048e+00 2.677245382897420773e-03
9.419761286675723544e-02 4.932187098586513052e+00 5.291464422045833241e-03
9.419761286675723544e-02 4.966071648773072056e+00 9.979788430565980292e-03
9.419761286675723544e-02 4.999956198959631060e+00 1.797491803229676541e-02
9.419761286675723544e-02 5.033840749146190063e+00 3.094190330790335189e-02
9.419761286675723544e-02 5.067725299332749067e+00 5.094344694077677926e-02
9.419761286675723544e-02 5.101609849519308071e+00 8.028049481953168642e-02
9.419761286675723544e-02 5.135494399705867075e+00 1.211781084787202506e-01
9.419761286675723544e-02 5.169378949892426078e+00 1.753217270967790953e-01
9.419761286675723544e-02 5.203263500078984194e+00 2.433005180033383508e-01
9.419761286675723544e-02 5.237148050265544086e+00 3.240692304233286358e-01
9.419761286675723544e-02 5.271032600452102201e+00 4.145772431810016423e-01
9.419761286675723544e-02 5.304917150638661205e+00 5.097125445406855970e-01
9.419761286675723544e-02 5.338801700825220209e+00 6.026577699330358806e-01
9.419761286675723544e-02 5.372686251011779213e+00 6.856609264273395565e-01
9.419761286675723544e-02 5.406570801198338216e+00 7.511095839508796779e-01
9.419761286675723544e-02 5.440455351384897220e+00 7.927004894071535412e-01
9.419761286675723544e-02 5.474339901571456224e+00 8.064515713968357646e-01
9.419761286675723544e-02 5.508224451758014339e+00 7.913291159433106792e-01
9.419761286675723544e-02 5.542109001944574231e+00 7.493541199181807944e-01
9.419761286675723544e-02 5.575993552131132347e+00 6.851801696048407386e-01
9.419761286675723544e-02 5.609878102317692239e+00 6.052602997156093512e-01
9.419761286675723544e-02 5.643762652504250354e+00 5.168050927600645883e-01
9.419761286675723544e-02 5.677647202690809358e+00 4.267579958210065971e-01
9.419761286675723544e-02 5.711531752877368362e+00 3.409774596386013767e-01
9.419761286675723544e-02 5.745416303063927366e+00 2.637384770053179950e-01
9.419761286675723544e-02 5.779300853250486369e+00 1.975767377771305566e-01
9.419761286675723544e-02 5.813185403437045373e+00 1.434231914108692607e-01
9.419761286675723544e-02 5.847069953623604377e+00 1.009316016421931972e-01
9.419761286675723544e-02 5.880954503810162493e+00 6.889035336649536323e-02
9.419761286675723544e-02 5.914839053996722384e+00 4.562561949312653187e-02
9.419761286675723544e-02 5.948723604183280500e+00 2.933393951502068567e-02
9.419761286675723544e-02 5.982608154369840392e+00 1.831605724443133645e-02
9.419761286675723544e-02 6.016492704556398508e+00 1.111166075289314950e-02
9.419761286675723544e-02 6.050377254742957511e+00 6.552295793757932293e-03
9.419761286675723544e-02 6.084261804929516515e+00 3.757115585410997129e-03
9.419761286675723544e-02 6.118146355116075519e+00 2.095743268419876341e-03
9.419761286675723544e-02 6.152030905302634523e+00 1.137671785962384840e-03
9.419761286675723544e-02 6.185915455489193526e+00 6.012585642473464598e-04
9.419761286675723544e-02 6.219800005675752530e+00 3.094839166986812018e-04
9.419761286675723544e-02 6.253684555862310646e+00 1.552071671483454913e-04
9.419761286675723544e-02 6.287569106048870538e+00 7.586543969233541741e-05
9.419761286675723544e-02 6.321453656235428653e+00 3.615710864611619178e-05
9.419761286675723544e-02 6.355338206421988545e+00 1.680804945984709542e-05
9.419761286675723544e-02 6.389222756608546661e+00 7.623751309400837214e-06
9.419761286675723544e-02 6.423107306795105664e+00 3.375198415960952277e-06
9.419761286675723544e-02 6.456991856981664668e+00 1.459009339799579009e-06
9.419761286675723544e-02 6.490876407168223672e+00 6.160155098342871603e-07
9.419761286675723544e-02 6.524760957354782676e+00 2.541232292726599210e-07
9.419761286675723544e-02 6.558645507541341679e+00 1.024609337807669809e-07
9.419761286675723544e-02 6.592530057727900683e+00 4.038995408589382427e-08
9.419761286675723544e-02 6.626414607914458799e+00 1.557138503906962423e-08
9.419761286675723544e-02 6.660299158101018691e+00 5.872940295242938767e-09
9.419761286675723544e-02 6.694183708287576806e+00 2.167663922675210076e-09
9.419761286675723544e-02 6.728068258474136698e+00 7.831913532088745926e-10
9.419761286675723544e-02 6.761952808660694814e+00 2.770849683588815755e-10
9.540527457017719537e-02 3.407382340191361880e+00 6.035725438285445811e-44
9.540527457017719537e-02 3.441266890377920884e+00 3.262588542297322471e-42
9.540527457017719537e-02 3.475151440564479888e+00 1.567716372342284262e-40
9.540527457017719537e-02 3.509035990751038447e+00 6.717110176833995313e-39
9.540527457017719537e-02 3.542920540937597451e+00 2.573904995002864845e-37
9.540527457017719537e-02 3.576805091124156455e+00 8.845723778858037650e-36
9.540527457017719537e-02 3.610689641310715459e+00 2.733970258766753019e-34
9.540527457017719537e-02 3.644574191497274462e+00 7.619347720455584823e-33
9.540527457017719537e-02 3.678458741683833466e+00 1.919583279958713075e-31
9.540527457017719537e-02 3.712343291870392026e+00 4.382505109773740810e-30
9.540527457017719537e-02 3.746227842056951030e+00 9.088388976388548820e-29
9.540527457017719537e-02 3.780112392243510033e+00 1.715878226067541804e-27
9.540527457017719537e-02 3.813996942430069037e+00 2.955781338134096142e-26
9.540527457017719537e-02 3.847881492616627597e+00 4.655457707786708361e-25
9.540527457017719537e-02 3.881766042803186600e+00 6.718046092278905967e-24
9.540527457017719537e-02 3.915650592989745604e+00 8.899592439365215338e-23
9.540527457017719537e-02 3.949535143176304608e+00 1.084353752248421106e-21
9.540527457017719537e-02 3.983419693362863612e+00 1.217433423435020101e-20
9.540527457017719537e-02 4.017304243549422615e+00 1.261729175839674925e-19
9.540527457017719537e-02 4.051188793735981619e+00 1.209154907894567370e-18
9.540527457017719537e-02 4.085073343922540623e+00 1.073289193843462963e-17
9.540527457017719537e-02 4.118957894109099627e+00 8.838361108692087707e-17
9.540527457017719537e-02 4.152842444295657742e+00 6.762792384251918030e-16
9.540527457017719537e-02 4.186726994482216746e+00 4.815460213695913841e-15
9.540527457017719537e-02 4.220611544668775750e+00 3.195544817848003479e-14
9.540527457017719537e-02 4.254496094855334754e+00 1.979092168242847247e-13
9.540527457017719537e-02 4.288380645041893757e+00 1.145516191729593354e-12
9.540527457017719537e-02 4.322265195228452761e+00 6.204873222912187893e-12
9.540527457017719537e-02 4.356149745415011765e+00 3.149389688847619464e-11
9.540527457017719537e-02 4.390034295601570768e+00 1.499790870294984545e-10
9.540527457017719537e-02 4.423918845788129772e+00 6.709330017294892871e-10
9.540527457017719537e-02 4.457803395974687888e+00 2.822864435123591038e-09
9.540527457017719537e-02 4.491687946161247780e+00 1.118322652479325095e-08
9.540527457017719537e-02 4.525572496347805895e+00 4.176383490864429343e-08
9.540527457017719537e-02 4.559457046534364899e+00 1.471859396970111525e-07
9.540527457017719537e-02 4.593341596720923903e+00 4.900368016425393435e-07
9.540527457017719537e-02 4.627226146907482907e+00 1.542903762037344803e-06
9.540527457017719537e-02 4.661110697094041910e+00 4.598711956280899285e-06
9.540527457017719537e-02 4.694995247280600914e+00 1.298819548890660239e-05
9.540527457017719537e-02 4.728879797467159918e+00 3.479314183039254062e-05
9.540527457017719537e-02 4.762764347653718922e+00 8.848650904552351321e-05
9.540527457017719537e-02 4.796648897840277925e+00 2.138430718876569792e-04
9.540527457017719537e-02 4.830533448026836041e+00 4.915121664192815057e-04
9.540527457017719537e-02 4.864417998213395933e+00 1.075402559290354739e-03
9.540527457017719537e-02 4.898302548399954048e+00 2.241677456482728866e-03
9.540527457017719537e-02 4.932187098586513052e+00 4.455527714516150165e-03
9.540527457017719537e-02 4.966071648773072056e+00 8.450828542777536964e-03
9.540527457017719537e-02 4.999956198959631060e+00 1.530789375454259978e-02
9.540527457017719537e-02 5.033840749146190063e+00 2.650217463252079256e-02
9.540527457017719537e-02 5.067725299332749067e+00 4.388576921222683835e-02
9.540527457017719537e-02 5.101609849519308071e+00 6.956019785819467227e-02
9.540527457017719537e-02 5.135494399705867075e+00 1.056098312716654275e-01
9.540527457017719537e-02 5.169378949892426078e+00 1.536947119332771616e-01
9.540527457017719537e-02 5.203263500078984194e+00 2.145469716196528598e-01
9.540527457017719537e-02 5.237148050265544086e+00 2.874657229824454929e-01
9.540527457017719537e-02 5.271032600452102201e+00 3.699431377186382375e-01
9.540527457017719537e-02 5.304917150638661205e+00 4.575599607256529144e-01
9.540527457017719537e-02 5.338801700825220209e+00 5.442496522915130086e-01
9.540527457017719537e-02 5.372686251011779213e+00 6.229492309577053799e-01
9.540527457017719537e-02 5.406570801198338216e+00 6.865515837180000691e-01
9.540527457017719537e-02 5.440455351384897220e+00 7.289806557344601368e-01
9.540527457017719537e-02 5.474339901571456224e+00 7.461604110221640163e-01
9.540527457017719537e-02 5.508224451758014339e+00 7.366611294811789001e-01
9.540527457017719537e-02 5.542109001944574231e+00 7.018813796209508737e-01
9.540527457017719537e-02 5.575993552131132347e+00 6.457380642804367854e-01
9.540527457017719537e-02 5.609878102317692239e+00 5.739544146143944481e-01
9.540527457017719537e-02 5.643762652504250354e+00 4.931214601077152926e-01
9.540527457017719537e-02 5.677647202690809358e+00 4.097402813491801132e-01
9.540527457017719537e-02 5.711531752877368362e+00 3.294277582405178983e-01
9.540527457017719537e-02 5.745416303063927366e+00 2.564028655875863483e-01
9.540527457017719537e-02 5.779300853250486369e+00 1.932889727021148141e-01
9.540527457017719537e-02 5.813185403437045373e+00 1.411949810336774191e-01
9.540527457017719537e-02 5.847069953623604377e+00 9.999126846454868545e-02
9.540527457017719537e-02 5.880954503810162493e+00 6.868066540998984948e-02
9.540527457017719537e-02 5.914839053996722384e+00 4.577537085312352594e-02
9.540527457017719537e-02 5.948723604183280500e+00 2.961734128412351480e-02
9.540527457017719537e-02 5.982608154369840392e+00 1.861082128070415398e-02
9.540527457017719537e-02 6.016492704556398508e+00 1.136253948986279232e-02
9.540527457017719537e-02 6.050377254742957511e+00 6.743068358208993349e-03
9.540527457017719537e-02 6.084261804929516515e+00 3.891264458694859620e-03
9.540527457017719537e-02 6.118146355116075519e+00 2.184492840790886684e-03
9.540527457017719537e-02 6.152030905302634523e+00 1.193465492336792536e-03
9.540527457017719537e-02 6.185915455489193526e+00 6.348018983110475600e-04
9.540527457017719537e-02 6.219800005675752530e+00 3.288535805372781794e-04
9.540527457017719537e-02 6.253684555862310646e+00 1.659843179947816181e-04
9.540527457017719537e-02 6.287569106048870538e+00 8.165693465493917031e-05
9.540527457017719537e-02 6.321453656235428653e+00 3.916871968188974758e-05
9.540527457017719537e-02 6.355338206421988545e+00 1.832576616981171203e-05
9.540527457017719537e-02 6.389222756608546661e+00 8.365945229975705171e-06
9.540527457017719537e-02 6.423107306795105664e+00 3.727770687912062828e-06
9.540527457017719537e-02 6.456991856981664668e+00 1.621860264643948695e-06
9.540527457017719537e-02 6.490876407168223672e+00 6.892141342560646539e-07
9.540527457017719537e-02 6.524760957354782676e+00 2.861643563708297422e-07
9.540527457017719537e-02 6.558645507541341679e+00 1.161286563941109076e-07
9.540527457017719537e-02 6.592530057727900683e+00 4.607501058927451219e-08
9.540527457017719537e-02 6.626414607914458799e+00 1.787850488513413849e-08
9.540527457017719537e-02 6.660299158101018691e+00 6.786910041297749868e-09
9.540527457017719537e-02 6.694183708287576806e+00 2.521282466839788570e-09
9.540527457017719537e-02 6.728068258474136698e+00 9.168763969881313014e-10
9.540527457017719537e-02 6.761952808660694814e+00 3.264896017815236007e-10
9.661293627359715530e-02 3.407382340191361880e+00 4.196011183864106902e-44
9.661293627359715530e-02 3.441266890377920884e+00 2.273241045275145507e-42
9.661293627359715530e-02 3.475151440564479888e+00 1.094924190627011445e-40
9.661293627359715530e-02 3.509035990751038447e+00 4.703141195592716335e-39
9.661293627359715530e-02 3.542920540937597451e+00 1.806928582309025417e-37
9.661293627359715530e-02 3.576805091124156455e+00 6.226974856393205019e-36
9.661293627359715530e-02 3.610689641310715459e+00 1.930116726187717567e-34
9.661293627359715530e-02 3.644574191497274462e+00 5.395142619582284849e-33
9.661293627359715530e-02 3.678458741683833466e+00 1.363437719068123685e-31
9.661293627359715530e-02 3.712343291870392026e+00 3.122773365142224232e-30
9.661293627359715530e-02 3.746227842056951030e+00 6.497402574958893436e-29
9.661293627359715530e-02 3.780112392243510033e+00 1.230886547445840877e-27
9.661293627359715530e-02 3.813996942430069037e+00 2.127772397921854429e-26
9.661293627359715530e-02 3.847881492616627597e+00 3.363395756472315476e-25
9.661293627359715530e-02 3.881766042803186600e+00 4.871486845447701336e-24
9.661293627359715530e-02 3.915650592989745604e+00 6.477848231120095137e-23
9.661293627359715530e-02 3.949535143176304608e+00 7.923403469051728481e-22
9.661293627359715530e-02 3.983419693362863612e+00 8.931062431271325530e-21
9.661293627359715530e-02 4.017304243549422615e+00 9.293453603281497508e-20
9.661293627359715530e-02 4.051188793735981619e+00 8.942953921228644659e-19
9.661293627359715530e-02 4.085073343922540623e+00 7.971460230403145958e-18
9.661293627359715530e-02 4.118957894109099627e+00 6.592468005060237249e-17
9.661293627359715530e-02 4.152842444295657742e+00 5.066285827072799767e-16
9.661293627359715530e-02 4.186726994482216746e+00 3.623431702738154623e-15
9.661293627359715530e-02 4.220611544668775750e+00 2.415328983126081676e-14
9.661293627359715530e-02 4.254496094855334754e+00 1.502713269205890401e-13
9.661293627359715530e-02 4.288380645041893757e+00 8.738137432066691913e-13
9.661293627359715530e-02 4.322265195228452761e+00 4.755389787969707598e-12
9.661293627359715530e-02 4.356149745415011765e+00 2.425171457308711139e-11
9.661293627359715530e-02 4.390034295601570768e+00 1.160475877080234219e-10
9.661293627359715530e-02 4.423918845788129772e+00 5.216746495569398875e-10
9.661293627359715530e-02 4.457803395974687888e+00 2.205722458009555197e-09
9.661293627359715530e-02 4.491687946161247780e+00 8.781983957772084317e-09
9.661293627359715530e-02 4.525572496347805895e+00 3.296205674151870709e-08
9.661293627359715530e-02 4.559457046534364899e+00 1.167593742889707695e-07
9.661293627359715530e-02 4.593341596720923903e+00 3.907401886436043371e-07
9.661293627359715530e-02 4.627226146907482907e+00 1.236670501606256195e-06
9.661293627359715530e-02 4.661110697094041910e+00 3.705342606895665438e-06
9.661293627359715530e-02 4.694995247280600914e+00 1.052055387221712427e-05
9.661293627359715530e-02 4.728879797467159918e+00 2.833355761807193032e-05
9.661293627359715530e-02 4.762764347653718922e+00 7.244721224936626861e-05
9.661293627359715530e-02 4.796648897840277925e+00 1.760337277057658718e-04
9.661293627359715530e-02 4.830533448026836041e+00 4.068266985244696010e-04
9.661293627359715530e-02 4.864417998213395933e+00 8.950320187774963004e-04
9.661293627359715530e-02 4.898302548399954048e+00 1.876075473338222402e-03
9.661293627359715530e-02 4.932187098586513052e+00 3.749754569987931527e-03
9.661293627359715530e-02 4.966071648773072056e+00 7.152301912967970986e-03
9.661293627359715530e-02 4.999956198959631060e+00 1.302928848380481217e-02
9.661293627359715530e-02 5.033840749146190063e+00 2.268615362325503149e-02
9.661293627359715530e-02 5.067725299332749067e+00 3.778262160719549068e-02
9.661293627359715530e-02 5.101609849519308071e+00 6.023274626205212673e-02
9.661293627359715530e-02 5.135494399705867075e+00 9.198006412434397983e-02
9.661293627359715530e-02 5.169378949892426078e+00 1.346416335811993215e-01
9.661293627359715530e-02 5.203263500078984194e+00 1.890545268967778747e-01
9.661293627359715530e-02 5.237148050265544086e+00 2.548048816329402944e-01
9.661293627359715530e-02 5.271032600452102201e+00 3.298571982488349152e-01
9.661293627359715530e-02 5.304917150638661205e+00 4.104121832403351267e-01
9.661293627359715530e-02 5.338801700825220209e+00 4.910923443259410659e-01
9.661293627359715530e-02 5.372686251011779213e+00 5.654856354678873265e-01
9.661293627359715530e-02 5.406570801198338216e+00 6.269844702508133860e-01
9.661293627359715530e-02 5.440455351384897220e+00 6.697684685199201127e-01
9.661293627359715530e-02 5.474339901571456224e+00 6.897250695108996243e-01
9.661293627359715530e-02 5.508224451758014339e+00 6.851037614824028177e-01
9.661293627359715530e-02 5.542109001944574231e+00 6.567596012756714563e-01
9.661293627359715530e-02 5.575993552131132347e+00 6.079420564024995421e-01
9.661293627359715530e-02 5.609878102317692239e+00 5.436944929509709423e-01
9.661293627359715530e-02 5.643762652504250354e+00 4.700147414994905737e-01
9.661293627359715530e-02 5.677647202690809358e+00 3.929653569985819828e-01
9.661293627359715530e-02 5.711531752877368362e+00 3.179080234346428613e-01
9.661293627359715530e-02 5.745416303063927366e+00 2.489815801407909146e-01
9.661293627359715530e-02 5.779300853250486369e+00 1.888693620277872021e-01
9.661293627359715530e-02 5.813185403437045373e+00 1.388323033988657362e-01
9.661293627359715530e-02 5.847069953623604377e+00 9.893651958217175579e-02
9.661293627359715530e-02 5.880954503810162493e+00 6.838462686783976230e-02
9.661293627359715530e-02 5.914839053996722384e+00 4.586603154794612058e-02
9.661293627359715530e-02 5.948723604183280500e+00 2.986388190997898290e-02
9.661293627359715530e-02 5.982608154369840392e+00 1.888478035475637043e-02
9.661293627359715530e-02 6.016492704556398508e+00 1.160307388444818330e-02
9.661293627359715530e-02 6.050377254742957511e+00 6.929649115988164784e-03
9.661293627359715530e-02 6.084261804929516515e+00 4.024435544489677989e-03
9.661293627359715530e-02 6.118146355116075519e+00 2.273681672125035802e-03
9.661293627359715530e-02 6.152030905302634523e+00 1.250137309173914675e-03
9.661293627359715530e-02 6.185915455489193526e+00 6.692041763654538828e-04
9.661293627359715530e-02 6.219800005675752530e+00 3.488984936736796733e-04
9.661293627359715530e-02 6.253684555862310646e+00 1.772323317174458429e-04
9.661293627359715530e-02 6.287569106048870538e+00 8.775086049901810144e-05
9.661293627359715530e-02 6.321453656235428653e+00 4.236263053670866647e-05
9.661293627359715530e-02 6.355338206421988545e+00 1.994773116952530307e-05
9.661293627359715530e-02 6.389222756608546661e+00 9.165086560131573105e-06
9.661293627359715530e-02 6.423107306795105664e+00 4.110201178149551168e-06
9.661293627359715530e-02 6.456991856981664668e+00 1.799789004260515185e-06
9.661293627359715530e-02 6.490876407168223672e+00 7.697652984835878717e-07
9.661293627359715530e-02 6.524760957354782676e+00 3.216749200620060951e-07
9.661293627359715530e-02 6.558645507541341679e+00 1.313832155540953557e-07
9.661293627359715530e-02 6.592530057727900683e+00 5.246453947117883451e-08
9.661293627359715530e-02 6.626414607914458799e+00 2.048955242326377290e-08
9.661293627359715530e-02 6.660299158101018691e+00 7.828434898966960949e-09
9.661293627359715530e-02 6.694183708287576806e+00 2.927025242784029655e-09
9.661293627359715530e-02 6.728068258474136698e+00 1.071317548310637892e-09
9.661293627359715530e-02 6.761952808660694814e+00 3.839541874348448378e-10
9.782059797701712911e-02 3.407382340191361880e+00 2.918621767290763666e-44
9.782059797701712911e-02 3.441266890377920884e+00 1.584731922550501828e-42
9.782059797701712911e-02 3.475151440564479888e+00 7.651042508378485256e-41
9.782059797701712911e-02 3.509035990751038447e+00 3.294626647431240481e-39
9.782059797701712911e-02 3.542920540937597451e+00 1.269096129418940796e-37
9.782059797701712911e-02 3.576805091124156455e+00 4.385489790388731188e-36
9.782059797701712911e-02 3.610689641310715459e+00 1.363209508638128407e-34
9.782059797701712911e-02 3.644574191497274462e+00 3.821810078658591945e-33
9.782059797701712911e-02 3.678458741683833466e+00 9.688048133312234806e-32
9.782059797701712911e-02 3.712343291870392026e+00 2.225986666597543335e-30
9.782059797701712911e-02 3.746227842056951030e+00 4.646735446683285859e-29
9.782059797701712911e-02 3.780112392243510033e+00 8.832750549587973377e-28
9.782059797701712911e-02 3.813996942430069037e+00 1.532199560263574016e-26
9.782059797701712911e-02 3.847881492616627597e+00 2.430645454521049377e-25
9.782059797701712911e-02 3.881766042803186600e+00 3.533448462926098709e-24
9.782059797701712911e-02 3.915650592989745604e+00 4.716290691220257642e-23
9.782059797701712911e-02 3.949535143176304608e+00 5.790979677777865438e-22
9.782059797701712911e-02 3.983419693362863612e+00 6.553159283245758197e-21
9.782059797701712911e-02 4.017304243549422615e+00 6.846488841396910719e-20
9.782059797701712911e-02 4.051188793735981619e+00 6.615303757088924475e-19
9.782059797701712911e-02 4.085073343922540623e+00 5.921321099597658227e-18
9.782059797701712911e-02 4.118957894109099627e+00 4.917831766728091897e-17
9.782059797701712911e-02 4.152842444295657742e+00 3.795703777415267305e-16
9.782059797701712911e-02 4.186726994482216746e+00 2.726659429996578829e-15
9.782059797701712911e-02 4.220611544668775750e+00 1.825684208009369763e-14
9.782059797701712911e-02 4.254496094855334754e+00 1.141020822699601468e-13
9.782059797701712911e-02 4.288380645041893757e+00 6.665506145609603531e-13
9.782059797701712911e-02 4.322265195228452761e+00 3.644392528732185435e-12
9.782059797701712911e-02 4.356149745415011765e+00 1.867383132028130232e-11
9.782059797701712911e-02 4.390034295601570768e+00 8.978535616330644458e-11
9.782059797701712911e-02 4.423918845788129772e+00 4.055769526956988147e-10
9.782059797701712911e-02 4.457803395974687888e+00 1.723270976895605024e-09
9.782059797701712911e-02 4.491687946161247780e+00 6.895231788783457504e-09
9.782059797701712911e-02 4.525572496347805895e+00 2.601044224571186476e-08
9.782059797701712911e-02 4.559457046534364899e+00 9.260307908714390848e-08
9.782059797701712911e-02 4.593341596720923903e+00 3.114901960869500115e-07
9.782059797701712911e-02 4.627226146907482907e+00 9.909567768814331048e-07
9.782059797701712911e-02 4.661110697094041910e+00 2.984658622125012769e-06
9.782059797701712911e-02 4.694995247280600914e+00 8.519048035442511988e-06
9.782059797701712911e-02 4.728879797467159918e+00 2.306533395157124756e-05
9.782059797701712911e-02 4.762764347653718922e+00 5.929334298912479619e-05
9.782059797701712911e-02 4.796648897840277925e+00 1.448520540966100056e-04
9.782059797701712911e-02 4.830533448026836041e+00 3.365899070634882162e-04
9.782059797701712911e-02 4.864417998213395933e+00 7.445792264022643280e-04
9.782059797701712911e-02 4.898302548399954048e+00 1.569353084325438670e-03
9.782059797701712911e-02 4.932187098586513052e+00 3.154191311335796319e-03
9.782059797701712911e-02 4.966071648773072056e+00 6.050094734166844290e-03
9.782059797701712911e-02 4.999956198959631060e+00 1.108368112586578802e-02
9.782059797701712911e-02 5.033840749146190063e+00 1.940825743136727691e-02
9.782059797701712911e-02 5.067725299332749067e+00 3.250835705498868189e-02
9.782059797701712911e-02 5.101609849519308071e+00 5.212274822126850699e-02
9.782059797701712911e-02 5.135494399705867075e+00 8.005603328936300445e-02
9.782059797701712911e-02 5.169378949892426078e+00 1.178688441429113359e-01
9.782059797701712911e-02 5.203263500078984194e+00 1.664712254781131606e-01
9.782059797701712911e-02 5.237148050265544086e+00 2.256862062456076179e-01
9.782059797701712911e-02 5.271032600452102201e+00 2.938872461439332451e-01
9.782059797701712911e-02 5.304917150638661205e+00 3.678277107458819417e-01
9.782059797701712911e-02 5.338801700825220209e+00 4.427599424159939789e-01
9.782059797701712911e-02 5.372686251011779213e+00 5.128836351678210947e-01
9.782059797701712911e-02 5.406570801198338216e+00 5.720802110714521271e-01
9.782059797701712911e-02 5.440455351384897220e+00 6.148060270556801044e-01
9.782059797701712911e-02 5.474339901571456224e+00 6.369608571329522517e-01
9.782059797701712911e-02 5.508224451758014339e+00 6.365405588819719185e-01
9.782059797701712911e-02 5.542109001944574231e+00 6.139294799094883182e-01
9.782059797701712911e-02 5.575993552131132347e+00 5.717755279306597771e-01
9.782059797701712911e-02 5.609878102317692239e+00 5.144915906687043128e-01
9.782059797701712911e-02 5.643762652504250354e+00 4.475103873459719828e-01
9.782059797701712911e-02 5.677647202690809358e+00 3.764629148106974355e-01
9.782059797701712911e-02 5.711531752877368362e+00 3.064456064571558502e-01
9.782059797701712911e-02 5.745416303063927366e+00 2.414962959959928990e-01
9.782059797701712911e-02 5.779300853250486369e+00 1.843330362331416505e-01
9.782059797701712911e-02 5.813185403437045373e+00 1.363444181556540402e-01
9.782059797701712911e-02 5.847069953623604377e+00 9.777213526007984268e-02
9.782059797701712911e-02 5.880954503810162493e+00 6.800404840247838145e-02
9.782059797701712911e-02 5.914839053996722384e+00 4.589772495336606750e-02
9.782059797701712911e-02 5.948723604183280500e+00 3.007291824885451048e-02
9.782059797701712911e-02 5.982608154369840392e+00 1.913709051603314920e-02
9.782059797701712911e-02 6.016492704556398508e+00 1.183250668682366696e-02
9.782059797701712911e-02 6.050377254742957511e+00 7.111471557666913801e-03
9.782059797701712911e-02 6.084261804929516515e+00 4.156255955327866486e-03
9.782059797701712911e-02 6.118146355116075519e+00 2.363090392151435872e-03
9.782059797701712911e-02 6.152030905302634523e+00 1.307572542263845273e-03
9.782059797701712911e-02 6.185915455489193526e+00 7.044138916062353279e-04
9.782059797701712911e-02 6.219800005675752530e+00 3.696009736442591146e-04
9.782059797701712911e-02 6.253684555862310646e+00 1.889491826487104428e-04
9.782059797701712911e-02 6.287569106048870538e+00 9.415092307934032562e-05
9.782059797701712911e-02 6.321453656235428653e+00 4.574357455449882539e-05
9.782059797701712911e-02 6.355338206421988545e+00 2.167790399838933859e-05
9.782059797701712911e-02 6.389222756608546661e+00 1.002396075475800959e-05
9.782059797701712911e-02 6.423107306795105664e+00 4.524254787158122871e-06
9.782059797701712911e-02 6.456991856981664668e+00 1.993832762933378554e-06
9.782059797701712911e-02 6.490876407168223672e+00 8.582432210435716646e-07
9.782059797701712911e-02 6.524760957354782676e+00 3.609572152242395120e-07
9.782059797701712911e-02 6.558645507541341679e+00 1.483768806825781064e-07
9.782059797701712911e-02 6.592530057727900683e+00 5.963224932461880344e-08
9.782059797701712911e-02 6.626414607914458799e+00 2.343892724151036392e-08
9.782059797701712911e-02 6.660299158101018691e+00 9.013031752203245593e-09
9.782059797701712911e-02 6.694183708287576806e+00 3.391670842075070406e-09
9.782059797701712911e-02 6.728068258474136698e+00 1.249387373074680002e-09
9.782059797701712911e-02 6.761952808660694814e+00 4.506612053808646263e-10
9.902825968043708904e-02 3.407382340191361880e+00 2.031178858068772207e-44
9.902825968043708904e-02 3.441266890377920884e+00 1.105321300880299738e-42
9.902825968043708904e-02 3.475151440564479888e+00 5.348999979550694697e-41
9.902825968043708904e-02 3.509035990751038447e+00 2.309045982520690932e-39
9.902825968043708904e-02 3.542920540937597451e+00 8.917616262405980402e-38
9.902825968043708904e-02 3.576805091124156455e+00 3.089954990621043071e-36
9.902825968043708904e-02 3.610689641310715459e+00 9.632229416657900433e-35
9.902825968043708904e-02 3.644574191497274462e+00 2.708397322182637707e-33
9.902825968043708904e-02 3.678458741683833466e+00 6.886619815461647551e-32
9.902825968043708904e-02 3.712343291870392026e+00 1.587322013654307132e-30
9.902825968043708904e-02 3.746227842056951030e+00 3.324358747730507378e-29
9.902825968043708904e-02 3.780112392243510033e+00 6.340403272392117275e-28
9.902825968043708904e-02 3.813996942430069037e+00 1.103670720311350430e-26
9.902825968043708904e-02 3.847881492616627597e+00 1.757074513925214768e-25
9.902825968043708904e-02 3.881766042803186600e+00 2.563608233391423588e-24
9.902825968043708904e-02 3.915650592989745604e+00 3.434603737725654321e-23
9.902825968043708904e-02 3.949535143176304608e+00 4.233397597894892388e-22
9.902825968043708904e-02 3.983419693362863612e+00 4.809339263205884611e-21
9.902825968043708904e-02 4.017304243549422615e+00 5.044707432390253458e-20
9.902825968043708904e-02 4.051188793735981619e+00 4.894248302478469498e-19
9.902825968043708904e-02 4.085073343922540623e+00 4.399028130716714544e-18
9.902825968043708904e-02 4.118957894109099627e+00 3.668990456872273256e-17
9.902825968043708904e-02 4.152842444295657742e+00 2.844015695682407084e-16
9.902825968043708904e-02 4.186726994482216746e+00 2.051957883209814187e-15
9.902825968043708904e-02 4.220611544668775750e+00 1.380038930341304884e-14
9.902825968043708904e-02 4.254496094855334754e+00 8.663967701653704764e-14
9.902825968043708904e-02 4.288380645041893757e+00 5.084433940033911525e-13
9.902825968043708904e-02 4.322265195228452761e+00 2.792857096779167730e-12
9.902825968043708904e-02 4.356149745415011765e+00 1.437799088678356497e-11
9.902825968043708904e-02 4.390034295601570768e+00 6.946049391172296121e-11
9.902825968043708904e-02 4.423918845788129772e+00 3.152817796266419387e-10
9.902825968043708904e-02 4.457803395974687888e+00 1.346162203932440114e-09
9.902825968043708904e-02 4.491687946161247780e+00 5.412964612311120661e-09
9.902825968043708904e-02 4.525572496347805895e+00 2.052107821122619488e-08
9.902825968043708904e-02 4.559457046534364899e+00 7.342889002726555377e-08
9.902825968043708904e-02 4.593341596720923903e+00 2.482546314123200017e-07
9.902825968043708904e-02 4.627226146907482907e+00 7.938544056170209612e-07
9.902825968043708904e-02 4.661110697094041910e+00 2.403450098551670841e-06
9.902825968043708904e-02 4.694995247280600914e+00 6.896144447791480193e-06
9.902825968043708904e-02 4.728879797467159918e+00 1.877024037683704496e-05
9.902825968043708904e-02 4.762764347653718922e+00 4.850988393392494937e-05
9.902825968043708904e-02 4.796648897840277925e+00 1.191467024422288284e-04
9.902825968043708904e-02 4.830533448026836041e+00 2.783619382482129825e-04
9.902825968043708904e-02 4.864417998213395933e+00 6.191400128078517959e-04
9.902825968043708904e-02 4.898302548399954048e+00 1.312154890980490179e-03
9.902825968043708904e-02 4.932187098586513052e+00 2.651891421059075597e-03
9.902825968043708904e-02 4.966071648773072056e+00 5.115044876422528315e-03
9.902825968043708904e-02 4.999956198959631060e+00 9.423379456527278611e-03
9.902825968043708904e-02 5.033840749146190063e+00 1.659433800818947355e-02
9.902825968043708904e-02 5.067725299332749067e+00 2.795336068999740645e-02
9.902825968043708904e-02 5.101609849519308071e+00 4.507610383421620931e-02
9.902825968043708904e-02 5.135494399705867075e+00 6.963173008798247132e-02
9.902825968043708904e-02 5.169378949892426078e+00 1.031145052566668080e-01
9.902825968043708904e-02 5.203263500078984194e+00 1.464807905208234950e-01
9.902825968043708904e-02 5.237148050265544086e+00 1.997468790774957759e-01
9.902825968043708904e-02 5.271032600452102201e+00 2.616384297027581352e-01
9.902825968043708904e-02 5.304917150638661205e+00 3.293995253920598554e-01
9.902825968043708904e-02 5.338801700825220209e+00 3.988559809378018906e-01
9.902825968043708904e-02 5.372686251011779213e+00 4.647795792621277622e-01
9.902825968043708904e-02 5.406570801198338216e+00 5.215264080786884415e-01
9.902825968043708904e-02 5.440455351384897220e+00 5.638441543352564755e-01
9.902825968043708904e-02 5.474339901571456224e+00 5.876859937494107733e-01
9.902825968043708904e-02 5.508224451758014339e+00 5.908537482909177463e-01
9.902825968043708904e-02 5.542109001944574231e+00 5.733278791165882238e-01
9.902825968043708904e-02 5.575993552131132347e+00 5.372170581871958950e-01
9.902825968043708904e-02 5.609878102317692239e+00 4.863521431457898392e-01
9.902825968043708904e-02 5.643762652504250354e+00 4.256300989652982980e-01
9.902825968043708904e-02 5.677647202690809358e+00 3.602600324514060870e-01
9.902825968043708904e-02 5.711531752877368362e+00 2.950663271091152895e-01
9.902825968043708904e-02 5.745416303063927366e+00 2.339680091651404892e-01
9.902825968043708904e-02 5.779300853250486369e+00 1.796950099001707601e-01
9.902825968043708904e-02 5.813185403437045373e+00 1.337407699851465570e-01
9.902825968043708904e-02 5.847069953623604377e+00 9.650318768339739839e-02
9.902825968043708904e-02 5.880954503810162493e+00 6.754102204860273906e-02
9.902825968043708904e-02 5.914839053996722384e+00 4.587079164053779051e-02
9.902825968043708904e-02 5.948723604183280500e+00 3.024394933256689677e-02
9.902825968043708904e-02 5.982608154369840392e+00 1.936698667419321784e-02
9.902825968043708904e-02 6.016492704556398508e+00 1.205011550634050264e-02
9.902825968043708904e-02 6.050377254742957511e+00 7.287978243853066723e-03
9.902825968043708904e-02 6.084261804929516515e+00 4.286349552214195439e-03
9.902825968043708904e-02 6.118146355116075519e+00 2.452492347172815362e-03
9.902825968043708904e-02 6.152030905302634523e+00 1.365649379411722555e-03
9.902825968043708904e-02 6.185915455489193526e+00 7.403741472853996117e-04
9.902825968043708904e-02 6.219800005675752530e+00 3.909398426210586807e-04
9.902825968043708904e-02 6.253684555862310646e+00 2.011308464285066239e-04
9.902825968043708904e-02 6.287569106048870538e+00 1.008598208511901384e-04
9.902825968043708904e-02 6.321453656235428653e+00 4.931585155130272283e-05
9.902825968043708904e-02 6.355338206421988545e+00 2.352010253647480962e-05
9.902825968043708904e-02 6.389222756608546661e+00 1.094533856391429612e-05
9.902825968043708904e-02 6.423107306795105664e+00 4.971724281338549399e-06
9.902825968043708904e-02 6.456991856981664668e+00 2.205062250033151105e-06
9.902825968043708904e-02 6.490876407168223672e+00 9.552486874806588870e-07
9.902825968043708904e-02 6.524760957354782676e+00 4.043312681379650593e-07
9.902825968043708904e-02 6.558645507541341679e+00 1.672725812899566697e-07
9.902825968043708904e-02 6.592530057727900683e+00 6.765779276922480110e-08
9.902825968043708904e-02 6.626414607914458799e+00 2.676415108746671569e-08
9.902825968043708904e-02 6.660299158101018691e+00 1.035777695530754489e-08
9.902825968043708904e-02 6.694183708287576806e+00 3.922743205852545847e-09
9.902825968043708904e-02 6.728068258474136698e+00 1.454300829520783881e-09
9.902825968043708904e-02 6.761952808660694814e+00 5.279448052869601630e-10
1.002359213838570490e-01 3.407382340191361880e+00 1.414304559922365291e-44
1.002359213838570490e-01 3.441266890377920884e+00 7.713279478095371860e-43
1.002359213838570490e-01 3.475151440564479888e+00 3.741411704324109328e-41
1.002359213838570490e-01 3.509035990751038447e+00 1.619059368306540737e-39
1.002359213838570490e-01 3.542920540937597451e+00 6.269018175059451990e-38
1.002359213838570490e-01 3.576805091124156455e+00 2.178086618225254544e-36
1.002359213838570490e-01 3.610689641310715459e+00 6.808825804520803230e-35
1.002359213838570490e-01 3.644574191497274462e+00 1.920122323812056681e-33
1.002359213838570490e-01 3.678458741683833466e+00 4.897123285282100313e-32
1.002359213838570490e-01 3.712343291870392026e+00 1.132307308826375189e-30
1.002359213838570490e-01 3.746227842056951030e+00 2.379118745550936097e-29
1.002359213838570490e-01 3.780112392243510033e+00 4.552788066853584849e-28
1.002359213838570490e-01 3.813996942430069037e+00 7.952332401835225363e-27
1.002359213838570490e-01 3.847881492616627597e+00 1.270517306447366880e-25
1.002359213838570490e-01 3.881766042803186600e+00 1.860446877932542605e-24
1.002359213838570490e-01 3.915650592989745604e+00 2.501820623126864468e-23
1.002359213838570490e-01 3.949535143176304608e+00 3.095423934040591920e-22
1.002359213838570490e-01 3.983419693362863612e+00 3.530243290967407744e-21
1.002359213838570490e-01 4.017304243549422615e+00 3.717739405558717960e-20
1.002359213838570490e-01 4.051188793735981619e+00 3.621490230479194410e-19
1.002359213838570490e-01 4.085073343922540623e+00 3.268512074986873071e-18
1.002359213838570490e-01 4.118957894109099627e+00 2.737566847794445580e-17
1.002359213838570490e-01 4.152842444295657742e+00 2.131114614734402257e-16
1.002359213838570490e-01 4.186726994482216746e+00 1.544297388005225913e-15
1.002359213838570490e-01 4.220611544668775750e+00 1.043209844821457933e-14
1.002359213838570490e-01 4.254496094855334754e+00 6.578764822077756475e-14
1.002359213838570490e-01 4.288380645041893757e+00 3.878340216971730549e-13
1.002359213838570490e-01 4.322265195228452761e+00 2.140205890497677775e-12
1.002359213838570490e-01 4.356149745415011765e+00 1.106969429162272019e-11
1.002359213838570490e-01 4.390034295601570768e+00 5.373189763506663692e-11
1.002359213838570490e-01 4.423918845788129772e+00 2.450618266463867823e-10
1.002359213838570490e-01 4.457803395974687888e+00 1.051432909940690214e-09
1.002359213838570490e-01 4.491687946161247780e+00 4.248650084972047987e-09
1.002359213838570490e-01 4.525572496347805895e+00 1.618717708789969743e-08
1.002359213838570490e-01 4.559457046534364899e+00 5.821246512327545931e-08
1.002359213838570490e-01 4.593341596720923903e+00 1.978093260949118807e-07
1.002359213838570490e-01 4.627226146907482907e+00 6.357879882299530981e-07
1.002359213838570490e-01 4.661110697094041910e+00 1.934860705855344000e-06
1.002359213838570490e-01 4.694995247280600914e+00 5.580647320657538236e-06
1.002359213838570490e-01 4.728879797467159918e+00 1.526973921778072293e-05
1.002359213838570490e-01 4.762764347653718922e+00 3.967299134521786591e-05
1.002359213838570490e-01 4.796648897840277925e+00 9.796444640238895717e-05
1.002359213838570490e-01 4.830533448026836041e+00 2.301104561360330287e-04
1.002359213838570490e-01 4.864417998213395933e+00 5.146040297119542457e-04
1.002359213838570490e-01 4.898302548399954048e+00 1.096590511868282070e-03
1.002359213838570490e-01 4.932187098586513052e+00 2.228470808651251620e-03
1.002359213838570490e-01 4.966071648773072056e+00 4.322238863743567937e-03
1.002359213838570490e-01 4.999956198959631060e+00 8.007369988433071795e-03
1.002359213838570490e-01 5.033840749146190063e+00 1.418020071715843551e-02
1.002359213838570490e-01 5.067725299332749067e+00 2.402207816312779132e-02
1.002359213838570490e-01 5.101609849519308071e+00 3.895753256019908461e-02
1.002359213838570490e-01 5.135494399705867075e+00 6.052499555189897601e-02
1.002359213838570490e-01 5.169378949892426078e+00 9.014536583650167856e-02
1.002359213838570490e-01 5.203263500078984194e+00 1.287993033857680880e-01
1.002359213838570490e-01 5.237148050265544086e+00 1.766585890485914412e-01
1.002359213838570490e-01 5.271032600452102201e+00 2.327504451474040337e-01
1.002359213838570490e-01 5.304917150638661205e+00 2.947529127264583715e-01
1.002359213838570490e-01 5.338801700825220209e+00 3.590119667503994805e-01
1.002359213838570490e-01 5.372686251011779213e+00 4.208319289467490898e-01
1.002359213838570490e-01 5.406570801198338216e+00 4.750261862118485001e-01
1.002359213838570490e-01 5.440455351384897220e+00 5.166427497305635663e-01
1.002359213838570490e-01 5.474339901571456224e+00 5.417222268387498207e-01
1.002359213838570490e-01 5.508224451758014339e+00 5.479249317187794288e-01
1.002359213838570490e-01 5.542109001944574231e+00 5.348884606055408497e-01
1.002359213838570490e-01 5.575993552131132347e+00 5.042409030121488556e-01
1.002359213838570490e-01 5.609878102317692239e+00 4.592782679176127814e-01
1.002359213838570490e-01 5.643762652504250354e+00 4.043919728628690424e-01
1.002359213838570490e-01 5.677647202690809358e+00 3.443812013914755443e-01
1.002359213838570490e-01 5.711531752877368362e+00 2.837944340461815429e-01
1.002359213838570490e-01 5.745416303063927366e+00 2.264169698289348054e-01
1.002359213838570490e-01 5.779300853250486369e+00 1.749701162154599643e-01
1.002359213838570490e-01 5.813185403437045373e+00 1.310309382712532555e-01
1.002359213838570490e-01 5.847069953623604377e+00 9.513500940534408423e-02
1.002359213838570490e-01 5.880954503810162493e+00 6.699790578442359201e-02
1.002359213838570490e-01 5.914839053996722384e+00 4.578578495757606309e-02
1.002359213838570490e-01 5.948723604183280500e+00 3.037661792829911278e-02
1.002359213838570490e-01 5.982608154369840392e+00 1.957378640373161338e-02
1.002359213838570490e-01 6.016492704556398508e+00 1.225521666406140242e-02
1.002359213838570490e-01 6.050377254742957511e+00 7.458623750769530908e-03
1.002359213838570490e-01 6.084261804929516515e+00 4.414338810022801728e-03
1.002359213838570490e-01 6.118146355116075519e+00 2.541654585504364572e-03
1.002359213838570490e-01 6.152030905302634523e+00 1.424239297083115374e-03
1.002359213838570490e-01 6.185915455489193526e+00 7.770227474480135730e-04
1.002359213838570490e-01 6.219800005675752530e+00 4.128903814297184977e-04
1.002359213838570490e-01 6.253684555862310646e+00 2.137712177585652997e-04
1.002359213838570490e-01 6.287569106048870538e+00 1.078791713443828299e-04
1.002359213838570490e-01 6.321453656235428653e+00 5.308327622224256819e-05
1.002359213838570490e-01 6.355338206421988545e+00 2.547797198829653128e-05
1.002359213838570490e-01 6.389222756608546661e+00 1.193195968005551086e-05
1.002359213838570490e-01 6.423107306795105664e+00 5.454422794926727867e-06
1.002359213838570490e-01 6.456991856981664668e+00 2.434578846634098264e-06
1.002359213838570490e-01 6.490876407168223672e+00 1.061408347538572147e-06
1.002359213838570490e-01 6.524760957354782676e+00 4.521349340346631993e-07
1.002359213838570490e-01 6.558645507541341679e+00 1.882442016135402314e-07
1.002359213838570490e-01 6.592530057727900683e+00 7.662703397425807923e-08
1.002359213838570490e-01 6.626414607914458799e+00 3.050605422038444616e-08
1.002359213838570490e-01 6.660299158101018691e+00 1.188141970563018045e-08
1.002359213838570490e-01 6.694183708287576806e+00 4.528574685920335926e-09
1.002359213838570490e-01 6.728068258474136698e+00 1.689648049687112368e-09
1.002359213838570490e-01 6.761952808660694814e+00 6.173069322996322942e-10
1.014435830872770228e-01 3.407382340191361880e+00 9.852750686981881789e-45
1.014435830872770228e-01 3.441266890377920884e+00 5.385212768443921327e-43
1.014435830872770228e-01 3.475151440564479888e+00 2.618212709229242197e-41
1.014435830872770228e-01 3.509035990751038447e+00 1.135775525950754562e-39
1.014435830872770228e-01 3.542920540937597451e+00 4.409025517391987404e-38
1.014435830872770228e-01 3.576805091124156455e+00 1.535971138540636500e-36
1.014435830872770228e-01 3.610689641310715459e+00 4.814984781804404282e-35
1.014435830872770228e-01 3.644574191497274462e+00 1.361804878024303603e-33
1.014435830872770228e-01 3.678458741683833466e+00 3.483673325328382051e-32
1.014435830872770228e-01 3.712343291870392026e+00 8.080102029605975802e-31
1.014435830872770228e-01 3.746227842056951030e+00 1.703214120268808368e-29
1.014435830872770228e-01 3.780112392243510033e+00 3.270200258182029118e-28
1.014435830872770228e-01 3.813996942430069037e+00 5.731617444382547810e-27
1.014435830872770228e-01 3.847881492616627597e+00 9.189456157515959593e-26
1.014435830872770228e-01 3.881766042803186600e+00 1.350494171802071790e-24
1.014435830872770228e-01 3.915650592989745604e+00 1.822788946019449473e-23
1.014435830872770228e-01 3.949535143176304608e+00 2.263823846645872520e-22
1.014435830872770228e-01 3.983419693362863612e+00 2.591826193596486042e-21
1.014435830872770228e-01 4.017304243549422615e+00 2.740276566873491877e-20
1.014435830872770228e-01 4.051188793735981619e+00 2.680103007264785007e-19
1.014435830872770228e-01 4.085073343922540623e+00 2.428826769897501946e-18
1.014435830872770228e-01 4.118957894109099627e+00 2.042801233780728309e-17
1.014435830872770228e-01 4.152842444295657742e+00 1.597036659627458094e-16
1.014435830872770228e-01 4.186726994482216746e+00 1.162295679186830111e-15
1.014435830872770228e-01 4.220611544668775750e+00 7.886150231644635085e-15
1.014435830872770228e-01 4.254496094855334754e+00 4.995450693152571283e-14
1.014435830872770228e-01 4.288380645041893757e+00 2.958296085166300126e-13
1.014435830872770228e-01 4.322265195228452761e+00 1.640002145704710894e-12
1.014435830872770228e-01 4.356149745415011765e+00 8.522059728265189629e-12
1.014435830872770228e-01 4.390034295601570768e+00 4.156113907482675314e-11
1.014435830872770228e-01 4.423918845788129772e+00 1.904595566427104789e-10
1.014435830872770228e-01 4.457803395974687888e+00 8.211175620130034137e-10
1.014435830872770228e-01 4.491687946161247780e+00 3.334230117337836752e-09
1.014435830872770228e-01 4.525572496347805895e+00 1.276615336606955012e-08
1.014435830872770228e-01 4.559457046534364899e+00 4.613941959302978094e-08
1.014435830872770228e-01 4.593341596720923903e+00 1.575768209546215015e-07
1.014435830872770228e-01 4.627226146907482907e+00 5.090599765048979161e-07
1.014435830872770228e-01 4.661110697094041910e+00 1.557178633228504703e-06
1.014435830872770228e-01 4.694995247280600914e+00 4.514668399787486937e-06
1.014435830872770228e-01 4.728879797467159918e+00 1.241781921063944714e-05
1.014435830872770228e-01 4.762764347653718922e+00 3.243399328377292616e-05
1.014435830872770228e-01 4.796648897840277925e+00 8.051643043514329764e-05
1.014435830872770228e-01 4.830533448026836041e+00 1.901433687063700808e-04
1.014435830872770228e-01 4.864417998213395933e+00 4.275279950489135200e-04
1.014435830872770228e-01 4.898302548399954048e+00 9.160087780610614910e-04
1.014435830872770228e-01 4.932187098586513052e+00 1.871727463376865420e-03
1.014435830872770228e-01 4.966071648773072056e+00 3.650406159556716067e-03
1.014435830872770228e-01 4.999956198959631060e+00 6.800406231199571799e-03
1.014435830872770228e-01 5.033840749146190063e+00 1.211030788495644391e-02
1.014435830872770228e-01 5.067725299332749067e+00 2.063127565765478233e-02
1.014435830872770228e-01 5.101609849519308071e+00 3.364837195428873468e-02
1.014435830872770228e-01 5.135494399705867075e+00 5.257490043702320315e-02
1.014435830872770228e-01 5.169378949892426078e+00 7.875383661442485195e-02
1.014435830872770228e-01 5.203263500078984194e+00 1.131721520992087920e-01
1.014435830872770228e-01 5.237148050265544086e+00 1.561245775526946544e-01
1.014435830872770228e-01 5.271032600452102201e+00 2.068949104094101876e-01
1.014435830872770228e-01 5.304917150638661205e+00 2.635433580399985654e-01
1.014435830872770228e-01 5.338801700825220209e+00 3.228859186287536542e-01
1.014435830872770228e-01 5.372686251011779213e+00 3.807204645883317529e-01
1.014435830872770228e-01 5.406570801198338216e+00 4.322979978490792408e-01
1.014435830872770228e-01 5.440455351384897220e+00 4.729710473200891552e-01
1.014435830872770228e-01 5.474339901571456224e+00 4.988953644265960996e-01
1.014435830872770228e-01 5.508224451758014339e+00 5.076357185347986078e-01
1.014435830872770228e-01 5.542109001944574231e+00 4.985422753914845462e-01
1.014435830872770228e-01 5.575993552131132347e+00 4.728174584421147020e-01
1.014435830872770228e-01 5.609878102317692239e+00 4.332680683582863512e-01
1.014435830872770228e-01 5.643762652504250354e+00 3.838106548984141497e-01
1.014435830872770228e-01 5.677647202690809358e+00 3.288483675064455825e-01
1.014435830872770228e-01 5.711531752877368362e+00 2.726525758399004351e-01
1.014435830872770228e-01 5.745416303063927366e+00 2.188626230854573140e-01
1.014435830872770228e-01 5.779300853250486369e+00 1.701729451228108370e-01
1.014435830872770228e-01 5.813185403437045373e+00 1.282245876896549452e-01
1.014435830872770228e-01 5.847069953623604377e+00 9.367316113432258562e-02
1.014435830872770228e-01 5.880954503810162493e+00 6.637730684687181970e-02
1.014435830872770228e-01 5.914839053996722384e+00 4.564346539148912696e-02
1.014435830872770228e-01 5.948723604183280500e+00 3.047071120310613362e-02
1.014435830872770228e-01 5.982608154369840392e+00 1.975689322416111435e-02
1.014435830872770228e-01 6.016492704556398508e+00 1.244716881440592789e-02
1.014435830872770228e-01 6.050377254742957511e+00 7.622877567036052786e-03
1.014435830872770228e-01 6.084261804929516515e+00 4.539846720680217051e-03
1.014435830872770228e-01 6.118146355116075519e+00 2.630338904976401836e-03
1.014435830872770228e-01 6.152030905302634523e+00 1.483207522072049712e-03
1.014435830872770228e-01 6.185915455489193526e+00 8.142923254523160188e-04
1.014435830872770228e-01 6.219800005675752530e+00 4.354243049834592878e-04
1.014435830872770228e-01 6.253684555862310646e+00 2.268620380175954032e-04
1.014435830872770228e-01 6.287569106048870538e+00 1.152094408459904780e-04
1.014435830872770228e-01 6.321453656235428653e+00 5.704912665067806571e-05
1.014435830872770228e-01 6.355338206421988545e+00 2.755495292607219870e-05
1.014435830872770228e-01 6.389222756608546661e+00 1.298651537309696225e-05
1.014435830872770228e-01 6.423107306795105664e+00 5.974175579403888968e-06
1.014435830872770228e-01 6.456991856981664668e+00 2.683511309069531303e-06
1.014435830872770228e-01 6.490876407168223672e+00 1.177373765276696613e-06
1.014435830872770228e-01 6.524760957354782676e+00 5.047238798723779976e-07
1.014435830872770228e-01 6.558645507541341679e+00 2.114768304209862278e-07
1.014435830872770228e-01 6.592530057727900683e+00 8.663230341175809965e-08
1.014435830872770228e-01 6.626414607914458799e+00 3.470896127720464855e-08
1.014435830872770228e-01 6.660299158101018691e+00 1.360449829098806801e-08
1.014435830872770228e-01 6.694183708287576806e+00 5.218372004179161568e-09
1.014435830872770228e-01 6.728068258474136698e+00 1.959429176621498860e-09
1.014435830872770228e-01 6.761952808660694814e+00 7.204346975172748928e-10
1.026512447906969827e-01 3.407382340191361880e+00 6.867319856849818249e-45
1.026512447906969827e-01 3.441266890377920884e+00 3.761625090021527576e-43
1.026512447906969827e-01 3.475151440564479888e+00 1.833059514275945178e-41
1.026512447906969827e-01 3.509035990751038447e+00 7.971087732748839806e-40
1.026512447906969827e-01 3.542920540937597451e+00 3.102229775339981871e-38
1.026512447906969827e-01 3.576805091124156455e+00 1.083607323290788292e-36
1.026512447906969827e-01 3.610689641310715459e+00 3.406364190089425764e-35
1.026512447906969827e-01 3.644574191497274462e+00 9.661991210539110339e-34
1.026512447906969827e-01 3.678458741683833466e+00 2.479086517365420534e-32
1.026512447906969827e-01 3.712343291870392026e+00 5.767919402513888637e-31
1.026512447906969827e-01 3.746227842056951030e+00 1.219730654951901293e-29
1.026512447906969827e-01 3.780112392243510033e+00 2.349656688736932484e-28
1.026512447906969827e-01 3.813996942430069037e+00 4.132229601995564998e-27
1.026512447906969827e-01 3.847881492616627597e+00 6.648365520838523550e-26
1.026512447906969827e-01 3.881766042803186600e+00 9.805621757117968069e-25
1.026512447906969827e-01 3.915650592989745604e+00 1.328356282149903138e-23
1.026512447906969827e-01 3.949535143176304608e+00 1.655975651354053675e-22
1.026512447906969827e-01 3.983419693362863612e+00 1.903209770276874466e-21
1.026512447906969827e-01 4.017304243549422615e+00 2.020133144004200897e-20
1.026512447906969827e-01 4.051188793735981619e+00 1.983701308998479163e-19
1.026512447906969827e-01 4.085073343922540623e+00 1.805069720867785338e-18
1.026512447906969827e-01 4.118957894109099627e+00 1.524504610054310884e-17
1.026512447906969827e-01 4.152842444295657742e+00 1.196890363555927589e-16
1.026512447906969827e-01 4.186726994482216746e+00 8.748302117878680642e-16
1.026512447906969827e-01 4.220611544668775750e+00 5.961696180628015834e-15
1.026512447906969827e-01 4.254496094855334754e+00 3.793204763656044613e-14
1.026512447906969827e-01 4.288380645041893757e+00 2.256464234537011412e-13
1.026512447906969827e-01 4.322265195228452761e+00 1.256649204862108717e-12
1.026512447906969827e-01 4.356149745415011765e+00 6.560303448461025016e-12
1.026512447906969827e-01 4.390034295601570768e+00 3.214420311170572170e-11
1.026512447906969827e-01 4.423918845788129772e+00 1.480059961478728067e-10
1.026512447906969827e-01 4.457803395974687888e+00 6.411622833682437921e-10
1.026512447906969827e-01 4.491687946161247780e+00 2.616184549429573519e-09
1.026512447906969827e-01 4.525572496347805895e+00 1.006622160665394518e-08
1.026512447906969827e-01 4.559457046534364899e+00 3.656242441736051239e-08
1.026512447906969827e-01 4.593341596720923903e+00 1.254971336108970573e-07
1.026512447906969827e-01 4.627226146907482907e+00 4.074840522441450456e-07
1.026512447906969827e-01 4.661110697094041910e+00 1.252856342932433273e-06
1.026512447906969827e-01 4.694995247280600914e+00 3.651155094630458723e-06
1.026512447906969827e-01 4.728879797467159918e+00 1.009511297421582396e-05
1.026512447906969827e-01 4.762764347653718922e+00 2.650617066154275562e-05
1.026512447906969827e-01 4.796648897840277925e+00 6.615010647652474942e-05
1.026512447906969827e-01 4.830533448026836041e+00 1.570525198189199234e-04
1.026512447906969827e-01 4.864417998213395933e+00 3.550288783312936184e-04
1.026512447906969827e-01 4.898302548399954048e+00 7.648061252410522657e-04
1.026512447906969827e-01 4.932187098586513052e+00 1.571316399418228645e-03
1.026512447906969827e-01 4.966071648773072056e+00 3.081397692919284059e-03
1.026512447906969827e-01 4.999956198959631060e+00 5.772217774585615760e-03
1.026512447906969827e-01 5.033840749146190063e+00 1.033664525937422717e-02
1.026512447906969827e-01 5.067725299332749067e+00 1.770850596551760275e-02
1.026512447906969827e-01 5.101609849519308071e+00 2.904462018379055932e-02
1.026512447906969827e-01 5.135494399705867075e+00 4.563939376662960734e-02
1.026512447906969827e-01 5.169378949892426078e+00 6.875533816114434704e-02
1.026512447906969827e-01 5.203263500078984194e+00 9.937123438131079123e-02
1.026512447906969827e-01 5.237148050265544086e+00 1.378768964177109202e-01
1.026512447906969827e-01 5.271032600452102201e+00 1.837728904873353886e-01
1.026512447906969827e-01 5.304917150638661205e+00 2.354545249827214859e-01
1.026512447906969827e-01 5.338801700825220209e+00 2.901609222508160779e-01
1.026512447906969827e-01 5.372686251011779213e+00 3.441454546358491684e-01
1.026512447906969827e-01 5.406570801198338216e+00 3.930753547651688051e-01
1.026512447906969827e-01 5.440455351384897220e+00 4.326077890602915699e-01
1.026512447906969827e-01 5.474339901571456224e+00 4.590357286207144005e-01
1.026512447906969827e-01 5.508224451758014339e+00 4.698682960274180864e-01
1.026512447906969827e-01 5.542109001944574231e+00 4.642183164896297454e-01
1.026512447906969827e-01 5.575993552131132347e+00 4.429137073794838786e-01
1.026512447906969827e-01 5.609878102317692239e+00 4.083159364097107003e-01
1.026512447906969827e-01 5.643762652504250354e+00 3.638975027357512215e-01
1.026512447906969827e-01 5.677647202690809358e+00 3.136809831027014828e-01
1.026512447906969827e-01 5.711531752877368362e+00 2.616617824267322701e-01
1.026512447906969827e-01 5.745416303063927366e+00 2.113235570114948836e-01
1.026512447906969827e-01 5.779300853250486369e+00 1.653177853965376864e-01
1.026512447906969827e-01 5.813185403437045373e+00 1.253314200249169563e-01
1.026512447906969827e-01 5.847069953623604377e+00 9.212339910708709778e-02
1.026512447906969827e-01 5.880954503810162493e+00 6.568206394054117159e-02
1.026512447906969827e-01 5.914839053996722384e+00 4.544479377371430512e-02
1.026512447906969827e-01 5.948723604183280500e+00 3.052616049935411718e-02
1.026512447906969827e-01 5.982608154369840392e+00 1.991579933481248121e-02
1.026512447906969827e-01 6.016492704556398508e+00 1.262537630886841414e-02
1.026512447906969827e-01 6.050377254742957511e+00 7.780226919484778576e-03
1.026512447906969827e-01 6.084261804929516515e+00 4.662498720082576195e-03
1.026512447906969827e-01 6.118146355116075519e+00 2.718302955589526042e-03
1.026512447906969827e-01 6.152030905302634523e+00 1.542413545972544809e-03
1.026512447906969827e-01 6.185915455489193526e+00 8.521105104444288026e-04
1.026512447906969827e-01 6.219800005675752530e+00 4.585097601312450137e-04
1.026512447906969827e-01 6.253684555862310646e+00 2.403928337460930782e-04
1.026512447906969827e-01 6.287569106048870538e+00 1.228498780158654598e-04
1.026512447906969827e-01 6.321453656235428653e+00 6.121609333956591246e-05
1.026512447906969827e-01 6.355338206421988545e+00 2.975424859107310768e-05
1.026512447906969827e-01 6.389222756608546661e+00 1.411163018329937747e-05
1.026512447906969827e-01 6.423107306795105664e+00 6.532811009755893861e-06
1.026512447906969827e-01 6.456991856981664668e+00 2.953011997575251562e-06
1.026512447906969827e-01 6.490876407168223672e+00 1.303820207464700745e-06
1.026512447906969827e-01 6.524760957354782676e+00 5.624714412067819906e-07
1.026512447906969827e-01 6.558645507541341679e+00 2.371669591583958549e-07
1.026512447906969827e-01 6.592530057727900683e+00 9.777263624922588015e-08
1.026512447906969827e-01 6.626414607914458799e+00 3.942087501169104911e-08
1.026512447906969827e-01 6.660299158101018691e+00 1.554945857988612377e-08
1.026512447906969827e-01 6.694183708287576806e+00 6.002284929851202530e-09
1.026512447906969827e-01 6.728068258474136698e+00 2.268091245419944952e-09
1.026512447906969827e-01 6.761952808660694814e+00 8.392190263201898970e-10
1.038589064941169426e-01 3.407382340191361880e+00 4.788812548090387434e-45
1.038589064941169426e-01 3.441266890377920884e+00 2.628770408874361672e-43
1.038589064941169426e-01 3.475151440564479888e+00 1.283944343051213367e-41
1.038589064941169426e-01 3.509035990751038447e+00 5.596724395849945640e-40
1.038589064941169426e-01 3.542920540937597451e+00 2.183683000987448759e-38
1.038589064941169426e-01 3.576805091124156455e+00 7.647824426930304983e-37
1.038589064941169426e-01 3.610689641310715459e+00 2.410776529892335624e-35
1.038589064941169426e-01 3.644574191497274462e+00 6.857732266117699621e-34
1.038589064941169426e-01 3.678458741683833466e+00 1.764819561488903934e-32
1.038589064941169426e-01 3.712343291870392026e+00 4.118773747581257938e-31
1.038589064941169426e-01 3.746227842056951030e+00 8.737695760086665700e-30
1.038589064941169426e-01 3.780112392243510033e+00 1.688746546001376676e-28
1.038589064941169426e-01 3.813996942430069037e+00 2.979979261203941138e-27
1.038589064941169426e-01 3.847881492616627597e+00 4.811194469281607119e-26
1.038589064941169426e-01 3.881766042803186600e+00 7.121340521602003657e-25
1.038589064941169426e-01 3.915650592989745604e+00 9.682512447547296248e-24
1.038589064941169426e-01 3.949535143176304608e+00 1.211578446927535019e-22
1.038589064941169426e-01 3.983419693362863612e+00 1.397798474494056071e-21
1.038589064941169426e-01 4.017304243549422615e+00 1.489475730772781427e-20
1.038589064941169426e-01 4.051188793735981619e+00 1.468451189601741899e-19
1.038589064941169426e-01 4.085073343922540623e+00 1.341653448593580138e-18
1.038589064941169426e-01 4.118957894109099627e+00 1.137812450991427206e-17
1.038589064941169426e-01 4.152842444295657742e+00 8.970640250939001020e-17
1.038589064941169426e-01 4.186726994482216746e+00 6.584922740822318882e-16
1.038589064941169426e-01 4.220611544668775750e+00 4.506968024346391178e-15
1.038589064941169426e-01 4.254496094855334754e+00 2.880300054801417711e-14
1.038589064941169426e-01 4.288380645041893757e+00 1.721095660177625481e-13
1.038589064941169426e-01 4.322265195228452761e+00 9.628602720045230889e-13
1.038589064941169426e-01 4.356149745415011765e+00 5.049781533994378671e-12
1.038589064941169426e-01 4.390034295601570768e+00 2.485861123426428789e-11
1.038589064941169426e-01 4.423918845788129772e+00 1.150017443109017549e-10
1.038589064941169426e-01 4.457803395974687888e+00 5.005744753322928645e-10
1.038589064941169426e-01 4.491687946161247780e+00 2.052431913197637619e-09
1.038589064941169426e-01 4.525572496347805895e+00 7.935785127479932610e-09
1.038589064941169426e-01 4.559457046534364899e+00 2.896704393418783100e-08
1.038589064941169426e-01 4.593341596720923903e+00 9.992425260117917549e-08
1.038589064941169426e-01 4.627226146907482907e+00 3.260897553484096800e-07
1.038589064941169426e-01 4.661110697094041910e+00 1.007716080434412488e-06
1.038589064941169426e-01 4.694995247280600914e+00 2.951874779341671227e-06
1.038589064941169426e-01 4.728879797467159918e+00 8.204070218931126490e-06
1.038589064941169426e-01 4.762764347653718922e+00 2.165384193071473863e-05
1.038589064941169426e-01 4.796648897840277925e+00 5.432591133389863731e-05
1.038589064941169426e-01 4.830533448026836041e+00 1.296665843669882721e-04
1.038589064941169426e-01 4.864417998213395933e+00 2.946939412007918975e-04
1.038589064941169426e-01 4.898302548399954048e+00 6.382641059230811107e-04
1.038589064941169426e-01 4.932187098586513052e+00 1.318472046472349410e-03
1.038589064941169426e-01 4.966071648773072056e+00 2.599737247402587100e-03
1.038589064941169426e-01 4.999956198959631060e+00 4.896824749286180986e-03
1.038589064941169426e-01 5.033840749146190063e+00 8.817731803187785905e-03
1.038589064941169426e-01 5.067725299332749067e+00 1.519075757916025018e-02
1.038589064941169426e-01 5.101609849519308071e+00 2.505519727927837254e-02
1.038589064941169426e-01 5.135494399705867075e+00 3.959319505237491460e-02
1.038589064941169426e-01 5.169378949892426078e+00 5.998590031435450942e-02
1.038589064941169426e-01 5.203263500078984194e+00 8.719239839133058334e-02
1.038589064941169426e-01 5.237148050265544086e+00 1.216738680969674941e-01
1.038589064941169426e-01 5.271032600452102201e+00 1.631125719189844836e-01
1.038589064941169426e-01 5.304917150638661205e+00 2.101963206501019088e-01
1.038589064941169426e-01 5.338801700825220209e+00 2.605437096707371447e-01
1.038589064941169426e-01 5.372686251011779213e+00 3.108267973999707667e-01
1.038589064941169426e-01 5.406570801198338216e+00 3.571064985051530805e-01
1.038589064941169426e-01 5.440455351384897220e+00 3.953413215068427577e-01
1.038589064941169426e-01 5.474339901571456224e+00 4.219785353688982887e-01
1.038589064941169426e-01 5.508224451758014339e+00 4.345059410863525984e-01
1.038589064941169426e-01 5.542109001944574231e+00 4.318440332239601998e-01
1.038589064941169426e-01 5.575993552131132347e+00 4.144936479483451452e-01
1.038589064941169426e-01 5.609878102317692239e+00 3.844128525871746693e-01
1.038589064941169426e-01 5.643762652504250354e+00 3.446607550151544741e-01
1.038589064941169426e-01 5.677647202690809358e+00 2.988960693509097322e-01
1.038589064941169426e-01 5.711531752877368362e+00 2.508414565032609511e-01
1.038589064941169426e-01 5.745416303063927366e+00 2.038174580295168958e-01
1.038589064941169426e-01 5.779300853250486369e+00 1.604185708627068052e-01
1.038589064941169426e-01 5.813185403437045373e+00 1.223611275040721036e-01
1.038589064941169426e-01 5.847069953623604377e+00 9.049164229053008324e-02
1.038589064941169426e-01 5.880954503810162493e+00 6.491522849542233353e-02
1.038589064941169426e-01 5.914839053996722384e+00 4.519092340097295712e-02
1.038589064941169426e-01 5.948723604183280500e+00 3.054304023488138564e-02
1.038589064941169426e-01 5.982608154369840392e+00 2.005008778822664137e-02
1.038589064941169426e-01 6.016492704556398508e+00 1.278929227715019414e-02
1.038589064941169426e-01 6.050377254742957511e+00 7.930179506426137878e-03
1.038589064941169426e-01 6.084261804929516515e+00 4.781924624373312498e-03
1.038589064941169426e-01 6.118146355116075519e+00 2.805301389816764000e-03
1.038589064941169426e-01 6.152030905302634523e+00 1.601711689713627594e-03
1.038589064941169426e-01 6.185915455489193526e+00 8.904001316197794873e-04
1.038589064941169426e-01 6.219800005675752530e+00 4.821113467469698610e-04
1.038589064941169426e-01 6.253684555862310646e+00 2.543508669502645911e-04
1.038589064941169426e-01 6.287569106048870538e+00 1.307984521566888845e-04
1.038589064941169426e-01 6.321453656235428653e+00 6.558622920260515641e-05
1.038589064941169426e-01 6.355338206421988545e+00 3.207879167059625940e-05
1.038589064941169426e-01 6.389222756608546661e+00 1.530984275554410741e-05
1.038589064941169426e-01 6.423107306795105664e+00 7.132150864730657966e-06
1.038589064941169426e-01 6.456991856981664668e+00 3.244252621785394765e-06
1.038589064941169426e-01 6.490876407168223672e+00 1.441445156850300785e-06
1.038589064941169426e-01 6.524760957354782676e+00 6.257683422055154372e-07
1.038589064941169426e-01 6.558645507541341679e+00 2.655226214395728728e-07
1.038589064941169426e-01 6.592530057727900683e+00 1.101539905648283550e-07
1.038589064941169426e-01 6.626414607914458799e+00 4.469365609830840997e-08
1.038589064941169426e-01 6.660299158101018691e+00 1.774077402320386930e-08
1.038589064941169426e-01 6.694183708287576806e+00 6.891477443418448412e-09
1.038589064941169426e-01 6.728068258474136698e+00 2.620567073957529169e-09
1.038589064941169426e-01 6.761952808660694814e+00 9.757746096577017990e-10
1.050665681975369165e-01 3.407382340191361880e+00 3.340987280168566215e-45
1.050665681975369165e-01 3.441266890377920884e+00 1.837934668764711923e-43
1.050665681975369165e-01 3.475151440564479888e+00 8.997248058433152231e-42
1.050665681975369165e-01 3.509035990751038447e+00 3.931311761393675702e-40
1.050665681975369165e-01 3.542920540937597451e+00 1.537749536560871041e-38
1.050665681975369165e-01 3.576805091124156455e+00 5.399794121201456621e-37
1.050665681975369165e-01 3.610689641310715459e+00 1.706824532144078754e-35
1.050665681975369165e-01 3.644574191497274462e+00 4.869148202166163329e-34
1.050665681975369165e-01 3.678458741683833466e+00 1.256781735997486027e-32
1.050665681975369165e-01 3.712343291870392026e+00 2.942115926593225796e-31
1.050665681975369165e-01 3.746227842056951030e+00 6.261306788625596603e-30
1.050665681975369165e-01 3.780112392243510033e+00 1.214091579942506498e-28
1.050665681975369165e-01 3.813996942430069037e+00 2.149614668052685972e-27
1.050665681975369165e-01 3.847881492616627597e+00 3.482579396819621506e-26
1.050665681975369165e-01 3.881766042803186600e+00 5.173087545254795152e-25
1.050665681975369165e-01 3.915650592989745604e+00 7.059179727864748854e-24
1.050665681975369165e-01 3.949535143176304608e+00 8.866105766241105126e-23
1.050665681975369165e-01 3.983419693362863612e+00 1.026779536645320161e-21
1.050665681975369165e-01 4.017304243549422615e+00 1.098379568539160689e-20
1.050665681975369165e-01 4.051188793735981619e+00 1.087173975955456979e-19
1.050665681975369165e-01 4.085073343922540623e+00 9.973179248229379298e-19
1.050665681975369165e-01 4.118957894109099627e+00 8.492782906046065877e-18
1.050665681975369165e-01 4.152842444295657742e+00 6.723885438062709838e-17
1.050665681975369165e-01 4.186726994482216746e+00 4.956734805605205710e-16
1.050665681975369165e-01 4.220611544668775750e+00 3.407276692650724324e-15
1.050665681975369165e-01 4.254496094855334754e+00 2.187094636117396308e-14
1.050665681975369165e-01 4.288380645041893757e+00 1.312713600012070835e-13
1.050665681975369165e-01 4.322265195228452761e+00 7.377187725433747675e-13
1.050665681975369165e-01 4.356149745415011765e+00 3.886775647161041454e-12
1.050665681975369165e-01 4.390034295601570768e+00 1.922246458689470967e-11
1.050665681975369165e-01 4.423918845788129772e+00 8.934644333187490629e-11
1.050665681975369165e-01 4.457803395974687888e+00 3.907570361643727024e-10
1.050665681975369165e-01 4.491687946161247780e+00 1.609889609607200703e-09
1.050665681975369165e-01 4.525572496347805895e+00 6.255035699980105702e-09
1.050665681975369165e-01 4.559457046534364899e+00 2.294453791223120994e-08
1.050665681975369165e-01 4.593341596720923903e+00 7.954325656412333590e-08
1.050665681975369165e-01 4.627226146907482907e+00 2.608845801304128271e-07
1.050665681975369165e-01 4.661110697094041910e+00 8.103061408970257135e-07
1.050665681975369165e-01 4.694995247280600914e+00 2.385771655369448114e-06
1.050665681975369165e-01 4.728879797467159918e+00 6.664998760017195914e-06
1.050665681975369165e-01 4.762764347653718922e+00 1.768335383214802260e-05
1.050665681975369165e-01 4.796648897840277925e+00 4.459789310970473547e-05
1.050665681975369165e-01 4.830533448026836041e+00 1.070116828416612623e-04
1.050665681975369165e-01 4.864417998213395933e+00 2.445050163804207330e-04
1.050665681975369165e-01 4.898302548399954048e+00 5.324116814587200692e-04
1.050665681975369165e-01 4.932187098586513052e+00 1.105771320737097005e-03
1.050665681975369165e-01 4.966071648773072056e+00 2.192235816672429612e-03
1.050665681975369165e-01 4.999956198959631060e+00 4.151944105154459219e-03
1.050665681975369165e-01 5.033840749146190063e+00 7.517755466258196212e-03
1.050665681975369165e-01 5.067725299332749067e+00 1.302326612766135060e-02
1.050665681975369165e-01 5.101609849519308071e+00 2.160040236056717453e-02
1.050665681975369165e-01 5.135494399705867075e+00 3.432590725691651162e-02
1.050665681975369165e-01 5.169378949892426078e+00 5.229999222579809204e-02
1.050665681975369165e-01 5.203263500078984194e+00 7.645310482372785765e-02
1.050665681975369165e-01 5.237148050265544086e+00 1.072977378420391509e-01
1.050665681975369165e-01 5.271032600452102201e+00 1.446670829067575048e-01
1.050665681975369165e-01 5.304917150638661205e+00 1.875030499282479834e-01
1.050665681975369165e-01 5.338801700825220209e+00 2.337632707090395445e-01
1.050665681975369165e-01 5.372686251011779213e+00 2.805031455300651122e-01
1.050665681975369165e-01 5.406570801198338216e+00 3.241540191044380292e-01
1.050665681975369165e-01 5.440455351384897220e+00 3.609696243035609431e-01
1.050665681975369165e-01 5.474339901571456224e+00 3.875642059449199150e-01
1.050665681975369165e-01 5.508224451758014339e+00 4.014334756664102999e-01
1.050665681975369165e-01 5.542109001944574231e+00 4.013458075010744586e-01
1.050665681975369165e-01 5.575993552131132347e+00 3.875187024555821758e-01
1.050665681975369165e-01 5.609878102317692239e+00 3.615466816355469293e-01
1.050665681975369165e-01 5.643762652504250354e+00 3.261057057421190009e-01
1.050665681975369165e-01 5.677647202690809358e+00 2.845082880921313562e-01
1.050665681975369165e-01 5.711531752877368362e+00 2.402093743741452181e-01
1.050665681975369165e-01 5.745416303063927366e+00 1.963610735161459564e-01
1.050665681975369165e-01 5.779300853250486369e+00 1.554888309518473455e-01
1.050665681975369165e-01 5.813185403437045373e+00 1.193233479114177709e-01
1.050665681975369165e-01 5.847069953623604377e+00 8.878393964764953739e-02
1.050665681975369165e-01 5.880954503810162493e+00 6.408004513199022645e-02
1.050665681975369165e-01 5.914839053996722384e+00 4.488319115063925391e-02
1.050665681975369165e-01 5.948723604183280500e+00 3.052156594883383839e-02
1.050665681975369165e-01 5.982608154369840392e+00 2.015943409110828449e-02
1.050665681975369165e-01 6.016492704556398508e+00 1.293842140357898650e-02
1.050665681975369165e-01 6.050377254742957511e+00 8.072266117541703617e-03
1.050665681975369165e-01 6.084261804929516515e+00 4.897760561011688628e-03
1.050665681975369165e-01 6.118146355116075519e+00 2.891087052514952540e-03
1.050665681975369165e-01 6.152030905302634523e+00 1.660951714911710264e-03
1.050665681975369165e-01 6.185915455489193526e+00 9.290794597561147705e-04
1.050665681975369165e-01 6.219800005675752530e+00 5.061901627009897289e-04
1.050665681975369165e-01 6.253684555862310646e+00 2.687210981024423795e-04
1.050665681975369165e-01 6.287569106048870538e+00 1.390517968497537236e-04
1.050665681975369165e-01 6.321453656235428653e+00 7.016090096642392277e-05
1.050665681975369165e-01 6.355338206421988545e+00 3.453121078568882190e-05
1.050665681975369165e-01 6.389222756608546661e+00 1.658358591212120243e-05
1.050665681975369165e-01 6.423107306795105664e+00 7.773999906354678847e-06
1.050665681975369165e-01 6.456991856981664668e+00 3.558419498814226404e-06
1.050665681975369165e-01 6.490876407168223672e+00 1.590966538397925120e-06
1.050665681975369165e-01 6.524760957354782676e+00 6.950222681681881400e-07
1.050665681975369165e-01 6.558645507541341679e+00 2.967634667503345458e-07
1.050665681975369165e-01 6.592530057727900683e+00 1.238894413609016972e-07
1.050665681975369165e-01 6.626414607914458799e+00 5.058319702674002643e-08
1.050665681975369165e-01 6.660299158101018691e+00 2.020506633313359383e-08
1.050665681975369165e-01 6.694183708287576806e+00 7.898201101995369970e-09
1.050665681975369165e-01 6.728068258474136698e+00 3.022316104439613550e-09
1.050665681975369165e-01 6.761952808660694814e+00 1.132461173810449757e-09
1.062742299009568764e-01 3.407382340191361880e+00 2.331975409271782445e-45
1.062742299009568764e-01 3.441266890377920884e+00 1.285593275545934665e-43
1.062742299009568764e-01 3.475151440564479888e+00 6.307583532751280282e-42
1.062742299009568764e-01 3.509035990751038447e+00 2.762640349174587485e-40
1.062742299009568764e-01 3.542920540937597451e+00 1.083323528831233549e-38
1.062742299009568764e-01 3.576805091124156455e+00 3.814047528517112330e-37
1.062742299009568764e-01 3.610689641310715459e+00 1.208880153144906872e-35
1.062742299009568764e-01 3.644574191497274462e+00 3.458442490747058799e-34
1.062742299009568764e-01 3.678458741683833466e+00 8.952966716401426232e-33
1.062742299009568764e-01 3.712343291870392026e+00 2.102284378404563884e-31
1.062742299009568764e-01 3.746227842056951030e+00 4.488125500055824547e-30
1.062742299009568764e-01 3.780112392243510033e+00 8.730966168174715509e-29
1.062742299009568764e-01 3.813996942430069037e+00 1.551042358493330247e-27
1.062742299009568764e-01 3.847881492616627597e+00 2.521485275064215204e-26
1.062742299009568764e-01 3.881766042803186600e+00 3.758691488672011892e-25
1.062742299009568764e-01 3.915650592989745604e+00 5.147668048409036562e-24
1.062742299009568764e-01 3.949535143176304608e+00 6.489266383206505000e-23
1.062742299009568764e-01 3.983419693362863612e+00 7.543662507871950559e-22
1.062742299009568764e-01 4.017304243549422615e+00 8.100928839198997136e-21
1.062742299009568764e-01 4.051188793735981619e+00 8.049942397505402251e-20
1.062742299009568764e-01 4.085073343922540623e+00 7.414328293445211253e-19
1.062742299009568764e-01 4.118957894109099627e+00 6.339644283399025773e-18
1.062742299009568764e-01 4.152842444295657742e+00 5.040147031968217507e-17
1.062742299009568764e-01 4.186726994482216746e+00 3.731273894377342990e-16
1.062742299009568764e-01 4.220611544668775750e+00 2.575947979245736904e-15
1.062742299009568764e-01 4.254496094855334754e+00 1.660712300546048434e-14
1.062742299009568764e-01 4.288380645041893757e+00 1.001202859447653660e-13
1.062742299009568764e-01 4.322265195228452761e+00 5.651914433808246714e-13
1.062742299009568764e-01 4.356149745415011765e+00 2.991393243257895283e-12
1.062742299009568764e-01 4.390034295601570768e+00 1.486272115662872146e-11
1.062742299009568764e-01 4.423918845788129772e+00 6.940599641951910860e-11
1.062742299009568764e-01 4.457803395974687888e+00 3.049871616271978161e-10
1.062742299009568764e-01 4.491687946161247780e+00 1.262553467278390805e-09
1.062742299009568764e-01 4.525572496347805895e+00 4.929304705249984008e-09
1.062742299009568764e-01 4.559457046534364899e+00 1.817021273168357499e-08
1.062742299009568764e-01 4.593341596720923903e+00 6.330396446656713232e-08
1.062742299009568764e-01 4.627226146907482907e+00 2.086624110528594894e-07
1.062742299009568764e-01 4.661110697094041910e+00 6.513794467835982285e-07
1.062742299009568764e-01 4.694995247280600914e+00 1.927627778502966202e-06
1.062742299009568764e-01 4.728879797467159918e+00 5.412818561567168993e-06
1.062742299009568764e-01 4.762764347653718922e+00 1.443564851949406568e-05
1.062742299009568764e-01 4.796648897840277925e+00 3.659762550835344213e-05
1.062742299009568764e-01 4.830533448026836041e+00 8.827846710308735365e-05
1.062742299009568764e-01 4.864417998213395933e+00 2.027748070222665526e-04
1.062742299009568764e-01 4.898302548399954048e+00 4.439085859257669632e-04
1.062742299009568764e-01 4.932187098586513052e+00 9.269315493204568308e-04
1.062742299009568764e-01 4.966071648773072056e+00 1.847660328919676102e-03
1.062742299009568764e-01 4.999956198959631060e+00 3.518475816272900909e-03
1.062742299009568764e-01 5.033840749146190063e+00 6.405819562751572868e-03
1.062742299009568764e-01 5.067725299332749067e+00 1.115846964705203941e-02
1.062742299009568764e-01 5.101609849519308071e+00 1.861054620116615183e-02
1.062742299009568764e-01 5.135494399705867075e+00 2.974032938989323513e-02
1.062742299009568764e-01 5.169378949892426078e+00 4.556856352743698935e-02
1.062742299009568764e-01 5.203263500078984194e+00 6.699029457269334298e-02
1.062742299009568764e-01 5.237148050265544086e+00 9.455250744585029510e-02
1.062742299009568764e-01 5.271032600452102201e+00 1.282124548340341508e-01
1.062742299009568764e-01 5.304917150638661205e+00 1.671316606728646681e-01
1.062742299009568764e-01 5.338801700825220209e+00 2.095695023488984565e-01
1.062742299009568764e-01 5.372686251011779213e+00 2.529310218158969392e-01
1.062742299009568764e-01 5.406570801198338216e+00 2.939944312073966559e-01
1.062742299009568764e-01 5.440455351384897220e+00 3.293002781695715808e-01
1.062742299009568764e-01 5.474339901571456224e+00 3.556386155323454368e-01
1.062742299009568764e-01 5.508224451758014339e+00 3.705376687983463202e-01
1.062742299009568764e-01 5.542109001944574231e+00 3.726493926148164437e-01
1.062742299009568764e-01 5.575993552131132347e+00 3.619481060902066116e-01
1.062742299009568764e-01 5.609878102317692239e+00 3.397024623579242286e-01
1.062742299009568764e-01 5.643762652504250354e+00 3.082348824497746498e-01
1.062742299009568764e-01 5.677647202690809358e+00 2.705300219765885417e-01
1.062742299009568764e-01 5.711531752877368362e+00 2.297816957156703366e-01
1.062742299009568764e-01 5.745416303063927366e+00 1.889701815354346837e-01
1.062742299009568764e-01 5.779300853250486369e+00 1.505416457244800332e-01
1.062742299009568764e-01 5.813185403437045373e+00 1.162276217243894127e-01
1.062742299009568764e-01 5.847069953623604377e+00 8.700643769475602252e-02
1.062742299009568764e-01 5.880954503810162493e+00 6.317993149416649412e-02
1.062742299009568764e-01 5.914839053996722384e+00 4.452310767642961298e-02
1.062742299009568764e-01 5.948723604183280500e+00 3.046209152105021703e-02
1.062742299009568764e-01 5.982608154369840392e+00 2.024360722685655464e-02
1.062742299009568764e-01 6.016492704556398508e+00 1.307232237949794602e-02
1.062742299009568764e-01 6.050377254742957511e+00 8.206043120600347088e-03
1.062742299009568764e-01 6.084261804929516515e+00 5.009650880025720739e-03
1.062742299009568764e-01 6.118146355116075519e+00 2.975412201969222792e-03
1.062742299009568764e-01 6.152030905302634523e+00 1.719979478318800752e-03
1.062742299009568764e-01 6.185915455489193526e+00 9.680624851548130273e-04
1.062742299009568764e-01 6.219800005675752530e+00 5.307038731590019067e-04
1.062742299009568764e-01 6.253684555862310646e+00 2.834861626324203373e-04
1.062742299009568764e-01 6.287569106048870538e+00 1.476051596495303922e-04
1.062742299009568764e-01 6.321453656235428653e+00 7.494074244478522750e-05
1.062742299009568764e-01 6.355338206421988545e+00 3.711379694089269460e-05
1.062742299009568764e-01 6.389222756608546661e+00 1.793516607448580834e-05
1.062742299009568764e-01 6.423107306795105664e+00 8.460134792400321858e-06
1.062742299009568764e-01 6.456991856981664668e+00 3.896708323978386703e-06
1.062742299009568764e-01 6.490876407168223672e+00 1.753120648354443199e-06
1.062742299009568764e-01 6.524760957354782676e+00 7.706572803750188876e-07
1.062742299009568764e-01 6.558645507541341679e+00 3.311207611863494429e-07
1.062742299009568764e-01 6.592530057727900683e+00 1.390993461681758818e-07
1.062742299009568764e-01 6.626414607914458799e+00 5.714958795139508549e-08
1.062742299009568764e-01 6.660299158101018691e+00 2.297122589983033060e-08
1.062742299009568764e-01 6.694183708287576806e+00 9.035870263233829170e-09
1.062742299009568764e-01 6.728068258474136698e+00 3.479367109622314605e-09
1.062742299009568764e-01 6.761952808660694814e+00 1.311906073073193876e-09
1.074818916043768363e-01 3.407382340191361880e+00 1.628437510075488959e-45
1.074818916043768363e-01 3.441266890377920884e+00 8.996408315016002279e-44
1.074818916043768363e-01 3.475151440564479888e+00 4.423868295578176929e-42
1.074818916043768363e-01 3.509035990751038447e+00 1.942185313688021974e-40
1.074818916043768363e-01 3.542920540937597451e+00 7.634903726289912680e-39
1.074818916043768363e-01 3.576805091124156455e+00 2.695013682851787379e-37
1.074818916043768363e-01 3.610689641310715459e+00 8.565181038951777481e-36
1.074818916043768363e-01 3.644574191497274462e+00 2.457309216399938907e-34
1.074818916043768363e-01 3.678458741683833466e+00 6.379965586981579802e-33
1.074818916043768363e-01 3.712343291870392026e+00 1.502656773442755007e-31
1.074818916043768363e-01 3.746227842056951030e+00 3.218058002539698033e-30
1.074818916043768363e-01 3.780112392243510033e+00 6.280498013002858911e-29
1.074818916043768363e-01 3.813996942430069037e+00 1.119436627081501396e-27
1.074818916043768363e-01 3.847881492616627597e+00 1.826065703819660102e-26
1.074818916043768363e-01 3.881766042803186600e+00 2.731616209250336243e-25
1.074818916043768363e-01 3.915650592989745604e+00 3.754520065834831739e-24
1.074818916043768363e-01 3.949535143176304608e+00 4.750476986733280276e-23
1.074818916043768363e-01 3.983419693362863612e+00 5.543159924133042195e-22
1.074818916043768363e-01 4.017304243549422615e+00 5.975556644345552428e-21
1.074818916043768363e-01 4.051188793735981619e+00 5.961267693701021069e-20
1.074818916043768363e-01 4.085073343922540623e+00 5.512555319675181043e-19
1.074818916043768363e-01 4.118957894109099627e+00 4.732748706754192141e-18
1.074818916043768363e-01 4.152842444295657742e+00 3.778247606909262273e-17
1.074818916043768363e-01 4.186726994482216746e+00 2.808881430844287888e-16
1.074818916043768363e-01 4.220611544668775750e+00 1.947475636374371456e-15
1.074818916043768363e-01 4.254496094855334754e+00 1.261005047494753817e-14
1.074818916043768363e-01 4.288380645041893757e+00 7.635896326882059103e-14
1.074818916043768363e-01 4.322265195228452761e+00 4.329884723174161493e-13
1.074818916043768363e-01 4.356149745415011765e+00 2.302097135056773042e-12
1.074818916043768363e-01 4.390034295601570768e+00 1.149062638942479982e-11
1.074818916043768363e-01 4.423918845788129772e+00 5.390918586782158495e-11
1.074818916043768363e-01 4.457803395974687888e+00 2.380083744436889198e-10
1.074818916043768363e-01 4.491687946161247780e+00 9.899863306265942763e-10
1.074818916043768363e-01 4.525572496347805895e+00 3.883801475976304138e-09
1.074818916043768363e-01 4.559457046534364899e+00 1.438619302559687333e-08
1.074818916043768363e-01 4.593341596720923903e+00 5.036783227825296104e-08
1.074818916043768363e-01 4.627226146907482907e+00 1.668493136809907044e-07
1.074818916043768363e-01 4.661110697094041910e+00 5.234713266756177324e-07
1.074818916043768363e-01 4.694995247280600914e+00 1.556972320196223067e-06
1.074818916043768363e-01 4.728879797467159918e+00 4.394401404821811085e-06
1.074818916043768363e-01 4.762764347653718922e+00 1.178013381192933493e-05
1.074818916043768363e-01 4.796648897840277925e+00 3.002085820143709049e-05
1.074818916043768363e-01 4.830533448026836041e+00 7.279462799220377919e-05
1.074818916043768363e-01 4.864417998213395933e+00 1.680933277795563640e-04
1.074818916043768363e-01 4.898302548399954048e+00 3.699465967983947318e-04
1.074818916043768363e-01 4.932187098586513052e+00 7.766382335905155964e-04
1.074818916043768363e-01 4.966071648773072056e+00 1.556449277709039906e-03
1.074818916043768363e-01 4.999956198959631060e+00 2.980058598483009517e-03
1.074818916043768363e-01 5.033840749146190063e+00 5.455286156677576458e-03
1.074818916043768363e-01 5.067725299332749067e+00 9.555091136862342571e-03
1.074818916043768363e-01 5.101609849519308071e+00 1.602474045750084189e-02
1.074818916043768363e-01 5.135494399705867075e+00 2.575094936248288266e-02
1.074818916043768363e-01 5.169378949892426078e+00 3.967727839430406495e-02
1.074818916043768363e-01 5.203263500078984194e+00 5.865844683794758929e-02
1.074818916043768363e-01 5.237148050265544086e+00 8.326194012268277322e-02
1.074818916043768363e-01 5.271032600452102201e+00 1.135457202864574439e-01
1.074818916043768363e-01 5.304917150638661205e+00 1.488600802607338291e-01
1.074818916043768363e-01 5.338801700825220209e+00 1.877319010329688287e-01
1.074818916043768363e-01 5.372686251011779213e+00 2.278839338356978550e-01
1.074818916043768363e-01 5.406570801198338216e+00 2.664177158003289692e-01
1.074818916043768363e-01 5.440455351384897220e+00 3.001503796296196014e-01
1.074818916043768363e-01 5.474339901571456224e+00 3.260532841191983167e-01
1.074818916043768363e-01 5.508224451758014339e+00 3.417075879894040380e-01
1.074818916043768363e-01 5.542109001944574231e+00 3.456803153401936113e-01
1.074818916043768363e-01 5.575993552131132347e+00 3.377392746978873928e-01
1.074818916043768363e-01 5.609878102317692239e+00 3.188626902870749791e-01
1.074818916043768363e-01 5.643762652504250354e+00 2.910482267625160158e-01
1.074818916043768363e-01 5.677647202690809358e+00 2.569714618978657383e-01
1.074818916043768363e-01 5.711531752877368362e+00 2.195729816804544154e-01
1.074818916043768363e-01 5.745416303063927366e+00 1.816595675306426072e-01
1.074818916043768363e-01 5.779300853250486369e+00 1.455896054685292540e-01
1.074818916043768363e-01 5.813185403437045373e+00 1.130833514839417603e-01
1.074818916043768363e-01 5.847069953623604377e+00 8.516534856629956463e-02
1.074818916043768363e-01 5.880954503810162493e+00 6.221845761102084982e-02
1.074818916043768363e-01 5.914839053996722384e+00 4.411234677578868002e-02
1.074818916043768363e-01 5.948723604183280500e+00 3.036510559931150308e-02
1.074818916043768363e-01 5.982608154369840392e+00 2.030247009870090116e-02
1.074818916043768363e-01 6.016492704556398508e+00 1.319061001521069053e-02
1.074818916043768363e-01 6.050377254742957511e+00 8.331094796351610349e-03
1.074818916043768363e-01 6.084261804929516515e+00 5.117250030944066157e-03
1.074818916043768363e-01 6.118146355116075519e+00 3.058029753214081686e-03
1.074818916043768363e-01 6.152030905302634523e+00 1.778637625193757454e-03
1.074818916043768363e-01 6.185915455489193526e+00 1.007259230779455157e-03
1.074818916043768363e-01 6.219800005675752530e+00 5.556068044454827133e-04
1.074818916043768363e-01 6.253684555862310646e+00 2.986263616092895735e-04
1.074818916043768363e-01 6.287569106048870538e+00 1.564523585036144214e-04
1.074818916043768363e-01 6.321453656235428653e+00 7.992561015093610087e-05
1.074818916043768363e-01 6.355338206421988545e+00 3.982847020147201560e-05
1.074818916043768363e-01 6.389222756608546661e+00 1.936674215737512372e-05
1.074818916043768363e-01 6.423107306795105664e+00 9.192292364070168102e-06
1.074818916043768363e-01 6.456991856981664668e+00 4.260318458837300049e-06
1.074818916043768363e-01 6.490876407168223672e+00 1.928659778002228387e-06
1.074818916043768363e-01 6.524760957354782676e+00 8.531130636988298037e-07
1.074818916043768363e-01 6.558645507541341679e+00 3.688373080618457283e-07
1.074818916043768363e-01 6.592530057727900683e+00 1.559114778782834954e-07
1.074818916043768363e-01 6.626414607914458799e+00 6.445727220528707724e-08
1.074818916043768363e-01 6.660299158101018691e+00 2.607053089944484601e-08
1.074818916043768363e-01 6.694183708287576806e+00 1.031913876415951892e-08
1.074818916043768363e-01 6.728068258474136698e+00 3.998362647757932173e-09
1.074818916043768363e-01 6.761952808660694814e+00 1.517028197182736703e-09
1.086895533077968101e-01 3.407382340191361880e+00 1.137659064349775495e-45
1.086895533077968101e-01 3.441266890377920884e+00 6.298291959645138148e-44
1.086895533077968101e-01 3.475151440564479888e+00 3.104011734503450799e-42
1.086895533077968101e-01 3.509035990751038447e+00 1.365943268607354686e-40
1.086895533077968101e-01 3.542920540937597451e+00 5.382922287526569615e-39
1.086895533077968101e-01 3.576805091124156455e+00 1.905014418408214748e-37
1.086895533077968101e-01 3.610689641310715459e+00 6.070791614211207257e-36
1.086895533077968101e-01 3.644574191497274462e+00 1.746575669367588357e-34
1.086895533077968101e-01 3.678458741683833466e+00 4.547898113773759148e-33
1.086895533077968101e-01 3.712343291870392026e+00 1.074389232909291546e-31
1.086895533077968101e-01 3.746227842056951030e+00 2.308067968425367131e-30
1.086895533077968101e-01 3.780112392243510033e+00 4.519015934999266300e-29
1.086895533077968101e-01 3.813996942430069037e+00 8.081377290009303760e-28
1.086895533077968101e-01 3.847881492616627597e+00 1.322751401319120237e-26
1.086895533077968101e-01 3.881766042803186600e+00 1.985620523842171411e-25
1.086895533077968101e-01 3.915650592989745604e+00 2.738945948765781626e-24
1.086895533077968101e-01 3.949535143176304608e+00 3.478206803152005741e-23
1.086895533077968101e-01 3.983419693362863612e+00 4.073806835630214327e-22
1.086895533077968101e-01 4.017304243549422615e+00 4.408399668528565806e-21
1.086895533077968101e-01 4.051188793735981619e+00 4.415039342130425669e-20
1.086895533077968101e-01 4.085073343922540623e+00 4.098973930848637640e-19
1.086895533077968101e-01 4.118957894109099627e+00 3.533408778094633233e-18
1.086895533077968101e-01 4.152842444295657742e+00 2.832436884832203270e-17
1.086895533077968101e-01 4.186726994482216746e+00 2.114574217036769974e-16
1.086895533077968101e-01 4.220611544668775750e+00 1.472348993533963673e-15
1.086895533077968101e-01 4.254496094855334754e+00 9.574883089410979779e-15
1.086895533077968101e-01 4.288380645041893757e+00 5.823479588168400614e-14
1.086895533077968101e-01 4.322265195228452761e+00 3.316896797444608971e-13
1.086895533077968101e-01 4.356149745415011765e+00 1.771490580916857138e-12
1.086895533077968101e-01 4.390034295601570768e+00 8.882685135326032438e-12
1.086895533077968101e-01 4.423918845788129772e+00 4.186718809779982433e-11
1.086895533077968101e-01 4.457803395974687888e+00 1.857112194002097651e-10
1.086895533077968101e-01 4.491687946161247780e+00 7.761287273865966964e-10
1.086895533077968101e-01 4.525572496347805895e+00 3.059450125197844910e-09
1.086895533077968101e-01 4.559457046534364899e+00 1.138771396897351628e-08
1.086895533077968101e-01 4.593341596720923903e+00 4.006546155959189952e-08
1.086895533077968101e-01 4.627226146907482907e+00 1.333794300977186086e-07
1.086895533077968101e-01 4.661110697094041910e+00 4.205577263683823165e-07
1.086895533077968101e-01 4.694995247280600914e+00 1.257193345171812065e-06
1.086895533077968101e-01 4.728879797467159918e+00 3.566391347484573061e-06
1.086895533077968101e-01 4.762764347653718922e+00 9.609630214731473922e-06
1.086895533077968101e-01 4.796648897840277925e+00 2.461644292411195126e-05
1.086895533077968101e-01 4.830533448026836041e+00 6.000194311825529626e-05
1.086895533077968101e-01 4.864417998213395933e+00 1.392828974386779630e-04
1.086895533077968101e-01 4.898302548399954048e+00 3.081660126953315111e-04
1.086895533077968101e-01 4.932187098586513052e+00 6.503983399004111508e-04
1.086895533077968101e-01 4.966071648773072056e+00 1.310468788606385668e-03
1.086895533077968101e-01 4.999956198959631060e+00 2.522686028099450396e-03
1.086895533077968101e-01 5.033840749146190063e+00 4.643204445640516410e-03
1.086895533077968101e-01 5.067725299332749067e+00 8.177333631959739918e-03
1.086895533077968101e-01 5.101609849519308071e+00 1.378982669735406147e-02
1.086895533077968101e-01 5.135494399705867075e+00 2.228259936021059415e-02
1.086895533077968101e-01 5.169378949892426078e+00 3.452492553307166118e-02
1.086895533077968101e-01 5.203263500078984194e+00 5.132781325089950247e-02
1.086895533077968101e-01 5.237148050265544086e+00 7.326772618443527785e-02
1.086895533077968101e-01 5.271032600452102201e+00 1.004831422209125219e-01
1.086895533077968101e-01 5.304917150638661205e+00 1.324856431756027408e-01
1.086895533077968101e-01 5.338801700825220209e+00 1.680383016959258458e-01
1.086895533077968101e-01 5.372686251011779213e+00 2.051514939598359788e-01
1.086895533077968101e-01 5.406570801198338216e+00 2.412268349862277672e-01
1.086895533077968101e-01 5.440455351384897220e+00 2.733464092536611600e-01
1.086895533077968101e-01 5.474339901571456224e+00 2.986655147405076760e-01
1.086895533077968101e-01 5.508224451758014339e+00 3.148349029090170559e-01
1.086895533077968101e-01 5.542109001944574231e+00 3.203642422487414376e-01
1.086895533077968101e-01 5.575993552131132347e+00 3.148481511616941231e-01
1.086895533077968101e-01 5.609878102317692239e+00 2.990075920191155312e-01
1.086895533077968101e-01 5.643762652504250354e+00 2.745432760663505944e-01
1.086895533077968101e-01 5.677647202690809358e+00 2.438407006979627367e-01
1.086895533077968101e-01 5.711531752877368362e+00 2.095962207395798138e-01
1.086895533077968101e-01 5.745416303063927366e+00 1.744430077633589704e-01
1.086895533077968101e-01 5.779300853250486369e+00 1.406447749269435221e-01
1.086895533077968101e-01 5.813185403437045373e+00 1.098997635861668487e-01
1.086895533077968101e-01 5.847069953623604377e+00 8.326691879154388132e-02
1.086895533077968101e-01 5.880954503810162493e+00 6.119932494693026970e-02
1.086895533077968101e-01 5.914839053996722384e+00 4.365273402486178483e-02
1.086895533077968101e-01 5.948723604183280500e+00 3.023122727478353214e-02
1.086895533077968101e-01 5.982608154369840392e+00 2.033597939742997837e-02
1.086895533077968101e-01 6.016492704556398508e+00 1.329295699815778026e-02
1.086895533077968101e-01 6.050377254742957511e+00 8.447035504334038380e-03
1.086895533077968101e-01 6.084261804929516515e+00 5.220224391154392601e-03
1.086895533077968101e-01 6.118146355116075519e+00 3.138694534504847099e-03
1.086895533077968101e-01 6.152030905302634523e+00 1.836766317015142312e-03
1.086895533077968101e-01 6.185915455489193526e+00 1.046576099039403648e-03
1.086895533077968101e-01 6.219800005675752530e+00 5.808500624942413868e-04
1.086895533077968101e-01 6.253684555862310646e+00 3.141196672088917251e-04
1.086895533077968101e-01 6.287569106048870538e+00 1.655857455306810754e-04
1.086895533077968101e-01 6.321453656235428653e+00 8.511454171473433437e-05
1.086895533077968101e-01 6.355338206421988545e+00 4.267674687584176093e-05
1.086895533077968101e-01 6.389222756608546661e+00 2.088030407106637081e-05
1.086895533077968101e-01 6.423107306795105664e+00 9.972157359897304362e-06
1.086895533077968101e-01 6.456991856981664668e+00 4.650446746149318711e-06
1.086895533077968101e-01 6.490876407168223672e+00 2.118349526213354882e-06
1.086895533077968101e-01 6.524760957354782676e+00 9.428439981837897793e-07
1.086895533077968101e-01 6.558645507541341679e+00 4.101672813263248523e-07
1.086895533077968101e-01 6.592530057727900683e+00 1.744611203203244893e-07
1.086895533077968101e-01 6.626414607914458799e+00 7.257518904189300258e-08
1.086895533077968101e-01 6.660299158101018691e+00 2.953676394021635430e-08
1.086895533077968101e-01 6.694183708287576806e+00 1.176397758795220682e-08
1.086895533077968101e-01 6.728068258474136698e+00 4.586605118089127917e-09
1.086895533077968101e-01 6.761952808660694814e+00 1.751063171109471720e-09
1.098972150112167701e-01 3.407382340191361880e+00 7.951390288681465642e-46
1.098972150112167701e-01 3.441266890377920884e+00 4.411238992979766181e-44
1.098972150112167701e-01 3.475151440564479888e+00 2.178826826943040709e-42
1.098972150112167701e-01 3.509035990751038447e+00 9.610514758354486286e-41
1.098972150112167701e-01 3.542920540937597451e+00 3.796629554114381807e-39
1.098972150112167701e-01 3.576805091124156455e+00 1.347083436900910590e-37
1.098972150112167701e-01 3.610689641310715459e+00 4.304336404714790774e-36
1.098972150112167701e-01 3.644574191497274462e+00 1.241824076089089450e-34
1.098972150112167701e-01 3.678458741683833466e+00 3.242955393827550394e-33
1.098972150112167701e-01 3.712343291870392026e+00 7.684116931096313020e-32
1.098972150112167701e-01 3.746227842056951030e+00 1.655869922050198885e-30
1.098972150112167701e-01 3.780112392243510033e+00 3.252436520606155235e-29
1.098972150112167701e-01 3.813996942430069037e+00 5.835506126465349582e-28
1.098972150112167701e-01 3.847881492616627597e+00 9.583834268710380149e-27
1.098972150112167701e-01 3.881766042803186600e+00 1.443656502709249344e-25
1.098972150112167701e-01 3.915650592989745604e+00 1.998458858746470407e-24
1.098972150112167701e-01 3.949535143176304608e+00 2.547110801548723780e-23
1.098972150112167701e-01 3.983419693362863612e+00 2.994395220855506648e-22
1.098972150112167701e-01 4.017304243549422615e+00 3.252673743140929521e-21
1.098972150112167701e-01 4.051188793735981619e+00 3.270232627873037313e-20
1.098972150112167701e-01 4.085073343922540623e+00 3.048151304951854116e-19
1.098972150112167701e-01 4.118957894109099627e+00 2.638180070660511223e-18
1.098972150112167701e-01 4.152842444295657742e+00 2.123493913147866629e-17
1.098972150112167701e-01 4.186726994482216746e+00 1.591930680445023841e-16
1.098972150112167701e-01 4.220611544668775750e+00 1.113145242971915548e-15
1.098972150112167701e-01 4.254496094855334754e+00 7.270144278363845150e-15
1.098972150112167701e-01 4.288380645041893757e+00 4.441078546261269234e-14
1.098972150112167701e-01 4.322265195228452761e+00 2.540746471297407845e-13
1.098972150112167701e-01 4.356149745415011765e+00 1.363069823565709477e-12
1.098972150112167701e-01 4.390034295601570768e+00 6.865925937372112228e-12
1.098972150112167701e-01 4.423918845788129772e+00 3.251091964590937737e-11
1.098972150112167701e-01 4.457803395974687888e+00 1.448833821203118648e-10
1.098972150112167701e-01 4.491687946161247780e+00 6.083631139844832624e-10
1.098972150112167701e-01 4.525572496347805895e+00 2.409596097812441492e-09
1.098972150112167701e-01 4.559457046534364899e+00 9.012216990915478585e-09
1.098972150112167701e-01 4.593341596720923903e+00 3.186260736130487088e-08
1.098972150112167701e-01 4.627226146907482907e+00 1.065951287226204803e-07
1.098972150112167701e-01 4.661110697094041910e+00 3.377786139467448675e-07
1.098972150112167701e-01 4.694995247280600914e+00 1.014814748993889545e-06
1.098972150112167701e-01 4.728879797467159918e+00 2.893419751555451465e-06
1.098972150112167701e-01 4.762764347653718922e+00 7.836207277635203207e-06
1.098972150112167701e-01 4.796648897840277925e+00 2.017715150717163945e-05
1.098972150112167701e-01 4.830533448026836041e+00 4.943712450037849335e-05
1.098972150112167701e-01 4.864417998213395933e+00 1.153603380436423338e-04
1.098972150112167701e-01 4.898302548399954048e+00 2.565850371854532137e-04
1.098972150112167701e-01 4.932187098586513052e+00 5.444154136002867482e-04
1.098972150112167701e-01 4.966071648773072056e+00 1.102803516222986739e-03
1.098972150112167701e-01 4.999956198959631060e+00 2.134375099174080394e-03
1.098972150112167701e-01 5.033840749146190063e+00 3.949813547396475305e-03
1.098972150112167701e-01 5.067725299332749067e+00 6.994174624273783412e-03
1.098972150112167701e-01 5.101609849519308071e+00 1.185943002216404904e-02
1.098972150112167701e-01 5.135494399705867075e+00 1.926925752713416415e-02
1.098972150112167701e-01 5.169378949892426078e+00 3.002198833967366365e-02
1.098972150112167701e-01 5.203263500078984194e+00 4.488281433869157483e-02
1.098972150112167701e-01 5.237148050265544086e+00 6.442779935777999401e-02
1.098972150112167701e-01 5.271032600452102201e+00 8.885856858483549836e-02
1.098972150112167701e-01 5.304917150638661205e+00 1.178236085539269007e-01
1.098972150112167701e-01 5.338801700825220209e+00 1.502936664318764992e-01
1.098972150112167701e-01 5.372686251011779213e+00 1.845385502941447320e-01
1.098972150112167701e-01 5.406570801198338216e+00 2.182372264838287612e-01
1.098972150112167701e-01 5.440455351384897220e+00 2.487240597008056331e-01
1.098972150112167701e-01 5.474339901571456224e+00 2.733384839153897294e-01
1.098972150112167701e-01 5.508224451758014339e+00 2.898141442821555724e-01
1.098972150112167701e-01 5.542109001944574231e+00 2.966273113277556606e-01
1.098972150112167701e-01 5.575993552131132347e+00 2.932295301022496137e-01
1.098972150112167701e-01 5.609878102317692239e+00 2.801153901757005849e-01
1.098972150112167701e-01 5.643762652504250354e+00 2.587153450733754578e-01
1.098972150112167701e-01 5.677647202690809358e+00 2.311438321379330751e-01
1.098972150112167701e-01 5.711531752877368362e+00 1.998628616352858267e-01
1.098972150112167701e-01 5.745416303063927366e+00 1.673332592479138958e-01
1.098972150112167701e-01 5.779300853250486369e+00 1.357186621744410349e-01
1.098972150112167701e-01 5.813185403437045373e+00 1.066858726540326069e-01
1.098972150112167701e-01 5.847069953623604377e+00 8.131739897386187910e-02
1.098972150112167701e-01 5.880954503810162493e+00 6.012634529718407367e-02
1.098972150112167701e-01 5.914839053996722384e+00 4.314623478049098987e-02
1.098972150112167701e-01 5.948723604183280500e+00 3.006120105138231427e-02
1.098972150112167701e-01 5.982608154369840392e+00 2.034418490250658115e-02
1.098972150112167701e-01 6.016492704556398508e+00 1.337909528714482238e-02
1.098972150112167701e-01 6.050377254742957511e+00 8.553511663852927244e-03
1.098972150112167701e-01 6.084261804929516515e+00 5.318254031824226104e-03
1.098972150112167701e-01 6.118146355116075519e+00 3.217164547613451768e-03
1.098972150112167701e-01 6.152030905302634523e+00 1.894203988581904608e-03
1.098972150112167701e-01 6.185915455489193526e+00 1.085916250333173383e-03
1.098972150112167701e-01 6.219800005675752530e+00 6.063816756882016998e-04
1.098972150112167701e-01 6.253684555862310646e+00 3.299417434474842840e-04
1.098972150112167701e-01 6.287569106048870538e+00 1.749961787465338669e-04
1.098972150112167701e-01 6.321453656235428653e+00 9.050571756687521058e-05
1.098972150112167701e-01 6.355338206421988545e+00 4.565970749069630846e-05
1.098972150112167701e-01 6.389222756608546661e+00 2.247765097916257199e-05
1.098972150112167701e-01 6.423107306795105664e+00 1.080134961553359297e-05
1.098972150112167701e-01 6.456991856981664668e+00 5.068280866475425277e-06
1.098972150112167701e-01 6.490876407168223672e+00 2.322965797405326814e-06
1.098972150112167701e-01 6.524760957354782676e+00 1.040318046721684823e-06
1.098972150112167701e-01 6.558645507541341679e+00 4.553759649118527946e-07
1.098972150112167701e-01 6.592530057727900683e+00 1.948911220130566295e-07
1.098972150112167701e-01 6.626414607914458799e+00 8.157690103486416865e-08
1.098972150112167701e-01 6.660299158101018691e+00 3.340632498734580012e-08
1.098972150112167701e-01 6.694183708287576806e+00 1.338775298610523135e-08
1.098972150112167701e-01 6.728068258474136698e+00 5.252104234154675217e-09
1.098972150112167701e-01 6.761952808660694814e+00 2.017589809015145569e-09
1.111048767146367300e-01 3.407382340191361880e+00 5.559810688630685532e-46
1.111048767146367300e-01 3.441266890377920884e+00 3.090855788066442223e-44
1.111048767146367300e-01 3.475151440564479888e+00 1.530018049872948483e-42
1.111048767146367300e-01 3.509035990751038447e+00 6.764395878837577425e-41
1.111048767146367300e-01 3.542920540937597451e+00 2.678800652120320599e-39
1.111048767146367300e-01 3.576805091124156455e+00 9.528976428468227111e-38
1.111048767146367300e-01 3.610689641310715459e+00 3.052923217116835173e-36
1.111048767146367300e-01 3.644574191497274462e+00 8.832316311297877678e-35
1.111048767146367300e-01 3.678458741683833466e+00 2.313161633461648025e-33
1.111048767146367300e-01 3.712343291870392026e+00 5.497354567443227935e-32
1.111048767146367300e-01 3.746227842056951030e+00 1.188293838431420615e-30
1.111048767146367300e-01 3.780112392243510033e+00 2.341456869480238604e-29
1.111048767146367300e-01 3.813996942430069037e+00 4.214793171567550108e-28
1.111048767146367300e-01 3.847881492616627597e+00 6.945396030388384160e-27
1.111048767146367300e-01 3.881766042803186600e+00 1.049832617210626281e-25
1.111048767146367300e-01 3.915650592989745604e+00 1.458435784287696941e-24
1.111048767146367300e-01 3.949535143176304608e+00 1.865573084019694663e-23
1.111048767146367300e-01 3.983419693362863612e+00 2.201310554664068488e-22
1.111048767146367300e-01 4.017304243549422615e+00 2.400241520226661215e-21
1.111048767146367300e-01 4.051188793735981619e+00 2.422528451526926324e-20
1.111048767146367300e-01 4.085073343922540623e+00 2.266914884445297983e-19
1.111048767146367300e-01 4.118957894109099627e+00 1.969896305996716768e-18
1.111048767146367300e-01 4.152842444295657742e+00 1.592066209096664366e-17
1.111048767146367300e-01 4.186726994482216746e+00 1.198493118244238501e-16
1.111048767146367300e-01 4.220611544668775750e+00 8.415769433633343233e-16
1.111048767146367300e-01 4.254496094855334754e+00 5.520064632418912556e-15
1.111048767146367300e-01 4.288380645041893757e+00 3.386698283039946084e-14
1.111048767146367300e-01 4.322265195228452761e+00 1.946091921405582363e-13
1.111048767146367300e-01 4.356149745415011765e+00 1.048722091134759437e-12
1.111048767146367300e-01 4.390034295601570768e+00 5.306490041001655827e-12
1.111048767146367300e-01 4.423918845788129772e+00 2.524226789617195559e-11
1.111048767146367300e-01 4.457803395974687888e+00 1.130141595667626581e-10
1.111048767146367300e-01 4.491687946161247780e+00 4.767777388571804436e-10
1.111048767146367300e-01 4.525572496347805895e+00 1.897401204120393068e-09
1.111048767146367300e-01 4.559457046534364899e+00 7.130677342131247567e-09
1.111048767146367300e-01 4.593341596720923903e+00 2.533299178412083212e-08
1.111048767146367300e-01 4.627226146907482907e+00 8.516668993530149070e-08
1.111048767146367300e-01 4.661110697094041910e+00 2.712142110827699754e-07
1.111048767146367300e-01 4.694995247280600914e+00 8.189078430075968030e-07
1.111048767146367300e-01 4.728879797467159918e+00 2.346643993665810599e-06
1.111048767146367300e-01 4.762764347653718922e+00 6.387754168930623915e-06
1.111048767146367300e-01 4.796648897840277925e+00 1.653206602481822543e-05
1.111048767146367300e-01 4.830533448026836041e+00 4.071584478775805026e-05
1.111048767146367300e-01 4.864417998213395933e+00 9.550524350348311195e-05
1.111048767146367300e-01 4.898302548399954048e+00 2.135401088576422660e-04
1.111048767146367300e-01 4.932187098586513052e+00 4.554833367160369593e-04
1.111048767146367300e-01 4.966071648773072056e+00 9.275775203124284095e-04
1.111048767146367300e-01 4.999956198959631060e+00 1.804880267728078231e-03
1.111048767146367300e-01 5.033840749146190063e+00 3.358110353072194833e-03
1.111048767146367300e-01 5.067725299332749067e+00 5.978748116483791238e-03
1.111048767146367300e-01 5.101609849519308071e+00 1.019312359782641002e-02
1.111048767146367300e-01 5.135494399705867075e+00 1.665298118692685320e-02
1.111048767146367300e-01 5.169378949892426078e+00 2.608936063863149038e-02
1.111048767146367300e-01 5.203263500078984194e+00 3.922058539976393948e-02
1.111048767146367300e-01 5.237148050265544086e+00 5.661479384621762034e-02
1.111048767146367300e-01 5.271032600452102201e+00 7.852190646109505345e-02
1.111048767146367300e-01 5.304917150638661205e+00 1.047057660056557871e-01
1.111048767146367300e-01 5.338801700825220209e+00 1.343189248738961561e-01
1.111048767146367300e-01 5.372686251011779213e+00 1.658643333049081015e-01
1.111048767146367300e-01 5.406570801198338216e+00 1.972762838340723079e-01
1.111048767146367300e-01 5.440455351384897220e+00 2.261280294019140935e-01
1.111048767146367300e-01 5.474339901571456224e+00 2.499412889210519961e-01
1.111048767146367300e-01 5.508224451758014339e+00 2.665429209188506232e-01
1.111048767146367300e-01 5.542109001944574231e+00 2.743964301177048148e-01
1.111048767146367300e-01 5.575993552131132347e+00 2.728373607803029621e-01
1.111048767146367300e-01 5.609878102317692239e+00 2.621625581057131504e-01
1.111048767146367300e-01 5.643762652504250354e+00 2.435577061551790490e-01
1.111048767146367300e-01 5.677647202690809358e+00 2.188850541565670882e-01
1.111048767146367300e-01 5.711531752877368362e+00 1.903828528018767785e-01
1.111048767146367300e-01 5.745416303063927366e+00 1.603420558930241380e-01
1.111048767146367300e-01 5.779300853250486369e+00 1.308221921248947373e-01
1.111048767146367300e-01 5.813185403437045373e+00 1.034504486207303148e-01
1.111048767146367300e-01 5.847069953623604377e+00 7.932301454852073996e-02
1.111048767146367300e-01 5.880954503810162493e+00 5.900341968209126681e-02
1.111048767146367300e-01 5.914839053996722384e+00 4.259494165109125458e-02
1.111048767146367300e-01 5.948723604183280500e+00 2.985589115976191796e-02
1.111048767146367300e-01 5.982608154369840392e+00 2.032722823003585075e-02
1.111048767146367300e-01 6.016492704556398508e+00 1.344881713567221138e-02
1.111048767146367300e-01 6.050377254742957511e+00 8.650203536055466047e-03
1.111048767146367300e-01 6.084261804929516515e+00 5.411034408054346719e-03
1.111048767146367300e-01 6.118146355116075519e+00 3.293202222529555828e-03
1.111048767146367300e-01 6.152030905302634523e+00 1.950788129226180279e-03
1.111048767146367300e-01 6.185915455489193526e+00 1.125180011148559436e-03
1.111048767146367300e-01 6.219800005675752530e+00 6.321467616670629593e-04
1.111048767146367300e-01 6.253684555862310646e+00 3.460659825400038943e-04
1.111048767146367300e-01 6.287569106048870538e+00 1.846730022789443387e-04
1.111048767146367300e-01 6.321453656235428653e+00 9.609642634313582670e-05
1.111048767146367300e-01 6.355338206421988545e+00 4.877796585370761817e-05
1.111048767146367300e-01 6.389222756608546661e+00 2.416036947003548767e-05
1.111048767146367300e-01 6.423107306795105664e+00 1.168141081773001729e-05
1.111048767146367300e-01 6.456991856981664668e+00 5.514992256513236319e-06
1.111048767146367300e-01 6.490876407168223672e+00 2.543291484207094356e-06
1.111048767146367300e-01 6.524760957354782676e+00 1.146015452045700240e-06
1.111048767146367300e-01 6.558645507541341679e+00 5.047393914111843817e-07
1.111048767146367300e-01 6.592530057727900683e+00 2.173519034825921167e-07
1.111048767146367300e-01 6.626414607914458799e+00 9.154070344653162295e-08
1.111048767146367300e-01 6.660299158101018691e+00 3.771833920395998119e-08
1.111048767146367300e-01 6.694183708287576806e+00 1.520930445624273143e-08
1.111048767146367300e-01 6.728068258474136698e+00 6.003625695434498362e-09
1.111048767146367300e-01 6.761952808660694814e+00 2.320557766750282711e-09
1.123125384180567038e-01 3.407382340191361880e+00 3.889189471640808323e-46
1.123125384180567038e-01 3.441266890377920884e+00 2.166573965568074392e-44
1.123125384180567038e-01 3.475151440564479888e+00 1.074833615414508256e-42
1.123125384180567038e-01 3.509035990751038447e+00 4.762952214730068191e-41
1.123125384180567038e-01 3.542920540937597451e+00 1.890780818092068937e-39
1.123125384180567038e-01 3.576805091124156455e+00 6.742954010627099933e-38
1.123125384180567038e-01 3.610689641310715459e+00 2.166063147256808031e-36
1.123125384180567038e-01 3.644574191497274462e+00 6.283880006318118449e-35
1.123125384180567038e-01 3.678458741683833466e+00 1.650451267705543021e-33
1.123125384180567038e-01 3.712343291870392026e+00 3.934033587589383183e-32
1.123125384180567038e-01 3.746227842056951030e+00 8.529795970417226116e-31
1.123125384180567038e-01 3.780112392243510033e+00 1.686060449025535342e-29
1.123125384180567038e-01 3.813996942430069037e+00 3.044920574704146022e-28
1.123125384180567038e-01 3.847881492616627597e+00 5.034413255153284220e-27
1.123125384180567038e-01 3.881766042803186600e+00 7.635938118752401169e-26
1.123125384180567038e-01 3.915650592989745604e+00 1.064528859615088173e-24
1.123125384180567038e-01 3.949535143176304608e+00 1.366615907701599341e-23
1.123125384180567038e-01 3.983419693362863612e+00 1.618508197062935045e-22
1.123125384180567038e-01 4.017304243549422615e+00 1.771422965866344093e-21
1.123125384180567038e-01 4.051188793735981619e+00 1.794747627940216907e-20
1.123125384180567038e-01 4.085073343922540623e+00 1.686046051216455889e-19
1.123125384180567038e-01 4.118957894109099627e+00 1.470987476839383411e-18
1.123125384180567038e-01 4.152842444295657742e+00 1.193682860178657803e-17
1.123125384180567038e-01 4.186726994482216746e+00 9.023096784639096793e-17
1.123125384180567038e-01 4.220611544668775750e+00 6.362610776955012407e-16
1.123125384180567038e-01 4.254496094855334754e+00 4.191173059414394693e-15
1.123125384180567038e-01 4.288380645041893757e+00 2.582530953417852290e-14
1.123125384180567038e-01 4.322265195228452761e+00 1.490517010293982802e-13
1.123125384180567038e-01 4.356149745415011765e+00 8.067979979693531954e-13
1.123125384180567038e-01 4.390034295601570768e+00 4.100795508456622309e-12
1.123125384180567038e-01 4.423918845788129772e+00 1.959613285547056954e-11
1.123125384180567038e-01 4.457803395974687888e+00 8.814147786615150656e-11
1.123125384180567038e-01 4.491687946161247780e+00 3.735876243181317743e-10
1.123125384180567038e-01 4.525572496347805895e+00 1.493783570099794136e-09
1.123125384180567038e-01 4.559457046534364899e+00 5.640708120525710456e-09
1.123125384180567038e-01 4.593341596720923903e+00 2.013656574519912641e-08
1.123125384180567038e-01 4.627226146907482907e+00 6.802772260208460069e-08
1.123125384180567038e-01 4.661110697094041910e+00 2.177040158373954096e-07
1.123125384180567038e-01 4.694995247280600914e+00 6.606126731011616668e-07
1.123125384180567038e-01 4.728879797467159918e+00 1.902551604456497814e-06
1.123125384180567038e-01 4.762764347653718922e+00 5.205156141290791263e-06
1.123125384180567038e-01 4.796648897840277925e+00 1.354027468607163745e-05
1.123125384180567038e-01 4.830533448026836041e+00 3.351942098354315991e-05
1.123125384180567038e-01 4.864417998213395933e+00 7.903335715862221708e-05
1.123125384180567038e-01 4.898302548399954048e+00 1.776355096654408080e-04
1.123125384180567038e-01 4.932187098586513052e+00 3.808960020365948851e-04
1.123125384180567038e-01 4.966071648773072056e+00 7.798009258542938204e-04
1.123125384180567038e-01 4.999956198959631060e+00 1.525446920130736541e-03
1.123125384180567038e-01 5.033840749146190063e+00 2.853474229929874127e-03
1.123125384180567038e-01 5.067725299332749067e+00 5.107803892061272243e-03
1.123125384180567038e-01 5.101609849519308071e+00 8.755691796467995197e-03
1.123125384180567038e-01 5.135494399705867075e+00 1.438295815907530278e-02
1.123125384180567038e-01 5.169378949892426078e+00 2.265719453476611883e-02
1.123125384180567038e-01 5.203263500078984194e+00 3.424965962559074761e-02
1.123125384180567038e-01 5.237148050265544086e+00 4.971463255804368930e-02
1.123125384180567038e-01 5.271032600452102201e+00 6.933770968125228806e-02
1.123125384180567038e-01 5.304917150638661205e+00 9.297912752533327163e-02
1.123125384180567038e-01 5.338801700825220209e+00 1.199498676434913591e-01
1.123125384180567038e-01 5.372686251011779213e+00 1.489616221030768406e-01
1.123125384180567038e-01 5.406570801198338216e+00 1.781828276413477408e-01
1.123125384180567038e-01 5.440455351384897220e+00 2.054117872664741051e-01
1.123125384180567038e-01 5.474339901571456224e+00 2.283489563319430760e-01
1.123125384180567038e-01 5.508224451758014339e+00 2.449220977923403375e-01
1.123125384180567038e-01 5.542109001944574231e+00 2.535995416924015089e-01
1.123125384180567038e-01 5.575993552131132347e+00 2.536250282419197921e-01
1.123125384180567038e-01 5.609878102317692239e+00 2.451240635773117016e-01
1.123125384180567038e-01 5.643762652504250354e+00 2.290617674096656065e-01
1.123125384180567038e-01 5.677647202690809358e+00 2.070667754727743282e-01
1.123125384180567038e-01 5.711531752877368362e+00 1.811646876029743836e-01
1.123125384180567038e-01 5.745416303063927366e+00 1.534801105307409819e-01
1.123125384180567038e-01 5.779300853250486369e+00 1.259656846154936227e-01
1.123125384180567038e-01 5.813185403437045373e+00 1.002019866282520266e-01
1.123125384180567038e-01 5.847069953623604377e+00 7.728993777901069229e-02
1.123125384180567038e-01 5.880954503810162493e+00 5.783451738722265867e-02
1.123125384180567038e-01 5.914839053996722384e+00 4.200106153965078165e-02
1.123125384180567038e-01 5.948723604183280500e+00 2.961627527082847516e-02
1.123125384180567038e-01 5.982608154369840392e+00 2.028534104544486502e-02
1.123125384180567038e-01 6.016492704556398508e+00 1.350197574065001467e-02
1.123125384180567038e-01 6.050377254742957511e+00 8.736826794829226361e-03
1.123125384180567038e-01 6.084261804929516515e+00 5.498277960587195923e-03
1.123125384180567038e-01 6.118146355116075519e+00 3.366575657141279015e-03
1.123125384180567038e-01 6.152030905302634523e+00 2.006356082586601992e-03
1.123125384180567038e-01 6.185915455489193526e+00 1.164265309214369002e-03
1.123125384180567038e-01 6.219800005675752530e+00 6.580877174573389983e-04
1.123125384180567038e-01 6.253684555862310646e+00 3.624635571115468252e-04
1.123125384180567038e-01 6.287569106048870538e+00 1.946040355545537086e-04
1.123125384180567038e-01 6.321453656235428653e+00 1.018830344471172644e-04
1.123125384180567038e-01 6.355338206421988545e+00 5.203163950317666805e-05
1.123125384180567038e-01 6.389222756608546661e+00 2.592981180962715957e-05
1.123125384180567038e-01 6.423107306795105664e+00 1.261379088918537965e-05
1.123125384180567038e-01 6.456991856981664668e+00 5.991728614716578426e-06
1.123125384180567038e-01 6.490876407168223672e+00 2.780112837059748591e-06
1.123125384180567038e-01 6.524760957354782676e+00 1.260427237510789084e-06
1.123125384180567038e-01 6.558645507541341679e+00 5.585438738602112358e-07
1.123125384180567038e-01 6.592530057727900683e+00 2.420014135402051223e-07
1.123125384180567038e-01 6.626414607914458799e+00 1.025497127749356097e-07
1.123125384180567038e-01 6.660299158101018691e+00 4.251475824611787303e-08
1.123125384180567038e-01 6.694183708287576806e+00 1.724902190774091483e-08
1.123125384180567038e-01 6.728068258474136698e+00 6.850740799166773223e-09
1.123125384180567038e-01 6.761952808660694814e+00 2.664316318243353656e-09
1.135202001214766637e-01 3.407382340191361880e+00 2.721677196936123878e-46
1.135202001214766637e-01 3.441266890377920884e+00 1.519292056859867916e-44
1.135202001214766637e-01 3.475151440564479888e+00 7.553586624192149302e-43
1.135202001214766637e-01 3.509035990751038447e+00 3.354940417278944273e-41
1.135202001214766637e-01 3.542920540937597451e+00 1.335049084505670811e-39
1.135202001214766637e-01 3.576805091124156455e+00 4.773127796213820643e-38
1.135202001214766637e-01 3.610689641310715459e+00 1.537335763560017446e-36
1.135202001214766637e-01 3.644574191497274462e+00 4.472154623182840846e-35
1.135202001214766637e-01 3.678458741683833466e+00 1.177953580206774324e-33
1.135202001214766637e-01 3.712343291870392026e+00 2.816073810235606160e-32
1.135202001214766637e-01 3.746227842056951030e+00 6.124460468091768767e-31
1.135202001214766637e-01 3.780112392243510033e+00 1.214414906390117741e-29
1.135202001214766637e-01 3.813996942430069037e+00 2.200265336467155769e-28
1.135202001214766637e-01 3.847881492616627597e+00 3.649995786078911271e-27
1.135202001214766637e-01 3.881766042803186600e+00 5.555056911682254711e-26
1.135202001214766637e-01 3.915650592989745604e+00 7.771472650919709958e-25
1.135202001214766637e-01 3.949535143176304608e+00 1.001263255443845586e-23
1.135202001214766637e-01 3.983419693362863612e+00 1.190166746848630014e-22
1.135202001214766637e-01 4.017304243549422615e+00 1.307496438559920483e-21
1.135202001214766637e-01 4.051188793735981619e+00 1.329781491672970971e-20
1.135202001214766637e-01 4.085073343922540623e+00 1.254115135306141008e-19
1.135202001214766637e-01 4.118957894109099627e+00 1.098498830511530910e-18
1.135202001214766637e-01 4.152842444295657742e+00 8.950204460322791385e-18
1.135202001214766637e-01 4.186726994482216746e+00 6.793333006529736328e-17
1.135202001214766637e-01 4.220611544668775750e+00 4.810332076726210708e-16
1.135202001214766637e-01 4.254496094855334754e+00 3.182116414874886641e-15
1.135202001214766637e-01 4.288380645041893757e+00 1.969220646756685439e-14
1.135202001214766637e-01 4.322265195228452761e+00 1.141513456710853375e-13
1.135202001214766637e-01 4.356149745415011765e+00 6.206265271662268540e-13
1.135202001214766637e-01 4.390034295601570768e+00 3.168695736199212424e-12
1.135202001214766637e-01 4.423918845788129772e+00 1.521088603527124884e-11
1.135202001214766637e-01 4.457803395974687888e+00 6.873221315311752520e-11
1.135202001214766637e-01 4.491687946161247780e+00 2.926791985407505911e-10
1.135202001214766637e-01 4.525572496347805895e+00 1.175788802093618905e-09
1.135202001214766637e-01 4.559457046534364899e+00 4.461077990969531370e-09
1.135202001214766637e-01 4.593341596720923903e+00 1.600213122228724879e-08
1.135202001214766637e-01 4.627226146907482907e+00 5.432324423516040832e-08
1.135202001214766637e-01 4.661110697094041910e+00 1.747004777875731195e-07
1.135202001214766637e-01 4.694995247280600914e+00 5.327487377249197810e-07
1.135202001214766637e-01 4.728879797467159918e+00 1.541981984278803957e-06
1.135202001214766637e-01 4.762764347653718922e+00 4.239970781994476663e-06
1.135202001214766637e-01 4.796648897840277925e+00 1.108565172546498521e-05
1.135202001214766637e-01 4.830533448026836041e+00 2.758371888249058746e-05
1.135202001214766637e-01 4.864417998213395933e+00 6.537424737756426221e-05
1.135202001214766637e-01 4.898302548399954048e+00 1.477008328941050157e-04
1.135202001214766637e-01 4.932187098586513052e+00 3.183705661556852158e-04
1.135202001214766637e-01 4.966071648773072056e+00 6.552387426983768016e-04
1.135202001214766637e-01 4.999956198959631060e+00 1.288598983084568352e-03
1.135202001214766637e-01 5.033840749146190063e+00 2.423341349518017256e-03
1.135202001214766637e-01 5.067725299332749067e+00 4.361234755590039612e-03
1.135202001214766637e-01 5.101609849519308071e+00 7.516480915685282670e-03
1.135202001214766637e-01 5.135494399705867075e+00 1.241466396403373591e-02
1.135202001214766637e-01 5.169378949892426078e+00 1.966386797103053183e-02
1.135202001214766637e-01 5.203263500078984194e+00 2.988877705977308410e-02
1.135202001214766637e-01 5.237148050265544086e+00 4.362523728210392776e-02
1.135202001214766637e-01 5.271032600452102201e+00 6.118387379856365244e-02
1.135202001214766637e-01 5.304917150638661205e+00 8.250470290741561408e-02
1.135202001214766637e-01 5.338801700825220209e+00 1.070360936033867977e-01
1.135202001214766637e-01 5.372686251011779213e+00 1.336759336743862658e-01
1.135202001214766637e-01 5.406570801198338216e+00 1.608065725650272559e-01
1.135202001214766637e-01 5.440455351384897220e+00 1.864373133649204484e-01
1.135202001214766637e-01 5.474339901571456224e+00 2.084424160298923023e-01
1.135202001214766637e-01 5.508224451758014339e+00 2.248559380449142997e-01
1.135202001214766637e-01 5.542109001944574231e+00 2.341658598985047746e-01
1.135202001214766637e-01 5.575993552131132347e+00 2.355456128906831814e-01
1.135202001214766637e-01 5.609878102317692239e+00 2.289736008476564444e-01
1.135202001214766637e-01 5.643762652504250354e+00 2.152172475176349631e-01
1.135202001214766637e-01 5.677647202690809358e+00 1.956897246269630186e-01
1.135202001214766637e-01 5.711531752877368362e+00 1.722154547302527094e-01
1.135202001214766637e-01 5.745416303063927366e+00 1.467571224861766443e-01
1.135202001214766637e-01 5.779300853250486369e+00 1.211588369807539423e-01
1.135202001214766637e-01 5.813185403437045373e+00 9.694867981781660204e-02
1.135202001214766637e-01 5.847069953623604377e+00 7.522426113547690807e-02
1.135202001214766637e-01 5.880954503810162493e+00 5.662365529101947431e-02
1.135202001214766637e-01 5.914839053996722384e+00 4.136690236255691905e-02
1.135202001214766637e-01 5.948723604183280500e+00 2.934343766735792586e-02
1.135202001214766637e-01 5.982608154369840392e+00 2.021884276292301372e-02
1.135202001214766637e-01 6.016492704556398508e+00 1.353848551601506689e-02
1.135202001214766637e-01 6.050377254742957511e+00 8.813133876143946360e-03
1.135202001214766637e-01 6.084261804929516515e+00 5.579715617185299244e-03
1.135202001214766637e-01 6.118146355116075519e+00 3.437059832557322250e-03
1.135202001214766637e-01 6.152030905302634523e+00 2.060745859169795750e-03
1.135202001214766637e-01 6.185915455489193526e+00 1.203068132919028277e-03
1.135202001214766637e-01 6.219800005675752530e+00 6.841444320569306254e-04
1.135202001214766637e-01 6.253684555862310646e+00 3.791034883552191572e-04
1.135202001214766637e-01 6.287569106048870538e+00 2.047755718774572041e-04
1.135202001214766637e-01 6.321453656235428653e+00 1.078609601902944085e-04
1.135202001214766637e-01 6.355338206421988545e+00 5.542032184566833590e-05
1.135202001214766637e-01 6.389222756608546661e+00 2.778707445168823975e-05
1.135202001214766637e-01 6.423107306795105664e+00 1.359983408901595905e-05
1.135202001214766637e-01 6.456991856981664668e+00 6.499606025318728901e-06
1.135202001214766637e-01 6.490876407168223672e+00 3.034215526073501593e-06
1.135202001214766637e-01 6.524760957354782676e+00 1.384053507534747806e-06
1.135202001214766637e-01 6.558645507541341679e+00 6.170854248698209386e-07
1.135202001214766637e-01 6.592530057727900683e+00 2.690050299700683127e-07
1.135202001214766637e-01 6.626414607914458799e+00 1.146919316086094847e-07
1.135202001214766637e-01 6.660299158101018691e+00 4.784045345619066274e-08
1.135202001214766637e-01 6.694183708287576806e+00 1.952892127898205740e-08
1.135202001214766637e-01 6.728068258474136698e+00 7.803876693764855152e-09
1.135202001214766637e-01 6.761952808660694814e+00 3.053644160564260982e-09
1.147278618248966237e-01 3.407382340191361880e+00 1.905411906722580351e-46
1.147278618248966237e-01 3.441266890377920884e+00 1.065806603677072104e-44
1.147278618248966237e-01 3.475151440564479888e+00 5.310421470264610451e-43
1.147278618248966237e-01 3.509035990751038447e+00 2.364021314126158771e-41
1.147278618248966237e-01 3.542920540937597451e+00 9.429859821383264479e-40
1.147278618248966237e-01 3.576805091124156455e+00 3.379882838710059220e-38
1.147278618248966237e-01 3.610689641310715459e+00 1.091454478813737274e-36
1.147278618248966237e-01 3.644574191497274462e+00 3.183745813285626858e-35
1.147278618248966237e-01 3.678458741683833466e+00 8.409680190737124562e-34
1.147278618248966237e-01 3.712343291870392026e+00 2.016363576475160533e-32
1.147278618248966237e-01 3.746227842056951030e+00 4.398541610429610586e-31
1.147278618248966237e-01 3.780112392243510033e+00 8.749140421694183317e-30
1.147278618248966237e-01 3.813996942430069037e+00 1.590270525092333762e-28
1.147278618248966237e-01 3.847881492616627597e+00 2.646824177160579468e-27
1.147278618248966237e-01 3.881766042803186600e+00 4.041997806512707443e-26
1.147278618248966237e-01 3.915650592989745604e+00 5.674436425751031056e-25
1.147278618248966237e-01 3.949535143176304608e+00 7.336950015852655221e-24
1.147278618248966237e-01 3.983419693362863612e+00 8.753021867651696916e-23
1.147278618248966237e-01 4.017304243549422615e+00 9.651787375538489834e-22
1.147278618248966237e-01 4.051188793735981619e+00 9.853663893887604138e-21
1.147278618248966237e-01 4.085073343922540623e+00 9.329049855394431329e-20
1.147278618248966237e-01 4.118957894109099627e+00 8.203772444594770478e-19
1.147278618248966237e-01 4.152842444295657742e+00 6.711067224776583032e-18
1.147278618248966237e-01 4.186726994482216746e+00 5.114650681643162303e-17
1.147278618248966237e-01 4.220611544668775750e+00 3.636734544062150980e-16
1.147278618248966237e-01 4.254496094855334754e+00 2.415929963771717341e-15
1.147278618248966237e-01 4.288380645041893757e+00 1.501488151665635829e-14
1.147278618248966237e-01 4.322265195228452761e+00 8.741674119618076580e-14
1.147278618248966237e-01 4.356149745415011765e+00 4.773710191808359890e-13
1.147278618248966237e-01 4.390034295601570768e+00 2.448182543966183965e-12
1.147278618248966237e-01 4.423918845788129772e+00 1.180538206936288521e-11
1.147278618248966237e-01 4.457803395974687888e+00 5.358857676136355521e-11
1.147278618248966237e-01 4.491687946161247780e+00 2.292522247502917717e-10
1.147278618248966237e-01 4.525572496347805895e+00 9.253023300572239805e-10
1.147278618248966237e-01 4.559457046534364899e+00 3.527353684954710621e-09
1.147278618248966237e-01 4.593341596720923903e+00 1.271345258603135775e-08
1.147278618248966237e-01 4.627226146907482907e+00 4.336795282894831030e-08
1.147278618248966237e-01 4.661110697094041910e+00 1.401507258600127780e-07
1.147278618248966237e-01 4.694995247280600914e+00 4.294985139099350238e-07
1.147278618248966237e-01 4.728879797467159918e+00 1.249326401980201983e-06
1.147278618248966237e-01 4.762764347653718922e+00 3.452516349638653411e-06
1.147278618248966237e-01 4.796648897840277925e+00 9.072536790998404305e-06
1.147278618248966237e-01 4.830533448026836041e+00 2.268991228527897263e-05
1.147278618248966237e-01 4.864417998213395933e+00 5.405259696960509338e-05
1.147278618248966237e-01 4.898302548399954048e+00 1.227551049771868550e-04
1.147278618248966237e-01 4.932187098586513052e+00 2.659822796092153408e-04
1.147278618248966237e-01 4.966071648773072056e+00 5.502987159869461185e-04
1.147278618248966237e-01 4.999956198959631060e+00 1.087956076878337846e-03
1.147278618248966237e-01 5.033840749146190063e+00 2.056922296822646413e-03
1.147278618248966237e-01 5.067725299332749067e+00 3.721663545661417147e-03
1.147278618248966237e-01 5.101609849519308071e+00 6.448827590347348121e-03
1.147278618248966237e-01 5.135494399705867075e+00 1.070911385301329816e-02
1.147278618248966237e-01 5.169378949892426078e+00 1.705506059151648546e-02
1.147278618248966237e-01 5.203263500078984194e+00 2.606580872923515077e-02
1.147278618248966237e-01 5.237148050265544086e+00 3.825535198640460377e-02
1.147278618248966237e-01 5.271032600452102201e+00 5.395043232776524506e-02
1.147278618248966237e-01 5.304917150638661205e+00 7.315635576395104755e-02
1.147278618248966237e-01 5.338801700825220209e+00 9.544001110758541795e-02
1.147278618248966237e-01 5.372686251011779213e+00 1.198647377195417307e-01
1.147278618248966237e-01 5.406570801198338216e+00 1.450075942068840273e-01
1.147278618248966237e-01 5.440455351384897220e+00 1.690748201179589905e-01
1.147278618248966237e-01 5.474339901571456224e+00 1.901084446632070879e-01
1.147278618248966237e-01 5.508224451758014339e+00 2.062522117490849238e-01
1.147278618248966237e-01 5.542109001944574231e+00 2.160260753440727821e-01
1.147278618248966237e-01 5.575993552131132347e+00 2.185521288017790442e-01
1.147278618248966237e-01 5.609878102317692239e+00 2.136838106268864612e-01
1.147278618248966237e-01 5.643762652504250354e+00 2.020123465385406936e-01
1.147278618248966237e-01 5.677647202690809358e+00 1.847530606008224718e-01
1.147278618248966237e-01 5.711531752877368362e+00 1.635408931116378306e-01
1.147278618248966237e-01 5.745416303063927366e+00 1.401817903188981862e-01
1.147278618248966237e-01 5.779300853250486369e+00 1.164107109991135702e-01
1.147278618248966237e-01 5.813185403437045373e+00 9.369839506202842783e-02
1.147278618248966237e-01 5.847069953623604377e+00 7.313197218150506440e-02
1.147278618248966237e-01 5.880954503810162493e+00 5.537487761333051428e-02
1.147278618248966237e-01 5.914839053996722384e+00 4.069485954725144544e-02
1.147278618248966237e-01 5.948723604183280500e+00 2.903856193528223106e-02
1.147278618248966237e-01 5.982608154369840392e+00 2.012813775750778647e-02
1.147278618248966237e-01 6.016492704556398508e+00 1.355832199394151755e-02
1.147278618248966237e-01 6.050377254742957511e+00 8.878915097443059942e-03
1.147278618248966237e-01 6.084261804929516515e+00 5.655098182680183376e-03
1.147278618248966237e-01 6.118146355116075519e+00 3.504437794915750415e-03
1.147278618248966237e-01 6.152030905302634523e+00 2.113796955765412811e-03
1.147278618248966237e-01 6.185915455489193526e+00 1.241483011954715686e-03
1.147278618248966237e-01 6.219800005675752530e+00 7.102545203894379284e-04
1.147278618248966237e-01 6.253684555862310646e+00 3.959527300898077625e-04
1.147278618248966237e-01 6.287569106048870538e+00 2.151723867486338160e-04
1.147278618248966237e-01 6.321453656235428653e+00 1.140246529036438469e-04
1.147278618248966237e-01 6.355338206421988545e+00 5.894305628123069446e-05
1.147278618248966237e-01 6.389222756608546661e+00 2.973297698841889647e-05
1.147278618248966237e-01 6.423107306795105664e+00 1.464076492123854797e-05
1.147278618248966237e-01 6.456991856981664668e+00 7.039700737461289212e-06
1.147278618248966237e-01 6.490876407168223672e+00 3.306380403720772493e-06
1.147278618248966237e-01 6.524760957354782676e+00 1.517401545132183371e-06
1.147278618248966237e-01 6.558645507541341679e+00 6.806690579269172468e-07
1.147278618248966237e-01 6.592530057727900683e+00 2.985354001868714704e-07
1.147278618248966237e-01 6.626414607914458799e+00 1.280602868614908220e-07
1.147278618248966237e-01 6.660299158101018691e+00 5.374329931271807861e-08
1.147278618248966237e-01 6.694183708287576806e+00 2.207271780241513038e-08
1.147278618248966237e-01 6.728068258474136698e+00 8.874366933464963226e-09
1.147278618248966237e-01 6.761952808660694814e+00 3.493780130395448029e-09
1.159355235283165975e-01 3.407382340191361880e+00 1.334480677499167584e-46
1.159355235283165975e-01 3.441266890377920884e+00 7.479652769400731587e-45
1.159355235283165975e-01 3.475151440564479888e+00 3.734781168223385018e-43
1.159355235283165975e-01 3.509035990751038447e+00 1.666374586638852652e-41
1.159355235283165975e-01 3.542920540937597451e+00 6.662879688384751654e-40
1.159355235283165975e-01 3.576805091124156455e+00 2.394102909481162317e-38
1.159355235283165975e-01 3.610689641310715459e+00 7.751375277518901301e-37
1.159355235283165975e-01 3.644574191497274462e+00 2.267199123941640366e-35
1.159355235283165975e-01 3.678458741683833466e+00 6.005563526261963916e-34
1.159355235283165975e-01 3.712343291870392026e+00 1.444141460516520637e-32
1.159355235283165975e-01 3.746227842056951030e+00 3.159792676980753448e-31
1.159355235283165975e-01 3.780112392243510033e+00 6.304715115248925599e-30
1.159355235283165975e-01 3.813996942430069037e+00 1.149638651672815285e-28
1.159355235283165975e-01 3.847881492616627597e+00 1.919750007701680042e-27
1.159355235283165975e-01 3.881766042803186600e+00 2.941594503009401950e-26
1.159355235283165975e-01 3.915650592989745604e+00 4.143940339340205889e-25
1.159355235283165975e-01 3.949535143176304608e+00 5.377076722890007838e-24
1.159355235283165975e-01 3.983419693362863612e+00 6.438186028536940558e-23
1.159355235283165975e-01 4.017304243549422615e+00 7.125610445902578404e-22
1.159355235283165975e-01 4.051188793735981619e+00 7.302204271270032919e-21
1.159355235283165975e-01 4.085073343922540623e+00 6.940132348783940229e-20
1.159355235283165975e-01 4.118957894109099627e+00 6.127021415397260722e-19
1.159355235283165975e-01 4.152842444295657742e+00 5.032263303915306791e-18
1.159355235283165975e-01 4.186726994482216746e+00 3.850821921353813404e-17
1.159355235283165975e-01 4.220611544668775750e+00 2.749436429000797041e-16
1.159355235283165975e-01 4.254496094855334754e+00 1.834168440537742288e-15
1.159355235283165975e-01 4.288380645041893757e+00 1.144793127291567526e-14
1.159355235283165975e-01 4.322265195228452761e+00 6.693860478845153254e-14
1.159355235283165975e-01 4.356149745415011765e+00 3.671478960387677105e-13
1.159355235283165975e-01 4.390034295601570768e+00 1.891285396315767725e-12
1.159355235283165975e-01 4.423918845788129772e+00 9.161071225527137971e-12
1.159355235283165975e-01 4.457803395974687888e+00 4.177489717679216639e-11
1.159355235283165975e-01 4.491687946161247780e+00 1.795382802901566287e-10
1.159355235283165975e-01 4.525572496347805895e+00 7.280316460573073303e-10
1.159355235283165975e-01 4.559457046534364899e+00 2.788437228356472158e-09
1.159355235283165975e-01 4.593341596720923903e+00 1.009815910888113045e-08
1.159355235283165975e-01 4.627226146907482907e+00 3.461269873918468569e-08
1.159355235283165975e-01 4.661110697094041910e+00 1.124009992741787266e-07
1.159355235283165975e-01 4.694995247280600914e+00 3.461502590256126344e-07
1.159355235283165975e-01 4.728879797467159918e+00 1.011874024727753350e-06
1.159355235283165975e-01 4.762764347653718922e+00 2.810299746795988774e-06
1.159355235283165975e-01 4.796648897840277925e+00 7.422160389731541751e-06
1.159355235283165975e-01 4.830533448026836041e+00 1.865679057786100460e-05
1.159355235283165975e-01 4.864417998213395933e+00 4.467252945879542531e-05
1.159355235283165975e-01 4.898302548399954048e+00 1.019765370047582886e-04
1.159355235283165975e-01 4.932187098586513052e+00 2.221091809228749726e-04
1.159355235283165975e-01 4.966071648773072056e+00 4.619355086520543019e-04
1.159355235283165975e-01 4.999956198959631060e+00 9.180762128341716025e-04
1.159355235283165975e-01 5.033840749146190063e+00 1.744957394479914117e-03
1.159355235283165975e-01 5.067725299332749067e+00 3.174082660861159578e-03
1.159355235283165975e-01 5.101609849519308071e+00 5.529556053564027920e-03
1.159355235283165975e-01 5.135494399705867075e+00 9.232199650215093534e-03
1.159355235283165975e-01 5.169378949892426078e+00 1.478292745529156786e-02
1.159355235283165975e-01 5.203263500078984194e+00 2.271678600705268752e-02
1.159355235283165975e-01 5.237148050265544086e+00 3.352347082974667380e-02
1.159355235283165975e-01 5.271032600452102201e+00 4.753844823051612406e-02
1.159355235283165975e-01 5.304917150638661205e+00 6.481973700267808225e-02
1.159355235283165975e-01 5.338801700825220209e+00 8.503589298102535998e-02
1.159355235283165975e-01 5.372686251011779213e+00 1.073966992106129142e-01
1.159355235283165975e-01 5.406570801198338216e+00 1.306557995116517101e-01
1.159355235283165975e-01 5.440455351384897220e+00 1.532024581215694903e-01
1.159355235283165975e-01 5.474339901571456224e+00 1.732395823010469127e-01
1.159355235283165975e-01 5.508224451758014339e+00 1.890222741860220212e-01
1.159355235283165975e-01 5.542109001944574231e+00 1.991125336816357005e-01
1.159355235283165975e-01 5.575993552131132347e+00 2.025977412103499020e-01
1.159355235283165975e-01 5.609878102317692239e+00 1.992264875768255949e-01
1.159355235283165975e-01 5.643762652504250354e+00 1.894339118878211325e-01
1.159355235283165975e-01 5.677647202690809358e+00 1.742544842035093633e-01
1.159355235283165975e-01 5.711531752877368362e+00 1.551454506851488169e-01
1.159355235283165975e-01 5.745416303063927366e+00 1.337618293494502453e-01
1.159355235283165975e-01 5.779300853250486369e+00 1.117297240671013131e-01
1.159355235283165975e-01 5.813185403437045373e+00 9.045865166305017135e-02
1.159355235283165975e-01 5.847069953623604377e+00 7.101893007799651991e-02
1.159355235283165975e-01 5.880954503810162493e+00 5.409223621002649807e-02
1.159355235283165975e-01 5.914839053996722384e+00 3.998740241024811154e-02
1.159355235283165975e-01 5.948723604183280500e+00 2.870292323848496266e-02
1.159355235283165975e-01 5.982608154369840392e+00 2.001371211921803769e-02
1.159355235283165975e-01 6.016492704556398508e+00 1.356152135943605556e-02
1.159355235283165975e-01 6.050377254742957511e+00 8.933999540718714355e-03
1.159355235283165975e-01 6.084261804929516515e+00 5.724197607699975723e-03
1.159355235283165975e-01 6.118146355116075519e+00 3.568501794797375015e-03
1.159355235283165975e-01 6.152030905302634523e+00 2.165351175669460136e-03
1.159355235283165975e-01 6.185915455489193526e+00 1.279403515917419167e-03
1.159355235283165975e-01 6.219800005675752530e+00 7.363535773319829225e-04
1.159355235283165975e-01 6.253684555862310646e+00 4.129762685281381050e-04
1.159355235283165975e-01 6.287569106048870538e+00 2.257777561994111170e-04
1.159355235283165975e-01 6.321453656235428653e+00 1.203675773853430905e-04
1.159355235283165975e-01 6.355338206421988545e+00 6.259831261118834552e-05
1.159355235283165975e-01 6.389222756608546661e+00 3.176804172985484665e-05
1.159355235283165975e-01 6.423107306795105664e+00 1.573767395073318140e-05
1.159355235283165975e-01 6.456991856981664668e+00 7.613040641671667626e-06
1.159355235283165975e-01 6.490876407168223672e+00 3.597378980333237633e-06
1.159355235283165975e-01 6.524760957354782676e+00 1.660983705674052866e-06
1.159355235283165975e-01 6.558645507541341679e+00 7.496079663587827024e-07
1.159355235283165975e-01 6.592530057727900683e+00 3.307722175904400772e-07
1.159355235283165975e-01 6.626414607914458799e+00 1.427526384298931146e-07
1.159355235283165975e-01 6.660299158101018691e+00 6.027424541795471264e-08
1.159355235283165975e-01 6.694183708287576806e+00 2.490589604742254385e-08
1.159355235283165975e-01 6.728068258474136698e+00 1.007450195100156859e-08
1.159355235283165975e-01 6.761952808660694814e+00 3.990454691219925154e-09
1.171431852317365574e-01 3.407382340191361880e+00 9.349822011549545090e-47
1.171431852317365574e-01 3.441266890377920884e+00 5.251059378681874486e-45
1.171431852317365574e-01 3.475151440564479888e+00 2.627594732295189917e-43
1.171431852317365574e-01 3.509035990751038447e+00 1.175020109106384959e-41
1.171431852317365574e-01 3.542920540937597451e+00 4.709385874251184765e-40
1.171431852317365574e-01 3.576805091124156455e+00 1.696381386705417660e-38
1.171431852317365574e-01 3.610689641310715459e+00 5.506620677451542200e-37
1.171431852317365574e-01 3.644574191497274462e+00 1.614982273568513594e-35
1.171431852317365574e-01 3.678458741683833466e+00 4.289910560048063995e-34
1.171431852317365574e-01 3.712343291870392026e+00 1.034579840596155905e-32
1.171431852317365574e-01 3.746227842056951030e+00 2.270465354059528179e-31
1.171431852317365574e-01 3.780112392243510033e+00 4.544277220532090791e-30
1.171431852317365574e-01 3.813996942430069037e+00 8.312730079355166939e-29
1.171431852317365574e-01 3.847881492616627597e+00 1.392671836668050347e-27
1.171431852317365574e-01 3.881766042803186600e+00 2.141146965644150824e-26
1.171431852317365574e-01 3.915650592989745604e+00 3.026728499456940049e-25
1.171431852317365574e-01 3.949535143176304608e+00 3.941288778840389037e-24
1.171431852317365574e-01 3.983419693362863612e+00 4.736116647190511224e-23
1.171431852317365574e-01 4.017304243549422615e+00 5.261161756873080210e-22
1.171431852317365574e-01 4.051188793735981619e+00 5.411868424046556868e-21
1.171431852317365574e-01 4.085073343922540623e+00 5.163292947776906707e-20
1.171431852317365574e-01 4.118957894109099627e+00 4.576204400621711227e-19
1.171431852317365574e-01 4.152842444295657742e+00 3.773521178686340937e-18
1.171431852317365574e-01 4.186726994482216746e+00 2.899305005983253275e-17
1.171431852317365574e-01 4.220611544668775750e+00 2.078595703063226450e-16
1.171431852317365574e-01 4.254496094855334754e+00 1.392449689553894260e-15
1.171431852317365574e-01 4.288380645041893757e+00 8.727876817866441981e-15
1.171431852317365574e-01 4.322265195228452761e+00 5.125381271973877739e-14
1.171431852317365574e-01 4.356149745415011765e+00 2.823478098645925749e-13
1.171431852317365574e-01 4.390034295601570768e+00 1.460896868437255425e-12
1.171431852317365574e-01 4.423918845788129772e+00 7.108082303360580228e-12
1.171431852317365574e-01 4.457803395974687888e+00 3.256036173844644427e-11
1.171431852317365574e-01 4.491687946161247780e+00 1.405794536815147093e-10
1.171431852317365574e-01 4.525572496347805895e+00 5.727020110814810140e-10
1.171431852317365574e-01 4.559457046534364899e+00 2.203814752771894565e-09
1.171431852317365574e-01 4.593341596720923903e+00 8.018879813418148627e-09
1.171431852317365574e-01 4.627226146907482907e+00 2.761755239926265034e-08
1.171431852317365574e-01 4.661110697094041910e+00 9.011944660043129984e-08
1.171431852317365574e-01 4.694995247280600914e+00 2.788890548712894702e-07
1.171431852317365574e-01 4.728879797467159918e+00 8.192775166093905520e-07
1.171431852317365574e-01 4.762764347653718922e+00 2.286724300506742237e-06
1.171431852317365574e-01 4.796648897840277925e+00 6.069687845719166913e-06
1.171431852317365574e-01 4.830533448026836041e+00 1.533435824370301567e-05
1.171431852317365574e-01 4.864417998213395933e+00 3.690448599592300054e-05
1.171431852317365574e-01 4.898302548399954048e+00 8.467703659097123594e-05
1.171431852317365574e-01 4.932187098586513052e+00 1.853851894868550410e-04
1.171431852317365574e-01 4.966071648773072056e+00 3.875688901092088062e-04
1.171431852317365574e-01 4.999956198959631060e+00 7.743205601597270881e-04
1.171431852317365574e-01 5.033840749146190063e+00 1.479504863983470680e-03
1.171431852317365574e-01 5.067725299332749067e+00 2.705539677655144967e-03
1.171431852317365574e-01 5.101609849519308071e+00 4.738536345873818091e-03
1.171431852317365574e-01 5.135494399705867075e+00 7.954102362117857622e-03
1.171431852317365574e-01 5.169378949892426078e+00 1.280536103423748732e-02
1.171431852317365574e-01 5.203263500078984194e+00 1.978502596729738924e-02
1.171431852317365574e-01 5.237148050265544086e+00 2.935686290554511552e-02
1.171431852317365574e-01 5.271032600452102201e+00 4.185899474283198696e-02
1.171431852317365574e-01 5.304917150638661205e+00 5.739129244902591021e-02
1.171431852317365574e-01 5.338801700825220209e+00 7.570898456938160437e-02
1.171431852317365574e-01 5.372686251011779213e+00 9.615095027143083506e-02
1.171431852317365574e-01 5.406570801198338216e+00 1.176304038097810700e-01
1.171431852317365574e-01 5.440455351384897220e+00 1.387060103511440490e-01
1.171431852317365574e-01 5.474339901571456224e+00 1.577340257965414994e-01
1.171431852317365574e-01 5.508224451758014339e+00 1.730811163243711759e-01
1.171431852317365574e-01 5.542109001944574231e+00 1.833593877710475717e-01
1.171431852317365574e-01 5.575993552131132347e+00 1.876359637105098621e-01
1.171431852317365574e-01 5.609878102317692239e+00 1.855727751010360638e-01
1.171431852317365574e-01 5.643762652504250354e+00 1.774675988302517327e-01
1.171431852317365574e-01 5.677647202690809358e+00 1.641903494639935235e-01
1.171431852317365574e-01 5.711531752877368362e+00 1.470323464078222564e-01
1.171431852317365574e-01 5.745416303063927366e+00 1.275039935711707595e-01
1.171431852317365574e-01 5.779300853250486369e+00 1.071236444312821667e-01
1.171431852317365574e-01 5.813185403437045373e+00 8.723660301647480353e-02
1.171431852317365574e-01 5.847069953623604377e+00 6.889084379509302636e-02
1.171431852317365574e-01 5.880954503810162493e+00 5.277977152948168382e-02
1.171431852317365574e-01 5.914839053996722384e+00 3.924706051456701428e-02
1.171431852317365574e-01 5.948723604183280500e+00 2.833788024263558109e-02
1.171431852317365574e-01 5.982608154369840392e+00 1.987612998181113866e-02
1.171431852317365574e-01 6.016492704556398508e+00 1.354817962709408199e-02
1.171431852317365574e-01 6.050377254742957511e+00 8.978255694990231253e-03
1.171431852317365574e-01 6.084261804929516515e+00 5.786808127165623573e-03
1.171431852317365574e-01 6.118146355116075519e+00 3.629054375716211662e-03
1.171431852317365574e-01 6.152030905302634523e+00 2.215253443628193569e-03
1.171431852317365574e-01 6.185915455489193526e+00 1.316722767395070437e-03
1.171431852317365574e-01 6.219800005675752530e+00 7.623754503205467260e-04
1.171431852317365574e-01 6.253684555862310646e+00 4.301372374227120025e-04
1.171431852317365574e-01 6.287569106048870538e+00 2.365734853314233380e-04
1.171431852317365574e-01 6.321453656235428653e+00 1.268822040147993399e-04
1.171431852317365574e-01 6.355338206421988545e+00 6.638396601570448587e-05
1.171431852317365574e-01 6.389222756608546661e+00 3.389247410394323820e-05
1.171431852317365574e-01 6.423107306795105664e+00 1.689150363258964718e-05
1.171431852317365574e-01 6.456991856981664668e+00 8.220596491353868119e-06
1.171431852317365574e-01 6.490876407168223672e+00 3.907968627858629162e-06
1.171431852317365574e-01 6.524760957354782676e+00 1.815315107841068635e-06
1.171431852317365574e-01 6.558645507541341679e+00 8.242225762342293115e-07
1.171431852317365574e-01 6.592530057727900683e+00 3.659019295727640730e-07
1.171431852317365574e-01 6.626414607914458799e+00 1.588717553124349908e-07
1.171431852317365574e-01 6.660299158101018691e+00 6.748737523844836195e-08
1.171431852317365574e-01 6.694183708287576806e+00 2.805577580739436724e-08
1.171431852317365574e-01 6.728068258474136698e+00 1.141757902166454833e-08
1.171431852317365574e-01 6.761952808660694814e+00 4.549922025864025475e-09
1.183508469351565173e-01 3.407382340191361880e+00 6.553278015793097743e-47
1.183508469351565173e-01 3.441266890377920884e+00 3.687835384838233687e-45
1.183508469351565173e-01 3.475151440564479888e+00 1.849291560175673898e-43
1.183508469351565173e-01 3.509035990751038447e+00 8.288314111580408274e-42
1.183508469351565173e-01 3.542920540937597451e+00 3.329730308130874642e-40
1.183508469351565173e-01 3.576805091124156455e+00 1.202377091412110911e-38
1.183508469351565173e-01 3.610689641310715459e+00 3.913108633867928302e-37
1.183508469351565173e-01 3.644574191497274462e+00 1.150720486732869648e-35
1.183508469351565173e-01 3.678458741683833466e+00 3.065209497265249716e-34
1.183508469351565173e-01 3.712343291870392026e+00 7.413597863193832901e-33
1.183508469351565173e-01 3.746227842056951030e+00 1.631830419502068770e-31
1.183508469351565173e-01 3.780112392243510033e+00 3.276128861913478196e-30
1.183508469351565173e-01 3.813996942430069037e+00 6.011953420575897402e-29
1.183508469351565173e-01 3.847881492616627597e+00 1.010497310197241183e-27
1.183508469351565173e-01 3.881766042803186600e+00 1.558780294348505076e-26
1.183508469351565173e-01 3.915650592989745604e+00 2.211060159788872490e-25
1.183508469351565173e-01 3.949535143176304608e+00 2.889280013421717845e-24
1.183508469351565173e-01 3.983419693362863612e+00 3.484437795051970489e-23
1.183508469351565173e-01 4.017304243549422615e+00 3.884943176611152634e-22
1.183508469351565173e-01 4.051188793735981619e+00 4.011213533907232993e-21
1.183508469351565173e-01 4.085073343922540623e+00 3.841606090183937183e-20
1.183508469351565173e-01 4.118957894109099627e+00 3.418063479298941639e-19
1.183508469351565173e-01 4.152842444295657742e+00 2.829700415951853891e-18
1.183508469351565173e-01 4.186726994482216746e+00 2.182911082744926762e-17
1.183508469351565173e-01 4.220611544668775750e+00 1.571409525839399295e-16
1.183508469351565173e-01 4.254496094855334754e+00 1.057070796175955634e-15
1.183508469351565173e-01 4.288380645041893757e+00 6.653737041299232278e-15
1.183508469351565173e-01 4.322265195228452761e+00 3.924119379487209948e-14
1.183508469351565173e-01 4.356149745415011765e+00 2.171127438269166034e-13
1.183508469351565173e-01 4.390034295601570768e+00 1.128315320864920998e-12
1.183508469351565173e-01 4.423918845788129772e+00 5.514395693039612754e-12
1.183508469351565173e-01 4.457803395974687888e+00 2.537424483161775094e-11
1.183508469351565173e-01 4.491687946161247780e+00 1.100544053327274566e-10
1.183508469351565173e-01 4.525572496347805895e+00 4.504209709392869128e-10
1.183508469351565173e-01 4.559457046534364899e+00 1.741371118414914097e-09
1.183508469351565173e-01 4.593341596720923903e+00 6.366163289599766842e-09
1.183508469351565173e-01 4.627226146907482907e+00 2.203017608271278310e-08
1.183508469351565173e-01 4.661110697094041910e+00 7.223378119674184796e-08
1.183508469351565173e-01 4.694995247280600914e+00 2.246271012364145051e-07
1.183508469351565173e-01 4.728879797467159918e+00 6.631165025819273989e-07
1.183508469351565173e-01 4.762764347653718922e+00 1.860027967084036995e-06
1.183508469351565173e-01 4.796648897840277925e+00 4.961775799836881746e-06
1.183508469351565173e-01 4.830533448026836041e+00 1.259851181667697185e-05
1.183508469351565173e-01 4.864417998213395933e+00 3.047424338592988601e-05
1.183508469351565173e-01 4.898302548399954048e+00 7.028074266044802927e-05
1.183508469351565173e-01 4.932187098586513052e+00 1.546603452319629036e-04
1.183508469351565173e-01 4.966071648773072056e+00 3.250139281597133395e-04
1.183508469351565173e-01 4.999956198959631060e+00 6.527372656081614636e-04
1.183508469351565173e-01 5.033840749146190063e+00 1.253757552892185252e-03
1.183508469351565173e-01 5.067725299332749067e+00 2.304863386845199414e-03
1.183508469351565173e-01 5.101609849519308071e+00 4.058296422946449863e-03
1.183508469351565173e-01 5.135494399705867075e+00 6.848772394619921308e-03
1.183508469351565173e-01 5.169378949892426078e+00 1.108533275720343519e-02
1.183508469351565173e-01 5.203263500078984194e+00 1.722034416578056143e-02
1.183508469351565173e-01 5.237148050265544086e+00 2.569068617267743215e-02
1.183508469351565173e-01 5.271032600452102201e+00 3.683221979530925533e-02
1.183508469351565173e-01 5.304917150638661205e+00 5.077734117788186563e-02
1.183508469351565173e-01 5.338801700825220209e+00 6.735466387090856266e-02
1.183508469351565173e-01 5.372686251011779213e+00 8.601639254715313931e-02
1.183508469351565173e-01 5.406570801198338216e+00 1.058194171819400176e-01
1.183508469351565173e-01 5.440455351384897220e+00 1.254785781209331319e-01
1.183508469351565173e-01 5.474339901571456224e+00 1.434955021392843866e-01
1.183508469351565173e-01 5.508224451758014339e+00 1.583473900920618904e-01
1.183508469351565173e-01 5.542109001944574231e+00 1.687027253311445540e-01
1.183508469351565173e-01 5.575993552131132347e+00 1.736208357923630652e-01
1.183508469351565173e-01 5.609878102317692239e+00 1.726933472921514667e-01
1.183508469351565173e-01 5.643762652504250354e+00 1.660980249144257681e-01
1.183508469351565173e-01 5.677647202690809358e+00 1.545557743238867854e-01
1.183508469351565173e-01 5.711531752877368362e+00 1.392036348869466478e-01
1.183508469351565173e-01 5.745416303063927366e+00 1.214141015385520467e-01
1.183508469351565173e-01 5.779300853250486369e+00 1.025995902862902875e-01
1.183508469351565173e-01 5.813185403437045373e+00 8.403902121729216190e-02
1.183508469351565173e-01 5.847069953623604377e+00 6.675325210535942855e-02
1.183508469351565173e-01 5.880954503810162493e+00 5.144149433670729132e-02
1.183508469351565173e-01 5.914839053996722384e+00 3.847641010235105380e-02
1.183508469351565173e-01 5.948723604183280500e+00 2.794486675450590443e-02
1.183508469351565173e-01 5.982608154369840392e+00 1.971602946147063551e-02
1.183508469351565173e-01 6.016492704556398508e+00 1.351845147162309031e-02
1.183508469351565173e-01 6.050377254742957511e+00 9.011591855975723681e-03
1.183508469351565173e-01 6.084261804929516515e+00 5.842747260813116461e-03
1.183508469351565173e-01 6.118146355116075519e+00 3.685909403608165352e-03
1.183508469351565173e-01 6.152030905302634523e+00 2.263352609424344481e-03
1.183508469351565173e-01 6.185915455489193526e+00 1.353333965910817008e-03
1.183508469351565173e-01 6.219800005675752530e+00 7.882525288469109529e-04
1.183508469351565173e-01 6.253684555862310646e+00 4.473970481120072566e-04
1.183508469351565173e-01 6.287569106048870538e+00 2.475399471702713220e-04
1.183508469351565173e-01 6.321453656235428653e+00 1.335600048241467129e-04
1.183508469351565173e-01 6.355338206421988545e+00 7.029727887710818203e-05
1.183508469351565173e-01 6.389222756608546661e+00 3.610614407111585979e-05
1.183508469351565173e-01 6.423107306795105664e+00 1.810303426637579436e-05
1.183508469351565173e-01 6.456991856981664668e+00 8.863272922212967953e-06
1.183508469351565173e-01 6.490876407168223672e+00 4.238887530881108720e-06
1.183508469351565173e-01 6.524760957354782676e+00 1.980911124692637974e-06
1.183508469351565173e-01 6.558645507541341679e+00 9.048394703527652188e-07
1.183508469351565173e-01 6.592530057727900683e+00 4.041173734235385970e-07
1.183508469351565173e-01 6.626414607914458799e+00 1.765252562644493007e-07
1.183508469351565173e-01 6.660299158101018691e+00 7.543994976105758722e-08
1.183508469351565173e-01 6.694183708287576806e+00 3.155157283731351495e-08
1.183508469351565173e-01 6.728068258474136698e+00 1.291795124850335774e-08
1.183508469351565173e-01 6.761952808660694814e+00 5.178992543270944970e-09
1.195585086385764773e-01 3.407382340191361880e+00 4.594885216183658315e-47
1.195585086385764773e-01 3.441266890377920884e+00 2.590907709589876135e-45
1.195585086385764773e-01 3.475151440564479888e+00 1.301975984489580832e-43
1.195585086385764773e-01 3.509035990751038447e+00 5.848334775843563007e-42
1.195585086385764773e-01 3.542920540937597451e+00 2.355012889336487859e-40
1.195585086385764773e-01 3.576805091124156455e+00 8.524942435221570255e-39
1.195585086385764773e-01 3.610689641310715459e+00 2.781545308718418971e-37
1.195585086385764773e-01 3.644574191497274462e+00 8.201497439734332717e-36
1.195585086385764773e-01 3.678458741683833466e+00 2.190719938453830486e-34
1.195585086385764773e-01 3.712343291870392026e+00 5.313763072729597150e-33
1.195585086385764773e-01 3.746227842056951030e+00 1.173104024271109356e-31
1.195585086385764773e-01 3.780112392243510033e+00 2.362389656606124453e-30
1.195585086385764773e-01 3.813996942430069037e+00 4.348853937209774512e-29
1.195585086385764773e-01 3.847881492616627597e+00 7.333335504555310263e-28
1.195585086385764773e-01 3.881766042803186600e+00 1.135000242701793942e-26
1.195585086385764773e-01 3.915650592989745604e+00 1.615447046085168147e-25
1.195585086385764773e-01 3.949535143176304608e+00 2.118353364147854587e-24
1.195585086385764773e-01 3.983419693362863612e+00 2.563850122686271693e-23
1.195585086385764773e-01 4.017304243549422615e+00 2.868992099697973136e-22
1.195585086385764773e-01 4.051188793735981619e+00 2.973294687095834380e-21
1.195585086385764773e-01 4.085073343922540623e+00 2.858408922722547282e-20
1.195585086385764773e-01 4.118957894109099627e+00 2.553124719111448839e-19
1.195585086385764773e-01 4.152842444295657742e+00 2.121988141471648907e-18
1.195585086385764773e-01 4.186726994482216746e+00 1.643533437332348325e-17
1.195585086385764773e-01 4.220611544668775750e+00 1.187956481240201828e-16
1.195585086385764773e-01 4.254496094855334754e+00 8.024385314110815979e-16
1.195585086385764773e-01 4.288380645041893757e+00 5.072207982565404858e-15
1.195585086385764773e-01 4.322265195228452761e+00 3.004165209192489770e-14
1.195585086385764773e-01 4.356149745415011765e+00 1.669332581442548999e-13
1.195585086385764773e-01 4.390034295601570768e+00 8.713428881481083811e-13
1.195585086385764773e-01 4.423918845788129772e+00 4.277421297247647496e-12
1.195585086385764773e-01 4.457803395974687888e+00 1.977090403686338638e-11
1.195585086385764773e-01 4.491687946161247780e+00 8.614167603722249169e-11
1.195585086385764773e-01 4.525572496347805895e+00 3.541763416600757949e-10
1.195585086385764773e-01 4.559457046534364899e+00 1.375654346377285829e-09
1.195585086385764773e-01 4.593341596720923903e+00 5.052824428332847685e-09
1.195585086385764773e-01 4.627226146907482907e+00 1.756845977484267467e-08
1.195585086385764773e-01 4.661110697094041910e+00 5.788094907251607308e-08
1.195585086385764773e-01 4.694995247280600914e+00 1.808659317442349783e-07
1.195585086385764773e-01 4.728879797467159918e+00 5.365411041925821455e-07
1.195585086385764773e-01 4.762764347653718922e+00 1.512411216266625582e-06
1.195585086385764773e-01 4.796648897840277925e+00 4.054553247862246108e-06
1.195585086385764773e-01 4.830533448026836041e+00 1.034661495604148493e-05
1.195585086385764773e-01 4.864417998213395933e+00 2.515372850654195466e-05
1.195585086385764773e-01 4.898302548399954048e+00 5.830595798859463926e-05
1.195585086385764773e-01 4.932187098586513052e+00 1.289671258990953892e-04
1.195585086385764773e-01 4.966071648773072056e+00 2.724214605067203348e-04
1.195585086385764773e-01 4.999956198959631060e+00 5.499617093651758271e-04
1.195585086385764773e-01 5.033840749146190063e+00 1.061884492163032902e-03
1.195585086385764773e-01 5.067725299332749067e+00 1.962425241507344785e-03
1.195585086385764773e-01 5.101609849519308071e+00 3.473681879549755241e-03
1.195585086385764773e-01 5.135494399705867075e+00 5.893470029176014514e-03
1.195585086385764773e-01 5.169378949892426078e+00 9.590306134740100852e-03
1.195585086385764773e-01 5.203263500078984194e+00 1.497834692405852069e-02
1.195585086385764773e-01 5.237148050265544086e+00 2.246718346469298022e-02
1.195585086385764773e-01 5.271032600452102201e+00 3.238648846054421188e-02
1.195585086385764773e-01 5.304917150638661205e+00 4.489322105225480863e-02
1.195585086385764773e-01 5.338801700825220209e+00 5.987765249001533729e-02
1.195585086385764773e-01 5.372686251011779213e+00 7.689103083715263798e-02
1.195585086385764773e-01 5.406570801198338216e+00 9.511914241236842094e-02
1.195585086385764773e-01 5.440455351384897220e+00 1.134202618269335439e-01
1.195585086385764773e-01 5.474339901571456224e+00 1.304331248469501603e-01
1.195585086385764773e-01 5.508224451758014339e+00 1.447434109339313935e-01
1.195585086385764773e-01 5.542109001944574231e+00 1.550806736996170887e-01
1.195585086385764773e-01 5.575993552131132347e+00 1.605070814227165799e-01
1.195585086385764773e-01 5.609878102317692239e+00 1.605585780029593068e-01
1.195585086385764773e-01 5.643762652504250354e+00 1.553089178617914623e-01
1.195585086385764773e-01 5.677647202690809358e+00 1.453447499814830568e-01
1.195585086385764773e-01 5.711531752877368362e+00 1.316602730425682766e-01
1.195585086385764773e-01 5.745416303063927366e+00 1.154970658187559618e-01
1.195585086385764773e-01 5.779300853250486369e+00 9.816403252829371262e-02
1.195585086385764773e-01 5.813185403437045373e+00 8.087228456246789432e-02
1.195585086385764773e-01 5.847069953623604377e+00 6.461150541386728730e-02
1.195585086385764773e-01 5.880954503810162493e+00 5.008136830042753118e-02
1.195585086385764773e-01 5.914839053996722384e+00 3.767806069441305417e-02
1.195585086385764773e-01 5.948723604183280500e+00 2.752538314357821231e-02
1.195585086385764773e-01 5.982608154369840392e+00 1.953411824309941522e-02
1.195585086385764773e-01 6.016492704556398508e+00 1.347254872641793361e-02
1.195585086385764773e-01 6.050377254742957511e+00 9.033956282832210014e-03
1.195585086385764773e-01 6.084261804929516515e+00 5.891856669233889662e-03
1.195585086385764773e-01 6.118146355116075519e+00 3.738893029751569341e-03
1.195585086385764773e-01 6.152030905302634523e+00 2.309502234102310623e-03
1.195585086385764773e-01 6.185915455489193526e+00 1.389130918957541061e-03
1.195585086385764773e-01 6.219800005675752530e+00 8.139160489872053830e-04
1.195585086385764773e-01 6.253684555862310646e+00 4.647155338488615861e-04
1.195585086385764773e-01 6.287569106048870538e+00 2.586561318516243570e-04
1.195585086385764773e-01 6.321453656235428653e+00 1.403914557754012439e-04
1.195585086385764773e-01 6.355338206421988545e+00 7.433488571072067812e-05
1.195585086385764773e-01 6.389222756608546661e+00 3.840856874701035963e-05
1.195585086385764773e-01 6.423107306795105664e+00 1.937287019167988669e-05
1.195585086385764773e-01 6.456991856981664668e+00 9.541899327507386141e-06
1.195585086385764773e-01 6.490876407168223672e+00 4.590849407487527942e-06
1.195585086385764773e-01 6.524760957354782676e+00 2.158284679837196519e-06
1.195585086385764773e-01 6.558645507541341679e+00 9.917901814486848240e-07
1.195585086385764773e-01 6.592530057727900683e+00 4.456173367350240239e-07
1.195585086385764773e-01 6.626414607914458799e+00 1.958255121234554749e-07
1.195585086385764773e-01 6.660299158101018691e+00 8.419243418880332943e-08
1.195585086385764773e-01 6.694183708287576806e+00 3.542445339275376784e-08
1.195585086385764773e-01 6.728068258474136698e+00 1.459107505522194293e-08
1.195585086385764773e-01 6.761952808660694814e+00 5.885065581743061440e-09
