### 2D posterior distribution
### parameter_1    parameter_2    posterior
3.584494249658343179e-03 0.000000000000000000e+00 1.427985895077070102e-83
3.584494249658343179e-03 6.749966072070936064e-04 1.213273422302758686e-82
3.584494249658343179e-03 1.349993214414187213e-03 7.408687330755177145e-82
3.584494249658343179e-03 2.024989821621281036e-03 3.560582848254352516e-81
3.584494249658343179e-03 2.699986428828374425e-03 1.411155082749821961e-80
3.584494249658343179e-03 3.374983036035467815e-03 4.852335241140961117e-80
3.584494249658343179e-03 4.049979643242562072e-03 1.469228356991130067e-79
3.584494249658343179e-03 4.724976250449655461e-03 3.987238533501881407e-79
3.584494249658343179e-03 5.399972857656748851e-03 9.806336371731341807e-79
3.584494249658343179e-03 6.074969464863842240e-03 2.206415398655283597e-78
3.584494249658343179e-03 6.749966072070935630e-03 4.577734421546496389e-78
3.584494249658343179e-03 7.424962679278029887e-03 8.814188542636592701e-78
3.584494249658343179e-03 8.099959286485124144e-03 1.585175591581621273e-77
3.584494249658343179e-03 8.774955893692216666e-03 2.676397422312218877e-77
3.584494249658343179e-03 9.449952500899310923e-03 4.261421510226182511e-77
3.584494249658343179e-03 1.012494910810640344e-02 6.424533411472769364e-77
3.584494249658343179e-03 1.079994571531349770e-02 9.203759799840501703e-77
3.584494249658343179e-03 1.147494232252059196e-02 1.256940009628120391e-76
3.584494249658343179e-03 1.214993892972768448e-02 1.641157121108791982e-76
3.584494249658343179e-03 1.282493553693477874e-02 2.054077558006662206e-76
3.584494249658343179e-03 1.349993214414187126e-02 2.470442826526809521e-76
3.584494249658343179e-03 1.417492875134896552e-02 2.861276570179241055e-76
3.584494249658343179e-03 1.484992535855605977e-02 3.197885953994585534e-76
3.584494249658343179e-03 1.552492196576315230e-02 3.455294812127468514e-76
3.584494249658343179e-03 1.619991857297024829e-02 3.615691973465099515e-76
3.584494249658343179e-03 1.687491518017733907e-02 3.670322674513715551e-76
3.584494249658343179e-03 1.754991178738443333e-02 3.619358622977644652e-76
3.584494249658343179e-03 1.822490839459152759e-02 3.458774055640591545e-76
3.584494249658343179e-03 1.889990500179862185e-02 3.217928131250004523e-76
3.584494249658343179e-03 1.957490160900571610e-02 2.920474683130486770e-76
3.584494249658343179e-03 2.024989821621280689e-02 2.586360647816201529e-76
3.584494249658343179e-03 2.092489482341990115e-02 2.206542010956770357e-76
3.584494249658343179e-03 2.159989143062699540e-02 1.826821871239280215e-76
3.584494249658343179e-03 2.227488803783408966e-02 1.480531328901152404e-76
3.584494249658343179e-03 2.294988464504118392e-02 1.177340322185068017e-76
3.584494249658343179e-03 2.362488125224827470e-02 9.120193744770487040e-77
3.584494249658343179e-03 2.429987785945536896e-02 6.897291524831696389e-77
3.584494249658343179e-03 2.497487446666246322e-02 5.125836535450183305e-77
3.584494249658343179e-03 2.564987107386955748e-02 3.720869007123239849e-77
3.584494249658343179e-03 2.632486768107665173e-02 2.650921219608152731e-77
3.584494249658343179e-03 2.699986428828374252e-02 1.853607425993430829e-77
3.584494249658343179e-03 2.767486089549083678e-02 1.270693821721202923e-77
3.584494249658343179e-03 2.834985750269793103e-02 8.565793012836818641e-78
3.584494249658343179e-03 2.902485410990502529e-02 5.672559965072108131e-78
3.584494249658343179e-03 2.969985071711211955e-02 3.692997312698732273e-78
3.584494249658343179e-03 3.037484732431921380e-02 2.367213347899483647e-78
3.584494249658343179e-03 3.104984393152630459e-02 1.492868905697594243e-78
3.584494249658343179e-03 3.172484053873340232e-02 9.276619890996636134e-79
3.584494249658343179e-03 3.239983714594049657e-02 5.679472700342273008e-79
3.584494249658343179e-03 3.307483375314758389e-02 3.429273172005224011e-79
3.584494249658343179e-03 3.374983036035467815e-02 2.041767251126899219e-79
3.584494249658343179e-03 3.442482696756177241e-02 1.200085157316803002e-79
3.584494249658343179e-03 3.509982357476886666e-02 6.943356955189441107e-80
3.584494249658343179e-03 3.577482018197596092e-02 3.968936234893008611e-80
3.584494249658343179e-03 3.644981678918305518e-02 2.242505724555434049e-80
3.584494249658343179e-03 3.712481339639014943e-02 1.252404890608484667e-80
3.584494249658343179e-03 3.779981000359724369e-02 6.917196024513754803e-81
3.584494249658343179e-03 3.847480661080433795e-02 3.779746054576436017e-81
3.584494249658343179e-03 3.914980321801143220e-02 2.043730503325373636e-81
3.584494249658343179e-03 3.982479982521851952e-02 1.092729923965674724e-81
3.584494249658343179e-03 4.049979643242561378e-02 5.782016813857458606e-82
3.584494249658343179e-03 4.117479303963270804e-02 3.016734491004180553e-82
3.584494249658343179e-03 4.184978964683980229e-02 1.560168188328387260e-82
3.584494249658343179e-03 4.252478625404689655e-02 7.994647382807385811e-83
3.584494249658343179e-03 4.319978286125399081e-02 4.060630271347898604e-83
3.584494249658343179e-03 4.387477946846108506e-02 2.046178213248773788e-83
3.584494249658343179e-03 4.454977607566817932e-02 1.023268415970413014e-83
3.584494249658343179e-03 4.522477268287527358e-02 5.073904592219423218e-84
3.584494249658343179e-03 4.589976929008236783e-02 2.493434790516188132e-84
3.584494249658343179e-03 4.657476589728946209e-02 1.214899743058728559e-84
3.584494249658343179e-03 4.724976250449654941e-02 5.876433870082721576e-85
3.584494249658343179e-03 4.792475911170364367e-02 2.823567817461511778e-85
3.584494249658343179e-03 4.859975571891073792e-02 1.348417380151897306e-85
3.584494249658343179e-03 4.927475232611783218e-02 6.380288109974612593e-86
3.584494249658343179e-03 4.994974893332492644e-02 2.993370306040493143e-86
3.584494249658343179e-03 5.062474554053202069e-02 1.396683398345645680e-86
3.584494249658343179e-03 5.129974214773911495e-02 6.478068053218603883e-87
3.584494249658343179e-03 5.197473875494620921e-02 2.988878578840734166e-87
3.584494249658343179e-03 5.264973536215330346e-02 1.368238087692696326e-87
3.584494249658343179e-03 5.332473196936039772e-02 6.234252302549300366e-88
3.584494249658343179e-03 5.399972857656748504e-02 2.825835475835591136e-88
3.584494249658343179e-03 5.467472518377457930e-02 1.271994073175989053e-88
3.584494249658343179e-03 5.534972179098167355e-02 5.693558716133306632e-89
3.584494249658343179e-03 5.602471839818876781e-02 2.537633693954532069e-89
3.584494249658343179e-03 5.669971500539586207e-02 1.125917104431752513e-89
3.584494249658343179e-03 5.737471161260295632e-02 4.966591582955792264e-90
3.584494249658343179e-03 5.804970821981005058e-02 2.180476924753614868e-90
3.584494249658343179e-03 5.872470482701714484e-02 9.530209167601708538e-91
3.584494249658343179e-03 5.939970143422423909e-02 4.145514655776415321e-91
3.584494249658343179e-03 6.007469804143133335e-02 1.796674771435458930e-91
3.584494249658343179e-03 6.074969464863842761e-02 7.746963370573715886e-92
3.584494249658343179e-03 6.142469125584551493e-02 3.328092817882363775e-92
3.584494249658343179e-03 6.209968786305260918e-02 1.424093003021541261e-92
3.584494249658343179e-03 6.277468447025970344e-02 6.063006518760308386e-93
3.584494249658343179e-03 6.344968107746680464e-02 2.573028416867812667e-93
3.584494249658343179e-03 6.412467768467389195e-02 1.088193495804247766e-93
3.584494249658343179e-03 6.479967429188099315e-02 4.584351114951821865e-94
3.584494249658343179e-03 6.547467089908808047e-02 1.925348620281626008e-94
3.584494249658343179e-03 6.614966750629516778e-02 8.059933305608492973e-95
3.584494249658343179e-03 6.682466411350226898e-02 3.362597063019914848e-95
1.158628034556786861e-02 0.000000000000000000e+00 4.850027275175626112e-77
1.158628034556786861e-02 6.749966072070936064e-04 4.156572672988179726e-76
1.158628034556786861e-02 1.349993214414187213e-03 2.558450994388916841e-75
1.158628034556786861e-02 2.024989821621281036e-03 1.238832086304134230e-74
1.158628034556786861e-02 2.699986428828374425e-03 4.945337777867553441e-74
1.158628034556786861e-02 3.374983036035467815e-03 1.712513167643327519e-73
1.158628034556786861e-02 4.049979643242562072e-03 5.221353056371231242e-73
1.158628034556786861e-02 4.724976250449655461e-03 1.426684526980996999e-72
1.158628034556786861e-02 5.399972857656748851e-03 3.532538124519163958e-72
1.158628034556786861e-02 6.074969464863842240e-03 8.001496598875526050e-72
1.158628034556786861e-02 6.749966072070935630e-03 1.670926907816995048e-71
1.158628034556786861e-02 7.424962679278029887e-03 3.238175718216744745e-71
1.158628034556786861e-02 8.099959286485124144e-03 5.861437664498241826e-71
1.158628034556786861e-02 8.774955893692216666e-03 9.960344393211569782e-71
1.158628034556786861e-02 9.449952500899310923e-03 1.596112349372124330e-70
1.158628034556786861e-02 1.012494910810640344e-02 2.421669674983667716e-70
1.158628034556786861e-02 1.079994571531349770e-02 3.491380052466403021e-70
1.158628034556786861e-02 1.147494232252059196e-02 4.798258096293382613e-70
1.158628034556786861e-02 1.214993892972768448e-02 6.304329555322230149e-70
1.158628034556786861e-02 1.282493553693477874e-02 7.939629342914900263e-70
1.158628034556786861e-02 1.349993214414187126e-02 9.607977188041417012e-70
1.158628034556786861e-02 1.417492875134896552e-02 1.119647761296740938e-69
1.158628034556786861e-02 1.484992535855605977e-02 1.259042840147476058e-69
1.158628034556786861e-02 1.552492196576315230e-02 1.368697280783451303e-69
1.158628034556786861e-02 1.619991857297024829e-02 1.440916151157990713e-69
1.158628034556786861e-02 1.687491518017733907e-02 1.471379942246806602e-69
1.158628034556786861e-02 1.754991178738443333e-02 1.459542568242048791e-69
1.158628034556786861e-02 1.822490839459152759e-02 1.403141398789594504e-69
1.158628034556786861e-02 1.889990500179862185e-02 1.313229540238320713e-69
1.158628034556786861e-02 1.957490160900571610e-02 1.198960767852608256e-69
1.158628034556786861e-02 2.024989821621280689e-02 1.068128448139278234e-69
1.158628034556786861e-02 2.092489482341990115e-02 9.169147550693767089e-70
1.158628034556786861e-02 2.159989143062699540e-02 7.636014631043943752e-70
1.158628034556786861e-02 2.227488803783408966e-02 6.225078681828868639e-70
1.158628034556786861e-02 2.294988464504118392e-02 4.979198179113106023e-70
1.158628034556786861e-02 2.362488125224827470e-02 3.880281355611287410e-70
1.158628034556786861e-02 2.429987785945536896e-02 2.951563979803243514e-70
1.158628034556786861e-02 2.497487446666246322e-02 2.206167840468269069e-70
1.158628034556786861e-02 2.564987107386955748e-02 1.610990735227321645e-70
1.158628034556786861e-02 2.632486768107665173e-02 1.154331680430844572e-70
1.158628034556786861e-02 2.699986428828374252e-02 8.118430749770950826e-71
1.158628034556786861e-02 2.767486089549083678e-02 5.596684926248922093e-71
1.158628034556786861e-02 2.834985750269793103e-02 3.794501089536961309e-71
1.158628034556786861e-02 2.902485410990502529e-02 2.527120172134213553e-71
1.158628034556786861e-02 2.969985071711211955e-02 1.654755452685603492e-71
1.158628034556786861e-02 3.037484732431921380e-02 1.066719724486757353e-71
1.158628034556786861e-02 3.104984393152630459e-02 6.765713891413445485e-72
1.158628034556786861e-02 3.172484053873340232e-02 4.228360193135185070e-72
1.158628034556786861e-02 3.239983714594049657e-02 2.603427483961342987e-72
1.158628034556786861e-02 3.307483375314758389e-02 1.580959851211092208e-72
1.158628034556786861e-02 3.374983036035467815e-02 9.466910509129069793e-73
1.158628034556786861e-02 3.442482696756177241e-02 5.595585233625240851e-73
1.158628034556786861e-02 3.509982357476886666e-02 3.255891187122655442e-73
1.158628034556786861e-02 3.577482018197596092e-02 1.871598180134181454e-73
1.158628034556786861e-02 3.644981678918305518e-02 1.063434183389873671e-73
1.158628034556786861e-02 3.712481339639014943e-02 5.972116754663153794e-74
1.158628034556786861e-02 3.779981000359724369e-02 3.316704633186345477e-74
1.158628034556786861e-02 3.847480661080433795e-02 1.822296691104352647e-74
1.158628034556786861e-02 3.914980321801143220e-02 9.907407864838977158e-75
1.158628034556786861e-02 3.982479982521851952e-02 5.326637513443077190e-75
1.158628034556786861e-02 4.049979643242561378e-02 2.834541880440529431e-75
1.158628034556786861e-02 4.117479303963270804e-02 1.487083770839857111e-75
1.158628034556786861e-02 4.184978964683980229e-02 7.733439997675461733e-76
1.158628034556786861e-02 4.252478625404689655e-02 3.984692935970692770e-76
1.158628034556786861e-02 4.319978286125399081e-02 2.034881414416384296e-76
1.158628034556786861e-02 4.387477946846108506e-02 1.031026974541913207e-76
1.158628034556786861e-02 4.454977607566817932e-02 5.184370628015478086e-77
1.158628034556786861e-02 4.522477268287527358e-02 2.584801371381640181e-77
1.158628034556786861e-02 4.589976929008236783e-02 1.277325280174316485e-77
1.158628034556786861e-02 4.657476589728946209e-02 6.257670844841107547e-78
1.158628034556786861e-02 4.724976250449654941e-02 3.043366954241904196e-78
1.158628034556786861e-02 4.792475911170364367e-02 1.470296526889934596e-78
1.158628034556786861e-02 4.859975571891073792e-02 7.059656298402908975e-79
1.158628034556786861e-02 4.927475232611783218e-02 3.361628473365507991e-79
1.158628034556786861e-02 4.994974893332492644e-02 1.585466796548289855e-79
1.158628034556786861e-02 5.062474554053202069e-02 7.436829381295683399e-80
1.158628034556786861e-02 5.129974214773911495e-02 3.467869567463702864e-80
1.158628034556786861e-02 5.197473875494620921e-02 1.608761875164633557e-80
1.158628034556786861e-02 5.264973536215330346e-02 7.403858268836372535e-81
1.158628034556786861e-02 5.332473196936039772e-02 3.391428815766626135e-81
1.158628034556786861e-02 5.399972857656748504e-02 1.545915810071152910e-81
1.158628034556786861e-02 5.467472518377457930e-02 6.998640694571638035e-82
1.158628034556786861e-02 5.534972179098167355e-02 3.149257684875222965e-82
1.158628034556786861e-02 5.602471839818876781e-02 1.411014225997121524e-82
1.158628034556786861e-02 5.669971500539586207e-02 6.293817015467697533e-83
1.158628034556786861e-02 5.737471161260295632e-02 2.791428160629484407e-83
1.158628034556786861e-02 5.804970821981005058e-02 1.232372406668042557e-83
1.158628034556786861e-02 5.872470482701714484e-02 5.414569855532767554e-84
1.158628034556786861e-02 5.939970143422423909e-02 2.367535738098468352e-84
1.158628034556786861e-02 6.007469804143133335e-02 1.031648679234096704e-84
1.158628034556786861e-02 6.074969464863842761e-02 4.472619228509826549e-85
1.158628034556786861e-02 6.142469125584551493e-02 1.931147229229706414e-85
1.158628034556786861e-02 6.209968786305260918e-02 8.305837451645264998e-86
1.158628034556786861e-02 6.277468447025970344e-02 3.555933829147137693e-86
1.158628034556786861e-02 6.344968107746680464e-02 1.516797943085881587e-86
1.158628034556786861e-02 6.412467768467389195e-02 6.448410112148926090e-87
1.158628034556786861e-02 6.479967429188099315e-02 2.731946073341243493e-87
1.158628034556786861e-02 6.547467089908808047e-02 1.153350327924227115e-87
1.158628034556786861e-02 6.614966750629516778e-02 4.853427769116297074e-88
1.158628034556786861e-02 6.682466411350226898e-02 2.036215488540712327e-88
1.958806644147739404e-02 0.000000000000000000e+00 2.568763614043005190e-71
1.958806644147739404e-02 6.749966072070936064e-04 2.218966506112978092e-70
1.958806644147739404e-02 1.349993214414187213e-03 1.375684612466680447e-69
1.958806644147739404e-02 2.024989821621281036e-03 6.706567842719918671e-69
1.958806644147739404e-02 2.699986428828374425e-03 2.694613720441834793e-68
1.958806644147739404e-02 3.374983036035467815e-03 9.390177078869834733e-68
1.958806644147739404e-02 4.049979643242562072e-03 2.880789704035097843e-67
1.958806644147739404e-02 4.724976250449655461e-03 7.919181893553389678e-67
1.958806644147739404e-02 5.399972857656748851e-03 1.972601199654019874e-66
1.958806644147739404e-02 6.074969464863842240e-03 4.494619951488964952e-66
1.958806644147739404e-02 6.749966072070935630e-03 9.441257277338235349e-66
1.958806644147739404e-02 7.424962679278029887e-03 1.840308739591805388e-65
1.958806644147739404e-02 8.099959286485124144e-03 3.350020755266463430e-65
1.958806644147739404e-02 8.774955893692216666e-03 5.724857341500158527e-65
1.958806644147739404e-02 9.449952500899310923e-03 9.225827184503938678e-65
1.958806644147739404e-02 1.012494910810640344e-02 1.407644410023499409e-64
1.958806644147739404e-02 1.079994571531349770e-02 2.040740141832359317e-64
1.958806644147739404e-02 1.147494232252059196e-02 2.820229302199830505e-64
1.958806644147739404e-02 1.214993892972768448e-02 3.725923290666941749e-64
1.958806644147739404e-02 1.282493553693477874e-02 4.718269469021675431e-64
1.958806644147739404e-02 1.349993214414187126e-02 5.741050636278634439e-64
1.958806644147739404e-02 1.417492875134896552e-02 6.726697237371397552e-64
1.958806644147739404e-02 1.484992535855605977e-02 7.605224283737690039e-64
1.958806644147739404e-02 1.552492196576315230e-02 8.312365272476526914e-64
1.958806644147739404e-02 1.619991857297024829e-02 8.798162672778948506e-64
1.958806644147739404e-02 1.687491518017733907e-02 9.032385163261458043e-64
1.958806644147739404e-02 1.754991178738443333e-02 9.007546315998139482e-64
1.958806644147739404e-02 1.822490839459152759e-02 8.705051979865378816e-64
1.958806644147739404e-02 1.889990500179862185e-02 8.189741745769900383e-64
1.958806644147739404e-02 1.957490160900571610e-02 7.516410151183495216e-64
1.958806644147739404e-02 2.024989821621280689e-02 6.731432464716899789e-64
1.958806644147739404e-02 2.092489482341990115e-02 5.810279493051607822e-64
1.958806644147739404e-02 2.159989143062699540e-02 4.863929934570533733e-64
1.958806644147739404e-02 2.227488803783408966e-02 3.985837964292453779e-64
1.958806644147739404e-02 2.294988464504118392e-02 3.204620172371142744e-64
1.958806644147739404e-02 2.362488125224827470e-02 2.510779240381481836e-64
1.958806644147739404e-02 2.429987785945536896e-02 1.919710170783112866e-64
1.958806644147739404e-02 2.497487446666246322e-02 1.442252458871215509e-64
1.958806644147739404e-02 2.564987107386955748e-02 1.058736418830098226e-64
1.958806644147739404e-02 2.632486768107665173e-02 7.625059341120959460e-65
1.958806644147739404e-02 2.699986428828374252e-02 5.390801032263946402e-65
1.958806644147739404e-02 2.767486089549083678e-02 3.735202748051723738e-65
1.958806644147739404e-02 2.834985750269793103e-02 2.545645577517885517e-65
1.958806644147739404e-02 2.902485410990502529e-02 1.703779790852107913e-65
1.958806644147739404e-02 2.969985071711211955e-02 1.121321524384006329e-65
1.958806644147739404e-02 3.037484732431921380e-02 7.265035222687026065e-66
1.958806644147739404e-02 3.104984393152630459e-02 4.631296216075461259e-66
1.958806644147739404e-02 3.172484053873340232e-02 2.909204559368988303e-66
1.958806644147739404e-02 3.239983714594049657e-02 1.800170215773925860e-66
1.958806644147739404e-02 3.307483375314758389e-02 1.098693736419812570e-66
1.958806644147739404e-02 3.374983036035467815e-02 6.612272586712454966e-67
1.958806644147739404e-02 3.442482696756177241e-02 3.927476857869596966e-67
1.958806644147739404e-02 3.509982357476886666e-02 2.296834029319777520e-67
1.958806644147739404e-02 3.577482018197596092e-02 1.326899594113536887e-67
1.958806644147739404e-02 3.644981678918305518e-02 7.576886306871195060e-68
1.958806644147739404e-02 3.712481339639014943e-02 4.276123713487560271e-68
1.958806644147739404e-02 3.779981000359724369e-02 2.386338496402324657e-68
1.958806644147739404e-02 3.847480661080433795e-02 1.317617896231031292e-68
1.958806644147739404e-02 3.914980321801143220e-02 7.199051920563225191e-69
1.958806644147739404e-02 3.982479982521851952e-02 3.889156968060171219e-69
1.958806644147739404e-02 4.049979643242561378e-02 2.079833145088053532e-69
1.958806644147739404e-02 4.117479303963270804e-02 1.096491446084351828e-69
1.958806644147739404e-02 4.184978964683980229e-02 5.730007749809830652e-70
1.958806644147739404e-02 4.252478625404689655e-02 2.966811647650774429e-70
1.958806644147739404e-02 4.319978286125399081e-02 1.522390587556652738e-70
1.958806644147739404e-02 4.387477946846108506e-02 7.750993787342424279e-71
1.958806644147739404e-02 4.454977607566817932e-02 3.916306537286564054e-71
1.958806644147739404e-02 4.522477268287527358e-02 1.962034084321228137e-71
1.958806644147739404e-02 4.589976929008236783e-02 9.743267847742422767e-72
1.958806644147739404e-02 4.657476589728946209e-02 4.796247511605392468e-72
1.958806644147739404e-02 4.724976250449654941e-02 2.343823098167960129e-72
1.958806644147739404e-02 4.792475911170364367e-02 1.137765817996474311e-72
1.958806644147739404e-02 4.859975571891073792e-02 5.489105311637839079e-73
1.958806644147739404e-02 4.927475232611783218e-02 2.628791059173309547e-73
1.958806644147739404e-02 4.994974893332492644e-02 1.245672566353703484e-73
1.958806644147739404e-02 5.062474554053202069e-02 5.870386874226709322e-74
1.958806644147739404e-02 5.129974214773911495e-02 2.750030648761674797e-74
1.958806644147739404e-02 5.197473875494620921e-02 1.281714616271117391e-74
1.958806644147739404e-02 5.264973536215330346e-02 5.926367885118146976e-75
1.958806644147739404e-02 5.332473196936039772e-02 2.727332907029230636e-75
1.958806644147739404e-02 5.399972857656748504e-02 1.249011299330417225e-75
1.958806644147739404e-02 5.467472518377457930e-02 5.684909576691377416e-76
1.958806644147739404e-02 5.534972179098167355e-02 2.570051706102606635e-76
1.958806644147739404e-02 5.602471839818876781e-02 1.156808646140870478e-76
1.958806644147739404e-02 5.669971500539586207e-02 5.184288851338439285e-77
1.958806644147739404e-02 5.737471161260295632e-02 2.309888702039671212e-77
1.958806644147739404e-02 5.804970821981005058e-02 1.025033261572400264e-77
1.958806644147739404e-02 5.872470482701714484e-02 4.524820339517969076e-78
1.958806644147739404e-02 5.939970143422423909e-02 1.987748128101253328e-78
1.958806644147739404e-02 6.007469804143133335e-02 8.701449402930335817e-79
1.958806644147739404e-02 6.074969464863842761e-02 3.792039318623005986e-79
1.958806644147739404e-02 6.142469125584551493e-02 1.644829465907012886e-79
1.958806644147739404e-02 6.209968786305260918e-02 7.106852822635885888e-80
1.958806644147739404e-02 6.277468447025970344e-02 3.057418494304057647e-80
1.958806644147739404e-02 6.344968107746680464e-02 1.310160837041269249e-80
1.958806644147739404e-02 6.412467768467389195e-02 5.595734714230230093e-81
1.958806644147739404e-02 6.479967429188099315e-02 2.382095494229210639e-81
1.958806644147739404e-02 6.547467089908808047e-02 1.010438664782321160e-81
1.958806644147739404e-02 6.614966750629516778e-02 4.271324957700265855e-82
1.958806644147739404e-02 6.682466411350226898e-02 1.801083092933801174e-82
2.758985253738691773e-02 0.000000000000000000e+00 7.584087725242675961e-66
2.758985253738691773e-02 6.749966072070936064e-04 6.601648993728324444e-65
2.758985253738691773e-02 1.349993214414187213e-03 4.121508290598433515e-64
2.758985253738691773e-02 2.024989821621281036e-03 2.022425741213025778e-63
2.758985253738691773e-02 2.699986428828374425e-03 8.176866347737577848e-63
2.758985253738691773e-02 3.374983036035467815e-03 2.866962550088435706e-62
2.758985253738691773e-02 4.049979643242562072e-03 8.848172888028276904e-62
2.758985253738691773e-02 4.724976250449655461e-03 2.446699684042299121e-61
2.758985253738691773e-02 5.399972857656748851e-03 6.130108541521322440e-61
2.758985253738691773e-02 6.074969464863842240e-03 1.404770660509142757e-60
2.758985253738691773e-02 6.749966072070935630e-03 2.967561166298033317e-60
2.758985253738691773e-02 7.424962679278029887e-03 5.816984957956775069e-60
2.758985253738691773e-02 8.099959286485124144e-03 1.064787290188129838e-59
2.758985253738691773e-02 8.774955893692216666e-03 1.829627724834930280e-59
2.758985253738691773e-02 9.449952500899310923e-03 2.964393535237090787e-59
2.758985253738691773e-02 1.012494910810640344e-02 4.547144920135453692e-59
2.758985253738691773e-02 1.079994571531349770e-02 6.627580194015495303e-59
2.758985253738691773e-02 1.147494232252059196e-02 9.207940821271572663e-59
2.758985253738691773e-02 1.214993892972768448e-02 1.222960464787983088e-58
2.758985253738691773e-02 1.282493553693477874e-02 1.556891328363960375e-58
2.758985253738691773e-02 1.349993214414187126e-02 1.904330391429444096e-58
2.758985253738691773e-02 1.417492875134896552e-02 2.242943919093485403e-58
2.758985253738691773e-02 1.484992535855605977e-02 2.549028831404475072e-58
2.758985253738691773e-02 1.552492196576315230e-02 2.800338321446316071e-58
2.758985253738691773e-02 1.619991857297024829e-02 2.979074675605043952e-58
2.758985253738691773e-02 1.687491518017733907e-02 3.073810947458504451e-58
2.758985253738691773e-02 1.754991178738443333e-02 3.080781523888173274e-58
2.758985253738691773e-02 1.822490839459152759e-02 2.992278385387149810e-58
2.758985253738691773e-02 1.889990500179862185e-02 2.829132924199284512e-58
2.758985253738691773e-02 1.957490160900571610e-02 2.609179289306607314e-58
2.758985253738691773e-02 2.024989821621280689e-02 2.348035220597960059e-58
2.758985253738691773e-02 2.092489482341990115e-02 2.037141896236907786e-58
2.758985253738691773e-02 2.159989143062699540e-02 1.713653081576558524e-58
2.758985253738691773e-02 2.227488803783408966e-02 1.411128242477473924e-58
2.758985253738691773e-02 2.294988464504118392e-02 1.140040372990466565e-58
2.758985253738691773e-02 2.362488125224827470e-02 8.976910382390502209e-59
2.758985253738691773e-02 2.429987785945536896e-02 6.896770619554652821e-59
2.758985253738691773e-02 2.497487446666246322e-02 5.206194527509842747e-59
2.758985253738691773e-02 2.564987107386955748e-02 3.840653554520993116e-59
2.758985253738691773e-02 2.632486768107665173e-02 2.779201749875800638e-59
2.758985253738691773e-02 2.699986428828374252e-02 1.974480635552832916e-59
2.758985253738691773e-02 2.767486089549083678e-02 1.374575677315508201e-59
2.758985253738691773e-02 2.834985750269793103e-02 9.413864135911289579e-60
2.758985253738691773e-02 2.902485410990502529e-02 6.330277357835603618e-60
2.758985253738691773e-02 2.969985071711211955e-02 4.186312904189390043e-60
2.758985253738691773e-02 3.037484732431921380e-02 2.724829777379373439e-60
2.758985253738691773e-02 3.104984393152630459e-02 1.745125241214906531e-60
2.758985253738691773e-02 3.172484053873340232e-02 1.101443589951901306e-60
2.758985253738691773e-02 3.239983714594049657e-02 6.847188329742356373e-61
2.758985253738691773e-02 3.307483375314758389e-02 4.198662412200618390e-61
2.758985253738691773e-02 3.374983036035467815e-02 2.538908013055370387e-61
2.758985253738691773e-02 3.442482696756177241e-02 1.515075532354420507e-61
2.758985253738691773e-02 3.509982357476886666e-02 8.902596388824190706e-62
2.758985253738691773e-02 3.577482018197596092e-02 5.167494461936019432e-62
2.758985253738691773e-02 3.644981678918305518e-02 2.964613106827898636e-62
2.758985253738691773e-02 3.712481339639014943e-02 1.680975609285861824e-62
2.758985253738691773e-02 3.779981000359724369e-02 9.423963256038860472e-63
2.758985253738691773e-02 3.847480661080433795e-02 5.227811795566885353e-63
2.758985253738691773e-02 3.914980321801143220e-02 2.869572637353811379e-63
2.758985253738691773e-02 3.982479982521851952e-02 1.557375976322594367e-63
2.758985253738691773e-02 4.049979643242561378e-02 8.368063471116416103e-64
2.758985253738691773e-02 4.117479303963270804e-02 4.431570271064348363e-64
2.758985253738691773e-02 4.184978964683980229e-02 2.326206294079361804e-64
2.758985253738691773e-02 4.252478625404689655e-02 1.209797723422651134e-64
2.758985253738691773e-02 4.319978286125399081e-02 6.236017029683060961e-65
2.758985253738691773e-02 4.387477946846108506e-02 3.189327440244430616e-65
2.758985253738691773e-02 4.454977607566817932e-02 1.618728813426482236e-65
2.758985253738691773e-02 4.522477268287527358e-02 8.146131897794734877e-66
2.758985253738691773e-02 4.589976929008236783e-02 4.063737702483709991e-66
2.758985253738691773e-02 4.657476589728946209e-02 2.009367233133669097e-66
2.758985253738691773e-02 4.724976250449654941e-02 9.863161373249632365e-67
2.758985253738691773e-02 4.792475911170364367e-02 4.809225033585034593e-67
2.758985253738691773e-02 4.859975571891073792e-02 2.330480719121607282e-67
2.758985253738691773e-02 4.927475232611783218e-02 1.121182939738824220e-67
2.758985253738691773e-02 4.994974893332492644e-02 5.340980672846567512e-68
2.758985253738691773e-02 5.062474554053202069e-02 2.528119907758637153e-68
2.758985253738691773e-02 5.129974214773911495e-02 1.189506436725531824e-68
2.758985253738691773e-02 5.197473875494620921e-02 5.568628239129572020e-69
2.758985253738691773e-02 5.264973536215330346e-02 2.585871474591453248e-69
2.758985253738691773e-02 5.332473196936039772e-02 1.195082832056577793e-69
2.758985253738691773e-02 5.399972857656748504e-02 5.496888987522380554e-70
2.758985253738691773e-02 5.467472518377457930e-02 2.514506178116091557e-70
2.758985253738691773e-02 5.534972179098167355e-02 1.141746578403275538e-70
2.758985253738691773e-02 5.602471839818876781e-02 5.161431294856270100e-71
2.758985253738691773e-02 5.669971500539586207e-02 2.323277380609686943e-71
2.758985253738691773e-02 5.737471161260295632e-02 1.039594309264297152e-71
2.758985253738691773e-02 5.804970821981005058e-02 4.634936356779551305e-72
2.758985253738691773e-02 5.872470482701714484e-02 2.055208931687704127e-72
2.758985253738691773e-02 5.939970143422423909e-02 9.066971861727575295e-73
2.758985253738691773e-02 6.007469804143133335e-02 3.985982219273892258e-73
2.758985253738691773e-02 6.074969464863842761e-02 1.745144859132098453e-73
2.758985253738691773e-02 6.142469125584551493e-02 7.603150374514993832e-74
2.758985253738691773e-02 6.209968786305260918e-02 3.299045710316704545e-74
2.758985253738691773e-02 6.277468447025970344e-02 1.425338621181388926e-74
2.758985253738691773e-02 6.344968107746680464e-02 6.136295001944199684e-75
2.758985253738691773e-02 6.412467768467389195e-02 2.631693190589431811e-75
2.758985253738691773e-02 6.479967429188099315e-02 1.124840190660110908e-75
2.758985253738691773e-02 6.547467089908808047e-02 4.793368868310203598e-76
2.758985253738691773e-02 6.614966750629516778e-02 2.034629964825029475e-76
2.758985253738691773e-02 6.682466411350226898e-02 8.615020956473327638e-77
3.559163863329644489e-02 0.000000000000000000e+00 8.520876676285625398e-61
3.559163863329644489e-02 6.749966072070936064e-04 7.472695884150531935e-60
3.559163863329644489e-02 1.349993214414187213e-03 4.696868512767908963e-59
3.559163863329644489e-02 2.024989821621281036e-03 2.319381701133985502e-58
3.559163863329644489e-02 2.699986428828374425e-03 9.434896541731432156e-58
3.559163863329644489e-02 3.374983036035467815e-03 3.327579898927333504e-57
3.559163863329644489e-02 4.049979643242562072e-03 1.032972445958342683e-56
3.559163863329644489e-02 4.724976250449655461e-03 2.872639323794582917e-56
3.559163863329644489e-02 5.399972857656748851e-03 7.237702527810952273e-56
3.559163863329644489e-02 6.074969464863842240e-03 1.667690361582040875e-55
3.559163863329644489e-02 6.749966072070935630e-03 3.542113913201968609e-55
3.559163863329644489e-02 7.424962679278029887e-03 6.980816276426622742e-55
3.559163863329644489e-02 8.099959286485124144e-03 1.284689634069271531e-54
3.559163863329644489e-02 8.774955893692216666e-03 2.219242516940060728e-54
3.559163863329644489e-02 9.449952500899310923e-03 3.614705516830054872e-54
3.559163863329644489e-02 1.012494910810640344e-02 5.573618151298915227e-54
3.559163863329644489e-02 1.079994571531349770e-02 8.165229065704336388e-54
3.559163863329644489e-02 1.147494232252059196e-02 1.140179536918592074e-53
3.559163863329644489e-02 1.214993892972768448e-02 1.522091805038958199e-53
3.559163863329644489e-02 1.282493553693477874e-02 1.947558339477498686e-53
3.559163863329644489e-02 1.349993214414187126e-02 2.394252097818693001e-53
3.559163863329644489e-02 1.417492875134896552e-02 2.834150318364508291e-53
3.559163863329644489e-02 1.484992535855605977e-02 3.237035437939566869e-53
3.559163863329644489e-02 1.552492196576315230e-02 3.573974781960451631e-53
3.559163863329644489e-02 1.619991857297024829e-02 3.821063549584907206e-53
3.559163863329644489e-02 1.687491518017733907e-02 3.962300663310540010e-53
3.559163863329644489e-02 1.754991178738443333e-02 3.991053470300453266e-53
3.559163863329644489e-02 1.822490839459152759e-02 3.895730710838989674e-53
3.559163863329644489e-02 1.889990500179862185e-02 3.701556241390484344e-53
3.559163863329644489e-02 1.957490160900571610e-02 3.430554478476895775e-53
3.559163863329644489e-02 2.024989821621280689e-02 3.102409830685039078e-53
3.559163863329644489e-02 2.092489482341990115e-02 2.705260780997427689e-53
3.559163863329644489e-02 2.159989143062699540e-02 2.286522071383184509e-53
3.559163863329644489e-02 2.227488803783408966e-02 1.891937446354197203e-53
3.559163863329644489e-02 2.294988464504118392e-02 1.535834117226188475e-53
3.559163863329644489e-02 2.362488125224827470e-02 1.215383516552783176e-53
3.559163863329644489e-02 2.429987785945536896e-02 9.382207164231955210e-54
3.559163863329644489e-02 2.497487446666246322e-02 7.116094658592189481e-54
3.559163863329644489e-02 2.564987107386955748e-02 5.275453758074413200e-54
3.559163863329644489e-02 2.632486768107665173e-02 3.835608490834689221e-54
3.559163863329644489e-02 2.699986428828374252e-02 2.738226311844483054e-54
3.559163863329644489e-02 2.767486089549083678e-02 1.915189279333988249e-54
3.559163863329644489e-02 2.834985750269793103e-02 1.317955795901586424e-54
3.559163863329644489e-02 2.902485410990502529e-02 8.903667816309123547e-55
3.559163863329644489e-02 2.969985071711211955e-02 5.916165520838811450e-55
3.559163863329644489e-02 3.037484732431921380e-02 3.868589716754992297e-55
3.559163863329644489e-02 3.104984393152630459e-02 2.489270985216345852e-55
3.559163863329644489e-02 3.172484053873340232e-02 1.578351835177902769e-55
3.559163863329644489e-02 3.239983714594049657e-02 9.855851089121855064e-56
3.559163863329644489e-02 3.307483375314758389e-02 6.071318072928451917e-56
3.559163863329644489e-02 3.374983036035467815e-02 3.688257382996485003e-56
3.559163863329644489e-02 3.442482696756177241e-02 2.210860714948726917e-56
3.559163863329644489e-02 3.509982357476886666e-02 1.305093062933205865e-56
3.559163863329644489e-02 3.577482018197596092e-02 7.610164882927031261e-57
3.559163863329644489e-02 3.644981678918305518e-02 4.385775009947445264e-57
3.559163863329644489e-02 3.712481339639014943e-02 2.497909267369645735e-57
3.559163863329644489e-02 3.779981000359724369e-02 1.406733951512370873e-57
3.559163863329644489e-02 3.847480661080433795e-02 7.838961394862556587e-58
3.559163863329644489e-02 3.914980321801143220e-02 4.322524515876779730e-58
3.559163863329644489e-02 3.982479982521851952e-02 2.356551798687533862e-58
3.559163863329644489e-02 4.049979643242561378e-02 1.272111530977474648e-58
3.559163863329644489e-02 4.117479303963270804e-02 6.767198573253490533e-59
3.559163863329644489e-02 4.184978964683980229e-02 3.568224530759524136e-59
3.559163863329644489e-02 4.252478625404689655e-02 1.863824404088097828e-59
3.559163863329644489e-02 4.319978286125399081e-02 9.649712021055015047e-60
3.559163863329644489e-02 4.387477946846108506e-02 4.956997659202884014e-60
3.559163863329644489e-02 4.454977607566817932e-02 2.527118206277950767e-60
3.559163863329644489e-02 4.522477268287527358e-02 1.277454070611389593e-60
3.559163863329644489e-02 4.589976929008236783e-02 6.401532725104946062e-61
3.559163863329644489e-02 4.657476589728946209e-02 3.179286554730529567e-61
3.559163863329644489e-02 4.724976250449654941e-02 1.567493670745254157e-61
3.559163863329644489e-02 4.792475911170364367e-02 7.676477730189879473e-62
3.559163863329644489e-02 4.859975571891073792e-02 3.736301580849198807e-62
3.559163863329644489e-02 4.927475232611783218e-02 1.805556315197967407e-62
3.559163863329644489e-02 4.994974893332492644e-02 8.646070804876767067e-63
3.559163863329644489e-02 5.062474554053202069e-02 4.110303829380234760e-63
3.559163863329644489e-02 5.129974214773911495e-02 1.942334157270978029e-63
3.559163863329644489e-02 5.197473875494620921e-02 9.132433355070632016e-64
3.559163863329644489e-02 5.264973536215330346e-02 4.259492831765405012e-64
3.559163863329644489e-02 5.332473196936039772e-02 1.977020207748377906e-64
3.559163863329644489e-02 5.399972857656748504e-02 9.131412467987446663e-65
3.559163863329644489e-02 5.467472518377457930e-02 4.194778310061931607e-65
3.559163863329644489e-02 5.534972179098167355e-02 1.913980505821843936e-65
3.559163863329644489e-02 5.602471839818876781e-02 8.689115443155285493e-66
3.559163863329644489e-02 5.669971500539586207e-02 3.928074456853038589e-66
3.559163863329644489e-02 5.737471161260295632e-02 1.765076436527768822e-66
3.559163863329644489e-02 5.804970821981005058e-02 7.902479546125934297e-67
3.559163863329644489e-02 5.872470482701714484e-02 3.521156484155318084e-67
3.559163863329644489e-02 5.939970143422423909e-02 1.559956041777087483e-67
3.559163863329644489e-02 6.007469804143133335e-02 6.886259046614321728e-68
3.559163863329644489e-02 6.074969464863842761e-02 3.027617069365294398e-68
3.559163863329644489e-02 6.142469125584551493e-02 1.325196615182115450e-68
3.559163863329644489e-02 6.209968786305260918e-02 5.774201810025746163e-69
3.559163863329644489e-02 6.277468447025970344e-02 2.505367007044303787e-69
3.559163863329644489e-02 6.344968107746680464e-02 1.083498170661667348e-69
3.559163863329644489e-02 6.412467768467389195e-02 4.666926658739571371e-70
3.559163863329644489e-02 6.479967429188099315e-02 2.002900420579079000e-70
3.559163863329644489e-02 6.547467089908808047e-02 8.572567774598119596e-71
3.559163863329644489e-02 6.614966750629516778e-02 3.653957953155752489e-71
3.559163863329644489e-02 6.682466411350226898e-02 1.553357914763162154e-71
4.359342472920597206e-02 0.000000000000000000e+00 3.168430989182427489e-56
4.359342472920597206e-02 6.749966072070936064e-04 2.799734913779440854e-55
4.359342472920597206e-02 1.349993214414187213e-03 1.771728373519616119e-54
4.359342472920597206e-02 2.024989821621281036e-03 8.803506526532325061e-54
4.359342472920597206e-02 2.699986428828374425e-03 3.602752204416295912e-53
4.359342472920597206e-02 3.374983036035467815e-03 1.278092731841540641e-52
4.359342472920597206e-02 4.049979643242562072e-03 3.990412789120818517e-52
4.359342472920597206e-02 4.724976250449655461e-03 1.116055951997164445e-51
4.359342472920597206e-02 5.399972857656748851e-03 2.827699412990159531e-51
4.359342472920597206e-02 6.074969464863842240e-03 6.551552767626111545e-51
4.359342472920597206e-02 6.749966072070935630e-03 1.399142572829194293e-50
4.359342472920597206e-02 7.424962679278029887e-03 2.772253289274397137e-50
4.359342472920597206e-02 8.099959286485124144e-03 5.129181318571604027e-50
4.359342472920597206e-02 8.774955893692216666e-03 8.907004320255956161e-50
4.359342472920597206e-02 9.449952500899310923e-03 1.458377660984117170e-49
4.359342472920597206e-02 1.012494910810640344e-02 2.260451233331864016e-49
4.359342472920597206e-02 1.079994571531349770e-02 3.328659878836247480e-49
4.359342472920597206e-02 1.147494232252059196e-02 4.671835487472254210e-49
4.359342472920597206e-02 1.214993892972768448e-02 6.267865477056141624e-49
4.359342472920597206e-02 1.282493553693477874e-02 8.060014180331464585e-49
4.359342472920597206e-02 1.349993214414187126e-02 9.958399135310060723e-49
4.359342472920597206e-02 1.417492875134896552e-02 1.184692694026033043e-48
4.359342472920597206e-02 1.484992535855605977e-02 1.359827841636540865e-48
4.359342472920597206e-02 1.552492196576315230e-02 1.508791502577361172e-48
4.359342472920597206e-02 1.619991857297024829e-02 1.621018604558694656e-48
4.359342472920597206e-02 1.687491518017733907e-02 1.689147464257592225e-48
4.359342472920597206e-02 1.754991178738443333e-02 1.709676198592955446e-48
4.359342472920597206e-02 1.822490839459152759e-02 1.676957649593079231e-48
4.359342472920597206e-02 1.889990500179862185e-02 1.601006847231346456e-48
4.359342472920597206e-02 1.957490160900571610e-02 1.490871352661377111e-48
4.359342472920597206e-02 2.024989821621280689e-02 1.354707281093509810e-48
4.359342472920597206e-02 2.092489482341990115e-02 1.187179889547395612e-48
4.359342472920597206e-02 2.159989143062699540e-02 1.008150234271596462e-48
4.359342472920597206e-02 2.227488803783408966e-02 8.380444499868076385e-49
4.359342472920597206e-02 2.294988464504118392e-02 6.834301294851199024e-49
4.359342472920597206e-02 2.362488125224827470e-02 5.434481490387718786e-49
4.359342472920597206e-02 2.429987785945536896e-02 4.214707039763661003e-49
4.359342472920597206e-02 2.497487446666246322e-02 3.211539766894888731e-49
4.359342472920597206e-02 2.564987107386955748e-02 2.392249543123393409e-49
4.359342472920597206e-02 2.632486768107665173e-02 1.747342630228039450e-49
4.359342472920597206e-02 2.699986428828374252e-02 1.253337755053754708e-49
4.359342472920597206e-02 2.767486089549083678e-02 8.806480175607703654e-50
4.359342472920597206e-02 2.834985750269793103e-02 6.088923000418282314e-50
4.359342472920597206e-02 2.902485410990502529e-02 4.132247456763578674e-50
4.359342472920597206e-02 2.969985071711211955e-02 2.758659999865790893e-50
4.359342472920597206e-02 3.037484732431921380e-02 1.812149595741973645e-50
4.359342472920597206e-02 3.104984393152630459e-02 1.171454482618238139e-50
4.359342472920597206e-02 3.172484053873340232e-02 7.462173056706310278e-51
4.359342472920597206e-02 3.239983714594049657e-02 4.681112630000664614e-51
4.359342472920597206e-02 3.307483375314758389e-02 2.896722004353859666e-51
4.359342472920597206e-02 3.374983036035467815e-02 1.767726552935007927e-51
4.359342472920597206e-02 3.442482696756177241e-02 1.064409988291500410e-51
4.359342472920597206e-02 3.509982357476886666e-02 6.312344905418900978e-52
4.359342472920597206e-02 3.577482018197596092e-02 3.697684135491962159e-52
4.359342472920597206e-02 3.644981678918305518e-02 2.140605775251235203e-52
4.359342472920597206e-02 3.712481339639014943e-02 1.224574754863335179e-52
4.359342472920597206e-02 3.779981000359724369e-02 6.927312628002507801e-53
4.359342472920597206e-02 3.847480661080433795e-02 3.877496326953112950e-53
4.359342472920597206e-02 3.914980321801143220e-02 2.147649312497828709e-53
4.359342472920597206e-02 3.982479982521851952e-02 1.176047815436720135e-53
4.359342472920597206e-02 4.049979643242561378e-02 6.377519874076399697e-54
4.359342472920597206e-02 4.117479303963270804e-02 3.407630802893032674e-54
4.359342472920597206e-02 4.184978964683980229e-02 1.804527271862209942e-54
4.359342472920597206e-02 4.252478625404689655e-02 9.467024271582465577e-55
4.359342472920597206e-02 4.319978286125399081e-02 4.922755149516357355e-55
4.359342472920597206e-02 4.387477946846108506e-02 2.539644822220563866e-55
4.359342472920597206e-02 4.454977607566817932e-02 1.300199588873449963e-55
4.359342472920597206e-02 4.522477268287527358e-02 6.600551106494384424e-56
4.359342472920597206e-02 4.589976929008236783e-02 3.322174753699800716e-56
4.359342472920597206e-02 4.657476589728946209e-02 1.657030969051237963e-56
4.359342472920597206e-02 4.724976250449654941e-02 8.204766973022195859e-57
4.359342472920597206e-02 4.792475911170364367e-02 4.035283311369302932e-57
4.359342472920597206e-02 4.859975571891073792e-02 1.972386942684970504e-57
4.359342472920597206e-02 4.927475232611783218e-02 9.572706038976434651e-58
4.359342472920597206e-02 4.994974893332492644e-02 4.606921629256968840e-58
4.359342472920597206e-02 5.062474554053202069e-02 2.199737248716751552e-58
4.359342472920597206e-02 5.129974214773911495e-02 1.043895346173556519e-58
4.359342472920597206e-02 5.197473875494620921e-02 4.929094271171263715e-59
4.359342472920597206e-02 5.264973536215330346e-02 2.308991658671410931e-59
4.359342472920597206e-02 5.332473196936039772e-02 1.076210571377011928e-59
4.359342472920597206e-02 5.399972857656748504e-02 4.991771634428334627e-60
4.359342472920597206e-02 5.467472518377457930e-02 2.302846366565475312e-60
4.359342472920597206e-02 5.534972179098167355e-02 1.055661365012189159e-60
4.359342472920597206e-02 5.602471839818876781e-02 4.811720918524703516e-61
4.359342472920597206e-02 5.669971500539586207e-02 2.184272733845415511e-61
4.359342472920597206e-02 5.737471161260295632e-02 9.855542405548406441e-62
4.359342472920597206e-02 5.804970821981005058e-02 4.430847265560514108e-62
4.359342472920597206e-02 5.872470482701714484e-02 1.983624626205844689e-62
4.359342472920597206e-02 5.939970143422423909e-02 8.824033756640701988e-63
4.359342472920597206e-02 6.007469804143133335e-02 3.911437057032047232e-63
4.359342472920597206e-02 6.074969464863842761e-02 1.726886911692407259e-63
4.359342472920597206e-02 6.142469125584551493e-02 7.592293992078192246e-64
4.359342472920597206e-02 6.209968786305260918e-02 3.321961579722553258e-64
4.359342472920597206e-02 6.277468447025970344e-02 1.447357115922561848e-64
4.359342472920597206e-02 6.344968107746680464e-02 6.284778926095347454e-65
4.359342472920597206e-02 6.412467768467389195e-02 2.719541031963377108e-65
4.359342472920597206e-02 6.479967429188099315e-02 1.171861087706870824e-65
4.359342472920597206e-02 6.547467089908808047e-02 5.036470084306086787e-66
4.359342472920597206e-02 6.614966750629516778e-02 2.156405565044823377e-66
4.359342472920597206e-02 6.682466411350226898e-02 9.203878152006098801e-67
5.159521082511549228e-02 0.000000000000000000e+00 4.145834734814292439e-52
5.159521082511549228e-02 6.749966072070936064e-04 3.690639575353676081e-51
5.159521082511549228e-02 1.349993214414187213e-03 2.351254280239069656e-50
5.159521082511549228e-02 2.024989821621281036e-03 1.175648033529437491e-49
5.159521082511549228e-02 2.699986428828374425e-03 4.840324672506469679e-49
5.159521082511549228e-02 3.374983036035467815e-03 1.727066871941192191e-48
5.159521082511549228e-02 4.049979643242562072e-03 5.422742161491066264e-48
5.159521082511549228e-02 4.724976250449655461e-03 1.525140788504262990e-47
5.159521082511549228e-02 5.399972857656748851e-03 3.885504258248610949e-47
5.159521082511549228e-02 6.074969464863842240e-03 9.051343033970861697e-47
5.159521082511549228e-02 6.749966072070935630e-03 1.943474318521722469e-46
5.159521082511549228e-02 7.424962679278029887e-03 3.871266164982635267e-46
5.159521082511549228e-02 8.099959286485124144e-03 7.200363692680049476e-46
5.159521082511549228e-02 8.774955893692216666e-03 1.256918339624104309e-45
5.159521082511549228e-02 9.449952500899310923e-03 2.068725829495321306e-45
5.159521082511549228e-02 1.012494910810640344e-02 3.223084400163167388e-45
5.159521082511549228e-02 1.079994571531349770e-02 4.770614087675457600e-45
5.159521082511549228e-02 1.147494232252059196e-02 6.729944863234170667e-45
5.159521082511549228e-02 1.214993892972768448e-02 9.075046279528644518e-45
5.159521082511549228e-02 1.282493553693477874e-02 1.172832015473928199e-44
5.159521082511549228e-02 1.349993214414187126e-02 1.456208972390416091e-44
5.159521082511549228e-02 1.417492875134896552e-02 1.740928552043329702e-44
5.159521082511549228e-02 1.484992535855605977e-02 2.008209842911734797e-44
5.159521082511549228e-02 1.552492196576315230e-02 2.239227275528540733e-44
5.159521082511549228e-02 1.619991857297024829e-02 2.417622603065928817e-44
5.159521082511549228e-02 1.687491518017733907e-02 2.531581285523559778e-44
5.159521082511549228e-02 1.754991178738443333e-02 2.574844886878239478e-44
5.159521082511549228e-02 1.822490839459152759e-02 2.537863152522906180e-44
5.159521082511549228e-02 1.889990500179862185e-02 2.434663242563206809e-44
5.159521082511549228e-02 1.957490160900571610e-02 2.278103514354439257e-44
5.159521082511549228e-02 2.024989821621280689e-02 2.080040945451653780e-44
5.159521082511549228e-02 2.092489482341990115e-02 1.832015028697057796e-44
5.159521082511549228e-02 2.159989143062699540e-02 1.563079745846905810e-44
5.159521082511549228e-02 2.227488803783408966e-02 1.305423210004232175e-44
5.159521082511549228e-02 2.294988464504118392e-02 1.069539154790100520e-44
5.159521082511549228e-02 2.362488125224827470e-02 8.545296710670252356e-45
5.159521082511549228e-02 2.429987785945536896e-02 6.657288497926297784e-45
5.159521082511549228e-02 2.497487446666246322e-02 5.095874033589443838e-45
5.159521082511549228e-02 2.564987107386955748e-02 3.813871228075789112e-45
5.159521082511549228e-02 2.632486768107665173e-02 2.798402953442590751e-45
5.159521082511549228e-02 2.699986428828374252e-02 2.016568914328698762e-45
5.159521082511549228e-02 2.767486089549083678e-02 1.423387725460379306e-45
5.159521082511549228e-02 2.834985750269793103e-02 9.886701725639890567e-46
5.159521082511549228e-02 2.902485410990502529e-02 6.740164402368073946e-46
5.159521082511549228e-02 2.969985071711211955e-02 4.520438742607179399e-46
5.159521082511549228e-02 3.037484732431921380e-02 2.982762095353970285e-46
5.159521082511549228e-02 3.104984393152630459e-02 1.936955555404717565e-46
5.159521082511549228e-02 3.172484053873340232e-02 1.239370297669488406e-46
5.159521082511549228e-02 3.239983714594049657e-02 7.810133177514794104e-47
5.159521082511549228e-02 3.307483375314758389e-02 4.854743684067785049e-47
5.159521082511549228e-02 3.374983036035467815e-02 2.976020304671898819e-47
5.159521082511549228e-02 3.442482696756177241e-02 1.799746887108935321e-47
5.159521082511549228e-02 3.509982357476886666e-02 1.072046632832538272e-47
5.159521082511549228e-02 3.577482018197596092e-02 6.307918047132052160e-48
5.159521082511549228e-02 3.644981678918305518e-02 3.667886655322687535e-48
5.159521082511549228e-02 3.712481339639014943e-02 2.107481572061598785e-48
5.159521082511549228e-02 3.779981000359724369e-02 1.197504057603418239e-48
5.159521082511549228e-02 3.847480661080433795e-02 6.732736103713007361e-49
5.159521082511549228e-02 3.914980321801143220e-02 3.745698246222311490e-49
5.159521082511549228e-02 3.982479982521851952e-02 2.060179174172432800e-49
5.159521082511549228e-02 4.049979643242561378e-02 1.122254560759792873e-49
5.159521082511549228e-02 4.117479303963270804e-02 6.022755919360190791e-50
5.159521082511549228e-02 4.184978964683980229e-02 3.203092515676943435e-50
5.159521082511549228e-02 4.252478625404689655e-02 1.687768279768808867e-50
5.159521082511549228e-02 4.319978286125399081e-02 8.814264359742048930e-51
5.159521082511549228e-02 4.387477946846108506e-02 4.566854768434265536e-51
5.159521082511549228e-02 4.454977607566817932e-02 2.348078179287430783e-51
5.159521082511549228e-02 4.522477268287527358e-02 1.197115369617580957e-51
5.159521082511549228e-02 4.589976929008236783e-02 6.050991773207782653e-52
5.159521082511549228e-02 4.657476589728946209e-02 3.030710968941897289e-52
5.159521082511549228e-02 4.724976250449654941e-02 1.507044781855010748e-52
5.159521082511549228e-02 4.792475911170364367e-02 7.443222527847257313e-53
5.159521082511549228e-02 4.859975571891073792e-02 3.653481779978613199e-53
5.159521082511549228e-02 4.927475232611783218e-02 1.780808344005736285e-53
5.159521082511549228e-02 4.994974893332492644e-02 8.605911141733794210e-54
5.159521082511549228e-02 5.062474554053202069e-02 4.129910797954529475e-54
5.159521082511549228e-02 5.129974214773911495e-02 1.968012057154394723e-54
5.159521082511549228e-02 5.197473875494620921e-02 9.331198775171939962e-55
5.159521082511549228e-02 5.264973536215330346e-02 4.389665435747852601e-55
5.159521082511549228e-02 5.332473196936039772e-02 2.054495862761256565e-55
5.159521082511549228e-02 5.399972857656748504e-02 9.568459236360323076e-56
5.159521082511549228e-02 5.467472518377457930e-02 4.432721244139136225e-56
5.159521082511549228e-02 5.534972179098167355e-02 2.041037207424460039e-56
5.159521082511549228e-02 5.602471839818876781e-02 9.344039553273955598e-57
5.159521082511549228e-02 5.669971500539586207e-02 4.259032600359888741e-57
5.159521082511549228e-02 5.737471161260295632e-02 1.929291957734598739e-57
5.159521082511549228e-02 5.804970821981005058e-02 8.708172352618692809e-58
5.159521082511549228e-02 5.872470482701714484e-02 3.914701409169478218e-58
5.159521082511549228e-02 5.939970143422423909e-02 1.749424923148584370e-58
5.159521082511549228e-02 6.007469804143133335e-02 7.786090859899433378e-59
5.159521082511549228e-02 6.074969464863842761e-02 3.451608322741120720e-59
5.159521082511549228e-02 6.142469125584551493e-02 1.523597401298635555e-59
5.159521082511549228e-02 6.209968786305260918e-02 6.696620022826245530e-60
5.159521082511549228e-02 6.277468447025970344e-02 2.929535824956661898e-60
5.159521082511549228e-02 6.344968107746680464e-02 1.277133362028941385e-60
5.159521082511549228e-02 6.412467768467389195e-02 5.550754309501876467e-61
5.159521082511549228e-02 6.479967429188099315e-02 2.401458903916939520e-61
5.159521082511549228e-02 6.547467089908808047e-02 1.036307607617373768e-61
5.159521082511549228e-02 6.614966750629516778e-02 4.455825738770762554e-62
5.159521082511549228e-02 6.682466411350226898e-02 1.909600881383670425e-62
5.959699692102501944e-02 0.000000000000000000e+00 2.255382849348126054e-48
5.959699692102501944e-02 6.749966072070936064e-04 2.022312977233665633e-47
5.959699692102501944e-02 1.349993214414187213e-03 1.296820404467986563e-46
5.959699692102501944e-02 2.024989821621281036e-03 6.523504700828295885e-46
5.959699692102501944e-02 2.699986428828374425e-03 2.701492283029574766e-45
5.959699692102501944e-02 3.374983036035467815e-03 9.693887911188530738e-45
5.959699692102501944e-02 4.049979643242562072e-03 3.060472349491697157e-44
5.959699692102501944e-02 4.724976250449655461e-03 8.653629306351474843e-44
5.959699692102501944e-02 5.399972857656748851e-03 2.216183113037012076e-43
5.959699692102501944e-02 6.074969464863842240e-03 5.189486433956469947e-43
5.959699692102501944e-02 6.749966072070935630e-03 1.120046502727373043e-42
5.959699692102501944e-02 7.424962679278029887e-03 2.242408890003033799e-42
5.959699692102501944e-02 8.099959286485124144e-03 4.191966728927021780e-42
5.959699692102501944e-02 8.774955893692216666e-03 7.354122485969460602e-42
5.959699692102501944e-02 9.449952500899310923e-03 1.216389714418019242e-41
5.959699692102501944e-02 1.012494910810640344e-02 1.904450755969817514e-41
5.959699692102501944e-02 1.079994571531349770e-02 2.832597708022006330e-41
5.959699692102501944e-02 1.147494232252059196e-02 4.015333432742194261e-41
5.959699692102501944e-02 1.214993892972768448e-02 5.440543125034846520e-41
5.959699692102501944e-02 1.282493553693477874e-02 7.065066216655653614e-41
5.959699692102501944e-02 1.349993214414187126e-02 8.813861042830900538e-41
5.959699692102501944e-02 1.417492875134896552e-02 1.058676920530186755e-40
5.959699692102501944e-02 1.484992535855605977e-02 1.226860644755524892e-40
5.959699692102501944e-02 1.552492196576315230e-02 1.374291948919848676e-40
5.959699692102501944e-02 1.619991857297024829e-02 1.490668436243803194e-40
5.959699692102501944e-02 1.687491518017733907e-02 1.568138180807587617e-40
5.959699692102501944e-02 1.754991178738443333e-02 1.602289844218491013e-40
5.959699692102501944e-02 1.822490839459152759e-02 1.586536051182389891e-40
5.959699692102501944e-02 1.889990500179862185e-02 1.528939486710835645e-40
5.959699692102501944e-02 1.957490160900571610e-02 1.437104558609816973e-40
5.959699692102501944e-02 2.024989821621280689e-02 1.318090511795532566e-40
5.959699692102501944e-02 2.092489482341990115e-02 1.166425941248135556e-40
5.959699692102501944e-02 2.159989143062699540e-02 9.997040050629953239e-41
5.959699692102501944e-02 2.227488803783408966e-02 8.386938305155668963e-41
5.959699692102501944e-02 2.294988464504118392e-02 6.902312014172433533e-41
5.959699692102501944e-02 2.362488125224827470e-02 5.540448883005212436e-41
5.959699692102501944e-02 2.429987785945536896e-02 4.335560819091944004e-41
5.959699692102501944e-02 2.497487446666246322e-02 3.333218061124178210e-41
5.959699692102501944e-02 2.564987107386955748e-02 2.505903247125473619e-41
5.959699692102501944e-02 2.632486768107665173e-02 1.846727405334788896e-41
5.959699692102501944e-02 2.699986428828374252e-02 1.336650672225656463e-41
5.959699692102501944e-02 2.767486089549083678e-02 9.476836712386857872e-42
5.959699692102501944e-02 2.834985750269793103e-02 6.611135311705458148e-42
5.959699692102501944e-02 2.902485410990502529e-02 4.527047098883889918e-42
5.959699692102501944e-02 2.969985071711211955e-02 3.049629284341206399e-42
5.959699692102501944e-02 3.037484732431921380e-02 2.020893658270897739e-42
5.959699692102501944e-02 3.104984393152630459e-02 1.318060500731466376e-42
5.959699692102501944e-02 3.172484053873340232e-02 8.469725962682151733e-43
5.959699692102501944e-02 3.239983714594049657e-02 5.360631361766908175e-43
5.959699692102501944e-02 3.307483375314758389e-02 3.346406416357181124e-43
5.959699692102501944e-02 3.374983036035467815e-02 2.060223658841319328e-43
5.959699692102501944e-02 3.442482696756177241e-02 1.251135527097299779e-43
5.959699692102501944e-02 3.509982357476886666e-02 7.484577621319561950e-44
5.959699692102501944e-02 3.577482018197596092e-02 4.422499255459442778e-44
5.959699692102501944e-02 3.644981678918305518e-02 2.582202296755432293e-44
5.959699692102501944e-02 3.712481339639014943e-02 1.489779546333424405e-44
5.959699692102501944e-02 3.779981000359724369e-02 8.500726498594256010e-45
5.959699692102501944e-02 3.847480661080433795e-02 4.799389685785286407e-45
5.959699692102501944e-02 3.914980321801143220e-02 2.681297061199367955e-45
5.959699692102501944e-02 3.982479982521851952e-02 1.480898066884070113e-45
5.959699692102501944e-02 4.049979643242561378e-02 8.101255829676776276e-46
5.959699692102501944e-02 4.117479303963270804e-02 4.366002519763119787e-46
5.959699692102501944e-02 4.184978964683980229e-02 2.331415050386887722e-46
5.959699692102501944e-02 4.252478625404689655e-02 1.233529898920502074e-46
5.959699692102501944e-02 4.319978286125399081e-02 6.468610552962486148e-47
5.959699692102501944e-02 4.387477946846108506e-02 3.365442466586786332e-47
5.959699692102501944e-02 4.454977607566817932e-02 1.737518264543853363e-47
5.959699692102501944e-02 4.522477268287527358e-02 8.894954248524278593e-48
5.959699692102501944e-02 4.589976929008236783e-02 4.515046325636763849e-48
5.959699692102501944e-02 4.657476589728946209e-02 2.270641894676183570e-48
5.959699692102501944e-02 4.724976250449654941e-02 1.133626459439003293e-48
5.959699692102501944e-02 4.792475911170364367e-02 5.621403534047040606e-49
5.959699692102501944e-02 4.859975571891073792e-02 2.770550726188931555e-49
5.959699692102501944e-02 4.927475232611783218e-02 1.356062238652298474e-49
5.959699692102501944e-02 4.994974893332492644e-02 6.579840397561798507e-50
5.959699692102501944e-02 5.062474554053202069e-02 3.173015268934590346e-50
5.959699692102501944e-02 5.129974214773911495e-02 1.518039190160009811e-50
5.959699692102501944e-02 5.197473875494620921e-02 7.226463032152190388e-51
5.959699692102501944e-02 5.264973536215330346e-02 3.413372393258357119e-51
5.959699692102501944e-02 5.332473196936039772e-02 1.603814997933960477e-51
5.959699692102501944e-02 5.399972857656748504e-02 7.499224089078847970e-52
5.959699692102501944e-02 5.467472518377457930e-02 3.488128469893451553e-52
5.959699692102501944e-02 5.534972179098167355e-02 1.612448325180052965e-52
5.959699692102501944e-02 5.602471839818876781e-02 7.415516037662536715e-53
5.959699692102501944e-02 5.669971500539586207e-02 3.393670875436648378e-53
5.959699692102501944e-02 5.737471161260295632e-02 1.543337805665362628e-53
5.959699692102501944e-02 5.804970821981005058e-02 6.993313019386121029e-54
5.959699692102501944e-02 5.872470482701714484e-02 3.156043104874801872e-54
5.959699692102501944e-02 5.939970143422423909e-02 1.416536759276721662e-54
5.959699692102501944e-02 6.007469804143133335e-02 6.329323933779048753e-55
5.959699692102501944e-02 6.074969464863842761e-02 2.817054400265523219e-55
5.959699692102501944e-02 6.142469125584551493e-02 1.248399649704792511e-55
5.959699692102501944e-02 6.209968786305260918e-02 5.511494766892272257e-56
5.959699692102501944e-02 6.277468447025970344e-02 2.420749138804699853e-56
5.959699692102501944e-02 6.344968107746680464e-02 1.059451719979576106e-56
5.959699692102501944e-02 6.412467768467389195e-02 4.622780731586597537e-57
5.959699692102501944e-02 6.479967429188099315e-02 2.008661615032944230e-57
5.959699692102501944e-02 6.547467089908808047e-02 8.701907814626813291e-58
5.959699692102501944e-02 6.614966750629516778e-02 3.756147041169048378e-58
5.959699692102501944e-02 6.682466411350226898e-02 1.616743035015418110e-58
6.759878301693454661e-02 0.000000000000000000e+00 5.640030924163573314e-45
6.759878301693454661e-02 6.749966072070936064e-04 5.093858223800161057e-44
6.759878301693454661e-02 1.349993214414187213e-03 3.287695960856222480e-43
6.759878301693454661e-02 2.024989821621281036e-03 1.663803280636978122e-42
6.759878301693454661e-02 2.699986428828374425e-03 6.930278771073714725e-42
6.759878301693454661e-02 3.374983036035467815e-03 2.500750805831921309e-41
6.759878301693454661e-02 4.049979643242562072e-03 7.938574557485065251e-41
6.759878301693454661e-02 4.724976250449655461e-03 2.256773671919270608e-40
6.759878301693454661e-02 5.399972857656748851e-03 5.810021537403134683e-40
6.759878301693454661e-02 6.074969464863842240e-03 1.367519993084514898e-39
6.759878301693454661e-02 6.749966072070935630e-03 2.966766723996161025e-39
6.759878301693454661e-02 7.424962679278029887e-03 5.969978289572541473e-39
6.759878301693454661e-02 8.099959286485124144e-03 1.121706038439313591e-38
6.759878301693454661e-02 8.774955893692216666e-03 1.977757421995397575e-38
6.759878301693454661e-02 9.449952500899310923e-03 3.287457788775119390e-38
6.759878301693454661e-02 1.012494910810640344e-02 5.172248351369447888e-38
6.759878301693454661e-02 1.079994571531349770e-02 7.730315586412465685e-38
6.759878301693454661e-02 1.147494232252059196e-02 1.101080858390302312e-37
6.759878301693454661e-02 1.214993892972768448e-02 1.499045275450825911e-37
6.759878301693454661e-02 1.282493553693477874e-02 1.955900437573251223e-37
6.759878301693454661e-02 1.349993214414187126e-02 2.451610071998828625e-37
6.759878301693454661e-02 1.417492875134896552e-02 2.958662839516460695e-37
6.759878301693454661e-02 1.484992535855605977e-02 3.444680610459802473e-37
6.759878301693454661e-02 1.552492196576315230e-02 3.876476227032746148e-37
6.759878301693454661e-02 1.619991857297024829e-02 4.223846358066671789e-37
6.759878301693454661e-02 1.687491518017733907e-02 4.463577226833106771e-37
6.759878301693454661e-02 1.754991178738443333e-02 4.581636947641812161e-37
6.759878301693454661e-02 1.822490839459152759e-02 4.557351976805717151e-37
6.759878301693454661e-02 1.889990500179862185e-02 4.411825500925604686e-37
6.759878301693454661e-02 1.957490160900571610e-02 4.165544729045292354e-37
6.759878301693454661e-02 2.024989821621280689e-02 3.837770781878947327e-37
6.759878301693454661e-02 2.092489482341990115e-02 3.412225746788186844e-37
6.759878301693454661e-02 2.159989143062699540e-02 2.937480996314622001e-37
6.759878301693454661e-02 2.227488803783408966e-02 2.475312533209705404e-37
6.759878301693454661e-02 2.294988464504118392e-02 2.046097935066074851e-37
6.759878301693454661e-02 2.362488125224827470e-02 1.649920873559084458e-37
6.759878301693454661e-02 2.429987785945536896e-02 1.296724045712426815e-37
6.759878301693454661e-02 2.497487446666246322e-02 1.001238596005509351e-37
6.759878301693454661e-02 2.564987107386955748e-02 7.560989111660092773e-38
6.759878301693454661e-02 2.632486768107665173e-02 5.595632167682923534e-38
6.759878301693454661e-02 2.699986428828374252e-02 4.067213996617439758e-38
6.759878301693454661e-02 2.767486089549083678e-02 2.896254561550144964e-38
6.759878301693454661e-02 2.834985750269793103e-02 2.029149250329785542e-38
6.759878301693454661e-02 2.902485410990502529e-02 1.395547966494922239e-38
6.759878301693454661e-02 2.969985071711211955e-02 9.442326023817658288e-39
6.759878301693454661e-02 3.037484732431921380e-02 6.283723972135200748e-39
6.759878301693454661e-02 3.104984393152630459e-02 4.116172163343566001e-39
6.759878301693454661e-02 3.172484053873340232e-02 2.656280042862364354e-39
6.759878301693454661e-02 3.239983714594049657e-02 1.688520295331883699e-39
6.759878301693454661e-02 3.307483375314758389e-02 1.058589598138657429e-39
6.759878301693454661e-02 3.374983036035467815e-02 6.545392195444838178e-40
6.759878301693454661e-02 3.442482696756177241e-02 3.991617214815464896e-40
6.759878301693454661e-02 3.509982357476886666e-02 2.398143583719595484e-40
6.759878301693454661e-02 3.577482018197596092e-02 1.423091989120001086e-40
6.759878301693454661e-02 3.644981678918305518e-02 8.344281238735737100e-41
6.759878301693454661e-02 3.712481339639014943e-02 4.833981614368237079e-41
6.759878301693454661e-02 3.779981000359724369e-02 2.769694331023421286e-41
6.759878301693454661e-02 3.847480661080433795e-02 1.570250180574987680e-41
6.759878301693454661e-02 3.914980321801143220e-02 8.809446273652470058e-42
6.759878301693454661e-02 3.982479982521851952e-02 4.885829042308695335e-42
6.759878301693454661e-02 4.049979643242561378e-02 2.683901612862756776e-42
6.759878301693454661e-02 4.117479303963270804e-02 1.452561682517708045e-42
6.759878301693454661e-02 4.184978964683980229e-02 7.788715921090535484e-43
6.759878301693454661e-02 4.252478625404689655e-02 4.138011152239828352e-43
6.759878301693454661e-02 4.319978286125399081e-02 2.178869530823298113e-43
6.759878301693454661e-02 4.387477946846108506e-02 1.138247780141837462e-43
6.759878301693454661e-02 4.454977607566817932e-02 5.900418231325699236e-44
6.759878301693454661e-02 4.522477268287527358e-02 3.032999626358145884e-44
6.759878301693454661e-02 4.589976929008236783e-02 1.545884883592033028e-44
6.759878301693454661e-02 4.657476589728946209e-02 7.805664078076339893e-45
6.759878301693454661e-02 4.724976250449654941e-02 3.912741207309340469e-45
6.759878301693454661e-02 4.792475911170364367e-02 1.948041532952413370e-45
6.759878301693454661e-02 4.859975571891073792e-02 9.638594589457215086e-46
6.759878301693454661e-02 4.927475232611783218e-02 4.736571724589854650e-46
6.759878301693454661e-02 4.994974893332492644e-02 2.307387123575853649e-46
6.759878301693454661e-02 5.062474554053202069e-02 1.117845897436388870e-46
6.759878301693454661e-02 5.129974214773911495e-02 5.370443830962888906e-47
6.759878301693454661e-02 5.197473875494620921e-02 2.566596707781751606e-47
6.759878301693454661e-02 5.264973536215330346e-02 1.217218303868606379e-47
6.759878301693454661e-02 5.332473196936039772e-02 5.741805266349846672e-48
6.759878301693454661e-02 5.399972857656748504e-02 2.695366536903838840e-48
6.759878301693454661e-02 5.467472518377457930e-02 1.258689773237241627e-48
6.759878301693454661e-02 5.534972179098167355e-02 5.841304376390341555e-49
6.759878301693454661e-02 5.602471839818876781e-02 2.698376962933846810e-49
6.759878301693454661e-02 5.669971500539586207e-02 1.239728567083916890e-49
6.759878301693454661e-02 5.737471161260295632e-02 5.660032155949579762e-50
6.759878301693454661e-02 5.804970821981005058e-02 2.574678884090213445e-50
6.759878301693454661e-02 5.872470482701714484e-02 1.166480596086229995e-50
6.759878301693454661e-02 5.939970143422423909e-02 5.256715878673361672e-51
6.759878301693454661e-02 6.007469804143133335e-02 2.358133123855392355e-51
6.759878301693454661e-02 6.074969464863842761e-02 1.053520662266871163e-51
6.759878301693454661e-02 6.142469125584551493e-02 4.686297872809394940e-52
6.759878301693454661e-02 6.209968786305260918e-02 2.076776030863491800e-52
6.759878301693454661e-02 6.277468447025970344e-02 9.160623032485160874e-53
6.759878301693454661e-02 6.344968107746680464e-02 4.024182384900930802e-53
6.759878301693454661e-02 6.412467768467389195e-02 1.762575436067151763e-53
6.759878301693454661e-02 6.479967429188099315e-02 7.690362099255098618e-54
6.759878301693454661e-02 6.547467089908808047e-02 3.343968726932486924e-54
6.759878301693454661e-02 6.614966750629516778e-02 1.448774418244749183e-54
6.759878301693454661e-02 6.682466411350226898e-02 6.260578452901860440e-55
7.560056911284407377e-02 0.000000000000000000e+00 7.188047300793800561e-42
7.560056911284407377e-02 6.749966072070936064e-04 6.538004679729761582e-41
7.560056911284407377e-02 1.349993214414187213e-03 4.246704597364946200e-40
7.560056911284407377e-02 2.024989821621281036e-03 2.161721561814990264e-39
7.560056911284407377e-02 2.699986428828374425e-03 9.055025506551621222e-39
7.560056911284407377e-02 3.374983036035467815e-03 3.285460023239803994e-38
7.560056911284407377e-02 4.049979643242562072e-03 1.048522318982999798e-37
7.560056911284407377e-02 4.724976250449655461e-03 2.996372042363702979e-37
7.560056911284407377e-02 5.399972857656748851e-03 7.754050244045936556e-37
7.560056911284407377e-02 6.074969464863842240e-03 1.834423305090030742e-36
7.560056911284407377e-02 6.749966072070935630e-03 3.999651017182891886e-36
7.560056911284407377e-02 7.424962679278029887e-03 8.087741425583954158e-36
7.560056911284407377e-02 8.099959286485124144e-03 1.527086721891354440e-35
7.560056911284407377e-02 8.774955893692216666e-03 2.705737667372159697e-35
7.560056911284407377e-02 9.449952500899310923e-03 4.519365609458516155e-35
7.560056911284407377e-02 1.012494910810640344e-02 7.145091294668404896e-35
7.560056911284407377e-02 1.079994571531349770e-02 1.073038619393315732e-34
7.560056911284407377e-02 1.147494232252059196e-02 1.535691804938679510e-34
7.560056911284407377e-02 1.214993892972768448e-02 2.100630415995526791e-34
7.560056911284407377e-02 1.282493553693477874e-02 2.753718658461312476e-34
7.560056911284407377e-02 1.349993214414187126e-02 3.467680295729745372e-34
7.560056911284407377e-02 1.417492875134896552e-02 4.204217542743871656e-34
7.560056911284407377e-02 1.484992535855605977e-02 4.917445474406913334e-34
7.560056911284407377e-02 1.552492196576315230e-02 5.559237118445377571e-34
7.560056911284407377e-02 1.619991857297024829e-02 6.084973199207973834e-34
7.560056911284407377e-02 1.687491518017733907e-02 6.459323456249910631e-34
7.560056911284407377e-02 1.754991178738443333e-02 6.659446798302852924e-34
7.560056911284407377e-02 1.822490839459152759e-02 6.653478253868532704e-34
7.560056911284407377e-02 1.889990500179862185e-02 6.469486574835531137e-34
7.560056911284407377e-02 1.957490160900571610e-02 6.135388123868680050e-34
7.560056911284407377e-02 2.024989821621280689e-02 5.677535818839707587e-34
7.560056911284407377e-02 2.092489482341990115e-02 5.071318355199477246e-34
7.560056911284407377e-02 2.159989143062699540e-02 4.384650896869169037e-34
7.560056911284407377e-02 2.227488803783408966e-02 3.710772295467718569e-34
7.560056911284407377e-02 2.294988464504118392e-02 3.080507618421326332e-34
7.560056911284407377e-02 2.362488125224827470e-02 2.495219030903326139e-34
7.560056911284407377e-02 2.429987785945536896e-02 1.969524595899314969e-34
7.560056911284407377e-02 2.497487446666246322e-02 1.527238790916540325e-34
7.560056911284407377e-02 2.564987107386955748e-02 1.158446102796635281e-34
7.560056911284407377e-02 2.632486768107665173e-02 8.609771669485412278e-35
7.560056911284407377e-02 2.699986428828374252e-02 6.284809740046678223e-35
7.560056911284407377e-02 2.767486089549083678e-02 4.494707428387264125e-35
7.560056911284407377e-02 2.834985750269793103e-02 3.162177162501274647e-35
7.560056911284407377e-02 2.902485410990502529e-02 2.184116771915859462e-35
7.560056911284407377e-02 2.969985071711211955e-02 1.484203552704064146e-35
7.560056911284407377e-02 3.037484732431921380e-02 9.918401893619654292e-36
7.560056911284407377e-02 3.104984393152630459e-02 6.524493264132116258e-36
7.560056911284407377e-02 3.172484053873340232e-02 4.227842006875998007e-36
7.560056911284407377e-02 3.239983714594049657e-02 2.698941054484974094e-36
7.560056911284407377e-02 3.307483375314758389e-02 1.699154635226967406e-36
7.560056911284407377e-02 3.374983036035467815e-02 1.054953837633659114e-36
7.560056911284407377e-02 3.442482696756177241e-02 6.460277203146486696e-37
7.560056911284407377e-02 3.509982357476886666e-02 3.897592333750858775e-37
7.560056911284407377e-02 3.577482018197596092e-02 2.322467173947060146e-37
7.560056911284407377e-02 3.644981678918305518e-02 1.367368701503751219e-37
7.560056911284407377e-02 3.712481339639014943e-02 7.953446059665151699e-38
7.560056911284407377e-02 3.779981000359724369e-02 4.575823155292149504e-38
7.560056911284407377e-02 3.847480661080433795e-02 2.604788698898774797e-38
7.560056911284407377e-02 3.914980321801143220e-02 1.467232050728408720e-38
7.560056911284407377e-02 3.982479982521851952e-02 8.170167168524918042e-39
7.560056911284407377e-02 4.049979643242561378e-02 4.506269605468874223e-39
7.560056911284407377e-02 4.117479303963270804e-02 2.448866306030855692e-39
7.560056911284407377e-02 4.184978964683980229e-02 1.318434608231567781e-39
7.560056911284407377e-02 4.252478625404689655e-02 7.032989401760956568e-40
7.560056911284407377e-02 4.319978286125399081e-02 3.718187144722162244e-40
7.560056911284407377e-02 4.387477946846108506e-02 1.950245509851643935e-40
7.560056911284407377e-02 4.454977607566817932e-02 1.015039187954699407e-40
7.560056911284407377e-02 4.522477268287527358e-02 5.238654443041280595e-41
7.560056911284407377e-02 4.589976929008236783e-02 2.681006586174184020e-41
7.560056911284407377e-02 4.657476589728946209e-02 1.359127778633462507e-41
7.560056911284407377e-02 4.724976250449654941e-02 6.839893583662074695e-42
7.560056911284407377e-02 4.792475911170364367e-02 3.418902580262187218e-42
7.560056911284407377e-02 4.859975571891073792e-02 1.698324302911295839e-42
7.560056911284407377e-02 4.927475232611783218e-02 8.379638135235548341e-43
7.560056911284407377e-02 4.994974893332492644e-02 4.097784970451674602e-43
7.560056911284407377e-02 5.062474554053202069e-02 1.992807590863891286e-43
7.560056911284407377e-02 5.129974214773911495e-02 9.618859663591129768e-44
7.560056911284407377e-02 5.197473875494620921e-02 4.614984282135607183e-44
7.560056911284407377e-02 5.264973536215330346e-02 2.197367108107270679e-44
7.560056911284407377e-02 5.332473196936039772e-02 1.040548855939381547e-44
7.560056911284407377e-02 5.399972857656748504e-02 4.903371861955875363e-45
7.560056911284407377e-02 5.467472518377457930e-02 2.298727659159234760e-45
7.560056911284407377e-02 5.534972179098167355e-02 1.070905429291023063e-45
7.560056911284407377e-02 5.602471839818876781e-02 4.966077988376192862e-46
7.560056911284407377e-02 5.669971500539586207e-02 2.291673390808157148e-46
7.560056911284407377e-02 5.737471161260295632e-02 1.050331342956989469e-46
7.560056911284407377e-02 5.804970821981005058e-02 4.796058963121056664e-47
7.560056911284407377e-02 5.872470482701714484e-02 2.181188474810178166e-47
7.560056911284407377e-02 5.939970143422423909e-02 9.866636850796586781e-48
7.560056911284407377e-02 6.007469804143133335e-02 4.445101234782359600e-48
7.560056911284407377e-02 6.074969464863842761e-02 1.993511791933425480e-48
7.560056911284407377e-02 6.142469125584551493e-02 8.899661499377891090e-49
7.560056911284407377e-02 6.209968786305260918e-02 3.958444621221976458e-49
7.560056911284407377e-02 6.277468447025970344e-02 1.753491582919872861e-49
7.560056911284407377e-02 6.344968107746680464e-02 7.731472713578749831e-50
7.560056911284407377e-02 6.412467768467389195e-02 3.399090918888343127e-50
7.560056911284407377e-02 6.479967429188099315e-02 1.488550719089418243e-50
7.560056911284407377e-02 6.547467089908808047e-02 6.499105491347855272e-51
7.560056911284407377e-02 6.614966750629516778e-02 2.826212582994062787e-51
7.560056911284407377e-02 6.682466411350226898e-02 1.225727867134552170e-51
8.360235520875360093e-02 0.000000000000000000e+00 5.050139198022098476e-39
8.360235520875360093e-02 6.749966072070936064e-04 4.625988706794392576e-38
8.360235520875360093e-02 1.349993214414187213e-03 3.023851701855777448e-37
8.360235520875360093e-02 2.024989821621281036e-03 1.548330061757925875e-36
8.360235520875360093e-02 2.699986428828374425e-03 6.522040810788056960e-36
8.360235520875360093e-02 3.374983036035467815e-03 2.379267342753304802e-35
8.360235520875360093e-02 4.049979643242562072e-03 7.633400694631997227e-35
8.360235520875360093e-02 4.724976250449655461e-03 2.192726880780452148e-34
8.360235520875360093e-02 5.399972857656748851e-03 5.703271468237296321e-34
8.360235520875360093e-02 6.074969464863842240e-03 1.356071380329976854e-33
8.360235520875360093e-02 6.749966072070935630e-03 2.971339798732903157e-33
8.360235520875360093e-02 7.424962679278029887e-03 6.038002459450247859e-33
8.360235520875360093e-02 8.099959286485124144e-03 1.145518014790627255e-32
8.360235520875360093e-02 8.774955893692216666e-03 2.039294845010697025e-32
8.360235520875360093e-02 9.449952500899310923e-03 3.422338937804583833e-32
8.360235520875360093e-02 1.012494910810640344e-02 5.436215976292104194e-32
8.360235520875360093e-02 1.079994571531349770e-02 8.202474586603475712e-32
8.360235520875360093e-02 1.147494232252059196e-02 1.179394187784522325e-31
8.360235520875360093e-02 1.214993892972768448e-02 1.620748182066757806e-31
8.360235520875360093e-02 1.282493553693477874e-02 2.134389206311083826e-31
8.360235520875360093e-02 1.349993214414187126e-02 2.700075680905383288e-31
8.360235520875360093e-02 1.417492875134896552e-02 3.288506190161436121e-31
8.360235520875360093e-02 1.484992535855605977e-02 3.863783937594975667e-31
8.360235520875360093e-02 1.552492196576315230e-02 4.387749648655756789e-31
8.360235520875360093e-02 1.619991857297024829e-02 4.824220982320946384e-31
8.360235520875360093e-02 1.687491518017733907e-02 5.143800530973716011e-31
8.360235520875360093e-02 1.754991178738443333e-02 5.326543165589828623e-31
8.360235520875360093e-02 1.822490839459152759e-02 5.345117948633750475e-31
8.360235520875360093e-02 1.889990500179862185e-02 5.219664081547992138e-31
8.360235520875360093e-02 1.957490160900571610e-02 4.971422136393460302e-31
8.360235520875360093e-02 2.024989821621280689e-02 4.620384043800641844e-31
8.360235520875360093e-02 2.092489482341990115e-02 4.146014092829853134e-31
8.360235520875360093e-02 2.159989143062699540e-02 3.600039344718113864e-31
8.360235520875360093e-02 2.227488803783408966e-02 3.059845909162541088e-31
8.360235520875360093e-02 2.294988464504118392e-02 2.551016862874842935e-31
8.360235520875360093e-02 2.362488125224827470e-02 2.075583113792987021e-31
8.360235520875360093e-02 2.429987785945536896e-02 1.645286424955034437e-31
8.360235520875360093e-02 2.497487446666246322e-02 1.281210703750043107e-31
8.360235520875360093e-02 2.564987107386955748e-02 9.761162712079675880e-32
8.360235520875360093e-02 2.632486768107665173e-02 7.285139832750279410e-32
8.360235520875360093e-02 2.699986428828374252e-02 5.340157238811208246e-32
8.360235520875360093e-02 2.767486089549083678e-02 3.835472390577314552e-32
8.360235520875360093e-02 2.834985750269793103e-02 2.709610741832050851e-32
8.360235520875360093e-02 2.902485410990502529e-02 1.879343691000600151e-32
8.360235520875360093e-02 2.969985071711211955e-02 1.282419058264323649e-32
8.360235520875360093e-02 3.037484732431921380e-02 8.604847568727584551e-33
8.360235520875360093e-02 3.104984393152630459e-02 5.684041888340069613e-33
8.360235520875360093e-02 3.172484053873340232e-02 3.698248730192000259e-33
8.360235520875360093e-02 3.239983714594049657e-02 2.370717818847265209e-33
8.360235520875360093e-02 3.307483375314758389e-02 1.498670126252306881e-33
8.360235520875360093e-02 3.374983036035467815e-02 9.342435651454662572e-34
8.360235520875360093e-02 3.442482696756177241e-02 5.744647010888248523e-34
8.360235520875360093e-02 3.509982357476886666e-02 3.480155466606838481e-34
8.360235520875360093e-02 3.577482018197596092e-02 2.082206592768933475e-34
8.360235520875360093e-02 3.644981678918305518e-02 1.230863460162025764e-34
8.360235520875360093e-02 3.712481339639014943e-02 7.188255601096731098e-35
8.360235520875360093e-02 3.779981000359724369e-02 4.152276799218965605e-35
8.360235520875360093e-02 3.847480661080433795e-02 2.373115113508116256e-35
8.360235520875360093e-02 3.914980321801143220e-02 1.342099457564906653e-35
8.360235520875360093e-02 3.982479982521851952e-02 7.502830964287337808e-36
8.360235520875360093e-02 4.049979643242561378e-02 4.154235432249923526e-36
8.360235520875360093e-02 4.117479303963270804e-02 2.266480701428807654e-36
8.360235520875360093e-02 4.184978964683980229e-02 1.225048055360765154e-36
8.360235520875360093e-02 4.252478625404689655e-02 6.560451279637842947e-37
8.360235520875360093e-02 4.319978286125399081e-02 3.481933411354823162e-37
8.360235520875360093e-02 4.387477946846108506e-02 1.833451805890848249e-37
8.360235520875360093e-02 4.454977607566817932e-02 9.579590312033333214e-38
8.360235520875360093e-02 4.522477268287527358e-02 4.963375040810834368e-38
8.360235520875360093e-02 4.589976929008236783e-02 2.550175924098968588e-38
8.360235520875360093e-02 4.657476589728946209e-02 1.297782560164670848e-38
8.360235520875360093e-02 4.724976250449654941e-02 6.556376621675035043e-39
8.360235520875360093e-02 4.792475911170364367e-02 3.289756965512314703e-39
8.360235520875360093e-02 4.859975571891073792e-02 1.640458463082714286e-39
8.360235520875360093e-02 4.927475232611783218e-02 8.125333613221097305e-40
8.360235520875360093e-02 4.994974893332492644e-02 3.988741423918947093e-40
8.360235520875360093e-02 5.062474554053202069e-02 1.947175519883702997e-40
8.360235520875360093e-02 5.129974214773911495e-02 9.441561855998334118e-41
8.360235520875360093e-02 5.197473875494620921e-02 4.546663817609568146e-41
8.360235520875360093e-02 5.264973536215330346e-02 2.173197888132025660e-41
8.360235520875360093e-02 5.332473196936039772e-02 1.033024625452643050e-41
8.360235520875360093e-02 5.399972857656748504e-02 4.886266787524562341e-42
8.360235520875360093e-02 5.467472518377457930e-02 2.299478905757123234e-42
8.360235520875360093e-02 5.534972179098167355e-02 1.075295494236193372e-42
8.360235520875360093e-02 5.602471839818876781e-02 5.004929990342793106e-43
8.360235520875360093e-02 5.669971500539586207e-02 2.319593692397845570e-43
8.360235520875360093e-02 5.737471161260295632e-02 1.067168272228007438e-43
8.360235520875360093e-02 5.804970821981005058e-02 4.891136366345940370e-44
8.360235520875360093e-02 5.872470482701714484e-02 2.232701508393573151e-44
8.360235520875360093e-02 5.939970143422423909e-02 1.013833793117075836e-44
8.360235520875360093e-02 6.007469804143133335e-02 4.586398772688252017e-45
8.360235520875360093e-02 6.074969464863842761e-02 2.064939067153499953e-45
8.360235520875360093e-02 6.142469125584551493e-02 9.252584545402557897e-46
8.360235520875360093e-02 6.209968786305260918e-02 4.130416110823976885e-46
8.360235520875360093e-02 6.277468447025970344e-02 1.836515870133210312e-46
8.360235520875360093e-02 6.344968107746680464e-02 8.129009168260792084e-47
8.360235520875360093e-02 6.412467768467389195e-02 3.587013016266162638e-47
8.360235520875360093e-02 6.479967429188099315e-02 1.576560888509542497e-47
8.360235520875360093e-02 6.547467089908808047e-02 6.911577814607585705e-48
8.360235520875360093e-02 6.614966750629516778e-02 3.016643690665850778e-48
8.360235520875360093e-02 6.682466411350226898e-02 1.313058323036762628e-48
9.160414130466312810e-02 0.000000000000000000e+00 2.079567942152610052e-36
9.160414130466312810e-02 6.749966072070936064e-04 1.918270875707165822e-35
9.160414130466312810e-02 1.349993214414187213e-03 1.261798952892103513e-34
9.160414130466312810e-02 2.024989821621281036e-03 6.498708287560702515e-34
9.160414130466312810e-02 2.699986428828374425e-03 2.752679471925907826e-33
9.160414130466312810e-02 3.374983036035467815e-03 1.009671111862586496e-32
9.160414130466312810e-02 4.049979643242562072e-03 3.256387745574088188e-32
9.160414130466312810e-02 4.724976250449655461e-03 9.402515605942320917e-32
9.160414130466312810e-02 5.399972857656748851e-03 2.458031830445936459e-31
9.160414130466312810e-02 6.074969464863842240e-03 5.874061455977288435e-31
9.160414130466312810e-02 6.749966072070935630e-03 1.293460897622286888e-30
9.160414130466312810e-02 7.424962679278029887e-03 2.641337770118024126e-30
9.160414130466312810e-02 8.099959286485124144e-03 5.035451165910302620e-30
9.160414130466312810e-02 8.774955893692216666e-03 9.007412326136317385e-30
9.160414130466312810e-02 9.449952500899310923e-03 1.518748061577991327e-29
9.160414130466312810e-02 1.012494910810640344e-02 2.423636826956716658e-29
9.160414130466312810e-02 1.079994571531349770e-02 3.673928541095767870e-29
9.160414130466312810e-02 1.147494232252059196e-02 5.307137741108688842e-29
9.160414130466312810e-02 1.214993892972768448e-02 7.326915413750739816e-29
9.160414130466312810e-02 1.282493553693477874e-02 9.693208929677607898e-29
9.160414130466312810e-02 1.349993214414187126e-02 1.231781642731933749e-28
9.160414130466312810e-02 1.417492875134896552e-02 1.506971434531962141e-28
9.160414130466312810e-02 1.484992535855605977e-02 1.778516382072422217e-28
9.160414130466312810e-02 1.552492196576315230e-02 2.028687446873036170e-28
9.160414130466312810e-02 1.619991857297024829e-02 2.240472304647893477e-28
9.160414130466312810e-02 1.687491518017733907e-02 2.399490738920241381e-28
9.160414130466312810e-02 1.754991178738443333e-02 2.495738406752273025e-28
9.160414130466312810e-02 1.822490839459152759e-02 2.515545031531463516e-28
9.160414130466312810e-02 1.889990500179862185e-02 2.467239840413749722e-28
9.160414130466312810e-02 1.957490160900571610e-02 2.360069386522460754e-28
9.160414130466312810e-02 2.024989821621280689e-02 2.202789338271816481e-28
9.160414130466312810e-02 2.092489482341990115e-02 1.985575390636331002e-28
9.160414130466312810e-02 2.159989143062699540e-02 1.731477601382204623e-28
9.160414130466312810e-02 2.227488803783408966e-02 1.477978171757197016e-28
9.160414130466312810e-02 2.294988464504118392e-02 1.237412596234272944e-28
9.160414130466312810e-02 2.362488125224827470e-02 1.011223907060295636e-28
9.160414130466312810e-02 2.429987785945536896e-02 8.049484581183958658e-29
9.160414130466312810e-02 2.497487446666246322e-02 6.294340037049545886e-29
9.160414130466312810e-02 2.564987107386955748e-02 4.816257124264658396e-29
9.160414130466312810e-02 2.632486768107665173e-02 3.609513966558732364e-29
9.160414130466312810e-02 2.699986428828374252e-02 2.656913166290917006e-29
9.160414130466312810e-02 2.767486089549083678e-02 1.916431518041123470e-29
9.160414130466312810e-02 2.834985750269793103e-02 1.359504034300547388e-29
9.160414130466312810e-02 2.902485410990502529e-02 9.469109814007217440e-30
9.160414130466312810e-02 2.969985071711211955e-02 6.488832100208975403e-30
9.160414130466312810e-02 3.037484732431921380e-02 4.371620068294682950e-30
9.160414130466312810e-02 3.104984393152630459e-02 2.899514633004124343e-30
9.160414130466312810e-02 3.172484053873340232e-02 1.894137303929442651e-30
9.160414130466312810e-02 3.239983714594049657e-02 1.219256097147192732e-30
9.160414130466312810e-02 3.307483375314758389e-02 7.739276999593078291e-31
9.160414130466312810e-02 3.374983036035467815e-02 4.843852797631592180e-31
9.160414130466312810e-02 3.442482696756177241e-02 2.990601687046943961e-31
9.160414130466312810e-02 3.509982357476886666e-02 1.819123394725262973e-31
9.160414130466312810e-02 3.577482018197596092e-02 1.092833882294258641e-31
9.160414130466312810e-02 3.644981678918305518e-02 6.485622304268552970e-32
9.160414130466312810e-02 3.712481339639014943e-02 3.802982745921753019e-32
9.160414130466312810e-02 3.779981000359724369e-02 2.205668589163896932e-32
9.160414130466312810e-02 3.847480661080433795e-02 1.265695190226683111e-32
9.160414130466312810e-02 3.914980321801143220e-02 7.187012843858268273e-33
9.160414130466312810e-02 3.982479982521851952e-02 4.033756885424206388e-33
9.160414130466312810e-02 4.049979643242561378e-02 2.242141418483148686e-33
9.160414130466312810e-02 4.117479303963270804e-02 1.228221684291146374e-33
9.160414130466312810e-02 4.184978964683980229e-02 6.664245802723065384e-34
9.160414130466312810e-02 4.252478625404689655e-02 3.582743232024999733e-34
9.160414130466312810e-02 4.319978286125399081e-02 1.908930759503628547e-34
9.160414130466312810e-02 4.387477946846108506e-02 1.009071890091854789e-34
9.160414130466312810e-02 4.454977607566817932e-02 5.292800163346831094e-35
9.160414130466312810e-02 4.522477268287527358e-02 2.752976626238008043e-35
9.160414130466312810e-02 4.589976929008236783e-02 1.420062174846060253e-35
9.160414130466312810e-02 4.657476589728946209e-02 7.254576989894502258e-36
9.160414130466312810e-02 4.724976250449654941e-02 3.679041631986144008e-36
9.160414130466312810e-02 4.792475911170364367e-02 1.853085025569714017e-36
9.160414130466312810e-02 4.859975571891073792e-02 9.275701768921821766e-37
9.160414130466312810e-02 4.927475232611783218e-02 4.611423127656475459e-37
9.160414130466312810e-02 4.994974893332492644e-02 2.272409885927524042e-37
9.160414130466312810e-02 5.062474554053202069e-02 1.113481200310884973e-37
9.160414130466312810e-02 5.129974214773911495e-02 5.422088832470192827e-38
9.160414130466312810e-02 5.197473875494620921e-02 2.621573036827455639e-38
9.160414130466312810e-02 5.264973536215330346e-02 1.257736041840794900e-38
9.160414130466312810e-02 5.332473196936039772e-02 6.000240936482845637e-39
9.160414130466312810e-02 5.399972857656748504e-02 2.848590012367725159e-39
9.160414130466312810e-02 5.467472518377457930e-02 1.345611658158183519e-39
9.160414130466312810e-02 5.534972179098167355e-02 6.315726003132129488e-40
9.160414130466312810e-02 5.602471839818876781e-02 2.950490377705941892e-40
9.160414130466312810e-02 5.669971500539586207e-02 1.372967635423933964e-40
9.160414130466312810e-02 5.737471161260295632e-02 6.341497548175126412e-41
9.160414130466312810e-02 5.804970821981005058e-02 2.917146670523853458e-41
9.160414130466312810e-02 5.872470482701714484e-02 1.336438500586122767e-41
9.160414130466312810e-02 5.939970143422423909e-02 6.091277747052405877e-42
9.160414130466312810e-02 6.007469804143133335e-02 2.765615534741191776e-42
9.160414130466312810e-02 6.074969464863842761e-02 1.250466701081564768e-42
9.160414130466312810e-02 6.142469125584551493e-02 5.623641108282098946e-43
9.160414130466312810e-02 6.209968786305260918e-02 2.519674826219460296e-43
9.160414130466312810e-02 6.277468447025970344e-02 1.124440642785271694e-43
9.160414130466312810e-02 6.344968107746680464e-02 4.997443983431714811e-44
9.160414130466312810e-02 6.412467768467389195e-02 2.213144649239580924e-44
9.160414130466312810e-02 6.479967429188099315e-02 9.761380516576219270e-45
9.160414130466312810e-02 6.547467089908808047e-02 4.294867761464560867e-45
9.160414130466312810e-02 6.614966750629516778e-02 1.882010953637648126e-45
9.160414130466312810e-02 6.682466411350226898e-02 8.221406432690761961e-46
9.960592740057264138e-02 0.000000000000000000e+00 5.348348961692139364e-34
9.960592740057264138e-02 6.749966072070936064e-04 4.967949374793931931e-33
9.960592740057264138e-02 1.349993214414187213e-03 3.288227264235669414e-32
9.960592740057264138e-02 2.024989821621281036e-03 1.703359928834214251e-31
9.960592740057264138e-02 2.699986428828374425e-03 7.254834677239962581e-31
9.960592740057264138e-02 3.374983036035467815e-03 2.675354981396834668e-30
9.960592740057264138e-02 4.049979643242562072e-03 8.673867553765314825e-30
9.960592740057264138e-02 4.724976250449655461e-03 2.517396819971707644e-29
9.960592740057264138e-02 5.399972857656748851e-03 6.614203682607428420e-29
9.960592740057264138e-02 6.074969464863842240e-03 1.588491257071029953e-28
9.960592740057264138e-02 6.749966072070935630e-03 3.514890176221943843e-28
9.960592740057264138e-02 7.424962679278029887e-03 7.212566585869175279e-28
9.960592740057264138e-02 8.099959286485124144e-03 1.381526752791541129e-27
9.960592740057264138e-02 8.774955893692216666e-03 2.483070550093609894e-27
9.960592740057264138e-02 9.449952500899310923e-03 4.206515269027544972e-27
9.960592740057264138e-02 1.012494910810640344e-02 6.743961744328829932e-27
9.960592740057264138e-02 1.079994571531349770e-02 1.026977483799248222e-26
9.960592740057264138e-02 1.147494232252059196e-02 1.490203424974193814e-26
9.960592740057264138e-02 1.214993892972768448e-02 2.066706574804465835e-26
9.960592740057264138e-02 1.282493553693477874e-02 2.746554445557986481e-26
9.960592740057264138e-02 1.349993214414187126e-02 3.506030687997103180e-26
9.960592740057264138e-02 1.417492875134896552e-02 4.308609471324785893e-26
9.960592740057264138e-02 1.484992535855605977e-02 5.107536405830816730e-26
9.960592740057264138e-02 1.552492196576315230e-02 5.851792496781729235e-26
9.960592740057264138e-02 1.619991857297024829e-02 6.491033505587013586e-26
9.960592740057264138e-02 1.687491518017733907e-02 6.981958128382406365e-26
9.960592740057264138e-02 1.754991178738443333e-02 7.293494035880171186e-26
9.960592740057264138e-02 1.822490839459152759e-02 7.383223864792983110e-26
9.960592740057264138e-02 1.889990500179862185e-02 7.272738565246096124e-26
9.960592740057264138e-02 1.957490160900571610e-02 6.986538990117993201e-26
9.960592740057264138e-02 2.024989821621280689e-02 6.548684365505796804e-26
9.960592740057264138e-02 2.092489482341990115e-02 5.929333443878454203e-26
9.960592740057264138e-02 2.159989143062699540e-02 5.191885413279383806e-26
9.960592740057264138e-02 2.227488803783408966e-02 4.450217811348398271e-26
9.960592740057264138e-02 2.294988464504118392e-02 3.741384044844904821e-26
9.960592740057264138e-02 2.362488125224827470e-02 3.070815552114230430e-26
9.960592740057264138e-02 2.429987785945536896e-02 2.454592988546252191e-26
9.960592740057264138e-02 2.497487446666246322e-02 1.927277806568524814e-26
9.960592740057264138e-02 2.564987107386955748e-02 1.480999724309538908e-26
9.960592740057264138e-02 2.632486768107665173e-02 1.114459664134340535e-26
9.960592740057264138e-02 2.699986428828374252e-02 8.236896985570796164e-27
9.960592740057264138e-02 2.767486089549083678e-02 5.966087302343534539e-27
9.960592740057264138e-02 2.834985750269793103e-02 4.249569030557659858e-27
9.960592740057264138e-02 2.902485410990502529e-02 2.972122648251101144e-27
9.960592740057264138e-02 2.969985071711211955e-02 2.045115517288858195e-27
9.960592740057264138e-02 3.037484732431921380e-02 1.383369031917568138e-27
9.960592740057264138e-02 3.104984393152630459e-02 9.212800531323155780e-28
9.960592740057264138e-02 3.172484053873340232e-02 6.042192389649529634e-28
9.960592740057264138e-02 3.239983714594049657e-02 3.905020631304721017e-28
9.960592740057264138e-02 3.307483375314758389e-02 2.488663141105805918e-28
9.960592740057264138e-02 3.374983036035467815e-02 1.563830202271701482e-28
9.960592740057264138e-02 3.442482696756177241e-02 9.694277549974856764e-29
9.960592740057264138e-02 3.509982357476886666e-02 5.920815839208216673e-29
9.960592740057264138e-02 3.577482018197596092e-02 3.571200657827154229e-29
9.960592740057264138e-02 3.644981678918305518e-02 2.127639444703652679e-29
9.960592740057264138e-02 3.712481339639014943e-02 1.252557728751664007e-29
9.960592740057264138e-02 3.779981000359724369e-02 7.293425075081197960e-30
9.960592740057264138e-02 3.847480661080433795e-02 4.201837935153416238e-30
9.960592740057264138e-02 3.914980321801143220e-02 2.395394162656240835e-30
9.960592740057264138e-02 3.982479982521851952e-02 1.349737723442607653e-30
9.960592740057264138e-02 4.049979643242561378e-02 7.531432749764293808e-31
9.960592740057264138e-02 4.117479303963270804e-02 4.142372424185727817e-31
9.960592740057264138e-02 4.184978964683980229e-02 2.256476932319353727e-31
9.960592740057264138e-02 4.252478625404689655e-02 1.217810352836262503e-31
9.960592740057264138e-02 4.319978286125399081e-02 6.513389202200643519e-32
9.960592740057264138e-02 4.387477946846108506e-02 3.456113526427035777e-32
9.960592740057264138e-02 4.454977607566817932e-02 1.819797003603468602e-32
9.960592740057264138e-02 4.522477268287527358e-02 9.501900395169385247e-33
9.960592740057264138e-02 4.589976929008236783e-02 4.920615167453346535e-33
9.960592740057264138e-02 4.657476589728946209e-02 2.523335765219294333e-33
9.960592740057264138e-02 4.724976250449654941e-02 1.284570348725436065e-33
9.960592740057264138e-02 4.792475911170364367e-02 6.494745561345090365e-34
9.960592740057264138e-02 4.859975571891073792e-02 3.263094668217731751e-34
9.960592740057264138e-02 4.927475232611783218e-02 1.628431405993622603e-34
9.960592740057264138e-02 4.994974893332492644e-02 8.055605913557562266e-35
9.960592740057264138e-02 5.062474554053202069e-02 3.962149066497865561e-35
9.960592740057264138e-02 5.129974214773911495e-02 1.936612994497833886e-35
9.960592740057264138e-02 5.197473875494620921e-02 9.405936684045810591e-36
9.960592740057264138e-02 5.264973536215330346e-02 4.529895596104274951e-36
9.960592740057264138e-02 5.332473196936039772e-02 2.169158012058488061e-36
9.960592740057264138e-02 5.399972857656748504e-02 1.033593074151948011e-36
9.960592740057264138e-02 5.467472518377457930e-02 4.900460547001167032e-37
9.960592740057264138e-02 5.534972179098167355e-02 2.308502494572904199e-37
9.960592740057264138e-02 5.602471839818876781e-02 1.082430092127376190e-37
9.960592740057264138e-02 5.669971500539586207e-02 5.055416746739749575e-38
9.960592740057264138e-02 5.737471161260295632e-02 2.345045427733009710e-38
9.960592740057264138e-02 5.804970821981005058e-02 1.082641292347456337e-38
9.960592740057264138e-02 5.872470482701714484e-02 4.977942199364556266e-39
9.960592740057264138e-02 5.939970143422423909e-02 2.277321299855216453e-39
9.960592740057264138e-02 6.007469804143133335e-02 1.037717403671944821e-39
9.960592740057264138e-02 6.074969464863842761e-02 4.711679001200958405e-40
9.960592740057264138e-02 6.142469125584551493e-02 2.126675209434709843e-40
9.960592740057264138e-02 6.209968786305260918e-02 9.562801677010762506e-41
9.960592740057264138e-02 6.277468447025970344e-02 4.283037575011489113e-41
9.960592740057264138e-02 6.344968107746680464e-02 1.910908834554859212e-41
9.960592740057264138e-02 6.412467768467389195e-02 8.494996851903495894e-42
9.960592740057264138e-02 6.479967429188099315e-02 3.760116790987201543e-42
9.960592740057264138e-02 6.547467089908808047e-02 1.660135490975751971e-42
9.960592740057264138e-02 6.614966750629516778e-02 7.303272181250636546e-43
9.960592740057264138e-02 6.682466411350226898e-02 3.201282550184727191e-43
1.076077134964821685e-01 0.000000000000000000e+00 8.909076703677574957e-32
1.076077134964821685e-01 6.749966072070936064e-04 8.333710872820065813e-31
1.076077134964821685e-01 1.349993214414187213e-03 5.550477265461112919e-30
1.076077134964821685e-01 2.024989821621281036e-03 2.891730091591026352e-29
1.076077134964821685e-01 2.699986428828374425e-03 1.238328453687290736e-28
1.076077134964821685e-01 3.374983036035467815e-03 4.591042473508585335e-28
1.076077134964821685e-01 4.049979643242562072e-03 1.496215431326146372e-27
1.076077134964821685e-01 4.724976250449655461e-03 4.364564855997887218e-27
1.076077134964821685e-01 5.399972857656748851e-03 1.152565895199635358e-26
1.076077134964821685e-01 6.074969464863842240e-03 2.781848927332467600e-26
1.076077134964821685e-01 6.749966072070935630e-03 6.185586635163267399e-26
1.076077134964821685e-01 7.424962679278029887e-03 1.275467091067514400e-25
1.076077134964821685e-01 8.099959286485124144e-03 2.454822552746290294e-25
1.076077134964821685e-01 8.774955893692216666e-03 4.433187826127302914e-25
1.076077134964821685e-01 9.449952500899310923e-03 7.545698841116725002e-25
1.076077134964821685e-01 1.012494910810640344e-02 1.215435725722652648e-24
1.076077134964821685e-01 1.079994571531349770e-02 1.859451109963696156e-24
1.076077134964821685e-01 1.147494232252059196e-02 2.710595246409433625e-24
1.076077134964821685e-01 1.214993892972768448e-02 3.776145157147493594e-24
1.076077134964821685e-01 1.282493553693477874e-02 5.040651300980377825e-24
1.076077134964821685e-01 1.349993214414187126e-02 6.463203689626300309e-24
1.076077134964821685e-01 1.417492875134896552e-02 7.978034074453823029e-24
1.076077134964821685e-01 1.484992535855605977e-02 9.499434965863604166e-24
1.076077134964821685e-01 1.552492196576315230e-02 1.093160459831970946e-23
1.076077134964821685e-01 1.619991857297024829e-02 1.217844016485479306e-23
1.076077134964821685e-01 1.687491518017733907e-02 1.315614009388230114e-23
1.076077134964821685e-01 1.754991178738443333e-02 1.380241673169257482e-23
1.076077134964821685e-01 1.822490839459152759e-02 1.403241688048235670e-23
1.076077134964821685e-01 1.889990500179862185e-02 1.388132450704598468e-23
1.076077134964821685e-01 1.957490160900571610e-02 1.339179755618035034e-23
1.076077134964821685e-01 2.024989821621280689e-02 1.260594592575971165e-23
1.076077134964821685e-01 2.092489482341990115e-02 1.146465946619273573e-23
1.076077134964821685e-01 2.159989143062699540e-02 1.008063195360995814e-23
1.076077134964821685e-01 2.227488803783408966e-02 8.676368511481423679e-24
1.076077134964821685e-01 2.294988464504118392e-02 7.324159256938730195e-24
1.076077134964821685e-01 2.362488125224827470e-02 6.036619486192443266e-24
1.076077134964821685e-01 2.429987785945536896e-02 4.845573352668619102e-24
1.076077134964821685e-01 2.497487446666246322e-02 3.820235900706891375e-24
1.076077134964821685e-01 2.564987107386955748e-02 2.948099527844842467e-24
1.076077134964821685e-01 2.632486768107665173e-02 2.227509986621683698e-24
1.076077134964821685e-01 2.699986428828374252e-02 1.653050956840280527e-24
1.076077134964821685e-01 2.767486089549083678e-02 1.202293683057086303e-24
1.076077134964821685e-01 2.834985750269793103e-02 8.598613863924956914e-25
1.076077134964821685e-01 2.902485410990502529e-02 6.038596300125112572e-25
1.076077134964821685e-01 2.969985071711211955e-02 4.172088237004361386e-25
1.076077134964821685e-01 3.037484732431921380e-02 2.833575062632367418e-25
1.076077134964821685e-01 3.104984393152630459e-02 1.894754264405831844e-25
1.076077134964821685e-01 3.172484053873340232e-02 1.247609413690954439e-25
1.076077134964821685e-01 3.239983714594049657e-02 8.095979633145326405e-26
1.076077134964821685e-01 3.307483375314758389e-02 5.180025272101059854e-26
1.076077134964821685e-01 3.374983036035467815e-02 3.267647201360759710e-26
1.076077134964821685e-01 3.442482696756177241e-02 2.033695776639976457e-26
1.076077134964821685e-01 3.509982357476886666e-02 1.247085370204147186e-26
1.076077134964821685e-01 3.577482018197596092e-02 7.551864426254040283e-27
1.076077134964821685e-01 3.644981678918305518e-02 4.516536434155065191e-27
1.076077134964821685e-01 3.712481339639014943e-02 2.669434825549477233e-27
1.076077134964821685e-01 3.779981000359724369e-02 1.560481998614523255e-27
1.076077134964821685e-01 3.847480661080433795e-02 9.025383471857739068e-28
1.076077134964821685e-01 3.914980321801143220e-02 5.165428989789084798e-28
1.076077134964821685e-01 3.982479982521851952e-02 2.921910423062413518e-28
1.076077134964821685e-01 4.049979643242561378e-02 1.636612381866871442e-28
1.076077134964821685e-01 4.117479303963270804e-02 9.037607286175285569e-29
1.076077134964821685e-01 4.184978964683980229e-02 4.942172689438466127e-29
1.076077134964821685e-01 4.252478625404689655e-02 2.677589352413141012e-29
1.076077134964821685e-01 4.319978286125399081e-02 1.437602584144182768e-29
1.076077134964821685e-01 4.387477946846108506e-02 7.657372920828850725e-30
1.076077134964821685e-01 4.454977607566817932e-02 4.047134824748994010e-30
1.076077134964821685e-01 4.522477268287527358e-02 2.121110987447481008e-30
1.076077134964821685e-01 4.589976929008236783e-02 1.102714713323568053e-30
1.076077134964821685e-01 4.657476589728946209e-02 5.676133438721256144e-31
1.076077134964821685e-01 4.724976250449654941e-02 2.900479188381550073e-31
1.076077134964821685e-01 4.792475911170364367e-02 1.471876549071545429e-31
1.076077134964821685e-01 4.859975571891073792e-02 7.422729336202462838e-32
1.076077134964821685e-01 4.927475232611783218e-02 3.718216940799913428e-32
1.076077134964821685e-01 4.994974893332492644e-02 1.846354508660772102e-32
1.076077134964821685e-01 5.062474554053202069e-02 9.115093837369451301e-33
1.076077134964821685e-01 5.129974214773911495e-02 4.471686811034671995e-33
1.076077134964821685e-01 5.197473875494620921e-02 2.181593955231228519e-33
1.076077134964821685e-01 5.264973536215330346e-02 1.054643462349501563e-33
1.076077134964821685e-01 5.332473196936039772e-02 5.068647490088846034e-34
1.076077134964821685e-01 5.399972857656748504e-02 2.424163715810048321e-34
1.076077134964821685e-01 5.467472518377457930e-02 1.153621933212497882e-34
1.076077134964821685e-01 5.534972179098167355e-02 5.454155226281531352e-35
1.076077134964821685e-01 5.602471839818876781e-02 2.566435700361223128e-35
1.076077134964821685e-01 5.669971500539586207e-02 1.202923931813053881e-35
1.076077134964821685e-01 5.737471161260295632e-02 5.603495972257312941e-36
1.076077134964821685e-01 5.804970821981005058e-02 2.596274922107131989e-36
1.076077134964821685e-01 5.872470482701714484e-02 1.198031486712847336e-36
1.076077134964821685e-01 5.939970143422423909e-02 5.500721498976872181e-37
1.076077134964821685e-01 6.007469804143133335e-02 2.515448420809229865e-37
1.076077134964821685e-01 6.074969464863842761e-02 1.146378350681130464e-37
1.076077134964821685e-01 6.142469125584551493e-02 5.194733444099462886e-38
1.076077134964821685e-01 6.209968786305260918e-02 2.344087400973608078e-38
1.076077134964821685e-01 6.277468447025970344e-02 1.053667608936372211e-38
1.076077134964821685e-01 6.344968107746680464e-02 4.717613489614923800e-39
1.076077134964821685e-01 6.412467768467389195e-02 2.105786672097676240e-39
1.076077134964821685e-01 6.479967429188099315e-02 9.353639812292062202e-40
1.076077134964821685e-01 6.547467089908808047e-02 4.143967748818026411e-40
1.076077134964821685e-01 6.614966750629516778e-02 1.829766133901784237e-40
1.076077134964821685e-01 6.682466411350226898e-02 8.050412721168395379e-41
1.156094995923916957e-01 0.000000000000000000e+00 9.999713099035900021e-30
1.156094995923916957e-01 6.749966072070936064e-04 9.419183919551967747e-29
1.156094995923916957e-01 1.349993214414187213e-03 6.312426087074559859e-28
1.156094995923916957e-01 2.024989821621281036e-03 3.307492830339033577e-27
1.156094995923916957e-01 2.699986428828374425e-03 1.424209294290493834e-26
1.156094995923916957e-01 3.374983036035467815e-03 5.307849266542565819e-26
1.156094995923916957e-01 4.049979643242562072e-03 1.738712980398122315e-25
1.156094995923916957e-01 4.724976250449655461e-03 5.097660481558845717e-25
1.156094995923916957e-01 5.399972857656748851e-03 1.352895487588038711e-24
1.156094995923916957e-01 6.074969464863842240e-03 3.281426380702071426e-24
1.156094995923916957e-01 6.749966072070935630e-03 7.331776851526769071e-24
1.156094995923916957e-01 7.424962679278029887e-03 1.519096782296647554e-23
1.156094995923916957e-01 8.099959286485124144e-03 2.937512626667994413e-23
1.156094995923916957e-01 8.774955893692216666e-03 5.329767101577336731e-23
1.156094995923916957e-01 9.449952500899310923e-03 9.113936353289951730e-23
1.156094995923916957e-01 1.012494910810640344e-02 1.474791357465013257e-22
1.156094995923916957e-01 1.079994571531349770e-02 2.266512509037132569e-22
1.156094995923916957e-01 1.147494232252059196e-02 3.318968061047825950e-22
1.156094995923916957e-01 1.214993892972768448e-02 4.644588058405691613e-22
1.156094995923916957e-01 1.282493553693477874e-02 6.227698337029251121e-22
1.156094995923916957e-01 1.349993214414187126e-02 8.020521547634255987e-22
1.156094995923916957e-01 1.417492875134896552e-02 9.943648174896030694e-22
1.156094995923916957e-01 1.484992535855605977e-02 1.189213964378569482e-21
1.156094995923916957e-01 1.552492196576315230e-02 1.374529079882054438e-21
1.156094995923916957e-01 1.619991857297024829e-02 1.538010668291527379e-21
1.156094995923916957e-01 1.687491518017733907e-02 1.668686035204634773e-21
1.156094995923916957e-01 1.754991178738443333e-02 1.758196746213623018e-21
1.156094995923916957e-01 1.822490839459152759e-02 1.795207584735671002e-21
1.156094995923916957e-01 1.889990500179862185e-02 1.783469795264640622e-21
1.156094995923916957e-01 1.957490160900571610e-02 1.727869336217009883e-21
1.156094995923916957e-01 2.024989821621280689e-02 1.633395738664946835e-21
1.156094995923916957e-01 2.092489482341990115e-02 1.492171580941467713e-21
1.156094995923916957e-01 2.159989143062699540e-02 1.317549416514860041e-21
1.156094995923916957e-01 2.227488803783408966e-02 1.138761868288475021e-21
1.156094995923916957e-01 2.294988464504118392e-02 9.652711466950948887e-22
1.156094995923916957e-01 2.362488125224827470e-02 7.988789918853394851e-22
1.156094995923916957e-01 2.429987785945536896e-02 6.439412047881369683e-22
1.156094995923916957e-01 2.497487446666246322e-02 5.097408581277750883e-22
1.156094995923916957e-01 2.564987107386955748e-02 3.950417292683086988e-22
1.156094995923916957e-01 2.632486768107665173e-02 2.996985622630557193e-22
1.156094995923916957e-01 2.699986428828374252e-02 2.233168336152877766e-22
1.156094995923916957e-01 2.767486089549083678e-02 1.630960353116029170e-22
1.156094995923916957e-01 2.834985750269793103e-02 1.171168434700416834e-22
1.156094995923916957e-01 2.902485410990502529e-02 8.258611987110031339e-23
1.156094995923916957e-01 2.969985071711211955e-02 5.728777642142460949e-23
1.156094995923916957e-01 3.037484732431921380e-02 3.906774839673477473e-23
1.156094995923916957e-01 3.104984393152630459e-02 2.622997929775318469e-23
1.156094995923916957e-01 3.172484053873340232e-02 1.733977791034385124e-23
1.156094995923916957e-01 3.239983714594049657e-02 1.129762853327755261e-23
1.156094995923916957e-01 3.307483375314758389e-02 7.257486799275839520e-24
1.156094995923916957e-01 3.374983036035467815e-02 4.596096764437499408e-24
1.156094995923916957e-01 3.442482696756177241e-02 2.871880448411680133e-24
1.156094995923916957e-01 3.509982357476886666e-02 1.767988425425604720e-24
1.156094995923916957e-01 3.577482018197596092e-02 1.074858259534027319e-24
1.156094995923916957e-01 3.644981678918305518e-02 6.453123683207477399e-25
1.156094995923916957e-01 3.712481339639014943e-02 3.829053228775009852e-25
1.156094995923916957e-01 3.779981000359724369e-02 2.247105856319628547e-25
1.156094995923916957e-01 3.847480661080433795e-02 1.304736248597402435e-25
1.156094995923916957e-01 3.914980321801143220e-02 7.496647684615130970e-26
1.156094995923916957e-01 3.982479982521851952e-02 4.257173502330383337e-26
1.156094995923916957e-01 4.049979643242561378e-02 2.393603149293104460e-26
1.156094995923916957e-01 4.117479303963270804e-02 1.327065481489790615e-26
1.156094995923916957e-01 4.184978964683980229e-02 7.285168176604273185e-27
1.156094995923916957e-01 4.252478625404689655e-02 3.962192440356165402e-27
1.156094995923916957e-01 4.319978286125399081e-02 2.135460898576539982e-27
1.156094995923916957e-01 4.387477946846108506e-02 1.141797036347857925e-27
1.156094995923916957e-01 4.454977607566817932e-02 6.057758035583329721e-28
1.156094995923916957e-01 4.522477268287527358e-02 3.186995205218103519e-28
1.156094995923916957e-01 4.589976929008236783e-02 1.663158540026736491e-28
1.156094995923916957e-01 4.657476589728946209e-02 8.592709298853895618e-29
1.156094995923916957e-01 4.724976250449654941e-02 4.407185940651878061e-29
1.156094995923916957e-01 4.792475911170364367e-02 2.244853128807351087e-29
1.156094995923916957e-01 4.859975571891073792e-02 1.136334124007911793e-29
1.156094995923916957e-01 4.927475232611783218e-02 5.713671824940538715e-30
1.156094995923916957e-01 4.994974893332492644e-02 2.847998672789144153e-30
1.156094995923916957e-01 5.062474554053202069e-02 1.411196314403630696e-30
1.156094995923916957e-01 5.129974214773911495e-02 6.948536485480977754e-31
1.156094995923916957e-01 5.197473875494620921e-02 3.403995541494322022e-31
1.156094995923916957e-01 5.264973536215330346e-02 1.652241856409415180e-31
1.156094995923916957e-01 5.332473196936039772e-02 7.969610538125741022e-32
1.156094995923916957e-01 5.399972857656748504e-02 3.825507193217454129e-32
1.156094995923916957e-01 5.467472518377457930e-02 1.827175671904151167e-32
1.156094995923916957e-01 5.534972179098167355e-02 8.670151828570422230e-33
1.156094995923916957e-01 5.602471839818876781e-02 4.094454958323366494e-33
1.156094995923916957e-01 5.669971500539586207e-02 1.926013516257685866e-33
1.156094995923916957e-01 5.737471161260295632e-02 9.004930148651350663e-34
1.156094995923916957e-01 5.804970821981005058e-02 4.188711353476473690e-34
1.156094995923916957e-01 5.872470482701714484e-02 1.939762530404832549e-34
1.156094995923916957e-01 5.939970143422423909e-02 8.938804978718725238e-35
1.156094995923916957e-01 6.007469804143133335e-02 4.102183021358913798e-35
1.156094995923916957e-01 6.074969464863842761e-02 1.876220682940058782e-35
1.156094995923916957e-01 6.142469125584551493e-02 8.536132764355609279e-36
1.156094995923916957e-01 6.209968786305260918e-02 3.865498656303021779e-36
1.156094995923916957e-01 6.277468447025970344e-02 1.743734811298833159e-36
1.156094995923916957e-01 6.344968107746680464e-02 7.834966369118012778e-37
1.156094995923916957e-01 6.412467768467389195e-02 3.511127958021953226e-37
1.156094995923916957e-01 6.479967429188099315e-02 1.565049137736203597e-37
1.156094995923916957e-01 6.547467089908808047e-02 6.957878148087766202e-38
1.156094995923916957e-01 6.614966750629516778e-02 3.083147679439653296e-38
1.156094995923916957e-01 6.682466411350226898e-02 1.361776144188625312e-38
1.236112856883012229e-01 0.000000000000000000e+00 7.833765574403466744e-28
1.236112856883012229e-01 6.749966072070936064e-04 7.430241962458782839e-27
1.236112856883012229e-01 1.349993214414187213e-03 5.010212200409472606e-26
1.236112856883012229e-01 2.024989821621281036e-03 2.640050251048851800e-25
1.236112856883012229e-01 2.699986428828374425e-03 1.143001431161629437e-24
1.236112856883012229e-01 3.374983036035467815e-03 4.282289203884785380e-24
1.236112856883012229e-01 4.049979643242562072e-03 1.409931707802927288e-23
1.236112856883012229e-01 4.724976250449655461e-03 4.154380345792994597e-23
1.236112856883012229e-01 5.399972857656748851e-03 1.107973961126778584e-22
1.236112856883012229e-01 6.074969464863842240e-03 2.700386633416927879e-22
1.236112856883012229e-01 6.749966072070935630e-03 6.062463941940761316e-22
1.236112856883012229e-01 7.424962679278029887e-03 1.262077706639838845e-21
1.236112856883012229e-01 8.099959286485124144e-03 2.452043394444477690e-21
1.236112856883012229e-01 8.774955893692216666e-03 4.469534894373931778e-21
1.236112856883012229e-01 9.449952500899310923e-03 7.678261312240882212e-21
1.236112856883012229e-01 1.012494910810640344e-02 1.248187731796952739e-20
1.236112856883012229e-01 1.079994571531349770e-02 1.926994995322424157e-20
1.236112856883012229e-01 1.147494232252059196e-02 2.834482265494484623e-20
1.236112856883012229e-01 1.214993892972768448e-02 3.984305731352983721e-20
1.236112856883012229e-01 1.282493553693477874e-02 5.366152387205823343e-20
1.236112856883012229e-01 1.349993214414187126e-02 6.941363129903227399e-20
1.236112856883012229e-01 1.417492875134896552e-02 8.643498608877687341e-20
1.236112856883012229e-01 1.484992535855605977e-02 1.038171676975193177e-19
1.236112856883012229e-01 1.552492196576315230e-02 1.205066588956513413e-19
1.236112856883012229e-01 1.619991857297024829e-02 1.354215632032783913e-19
1.236112856883012229e-01 1.687491518017733907e-02 1.475625704785272478e-19
1.236112856883012229e-01 1.754991178738443333e-02 1.561456580365763321e-19
1.236112856883012229e-01 1.822490839459152759e-02 1.601139841194012953e-19
1.236112856883012229e-01 1.889990500179862185e-02 1.597378855198881650e-19
1.236112856883012229e-01 1.957490160900571610e-02 1.554077397063489551e-19
1.236112856883012229e-01 2.024989821621280689e-02 1.475279141488955523e-19
1.236112856883012229e-01 2.092489482341990115e-02 1.353658233144703160e-19
1.236112856883012229e-01 2.159989143062699540e-02 1.200192619778382927e-19
1.236112856883012229e-01 2.227488803783408966e-02 1.041624528355091629e-19
1.236112856883012229e-01 2.294988464504118392e-02 8.865563894766027838e-20
1.236112856883012229e-01 2.362488125224827470e-02 7.367630094564387649e-20
1.236112856883012229e-01 2.429987785945536896e-02 5.963609332907124917e-20
1.236112856883012229e-01 2.497487446666246322e-02 4.739758558795844406e-20
1.236112856883012229e-01 2.564987107386955748e-02 3.688408440441158832e-20
1.236112856883012229e-01 2.632486768107665173e-02 2.809330374280145068e-20
1.236112856883012229e-01 2.699986428828374252e-02 2.101776775133777443e-20
1.236112856883012229e-01 2.767486089549083678e-02 1.541286764383116949e-20
1.236112856883012229e-01 2.834985750269793103e-02 1.111201717963105444e-20
1.236112856883012229e-01 2.902485410990502529e-02 7.867630444607506165e-21
1.236112856883012229e-01 2.969985071711211955e-02 5.479178991088203374e-21
1.236112856883012229e-01 3.037484732431921380e-02 3.751672037180617813e-21
1.236112856883012229e-01 3.104984393152630459e-02 2.528972612971420869e-21
1.236112856883012229e-01 3.172484053873340232e-02 1.678398489530972739e-21
1.236112856883012229e-01 3.239983714594049657e-02 1.097944320742889428e-21
1.236112856883012229e-01 3.307483375314758389e-02 7.081108740792078414e-22
1.236112856883012229e-01 3.374983036035467815e-02 4.501739122532978067e-22
1.236112856883012229e-01 3.442482696756177241e-02 2.824043209437281231e-22
1.236112856883012229e-01 3.509982357476886666e-02 1.745426887029805490e-22
1.236112856883012229e-01 3.577482018197596092e-02 1.065266374886953095e-22
1.236112856883012229e-01 3.644981678918305518e-02 6.419294407108386193e-23
1.236112856883012229e-01 3.712481339639014943e-02 3.823740888946229853e-23
1.236112856883012229e-01 3.779981000359724369e-02 2.252710679141290820e-23
1.236112856883012229e-01 3.847480661080433795e-02 1.313039976990192407e-23
1.236112856883012229e-01 3.914980321801143220e-02 7.573556451145489446e-24
1.236112856883012229e-01 3.982479982521851952e-02 4.316976797537872624e-24
1.236112856883012229e-01 4.049979643242561378e-02 2.436517724575587794e-24
1.236112856883012229e-01 4.117479303963270804e-02 1.356171534885100490e-24
1.236112856883012229e-01 4.184978964683980229e-02 7.473335239500015342e-25
1.236112856883012229e-01 4.252478625404689655e-02 4.079920755522309977e-25
1.236112856883012229e-01 4.319978286125399081e-02 2.207207394526249583e-25
1.236112856883012229e-01 4.387477946846108506e-02 1.184589190177188487e-25
1.236112856883012229e-01 4.454977607566817932e-02 6.308466726060282856e-26
1.236112856883012229e-01 4.522477268287527358e-02 3.331360510413592746e-26
1.236112856883012229e-01 4.589976929008236783e-02 1.745211029451453842e-26
1.236112856883012229e-01 4.657476589728946209e-02 9.049981288321231932e-27
1.236112856883012229e-01 4.724976250449654941e-02 4.658573880652104516e-27
1.236112856883012229e-01 4.792475911170364367e-02 2.381503789602095564e-27
1.236112856883012229e-01 4.859975571891073792e-02 1.209964660225260906e-27
1.236112856883012229e-01 4.927475232611783218e-02 6.106368470574842338e-28
1.236112856883012229e-01 4.994974893332492644e-02 3.055308289858352325e-28
1.236112856883012229e-01 5.062474554053202069e-02 1.519514094352146755e-28
1.236112856883012229e-01 5.129974214773911495e-02 7.509556332369067797e-29
1.236112856883012229e-01 5.197473875494620921e-02 3.692381578759411818e-29
1.236112856883012229e-01 5.264973536215330346e-02 1.800414303467671491e-29
1.236112856883012229e-01 5.332473196936039772e-02 8.715877019922180750e-30
1.236112856883012229e-01 5.399972857656748504e-02 4.199158811950361413e-30
1.236112856883012229e-01 5.467472518377457930e-02 2.012898607965311629e-30
1.236112856883012229e-01 5.534972179098167355e-02 9.586722532932754955e-31
1.236112856883012229e-01 5.602471839818876781e-02 4.543548565437584358e-31
1.236112856883012229e-01 5.669971500539586207e-02 2.144881496926313886e-31
1.236112856883012229e-01 5.737471161260295632e-02 1.006472045089388198e-31
1.236112856883012229e-01 5.804970821981005058e-02 4.700854094583551713e-32
1.236112856883012229e-01 5.872470482701714484e-02 2.184488534188917347e-32
1.236112856883012229e-01 5.939970143422423909e-02 1.010212078855000061e-32
1.236112856883012229e-01 6.007469804143133335e-02 4.652605284992863360e-33
1.236112856883012229e-01 6.074969464863842761e-02 2.135635331373703782e-33
1.236112856883012229e-01 6.142469125584551493e-02 9.753479995436361599e-34
1.236112856883012229e-01 6.209968786305260918e-02 4.433101035069946645e-34
1.236112856883012229e-01 6.277468447025970344e-02 2.006885841942920276e-34
1.236112856883012229e-01 6.344968107746680464e-02 9.048564783818638314e-35
1.236112856883012229e-01 6.412467768467389195e-02 4.069199003196577834e-35
1.236112856883012229e-01 6.479967429188099315e-02 1.821022638080517656e-35
1.236112856883012229e-01 6.547467089908808047e-02 8.124109580097941990e-36
1.236112856883012229e-01 6.614966750629516778e-02 3.612634805100019695e-36
1.236112856883012229e-01 6.682466411350226898e-02 1.601605951996203287e-36
1.316130717842107500e-01 0.000000000000000000e+00 4.409670531789731467e-26
1.316130717842107500e-01 6.749966072070936064e-04 4.211602768793434421e-25
1.316130717842107500e-01 1.349993214414187213e-03 2.857409980692910760e-24
1.316130717842107500e-01 2.024989821621281036e-03 1.514162243134114538e-23
1.316130717842107500e-01 2.699986428828374425e-03 6.591374786111483169e-23
1.316130717842107500e-01 3.374983036035467815e-03 2.482479507789588652e-22
1.316130717842107500e-01 4.049979643242562072e-03 8.215586522363644232e-22
1.316130717842107500e-01 4.724976250449655461e-03 2.433014940896316628e-21
1.316130717842107500e-01 5.399972857656748851e-03 6.520812856360882231e-21
1.316130717842107500e-01 6.074969464863842240e-03 1.596999472188424805e-20
1.316130717842107500e-01 6.749966072070935630e-03 3.602464443724306361e-20
1.316130717842107500e-01 7.424962679278029887e-03 7.535037889154524734e-20
1.316130717842107500e-01 8.099959286485124144e-03 1.470805231074206038e-19
1.316130717842107500e-01 8.774955893692216666e-03 2.693400768620316596e-19
1.316130717842107500e-01 9.449952500899310923e-03 4.648340096206911498e-19
1.316130717842107500e-01 1.012494910810640344e-02 7.590672124804697334e-19
1.316130717842107500e-01 1.079994571531349770e-02 1.177167128922559669e-18
1.316130717842107500e-01 1.147494232252059196e-02 1.739329029800303991e-18
1.316130717842107500e-01 1.214993892972768448e-02 2.455830775083995756e-18
1.316130717842107500e-01 1.282493553693477874e-02 3.322191873213543061e-18
1.316130717842107500e-01 1.349993214414187126e-02 4.316414641357476521e-18
1.316130717842107500e-01 1.417492875134896552e-02 5.398437260900427239e-18
1.316130717842107500e-01 1.484992535855605977e-02 6.512196967662599144e-18
1.316130717842107500e-01 1.552492196576315230e-02 7.591702580978655537e-18
1.316130717842107500e-01 1.619991857297024829e-02 8.567412392084897845e-18
1.316130717842107500e-01 1.687491518017733907e-02 9.374967909826071070e-18
1.316130717842107500e-01 1.754991178738443333e-02 9.962575536646590431e-18
1.316130717842107500e-01 1.822490839459152759e-02 1.025956995896211343e-17
1.316130717842107500e-01 1.889990500179862185e-02 1.027858257313288193e-17
1.316130717842107500e-01 1.957490160900571610e-02 1.004159872745359190e-17
1.316130717842107500e-01 2.024989821621280689e-02 9.572286912169106278e-18
1.316130717842107500e-01 2.092489482341990115e-02 8.821756885827965248e-18
1.316130717842107500e-01 2.159989143062699540e-02 7.853851474250218850e-18
1.316130717842107500e-01 2.227488803783408966e-02 6.844218494760651232e-18
1.316130717842107500e-01 2.294988464504118392e-02 5.849169064038383373e-18
1.316130717842107500e-01 2.362488125224827470e-02 4.880946065191536703e-18
1.316130717842107500e-01 2.429987785945536896e-02 3.967295726389818953e-18
1.316130717842107500e-01 2.497487446666246322e-02 3.165818555613656474e-18
1.316130717842107500e-01 2.564987107386955748e-02 2.473826913753387522e-18
1.316130717842107500e-01 2.632486768107665173e-02 1.891631454580302280e-18
1.316130717842107500e-01 2.699986428828374252e-02 1.420784189605085819e-18
1.316130717842107500e-01 2.767486089549083678e-02 1.046106552659287169e-18
1.316130717842107500e-01 2.834985750269793103e-02 7.571986935627489537e-19
1.316130717842107500e-01 2.902485410990502529e-02 5.382879664034744069e-19
1.316130717842107500e-01 2.969985071711211955e-02 3.763441552645034164e-19
1.316130717842107500e-01 3.037484732431921380e-02 2.587181065085006757e-19
1.316130717842107500e-01 3.104984393152630459e-02 1.750900739397909519e-19
1.316130717842107500e-01 3.172484053873340232e-02 1.166535302161017821e-19
1.316130717842107500e-01 3.239983714594049657e-02 7.661095199636292323e-20
1.316130717842107500e-01 3.307483375314758389e-02 4.960283164254892337e-20
1.316130717842107500e-01 3.374983036035467815e-02 3.165565596429718076e-20
1.316130717842107500e-01 3.442482696756177241e-02 1.993615787076100608e-20
1.316130717842107500e-01 3.509982357476886666e-02 1.237016872264744034e-20
1.316130717842107500e-01 3.577482018197596092e-02 7.579129098684792046e-21
1.316130717842107500e-01 3.644981678918305518e-02 4.584380532396981266e-21
1.316130717842107500e-01 3.712481339639014943e-02 2.741254285065976962e-21
1.316130717842107500e-01 3.779981000359724369e-02 1.621100186778943993e-21
1.316130717842107500e-01 3.847480661080433795e-02 9.484969934332606006e-22
1.316130717842107500e-01 3.914980321801143220e-02 5.491931211701388571e-22
1.316130717842107500e-01 3.982479982521851952e-02 3.142205462244130422e-22
1.316130717842107500e-01 4.049979643242561378e-02 1.780233395794312162e-22
1.316130717842107500e-01 4.117479303963270804e-02 9.947734396562084472e-23
1.316130717842107500e-01 4.184978964683980229e-02 5.502734270003306479e-23
1.316130717842107500e-01 4.252478625404689655e-02 3.015500658412328828e-23
1.316130717842107500e-01 4.319978286125399081e-02 1.637508092963935760e-23
1.316130717842107500e-01 4.387477946846108506e-02 8.821164689581658030e-24
1.316130717842107500e-01 4.454977607566817932e-02 4.715105266566520231e-24
1.316130717842107500e-01 4.522477268287527358e-02 2.499220850236464399e-24
1.316130717842107500e-01 4.589976929008236783e-02 1.314250497554212385e-24
1.316130717842107500e-01 4.657476589728946209e-02 6.839787586774522918e-25
1.316130717842107500e-01 4.724976250449654941e-02 3.533837648509479013e-25
1.316130717842107500e-01 4.792475911170364367e-02 1.813135086371320930e-25
1.316130717842107500e-01 4.859975571891073792e-02 9.244864495206916886e-26
1.316130717842107500e-01 4.927475232611783218e-02 4.682407411676894541e-26
1.316130717842107500e-01 4.994974893332492644e-02 2.351550393022806436e-26
1.316130717842107500e-01 5.062474554053202069e-02 1.173754296100531143e-26
1.316130717842107500e-01 5.129974214773911495e-02 5.821842191736190779e-27
1.316130717842107500e-01 5.197473875494620921e-02 2.872863586754742136e-27
1.316130717842107500e-01 5.264973536215330346e-02 1.407069373376233686e-27
1.316130717842107500e-01 5.332473196936039772e-02 6.835972972894892342e-28
1.316130717842107500e-01 5.399972857656748504e-02 3.305270403560019055e-28
1.316130717842107500e-01 5.467472518377457930e-02 1.590038074982317190e-28
1.316130717842107500e-01 5.534972179098167355e-02 7.600534819189595959e-29
1.316130717842107500e-01 5.602471839818876781e-02 3.614957445220115215e-29
1.316130717842107500e-01 5.669971500539586207e-02 1.712580555363271616e-29
1.316130717842107500e-01 5.737471161260295632e-02 8.065341735551153589e-30
1.316130717842107500e-01 5.804970821981005058e-02 3.782227523046820319e-30
1.316130717842107500e-01 5.872470482701714484e-02 1.763923922697635707e-30
1.316130717842107500e-01 5.939970143422423909e-02 8.186533353330052810e-31
1.316130717842107500e-01 6.007469804143133335e-02 3.783301951073607415e-31
1.316130717842107500e-01 6.074969464863842761e-02 1.742501841420051790e-31
1.316130717842107500e-01 6.142469125584551493e-02 7.986088036335801219e-32
1.316130717842107500e-01 6.209968786305260918e-02 3.644297628931133164e-32
1.316130717842107500e-01 6.277468447025970344e-02 1.655557989396674641e-32
1.316130717842107500e-01 6.344968107746680464e-02 7.490418320704391191e-33
1.316130717842107500e-01 6.412467768467389195e-02 3.380053947348360914e-33
1.316130717842107500e-01 6.479967429188099315e-02 1.518568918205975204e-33
1.316130717842107500e-01 6.547467089908808047e-02 6.798127673230160716e-34
1.316130717842107500e-01 6.614966750629516778e-02 3.033475561653154487e-34
1.316130717842107500e-01 6.682466411350226898e-02 1.349459347993622211e-34
1.396148578801202633e-01 0.000000000000000000e+00 1.834653802760556129e-24
1.396148578801202633e-01 6.749966072070936064e-04 1.764422038498707215e-23
1.396148578801202633e-01 1.349993214414187213e-03 1.204449766465629085e-22
1.396148578801202633e-01 2.024989821621281036e-03 6.418202802069321257e-22
1.396148578801202633e-01 2.699986428828374425e-03 2.808908013599187335e-21
1.396148578801202633e-01 3.374983036035467815e-03 1.063411489616178782e-20
1.396148578801202633e-01 4.049979643242562072e-03 3.537026714958409214e-20
1.396148578801202633e-01 4.724976250449655461e-03 1.052651397458409811e-19
1.396148578801202633e-01 5.399972857656748851e-03 2.835061053899743345e-19
1.396148578801202633e-01 6.074969464863842240e-03 6.976409939346988357e-19
1.396148578801202633e-01 6.749966072070935630e-03 1.581187182750850415e-18
1.396148578801202633e-01 7.424962679278029887e-03 3.322570359968097104e-18
1.396148578801202633e-01 8.099959286485124144e-03 6.515514374807779316e-18
1.396148578801202633e-01 8.774955893692216666e-03 1.198607495684109900e-17
1.396148578801202633e-01 9.449952500899310923e-03 2.078025842297698605e-17
1.396148578801202633e-01 1.012494910810640344e-02 3.408840761659285271e-17
1.396148578801202633e-01 1.079994571531349770e-02 5.310148108364902522e-17
1.396148578801202633e-01 1.147494232252059196e-02 7.881007009028750203e-17
1.396148578801202633e-01 1.214993892972768448e-02 1.117661681825921852e-16
1.396148578801202633e-01 1.282493553693477874e-02 1.518590632527789869e-16
1.396148578801202633e-01 1.349993214414187126e-02 1.981691148702956233e-16
1.396148578801202633e-01 1.417492875134896552e-02 2.489148990517803084e-16
1.396148578801202633e-01 1.484992535855605977e-02 3.015657736147821501e-16
1.396148578801202633e-01 1.552492196576315230e-02 3.530550037056074681e-16
1.396148578801202633e-01 1.619991857297024829e-02 4.001199346421184034e-16
1.396148578801202633e-01 1.687491518017733907e-02 4.396749370672093140e-16
1.396148578801202633e-01 1.754991178738443333e-02 4.691622902645044670e-16
1.396148578801202633e-01 1.822490839459152759e-02 4.851535357997064206e-16
1.396148578801202633e-01 1.889990500179862185e-02 4.880855652320817137e-16
1.396148578801202633e-01 1.957490160900571610e-02 4.788236172242155073e-16
1.396148578801202633e-01 2.024989821621280689e-02 4.583444443636143286e-16
1.396148578801202633e-01 2.092489482341990115e-02 4.242479007903638081e-16
1.396148578801202633e-01 2.159989143062699540e-02 3.792488045150036984e-16
1.396148578801202633e-01 2.227488803783408966e-02 3.318430619584198470e-16
1.396148578801202633e-01 2.294988464504118392e-02 2.847473902037850265e-16
1.396148578801202633e-01 2.362488125224827470e-02 2.385887549513149315e-16
1.396148578801202633e-01 2.429987785945536896e-02 1.947409673858601430e-16
1.396148578801202633e-01 2.497487446666246322e-02 1.560274901649831600e-16
1.396148578801202633e-01 2.564987107386955748e-02 1.224319215234601599e-16
1.396148578801202633e-01 2.632486768107665173e-02 9.398963123794116866e-17
1.396148578801202633e-01 2.699986428828374252e-02 7.087704830435985914e-17
1.396148578801202633e-01 2.767486089549083678e-02 5.239515715890142704e-17
1.396148578801202633e-01 2.834985750269793103e-02 3.807226924372565651e-17
1.396148578801202633e-01 2.902485410990502529e-02 2.717366177589023646e-17
1.396148578801202633e-01 2.969985071711211955e-02 1.907325641600713106e-17
1.396148578801202633e-01 3.037484732431921380e-02 1.316462204013407209e-17
1.396148578801202633e-01 3.104984393152630459e-02 8.944686815671660960e-18
1.396148578801202633e-01 3.172484053873340232e-02 5.982669987746279741e-18
1.396148578801202633e-01 3.239983714594049657e-02 3.944625921356909650e-18
1.396148578801202633e-01 3.307483375314758389e-02 2.564028915361832822e-18
1.396148578801202633e-01 3.374983036035467815e-02 1.642614796896883476e-18
1.396148578801202633e-01 3.442482696756177241e-02 1.038563503900603548e-18
1.396148578801202633e-01 3.509982357476886666e-02 6.469524869366805444e-19
1.396148578801202633e-01 3.577482018197596092e-02 3.979362669532153780e-19
1.396148578801202633e-01 3.644981678918305518e-02 2.416069941450762683e-19
1.396148578801202633e-01 3.712481339639014943e-02 1.450301417808588147e-19
1.396148578801202633e-01 3.779981000359724369e-02 8.609715217821991377e-20
1.396148578801202633e-01 3.847480661080433795e-02 5.056625396943743472e-20
1.396148578801202633e-01 3.914980321801143220e-02 2.938868668364951894e-20
1.396148578801202633e-01 3.982479982521851952e-02 1.687674464634075003e-20
1.396148578801202633e-01 4.049979643242561378e-02 9.597957233248650485e-21
1.396148578801202633e-01 4.117479303963270804e-02 5.384129946637678168e-21
1.396148578801202633e-01 4.184978964683980229e-02 2.989589342928141061e-21
1.396148578801202633e-01 4.252478625404689655e-02 1.644456559649723744e-21
1.396148578801202633e-01 4.319978286125399081e-02 8.963335099562104097e-22
1.396148578801202633e-01 4.387477946846108506e-02 4.846556990834780935e-22
1.396148578801202633e-01 4.454977607566817932e-02 2.600293326754481833e-22
1.396148578801202633e-01 4.522477268287527358e-02 1.383425745084002208e-22
1.396148578801202633e-01 4.589976929008236783e-02 7.302272793058257136e-23
1.396148578801202633e-01 4.657476589728946209e-02 3.814395371181015556e-23
1.396148578801202633e-01 4.724976250449654941e-02 1.978043712579466615e-23
1.396148578801202633e-01 4.792475911170364367e-02 1.018604609935874214e-23
1.396148578801202633e-01 4.859975571891073792e-02 5.212710923227001754e-24
1.396148578801202633e-01 4.927475232611783218e-02 2.649809945100734299e-24
1.396148578801202633e-01 4.994974893332492644e-02 1.335623926870203077e-24
1.396148578801202633e-01 5.062474554053202069e-02 6.690245225356998714e-25
1.396148578801202633e-01 5.129974214773911495e-02 3.330209283500867147e-25
1.396148578801202633e-01 5.197473875494620921e-02 1.649204720702032815e-25
1.396148578801202633e-01 5.264973536215330346e-02 8.111356250178326739e-26
1.396148578801202633e-01 5.332473196936039772e-02 3.955872258325552921e-26
1.396148578801202633e-01 5.399972857656748504e-02 1.919524599306060975e-26
1.396148578801202633e-01 5.467472518377457930e-02 9.267018306729858617e-27
1.396148578801202633e-01 5.534972179098167355e-02 4.445664845634503956e-27
1.396148578801202633e-01 5.602471839818876781e-02 2.121908676035207447e-27
1.396148578801202633e-01 5.669971500539586207e-02 1.008787910993017292e-27
1.396148578801202633e-01 5.737471161260295632e-02 4.767914143080477988e-28
1.396148578801202633e-01 5.804970821981005058e-02 2.243700146819913941e-28
1.396148578801202633e-01 5.872470482701714484e-02 1.050622484016302530e-28
1.396148578801202633e-01 5.939970143422423909e-02 4.893430339991442564e-29
1.396148578801202633e-01 6.007469804143133335e-02 2.269341207249255059e-29
1.396148578801202633e-01 6.074969464863842761e-02 1.048791045813837055e-29
1.396148578801202633e-01 6.142469125584551493e-02 4.823092632101596770e-30
1.396148578801202633e-01 6.209968786305260918e-02 2.209514580156581083e-30
1.396148578801202633e-01 6.277468447025970344e-02 1.007241491078409407e-30
1.396148578801202633e-01 6.344968107746680464e-02 4.572883163761058789e-31
1.396148578801202633e-01 6.412467768467389195e-02 2.070532010968870667e-31
1.396148578801202633e-01 6.479967429188099315e-02 9.335720717322692928e-32
1.396148578801202633e-01 6.547467089908808047e-02 4.194878486533698811e-32
1.396148578801202633e-01 6.614966750629516778e-02 1.878309354474376653e-32
1.396148578801202633e-01 6.682466411350226898e-02 8.384079488383405506e-33
1.476166439760298044e-01 0.000000000000000000e+00 5.784419970858001969e-23
1.476166439760298044e-01 6.749966072070936064e-04 5.601032668780618447e-22
1.476166439760298044e-01 1.349993214414187213e-03 3.846722995357402973e-21
1.476166439760298044e-01 2.024989821621281036e-03 2.061298523567683413e-20
1.476166439760298044e-01 2.699986428828374425e-03 9.070185419115114179e-20
1.476166439760298044e-01 3.374983036035467815e-03 3.451582012496110460e-19
1.476166439760298044e-01 4.049979643242562072e-03 1.153828709163938471e-18
1.476166439760298044e-01 4.724976250449655461e-03 3.450779780583119663e-18
1.476166439760298044e-01 5.399972857656748851e-03 9.338861058021831441e-18
1.476166439760298044e-01 6.074969464863842240e-03 2.309072273991703645e-17
1.476166439760298044e-01 6.749966072070935630e-03 5.258250351280925478e-17
1.476166439760298044e-01 7.424962679278029887e-03 1.110073827504850988e-16
1.476166439760298044e-01 8.099959286485124144e-03 2.186857188608388191e-16
1.476166439760298044e-01 8.774955893692216666e-03 4.041165513760762696e-16
1.476166439760298044e-01 9.449952500899310923e-03 7.037614513424527785e-16
1.476166439760298044e-01 1.012494910810640344e-02 1.159626665743323200e-15
1.476166439760298044e-01 1.079994571531349770e-02 1.814497993885802767e-15
1.476166439760298044e-01 1.147494232252059196e-02 2.704907141200684291e-15
1.476166439760298044e-01 1.214993892972768448e-02 3.852806394832125905e-15
1.476166439760298044e-01 1.282493553693477874e-02 5.257634262973620080e-15
1.476166439760298044e-01 1.349993214414187126e-02 6.890537656043949898e-15
1.476166439760298044e-01 1.417492875134896552e-02 8.692393722421552266e-15
1.476166439760298044e-01 1.484992535855605977e-02 1.057602923283232870e-14
1.476166439760298044e-01 1.552492196576315230e-02 1.243446786741601577e-14
1.476166439760298044e-01 1.619991857297024829e-02 1.415189847703744918e-14
1.476166439760298044e-01 1.687491518017733907e-02 1.561608085474673795e-14
1.476166439760298044e-01 1.754991178738443333e-02 1.673302542505870594e-14
1.476166439760298044e-01 1.822490839459152759e-02 1.737511411478832109e-14
1.476166439760298044e-01 1.889990500179862185e-02 1.755099364399152197e-14
1.476166439760298044e-01 1.957490160900571610e-02 1.728765386248790408e-14
1.476166439760298044e-01 2.024989821621280689e-02 1.661593306150740239e-14
1.476166439760298044e-01 2.092489482341990115e-02 1.544636644851701015e-14
1.476166439760298044e-01 2.159989143062699540e-02 1.386343806574126327e-14
1.476166439760298044e-01 2.227488803783408966e-02 1.217916332202111910e-14
1.476166439760298044e-01 2.294988464504118392e-02 1.049221521119792631e-14
1.476166439760298044e-01 2.362488125224827470e-02 8.826621030556875503e-15
1.476166439760298044e-01 2.429987785945536896e-02 7.233870664802760341e-15
1.476166439760298044e-01 2.497487446666246322e-02 5.818731489354454133e-15
1.476166439760298044e-01 2.564987107386955748e-02 4.584657662327119417e-15
1.476166439760298044e-01 2.632486768107665173e-02 3.533415361359302182e-15
1.476166439760298044e-01 2.699986428828374252e-02 2.675110731749050629e-15
1.476166439760298044e-01 2.767486089549083678e-02 1.985507040746005576e-15
1.476166439760298044e-01 2.834985750269793103e-02 1.448383451464542802e-15
1.476166439760298044e-01 2.902485410990502529e-02 1.037836837070181342e-15
1.476166439760298044e-01 2.969985071711211955e-02 7.312344701789799528e-16
1.476166439760298044e-01 3.037484732431921380e-02 5.067006404170373454e-16
1.476166439760298044e-01 3.104984393152630459e-02 3.456292761469568584e-16
1.476166439760298044e-01 3.172484053873340232e-02 2.320622085126057358e-16
1.476166439760298044e-01 3.239983714594049657e-02 1.536106855831302412e-16
1.476166439760298044e-01 3.307483375314758389e-02 1.002357725258168164e-16
1.476166439760298044e-01 3.374983036035467815e-02 6.445861543616662443e-17
1.476166439760298044e-01 3.442482696756177241e-02 4.091271884761813432e-17
1.476166439760298044e-01 3.509982357476886666e-02 2.558460750399222206e-17
1.476166439760298044e-01 3.577482018197596092e-02 1.579695877801086811e-17
1.476166439760298044e-01 3.644981678918305518e-02 9.627305410458368495e-18
1.476166439760298044e-01 3.712481339639014943e-02 5.801175602237539672e-18
1.476166439760298044e-01 3.779981000359724369e-02 3.456964702628666184e-18
1.476166439760298044e-01 3.847480661080433795e-02 2.038009409270254451e-18
1.476166439760298044e-01 3.914980321801143220e-02 1.188957608581130093e-18
1.476166439760298044e-01 3.982479982521851952e-02 6.852686995383207472e-19
1.476166439760298044e-01 4.049979643242561378e-02 3.911534541745407319e-19
1.476166439760298044e-01 4.117479303963270804e-02 2.202623034851539655e-19
1.476166439760298044e-01 4.184978964683980229e-02 1.227566475691535332e-19
1.476166439760298044e-01 4.252478625404689655e-02 6.777422270275799362e-20
1.476166439760298044e-01 4.319978286125399081e-02 3.707721325210339615e-20
1.476166439760298044e-01 4.387477946846108506e-02 2.012127429385710194e-20
1.476166439760298044e-01 4.454977607566817932e-02 1.083494142048504064e-20
1.476166439760298044e-01 4.522477268287527358e-02 5.785412569977715405e-21
1.476166439760298044e-01 4.589976929008236783e-02 3.065032728184504691e-21
1.476166439760298044e-01 4.657476589728946209e-02 1.606810375439988406e-21
1.476166439760298044e-01 4.724976250449654941e-02 8.362731624608991896e-22
1.476166439760298044e-01 4.792475911170364367e-02 4.321962457071948229e-22
1.476166439760298044e-01 4.859975571891073792e-02 2.219753468624927015e-22
1.476166439760298044e-01 4.927475232611783218e-02 1.132468828297481091e-22
1.476166439760298044e-01 4.994974893332492644e-02 5.729208404631003462e-23
1.476166439760298044e-01 5.062474554053202069e-02 2.880150541105437083e-23
1.476166439760298044e-01 5.129974214773911495e-02 1.438724831300339743e-23
1.476166439760298044e-01 5.197473875494620921e-02 7.149726519021339311e-24
1.476166439760298044e-01 5.264973536215330346e-02 3.529279983017301182e-24
1.476166439760298044e-01 5.332473196936039772e-02 1.728609583510564418e-24
1.476166439760298044e-01 5.399972857656748504e-02 8.417789511160095604e-25
1.476166439760298044e-01 5.467472518377457930e-02 4.078321322812969931e-25
1.476166439760298044e-01 5.534972179098167355e-02 1.963580747326185492e-25
1.476166439760298044e-01 5.602471839818876781e-02 9.405032033291447159e-26
1.476166439760298044e-01 5.669971500539586207e-02 4.487029437872539381e-26
1.476166439760298044e-01 5.737471161260295632e-02 2.128336880848308341e-26
1.476166439760298044e-01 5.804970821981005058e-02 1.005058600435262237e-26
1.476166439760298044e-01 5.872470482701714484e-02 4.725163199922103655e-27
1.476166439760298044e-01 5.939970143422423909e-02 2.208616083956955544e-27
1.476166439760298044e-01 6.007469804143133335e-02 1.027737226230978205e-27
1.476166439760298044e-01 6.074969464863842761e-02 4.766034367893425400e-28
1.476166439760298044e-01 6.142469125584551493e-02 2.199507204054923913e-28
1.476166439760298044e-01 6.209968786305260918e-02 1.011208127127797318e-28
1.476166439760298044e-01 6.277468447025970344e-02 4.627686864246242923e-29
1.476166439760298044e-01 6.344968107746680464e-02 2.108043345695914406e-29
1.476166439760298044e-01 6.412467768467389195e-02 9.577190521863934265e-30
1.476166439760298044e-01 6.479967429188099315e-02 4.333108578108237840e-30
1.476166439760298044e-01 6.547467089908808047e-02 1.954502775515355293e-30
1.476166439760298044e-01 6.614966750629516778e-02 8.781451860013909758e-31
1.476166439760298044e-01 6.682466411350226898e-02 3.932722521910123048e-31
1.556184300719393176e-01 0.000000000000000000e+00 1.409483725424238151e-21
1.556184300719393176e-01 6.749966072070936064e-04 1.374161608246522931e-20
1.556184300719393176e-01 1.349993214414187213e-03 9.494703668674397113e-20
1.556184300719393176e-01 2.024989821621281036e-03 5.116268640497852901e-19
1.556184300719393176e-01 2.699986428828374425e-03 2.263415581973177854e-18
1.556184300719393176e-01 3.374983036035467815e-03 8.658323651261915059e-18
1.556184300719393176e-01 4.049979643242562072e-03 2.909021662095047579e-17
1.556184300719393176e-01 4.724976250449655461e-03 8.742966253314641605e-17
1.556184300719393176e-01 5.399972857656748851e-03 2.377580407565756879e-16
1.556184300719393176e-01 6.074969464863842240e-03 5.906606088120298154e-16
1.556184300719393176e-01 6.749966072070935630e-03 1.351430522836013189e-15
1.556184300719393176e-01 7.424962679278029887e-03 2.866300270276746214e-15
1.556184300719393176e-01 8.099959286485124144e-03 5.672878209502054747e-15
1.556184300719393176e-01 8.774955893692216666e-03 1.053090088690645103e-14
1.556184300719393176e-01 9.449952500899310923e-03 1.842154054797492529e-14
1.556184300719393176e-01 1.012494910810640344e-02 3.048916609420832197e-14
1.556184300719393176e-01 1.079994571531349770e-02 4.791764122650354397e-14
1.556184300719393176e-01 1.147494232252059196e-02 7.174718325909664959e-14
1.556184300719393176e-01 1.214993892972768448e-02 1.026430596371321087e-13
1.556184300719393176e-01 1.282493553693477874e-02 1.406760283355276054e-13
1.556184300719393176e-01 1.349993214414187126e-02 1.851592854990630566e-13
1.556184300719393176e-01 1.417492875134896552e-02 2.345700920214720999e-13
1.556184300719393176e-01 1.484992535855605977e-02 2.866146775904075710e-13
1.556184300719393176e-01 1.552492196576315230e-02 3.384011001739642323e-13
1.556184300719393176e-01 1.619991857297024829e-02 3.867565329119084675e-13
1.556184300719393176e-01 1.687491518017733907e-02 4.285656545991730506e-13
1.556184300719393176e-01 1.754991178738443333e-02 4.611254431795339316e-13
1.556184300719393176e-01 1.822490839459152759e-02 4.808080914592991484e-13
1.556184300719393176e-01 1.889990500179862185e-02 4.876579361383708295e-13
1.556184300719393176e-01 1.957490160900571610e-02 4.822959418938301878e-13
1.556184300719393176e-01 2.024989821621280689e-02 4.654181716236958301e-13
1.556184300719393176e-01 2.092489482341990115e-02 4.344901537360467973e-13
1.556184300719393176e-01 2.159989143062699540e-02 3.915527033666633383e-13
1.556184300719393176e-01 2.227488803783408966e-02 3.453700066484488976e-13
1.556184300719393176e-01 2.294988464504118392e-02 2.987152778396605176e-13
1.556184300719393176e-01 2.362488125224827470e-02 2.523051852961888099e-13
1.556184300719393176e-01 2.429987785945536896e-02 2.076179811170746895e-13
1.556184300719393176e-01 2.497487446666246322e-02 1.676587679998872463e-13
1.556184300719393176e-01 2.564987107386955748e-02 1.326367757161887006e-13
1.556184300719393176e-01 2.632486768107665173e-02 1.026234553908037863e-13
1.556184300719393176e-01 2.699986428828374252e-02 7.800104362268246195e-14
1.556184300719393176e-01 2.767486089549083678e-02 5.812457421075272888e-14
1.556184300719393176e-01 2.834985750269793103e-02 4.256596766959104557e-14
1.556184300719393176e-01 2.902485410990502529e-02 3.062142603057943117e-14
1.556184300719393176e-01 2.969985071711211955e-02 2.165808570240974608e-14
1.556184300719393176e-01 3.037484732431921380e-02 1.506627290159876353e-14
1.556184300719393176e-01 3.104984393152630459e-02 1.031619687981528551e-14
1.556184300719393176e-01 3.172484053873340232e-02 6.952730746583137674e-15
1.556184300719393176e-01 3.239983714594049657e-02 4.620216455450067048e-15
1.556184300719393176e-01 3.307483375314758389e-02 3.026402666456209567e-15
1.556184300719393176e-01 3.374983036035467815e-02 1.953492657099041755e-15
1.556184300719393176e-01 3.442482696756177241e-02 1.244677958595283388e-15
1.556184300719393176e-01 3.509982357476886666e-02 7.813327449998585140e-16
1.556184300719393176e-01 3.577482018197596092e-02 4.841984279756722259e-16
1.556184300719393176e-01 3.644981678918305518e-02 2.962076170853071326e-16
1.556184300719393176e-01 3.712481339639014943e-02 1.791642733423342176e-16
1.556184300719393176e-01 3.779981000359724369e-02 1.071670226286509421e-16
1.556184300719393176e-01 3.847480661080433795e-02 6.341551598727561620e-17
1.556184300719393176e-01 3.914980321801143220e-02 3.713267032117350598e-17
1.556184300719393176e-01 3.982479982521851952e-02 2.148076230341679413e-17
1.556184300719393176e-01 4.049979643242561378e-02 1.230672088682372206e-17
1.556184300719393176e-01 4.117479303963270804e-02 6.956324442888978883e-18
1.556184300719393176e-01 4.184978964683980229e-02 3.890964120717732832e-18
1.556184300719393176e-01 4.252478625404689655e-02 2.156078040135345801e-18
1.556184300719393176e-01 4.319978286125399081e-02 1.183842616881452825e-18
1.556184300719393176e-01 4.387477946846108506e-02 6.447972012178374455e-19
1.556184300719393176e-01 4.454977607566817932e-02 3.484770059043235985e-19
1.556184300719393176e-01 4.522477268287527358e-02 1.867366921672213368e-19
1.556184300719393176e-01 4.589976929008236783e-02 9.929252056643982175e-20
1.556184300719393176e-01 4.657476589728946209e-02 5.224456432467863287e-20
1.556184300719393176e-01 4.724976250449654941e-02 2.728902390806798797e-20
1.556184300719393176e-01 4.792475911170364367e-02 1.415380612865704872e-20
1.556184300719393176e-01 4.859975571891073792e-02 7.295393394940888170e-21
1.556184300719393176e-01 4.927475232611783218e-02 3.735272365420845978e-21
1.556184300719393176e-01 4.994974893332492644e-02 1.896572080649592751e-21
1.556184300719393176e-01 5.062474554053202069e-02 9.568180425109970174e-22
1.556184300719393176e-01 5.129974214773911495e-02 4.796567125192787809e-22
1.556184300719393176e-01 5.197473875494620921e-02 2.392057300511595083e-22
1.556184300719393176e-01 5.264973536215330346e-02 1.185001481565842634e-22
1.556184300719393176e-01 5.332473196936039772e-02 5.828281817234171631e-23
1.556184300719393176e-01 5.399972857656748504e-02 2.848005415696304605e-23
1.556184300719393176e-01 5.467472518377457930e-02 1.384637017703491319e-23
1.556184300719393176e-01 5.534972179098167355e-02 6.690275526341723322e-24
1.556184300719393176e-01 5.602471839818876781e-02 3.215615255691320050e-24
1.556184300719393176e-01 5.669971500539586207e-02 1.539479301320583411e-24
1.556184300719393176e-01 5.737471161260295632e-02 7.328059704820739830e-25
1.556184300719393176e-01 5.804970821981005058e-02 3.472423713656915602e-25
1.556184300719393176e-01 5.872470482701714484e-02 1.638578482503147392e-25
1.556184300719393176e-01 5.939970143422423909e-02 7.686829315904872897e-26
1.556184300719393176e-01 6.007469804143133335e-02 3.589070178829295833e-26
1.556184300719393176e-01 6.074969464863842761e-02 1.670039241618714850e-26
1.556184300719393176e-01 6.142469125584551493e-02 7.733504978127060312e-27
1.556184300719393176e-01 6.209968786305260918e-02 3.567569591990956437e-27
1.556184300719393176e-01 6.277468447025970344e-02 1.639061582004516296e-27
1.556184300719393176e-01 6.344968107746680464e-02 7.491371300969454941e-28
1.556184300719393176e-01 6.412467768467389195e-02 3.414754127996575231e-28
1.556184300719393176e-01 6.479967429188099315e-02 1.550154911444287600e-28
1.556184300719393176e-01 6.547467089908808047e-02 7.017086682941045611e-29
1.556184300719393176e-01 6.614966750629516778e-02 3.164017020546357500e-29
1.556184300719393176e-01 6.682466411350226898e-02 1.421705966982439531e-29
1.636202161678488587e-01 0.000000000000000000e+00 2.707472336883436154e-20
1.636202161678488587e-01 6.749966072070936064e-04 2.657460022142262876e-19
1.636202161678488587e-01 1.349993214414187213e-03 1.847148582402323790e-18
1.636202161678488587e-01 2.024989821621281036e-03 1.000862685509593524e-17
1.636202161678488587e-01 2.699986428828374425e-03 4.451098380193170845e-17
1.636202161678488587e-01 3.374983036035467815e-03 1.711402689535782840e-16
1.636202161678488587e-01 4.049979643242562072e-03 5.778867084172860900e-16
1.636202161678488587e-01 4.724976250449655461e-03 1.745357700445458951e-15
1.636202161678488587e-01 5.399972857656748851e-03 4.768985644281707641e-15
1.636202161678488587e-01 6.074969464863842240e-03 1.190348110081131791e-14
1.636202161678488587e-01 6.749966072070935630e-03 2.736092884513833984e-14
1.636202161678488587e-01 7.424962679278029887e-03 5.829755049311327975e-14
1.636202161678488587e-01 8.099959286485124144e-03 1.159045658965319579e-13
1.636202161678488587e-01 8.774955893692216666e-03 2.161348264882781027e-13
1.636202161678488587e-01 9.449952500899310923e-03 3.797602362054611551e-13
1.636202161678488587e-01 1.012494910810640344e-02 6.313063635577598168e-13
1.636202161678488587e-01 1.079994571531349770e-02 9.965115752182868873e-13
1.636202161678488587e-01 1.147494232252059196e-02 1.498458799267326966e-12
1.636202161678488587e-01 1.214993892972768448e-02 2.152953971169264688e-12
1.636202161678488587e-01 1.282493553693477874e-02 2.963370936114229187e-12
1.636202161678488587e-01 1.349993214414187126e-02 3.917119196588161607e-12
1.636202161678488587e-01 1.417492875134896552e-02 4.983510712565871975e-12
1.636202161678488587e-01 1.484992535855605977e-02 6.114721966088712124e-12
1.636202161678488587e-01 1.552492196576315230e-02 7.249717059164436439e-12
1.636202161678488587e-01 1.619991857297024829e-02 8.320102019292977241e-12
1.636202161678488587e-01 1.687491518017733907e-02 9.257748826541120620e-12
1.636202161678488587e-01 1.754991178738443333e-02 1.000209008351367556e-11
1.636202161678488587e-01 1.822490839459152759e-02 1.047194955856905938e-11
1.636202161678488587e-01 1.889990500179862185e-02 1.066455069847591349e-11
1.636202161678488587e-01 1.957490160900571610e-02 1.059020012548077523e-11
1.636202161678488587e-01 2.024989821621280689e-02 1.026100721774995189e-11
1.636202161678488587e-01 2.092489482341990115e-02 9.618119325029790448e-12
1.636202161678488587e-01 2.159989143062699540e-02 8.703483243532454773e-12
1.636202161678488587e-01 2.227488803783408966e-02 7.707508945100008175e-12
1.636202161678488587e-01 2.294988464504118392e-02 6.692939321495003472e-12
1.636202161678488587e-01 2.362488125224827470e-02 5.675798225057996644e-12
1.636202161678488587e-01 2.429987785945536896e-02 4.689567896441043882e-12
1.636202161678488587e-01 2.497487446666246322e-02 3.801831410296889434e-12
1.636202161678488587e-01 2.564987107386955748e-02 3.019573274423006888e-12
1.636202161678488587e-01 2.632486768107665173e-02 2.345659014310251812e-12
1.636202161678488587e-01 2.699986428828374252e-02 1.789832997125096999e-12
1.636202161678488587e-01 2.767486089549083678e-02 1.339063016717487460e-12
1.636202161678488587e-01 2.834985750269793103e-02 9.844190517381999149e-13
1.636202161678488587e-01 2.902485410990502529e-02 7.109549401126856466e-13
1.636202161678488587e-01 2.969985071711211955e-02 5.047822019067950523e-13
1.636202161678488587e-01 3.037484732431921380e-02 3.525218118852424713e-13
1.636202161678488587e-01 3.104984393152630459e-02 2.423115742076128284e-13
1.636202161678488587e-01 3.172484053873340232e-02 1.639206166884306194e-13
1.636202161678488587e-01 3.239983714594049657e-02 1.093421673027765400e-13
1.636202161678488587e-01 3.307483375314758389e-02 7.189665758615735666e-14
1.636202161678488587e-01 3.374983036035467815e-02 4.658154469617065928e-14
1.636202161678488587e-01 3.442482696756177241e-02 2.979291480072879774e-14
1.636202161678488587e-01 3.509982357476886666e-02 1.877369714911417889e-14
1.636202161678488587e-01 3.577482018197596092e-02 1.167710367378254987e-14
1.636202161678488587e-01 3.644981678918305518e-02 7.170498361273568167e-15
1.636202161678488587e-01 3.712481339639014943e-02 4.353631933266742578e-15
1.636202161678488587e-01 3.779981000359724369e-02 2.613951705675409586e-15
1.636202161678488587e-01 3.847480661080433795e-02 1.552601109119519234e-15
1.636202161678488587e-01 3.914980321801143220e-02 9.124524215224299818e-16
1.636202161678488587e-01 3.982479982521851952e-02 5.298105418565991545e-16
1.636202161678488587e-01 4.049979643242561378e-02 3.046642572608182877e-16
1.636202161678488587e-01 4.117479303963270804e-02 1.728688020930779649e-16
1.636202161678488587e-01 4.184978964683980229e-02 9.705023828985203588e-17
1.636202161678488587e-01 4.252478625404689655e-02 5.397607579036194301e-17
1.636202161678488587e-01 4.319978286125399081e-02 2.974378929719609643e-17
1.636202161678488587e-01 4.387477946846108506e-02 1.625874238692576220e-17
1.636202161678488587e-01 4.454977607566817932e-02 8.818722104696576994e-18
1.636202161678488587e-01 4.522477268287527358e-02 4.742629448593900626e-18
1.636202161678488587e-01 4.589976929008236783e-02 2.530964913406093246e-18
1.636202161678488587e-01 4.657476589728946209e-02 1.336621201577057259e-18
1.636202161678488587e-01 4.724976250449654941e-02 7.006863219857524171e-19
1.636202161678488587e-01 4.792475911170364367e-02 3.647189856740435737e-19
1.636202161678488587e-01 4.859975571891073792e-02 1.886619643431782082e-19
1.636202161678488587e-01 4.927475232611783218e-02 9.694096502941129961e-20
1.636202161678488587e-01 4.994974893332492644e-02 4.940121347737104454e-20
1.636202161678488587e-01 5.062474554053202069e-02 2.501061681928450647e-20
1.636202161678488587e-01 5.129974214773911495e-02 1.258243955900832157e-20
1.636202161678488587e-01 5.197473875494620921e-02 6.296831300559374815e-21
1.636202161678488587e-01 5.264973536215330346e-02 3.130527208397878728e-21
1.636202161678488587e-01 5.332473196936039772e-02 1.545862450164305542e-21
1.636202161678488587e-01 5.399972857656748504e-02 7.581256898614634297e-22
1.636202161678488587e-01 5.467472518377457930e-02 3.698260416031439887e-22
1.636202161678488587e-01 5.534972179098167355e-02 1.793154845806568571e-22
1.636202161678488587e-01 5.602471839818876781e-02 8.648124422892076582e-23
1.636202161678488587e-01 5.669971500539586207e-02 4.154495053251188777e-23
1.636202161678488587e-01 5.737471161260295632e-02 1.984488409740042460e-23
1.636202161678488587e-01 5.804970821981005058e-02 9.435250208829352533e-24
1.636202161678488587e-01 5.872470482701714484e-02 4.467358941998220002e-24
1.636202161678488587e-01 5.939970143422423909e-02 2.104064703355208201e-24
1.636202161678488587e-01 6.007469804143133335e-02 9.857361178518565057e-25
1.636202161678488587e-01 6.074969464863842761e-02 4.602375152679580298e-25
1.636202161678488587e-01 6.142469125584551493e-02 2.138602444665353213e-25
1.636202161678488587e-01 6.209968786305260918e-02 9.899183482944609435e-26
1.636202161678488587e-01 6.277468447025970344e-02 4.564883659954252435e-26
1.636202161678488587e-01 6.344968107746680464e-02 2.093777495799506225e-26
1.636202161678488587e-01 6.412467768467389195e-02 9.575778371221854736e-27
1.636202161678488587e-01 6.479967429188099315e-02 4.361773407768663126e-27
1.636202161678488587e-01 6.547467089908808047e-02 1.981013113886868266e-27
1.636202161678488587e-01 6.614966750629516778e-02 8.965485823902933853e-28
1.636202161678488587e-01 6.682466411350226898e-02 4.041648109325964775e-28
1.716220022637583720e-01 0.000000000000000000e+00 4.174571757627048928e-19
1.716220022637583720e-01 6.749966072070936064e-04 4.125348475566823929e-18
1.716220022637583720e-01 1.349993214414187213e-03 2.884532899070186736e-17
1.716220022637583720e-01 2.024989821621281036e-03 1.571561835994006063e-16
1.716220022637583720e-01 2.699986428828374425e-03 7.025146761209727238e-16
1.716220022637583720e-01 3.374983036035467815e-03 2.714773742011065442e-15
1.716220022637583720e-01 4.049979643242562072e-03 9.212183719710949392e-15
1.716220022637583720e-01 4.724976250449655461e-03 2.795741102569589508e-14
1.716220022637583720e-01 5.399972857656748851e-03 7.675739737225113066e-14
1.716220022637583720e-01 6.074969464863842240e-03 1.924927028911418096e-13
1.716220022637583720e-01 6.749966072070935630e-03 4.444953709337269556e-13
1.716220022637583720e-01 7.424962679278029887e-03 9.514097869895271345e-13
1.716220022637583720e-01 8.099959286485124144e-03 1.900077860593042631e-12
1.716220022637583720e-01 8.774955893692216666e-03 3.559018124888956701e-12
1.716220022637583720e-01 9.449952500899310923e-03 6.281237836959363926e-12
1.716220022637583720e-01 1.012494910810640344e-02 1.048791877224473298e-11
1.716220022637583720e-01 1.079994571531349770e-02 1.662722073685615655e-11
1.716220022637583720e-01 1.147494232252059196e-02 2.511134556182808891e-11
1.716220022637583720e-01 1.214993892972768448e-02 3.623274806277303419e-11
1.716220022637583720e-01 1.282493553693477874e-02 5.008119268655309037e-11
1.716220022637583720e-01 1.349993214414187126e-02 6.647939916365001487e-11
1.716220022637583720e-01 1.417492875134896552e-02 8.493272369869742614e-11
1.716220022637583720e-01 1.484992535855605977e-02 1.046500300896558574e-10
1.716220022637583720e-01 1.552492196576315230e-02 1.245879808908920570e-10
1.716220022637583720e-01 1.619991857297024829e-02 1.435735634168782168e-10
1.716220022637583720e-01 1.687491518017733907e-02 1.604086416937877891e-10
1.716220022637583720e-01 1.754991178738443333e-02 1.740131498425463493e-10
1.716220022637583720e-01 1.822490839459152759e-02 1.829335242931606420e-10
1.716220022637583720e-01 1.889990500179862185e-02 1.870498876633776635e-10
1.716220022637583720e-01 1.957490160900571610e-02 1.864934351699650844e-10
1.716220022637583720e-01 2.024989821621280689e-02 1.814163939957840717e-10
1.716220022637583720e-01 2.092489482341990115e-02 1.707309626426016833e-10
1.716220022637583720e-01 2.159989143062699540e-02 1.551329450784937779e-10
1.716220022637583720e-01 2.227488803783408966e-02 1.379153004661174398e-10
1.716220022637583720e-01 2.294988464504118392e-02 1.202204928278649227e-10
1.716220022637583720e-01 2.362488125224827470e-02 1.023502954638876015e-10
1.716220022637583720e-01 2.429987785945536896e-02 8.490638168859020275e-11
1.716220022637583720e-01 2.497487446666246322e-02 6.909928187455741218e-11
1.716220022637583720e-01 2.564987107386955748e-02 5.509448045586379973e-11
1.716220022637583720e-01 2.632486768107665173e-02 4.296652823134847193e-11
1.716220022637583720e-01 2.699986428828374252e-02 3.291097992779486430e-11
1.716220022637583720e-01 2.767486089549083678e-02 2.471902218118469521e-11
1.716220022637583720e-01 2.834985750269793103e-02 1.824189299606244625e-11
1.716220022637583720e-01 2.902485410990502529e-02 1.322584712958271165e-11
1.716220022637583720e-01 2.969985071711211955e-02 9.426012676410016262e-12
1.716220022637583720e-01 3.037484732431921380e-02 6.608481021986571249e-12
1.716220022637583720e-01 3.104984393152630459e-02 4.559826558707185852e-12
1.716220022637583720e-01 3.172484053873340232e-02 3.096210812265082580e-12
1.716220022637583720e-01 3.239983714594049657e-02 2.073218376588798474e-12
1.716220022637583720e-01 3.307483375314758389e-02 1.368346036974575375e-12
1.716220022637583720e-01 3.374983036035467815e-02 8.897792649887154985e-13
1.716220022637583720e-01 3.442482696756177241e-02 5.712410783598474142e-13
1.716220022637583720e-01 3.509982357476886666e-02 3.613246575770593582e-13
1.716220022637583720e-01 3.577482018197596092e-02 2.255575535309215446e-13
1.716220022637583720e-01 3.644981678918305518e-02 1.390258472340613779e-13
1.716220022637583720e-01 3.712481339639014943e-02 8.472541980083140271e-14
1.716220022637583720e-01 3.779981000359724369e-02 5.106003730412325782e-14
1.716220022637583720e-01 3.847480661080433795e-02 3.044001264321387465e-14
1.716220022637583720e-01 3.914980321801143220e-02 1.795400454713101251e-14
1.716220022637583720e-01 3.982479982521851952e-02 1.046331220891322618e-14
1.716220022637583720e-01 4.049979643242561378e-02 6.038825704609545741e-15
1.716220022637583720e-01 4.117479303963270804e-02 3.439398803730867220e-15
1.716220022637583720e-01 4.184978964683980229e-02 1.937925731679949010e-15
1.716220022637583720e-01 4.252478625404689655e-02 1.081740632166120130e-15
1.716220022637583720e-01 4.319978286125399081e-02 5.982416468141241301e-16
1.716220022637583720e-01 4.387477946846108506e-02 3.281781089429013260e-16
1.716220022637583720e-01 4.454977607566817932e-02 1.786156226435154980e-16
1.716220022637583720e-01 4.522477268287527358e-02 9.639622072870170819e-17
1.716220022637583720e-01 4.589976929008236783e-02 5.162707488469317214e-17
1.716220022637583720e-01 4.657476589728946209e-02 2.736382707838524691e-17
1.716220022637583720e-01 4.724976250449654941e-02 1.439553900945716151e-17
1.716220022637583720e-01 4.792475911170364367e-02 7.519473706508017556e-18
1.716220022637583720e-01 4.859975571891073792e-02 3.903334407886132637e-18
1.716220022637583720e-01 4.927475232611783218e-02 2.012681394376526301e-18
1.716220022637583720e-01 4.994974893332492644e-02 1.029337121133646683e-18
1.716220022637583720e-01 5.062474554053202069e-02 5.229421906099490524e-19
1.716220022637583720e-01 5.129974214773911495e-02 2.640016376890594725e-19
1.716220022637583720e-01 5.197473875494620921e-02 1.325794715618430865e-19
1.716220022637583720e-01 5.264973536215330346e-02 6.614868302638874885e-20
1.716220022637583720e-01 5.332473196936039772e-02 3.277759049956084392e-20
1.716220022637583720e-01 5.399972857656748504e-02 1.614264040731181058e-20
1.716220022637583720e-01 5.467472518377457930e-02 7.901831270311353329e-21
1.716220022637583720e-01 5.534972179098167355e-02 3.844765086860562891e-21
1.716220022637583720e-01 5.602471839818876781e-02 1.860510595845728258e-21
1.716220022637583720e-01 5.669971500539586207e-02 8.967838497586349900e-22
1.716220022637583720e-01 5.737471161260295632e-02 4.298453648440838400e-22
1.716220022637583720e-01 5.804970821981005058e-02 2.050654794896892671e-22
1.716220022637583720e-01 5.872470482701714484e-02 9.742091217346747505e-23
1.716220022637583720e-01 5.939970143422423909e-02 4.606660965495649953e-23
1.716220022637583720e-01 6.007469804143133335e-02 2.165451126430924037e-23
1.716220022637583720e-01 6.074969464863842761e-02 1.014485933711368202e-23
1.716220022637583720e-01 6.142469125584551493e-02 4.730167955323741758e-24
1.716220022637583720e-01 6.209968786305260918e-02 2.196948531769035954e-24
1.716220022637583720e-01 6.277468447025970344e-02 1.016540309803795208e-24
1.716220022637583720e-01 6.344968107746680464e-02 4.680284844487120490e-25
1.716220022637583720e-01 6.412467768467389195e-02 2.147636809030068229e-25
1.716220022637583720e-01 6.479967429188099315e-02 9.815797864293815286e-26
1.716220022637583720e-01 6.547467089908808047e-02 4.472960481863311107e-26
1.716220022637583720e-01 6.614966750629516778e-02 2.031841710608480383e-26
1.716220022637583720e-01 6.682466411350226898e-02 9.189876611928312424e-27
1.796237883596679130e-01 0.000000000000000000e+00 5.243413439179204500e-18
1.796237883596679130e-01 6.749966072070936064e-04 5.216822626568748301e-17
1.796237883596679130e-01 1.349993214414187213e-03 3.669721830023405864e-16
1.796237883596679130e-01 2.024989821621281036e-03 2.010436781372853621e-15
1.796237883596679130e-01 2.699986428828374425e-03 9.034014477168470778e-15
1.796237883596679130e-01 3.374983036035467815e-03 3.508591586442964838e-14
1.796237883596679130e-01 4.049979643242562072e-03 1.196441372402964872e-13
1.796237883596679130e-01 4.724976250449655461e-03 3.648547143563133019e-13
1.796237883596679130e-01 5.399972857656748851e-03 1.006446182466162936e-12
1.796237883596679130e-01 6.074969464863842240e-03 2.535903694306204282e-12
1.796237883596679130e-01 6.749966072070935630e-03 5.882946705018523157e-12
1.796237883596679130e-01 7.424962679278029887e-03 1.264990835948184375e-11
1.796237883596679130e-01 8.099959286485124144e-03 2.537661590039088345e-11
1.796237883596679130e-01 8.774955893692216666e-03 4.774512718747743684e-11
1.796237883596679130e-01 9.449952500899310923e-03 8.463654550733581643e-11
1.796237883596679130e-01 1.012494910810640344e-02 1.419356829272769162e-10
1.796237883596679130e-01 1.079994571531349770e-02 2.260066316526279552e-10
1.796237883596679130e-01 1.147494232252059196e-02 3.427964529395567583e-10
1.796237883596679130e-01 1.214993892972768448e-02 4.967306597521419919e-10
1.796237883596679130e-01 1.282493553693477874e-02 6.895036754259412297e-10
1.796237883596679130e-01 1.349993214414187126e-02 9.190899021644178996e-10
1.796237883596679130e-01 1.417492875134896552e-02 1.179055013137220780e-09
1.796237883596679130e-01 1.484992535855605977e-02 1.458747923804183156e-09
1.796237883596679130e-01 1.552492196576315230e-02 1.743838526113166929e-09
1.796237883596679130e-01 1.619991857297024829e-02 2.017806953519586033e-09
1.796237883596679130e-01 1.687491518017733907e-02 2.263515537959909195e-09
1.796237883596679130e-01 1.754991178738443333e-02 2.465378941081766801e-09
1.796237883596679130e-01 1.822490839459152759e-02 2.602173844394866496e-09
1.796237883596679130e-01 1.889990500179862185e-02 2.671415618598960143e-09
1.796237883596679130e-01 1.957490160900571610e-02 2.674074715239286460e-09
1.796237883596679130e-01 2.024989821621280689e-02 2.611660392167444336e-09
1.796237883596679130e-01 2.092489482341990115e-02 2.467738752884464425e-09
1.796237883596679130e-01 2.159989143062699540e-02 2.251498055467262800e-09
1.796237883596679130e-01 2.227488803783408966e-02 2.009466153759009904e-09
1.796237883596679130e-01 2.294988464504118392e-02 1.758431451673536867e-09
1.796237883596679130e-01 2.362488125224827470e-02 1.502855017818046502e-09
1.796237883596679130e-01 2.429987785945536896e-02 1.251629381001031517e-09
1.796237883596679130e-01 2.497487446666246322e-02 1.022520363023275089e-09
1.796237883596679130e-01 2.564987107386955748e-02 8.184548120567339536e-10
1.796237883596679130e-01 2.632486768107665173e-02 6.407926729727845719e-10
1.796237883596679130e-01 2.699986428828374252e-02 4.926989628710661345e-10
1.796237883596679130e-01 2.767486089549083678e-02 3.715036923922925205e-10
1.796237883596679130e-01 2.834985750269793103e-02 2.751977402651093227e-10
1.796237883596679130e-01 2.902485410990502529e-02 2.002922380236859033e-10
1.796237883596679130e-01 2.969985071711211955e-02 1.432821764956944810e-10
1.796237883596679130e-01 3.037484732431921380e-02 1.008438773587793734e-10
1.796237883596679130e-01 3.104984393152630459e-02 6.984789906068169055e-11
1.796237883596679130e-01 3.172484053873340232e-02 4.760514312566251779e-11
1.796237883596679130e-01 3.239983714594049657e-02 3.199737987828200049e-11
1.796237883596679130e-01 3.307483375314758389e-02 2.119618676192665774e-11
1.796237883596679130e-01 3.374983036035467815e-02 1.383468240528682386e-11
1.796237883596679130e-01 3.442482696756177241e-02 8.914759938302722074e-12
1.796237883596679130e-01 3.509982357476886666e-02 5.659615093408656192e-12
1.796237883596679130e-01 3.577482018197596092e-02 3.545657996900616966e-12
1.796237883596679130e-01 3.644981678918305518e-02 2.193500801607442506e-12
1.796237883596679130e-01 3.712481339639014943e-02 1.341686300478339399e-12
1.796237883596679130e-01 3.779981000359724369e-02 8.115503607695844225e-13
1.796237883596679130e-01 3.847480661080433795e-02 4.855923906607838621e-13
1.796237883596679130e-01 3.914980321801143220e-02 2.874310684781486155e-13
1.796237883596679130e-01 3.982479982521851952e-02 1.681187868428070494e-13
1.796237883596679130e-01 4.049979643242561378e-02 9.737913804767417268e-14
1.796237883596679130e-01 4.117479303963270804e-02 5.566896546253603424e-14
1.796237883596679130e-01 4.184978964683980229e-02 3.147906693069019444e-14
1.796237883596679130e-01 4.252478625404689655e-02 1.763501310574610032e-14
1.796237883596679130e-01 4.319978286125399081e-02 9.787804140798705352e-15
1.796237883596679130e-01 4.387477946846108506e-02 5.388391501149993249e-15
1.796237883596679130e-01 4.454977607566817932e-02 2.942975650411428771e-15
1.796237883596679130e-01 4.522477268287527358e-02 1.593901154903379246e-15
1.796237883596679130e-01 4.589976929008236783e-02 8.566265818829696668e-16
1.796237883596679130e-01 4.657476589728946209e-02 4.556614898962656988e-16
1.796237883596679130e-01 4.724976250449654941e-02 2.405607213316982578e-16
1.796237883596679130e-01 4.792475911170364367e-02 1.260961913042043223e-16
1.796237883596679130e-01 4.859975571891073792e-02 6.568514852118300509e-17
1.796237883596679130e-01 4.927475232611783218e-02 3.398806673797800543e-17
1.796237883596679130e-01 4.994974893332492644e-02 1.744458164401170373e-17
1.796237883596679130e-01 5.062474554053202069e-02 8.893189836440801661e-18
1.796237883596679130e-01 5.129974214773911495e-02 4.505171879917430870e-18
1.796237883596679130e-01 5.197473875494620921e-02 2.270226547984540548e-18
1.796237883596679130e-01 5.264973536215330346e-02 1.136684334197806918e-18
1.796237883596679130e-01 5.332473196936039772e-02 5.651821475434699563e-19
1.796237883596679130e-01 5.399972857656748504e-02 2.795025409874927492e-19
1.796237883596679130e-01 5.467472518377457930e-02 1.372824441625193777e-19
1.796237883596679130e-01 5.534972179098167355e-02 6.703058437645249742e-20
1.796237883596679130e-01 5.602471839818876781e-02 3.254541953648168207e-20
1.796237883596679130e-01 5.669971500539586207e-02 1.573939952518177251e-20
1.796237883596679130e-01 5.737471161260295632e-02 7.569509517219134276e-21
1.796237883596679130e-01 5.804970821981005058e-02 3.622978071708159445e-21
1.796237883596679130e-01 5.872470482701714484e-02 1.726883129502462458e-21
1.796237883596679130e-01 5.939970143422423909e-02 8.194898980793760451e-22
1.796237883596679130e-01 6.007469804143133335e-02 3.866296929355924505e-22
1.796237883596679130e-01 6.074969464863842761e-02 1.817354746090942698e-22
1.796237883596679130e-01 6.142469125584551493e-02 8.502168560902277109e-23
1.796237883596679130e-01 6.209968786305260918e-02 3.961902878161884095e-23
1.796237883596679130e-01 6.277468447025970344e-02 1.839308479475907003e-23
1.796237883596679130e-01 6.344968107746680464e-02 8.500278936614654540e-24
1.796237883596679130e-01 6.412467768467389195e-02 3.913260703258011174e-24
1.796237883596679130e-01 6.479967429188099315e-02 1.794465060112393114e-24
1.796237883596679130e-01 6.547467089908808047e-02 8.203797936860721894e-25
1.796237883596679130e-01 6.614966750629516778e-02 3.738914603740923185e-25
1.796237883596679130e-01 6.682466411350226898e-02 1.697295743388309232e-25
1.876255744555774263e-01 0.000000000000000000e+00 5.441627808367428576e-17
1.876255744555774263e-01 6.749966072070936064e-04 5.450632413210498758e-16
1.876255744555774263e-01 1.349993214414187213e-03 3.856823807790942875e-15
1.876255744555774263e-01 2.024989821621281036e-03 2.124493253811376239e-14
1.876255744555774263e-01 2.699986428828374425e-03 9.596025671017437143e-14
1.876255744555774263e-01 3.374983036035467815e-03 3.745616396385822822e-13
1.876255744555774263e-01 4.049979643242562072e-03 1.283468966938630154e-12
1.876255744555774263e-01 4.724976250449655461e-03 3.932375081935159638e-12
1.876255744555774263e-01 5.399972857656748851e-03 1.089811134269403172e-11
1.876255744555774263e-01 6.074969464863842240e-03 2.758576286189599480e-11
1.876255744555774263e-01 6.749966072070935630e-03 6.428592755003576415e-11
1.876255744555774263e-01 7.424962679278029887e-03 1.388596458868104807e-10
1.876255744555774263e-01 8.099959286485124144e-03 2.798055513972686999e-10
1.876255744555774263e-01 8.774955893692216666e-03 5.287638683754732307e-10
1.876255744555774263e-01 9.449952500899310923e-03 9.413988016438149887e-10
1.876255744555774263e-01 1.012494910810640344e-02 1.585532402846724649e-09
1.876255744555774263e-01 1.079994571531349770e-02 2.535444895593077408e-09
1.876255744555774263e-01 1.147494232252059196e-02 3.862093762452281200e-09
1.876255744555774263e-01 1.214993892972768448e-02 5.620154220002630492e-09
1.876255744555774263e-01 1.282493553693477874e-02 7.834099294136870458e-09
1.876255744555774263e-01 1.349993214414187126e-02 1.048627090269915062e-08
1.876255744555774263e-01 1.417492875134896552e-02 1.350830054584839534e-08
1.876255744555774263e-01 1.484992535855605977e-02 1.678142310865141657e-08
1.876255744555774263e-01 1.552492196576315230e-02 2.014288561756151130e-08
1.876255744555774263e-01 1.619991857297024829e-02 2.340296709675557492e-08
1.876255744555774263e-01 1.687491518017733907e-02 2.635991139092274893e-08
1.876255744555774263e-01 1.754991178738443333e-02 2.882681554021045700e-08
1.876255744555774263e-01 1.822490839459152759e-02 3.054914815794533898e-08
1.876255744555774263e-01 1.889990500179862185e-02 3.148737360486058868e-08
1.876255744555774263e-01 1.957490160900571610e-02 3.164425493778954001e-08
1.876255744555774263e-01 2.024989821621280689e-02 3.102876607295844603e-08
1.876255744555774263e-01 2.092489482341990115e-02 2.943619734593694728e-08
1.876255744555774263e-01 2.159989143062699540e-02 2.696784341078152510e-08
1.876255744555774263e-01 2.227488803783408966e-02 2.416320697607871343e-08
1.876255744555774263e-01 2.294988464504118392e-02 2.122659241471301311e-08
1.876255744555774263e-01 2.362488125224827470e-02 1.821237228723332333e-08
1.876255744555774263e-01 2.429987785945536896e-02 1.522797247218156389e-08
1.876255744555774263e-01 2.497487446666246322e-02 1.248751912143062636e-08
1.876255744555774263e-01 2.564987107386955748e-02 1.003310674846897275e-08
1.876255744555774263e-01 2.632486768107665173e-02 7.885921183255680613e-09
1.876255744555774263e-01 2.699986428828374252e-02 6.086557454733398505e-09
1.876255744555774263e-01 2.767486089549083678e-02 4.607049857109835412e-09
1.876255744555774263e-01 2.834985750269793103e-02 3.425585677211285618e-09
1.876255744555774263e-01 2.902485410990502529e-02 2.502696518299859972e-09
1.876255744555774263e-01 2.969985071711211955e-02 1.797001754315018104e-09
1.876255744555774263e-01 3.037484732431921380e-02 1.269606948716859425e-09
1.876255744555774263e-01 3.104984393152630459e-02 8.827011990383415664e-10
1.876255744555774263e-01 3.172484053873340232e-02 6.038402001835798298e-10
1.876255744555774263e-01 3.239983714594049657e-02 4.074046986286484972e-10
1.876255744555774263e-01 3.307483375314758389e-02 2.708639549344870088e-10
1.876255744555774263e-01 3.374983036035467815e-02 1.774588192367763116e-10
1.876255744555774263e-01 3.442482696756177241e-02 1.147790225965337785e-10
1.876255744555774263e-01 3.509982357476886666e-02 7.314166037989481400e-11
1.876255744555774263e-01 3.577482018197596092e-02 4.598490241501582122e-11
1.876255744555774263e-01 3.644981678918305518e-02 2.855224888822894221e-11
1.876255744555774263e-01 3.712481339639014943e-02 1.752857803837665645e-11
1.876255744555774263e-01 3.779981000359724369e-02 1.064160699271742617e-11
1.876255744555774263e-01 3.847480661080433795e-02 6.390753163840423377e-12
1.876255744555774263e-01 3.914980321801143220e-02 3.796387628161464495e-12
1.876255744555774263e-01 3.982479982521851952e-02 2.228587799032602823e-12
1.876255744555774263e-01 4.049979643242561378e-02 1.295540407672608869e-12
1.876255744555774263e-01 4.117479303963270804e-02 7.433962323994073342e-13
1.876255744555774263e-01 4.184978964683980229e-02 4.218824190464269665e-13
1.876255744555774263e-01 4.252478625404689655e-02 2.371997807782656861e-13
1.876255744555774263e-01 4.319978286125399081e-02 1.321209481608724447e-13
1.876255744555774263e-01 4.387477946846108506e-02 7.298924169365054776e-14
1.876255744555774263e-01 4.454977607566817932e-02 4.000626483555980025e-14
1.876255744555774263e-01 4.522477268287527358e-02 2.174412120654572185e-14
1.876255744555774263e-01 4.589976929008236783e-02 1.172735604201407119e-14
1.876255744555774263e-01 4.657476589728946209e-02 6.260465168037555287e-15
1.876255744555774263e-01 4.724976250449654941e-02 3.316441997509255648e-15
1.876255744555774263e-01 4.792475911170364367e-02 1.744322006947738346e-15
1.876255744555774263e-01 4.859975571891073792e-02 9.117732707143388187e-16
1.876255744555774263e-01 4.927475232611783218e-02 4.734118392476178959e-16
1.876255744555774263e-01 4.994974893332492644e-02 2.438390793238144666e-16
1.876255744555774263e-01 5.062474554053202069e-02 1.247337511107821701e-16
1.876255744555774263e-01 5.129974214773911495e-02 6.340467524000794869e-17
1.876255744555774263e-01 5.197473875494620921e-02 3.205895942402236177e-17
1.876255744555774263e-01 5.264973536215330346e-02 1.610769756655702029e-17
1.876255744555774263e-01 5.332473196936039772e-02 8.036237570812283884e-18
1.876255744555774263e-01 5.399972857656748504e-02 3.989996932774686012e-18
1.876255744555774263e-01 5.467472518377457930e-02 1.966565276518752649e-18
1.876255744555774263e-01 5.534972179098167355e-02 9.634941105257059495e-19
1.876255744555774263e-01 5.602471839818876781e-02 4.693699559867670762e-19
1.876255744555774263e-01 5.669971500539586207e-02 2.277578581163313476e-19
1.876255744555774263e-01 5.737471161260295632e-02 1.099077698546749844e-19
1.876255744555774263e-01 5.804970821981005058e-02 5.277868501354145222e-20
1.876255744555774263e-01 5.872470482701714484e-02 2.523868383933559603e-20
1.876255744555774263e-01 5.939970143422423909e-02 1.201694469883508838e-20
1.876255744555774263e-01 6.007469804143133335e-02 5.691095738232448694e-21
1.876255744555774263e-01 6.074969464863842761e-02 2.684009495186591255e-21
1.876255744555774263e-01 6.142469125584551493e-02 1.259868712840209967e-21
1.876255744555774263e-01 6.209968786305260918e-02 5.890139999008676928e-22
1.876255744555774263e-01 6.277468447025970344e-02 2.743619038751657493e-22
1.876255744555774263e-01 6.344968107746680464e-02 1.272199022037408155e-22
1.876255744555774263e-01 6.412467768467389195e-02 5.878113953610309526e-23
1.876255744555774263e-01 6.479967429188099315e-02 2.704392154189111418e-23
1.876255744555774263e-01 6.547467089908808047e-02 1.240375409588568501e-23
1.876255744555774263e-01 6.614966750629516778e-02 5.671612470204377051e-24
1.876255744555774263e-01 6.682466411350226898e-02 2.584009695047655531e-24
1.956273605514869396e-01 0.000000000000000000e+00 4.730122164743954919e-16
1.956273605514869396e-01 6.749966072070936064e-04 4.769694712476240244e-15
1.956273605514869396e-01 1.349993214414187213e-03 3.394924802724974172e-14
1.956273605514869396e-01 2.024989821621281036e-03 1.880132776078614108e-13
1.956273605514869396e-01 2.699986428828374425e-03 8.536412151124860623e-13
1.956273605514869396e-01 3.374983036035467815e-03 3.348655458180425478e-12
1.956273605514869396e-01 4.049979643242562072e-03 1.153096030252893483e-11
1.956273605514869396e-01 4.724976250449655461e-03 3.549705232210555672e-11
1.956273605514869396e-01 5.399972857656748851e-03 9.883473416063743003e-11
1.956273605514869396e-01 6.074969464863842240e-03 2.513144343117105510e-10
1.956273605514869396e-01 6.749966072070935630e-03 5.882931677839863438e-10
1.956273605514869396e-01 7.424962679278029887e-03 1.276445605881974749e-09
1.956273605514869396e-01 8.099959286485124144e-03 2.583470773941644545e-09
1.956273605514869396e-01 8.774955893692216666e-03 4.903780025058583624e-09
1.956273605514869396e-01 9.449952500899310923e-03 8.768714546304674642e-09
1.956273605514869396e-01 1.012494910810640344e-02 1.483201114000901592e-08
1.956273605514869396e-01 1.079994571531349770e-02 2.381877440033610726e-08
1.956273605514869396e-01 1.147494232252059196e-02 3.643472504484877001e-08
1.956273605514869396e-01 1.214993892972768448e-02 5.324273742086444118e-08
1.956273605514869396e-01 1.282493553693477874e-02 7.452674872017544522e-08
1.956273605514869396e-01 1.349993214414187126e-02 1.001720563993204579e-07
1.956273605514869396e-01 1.417492875134896552e-02 1.295684201483862500e-07
1.956273605514869396e-01 1.484992535855605977e-02 1.616197110341181144e-07
1.956273605514869396e-01 1.552492196576315230e-02 1.947827615765369041e-07
1.956273605514869396e-01 1.619991857297024829e-02 2.272035132824940454e-07
1.956273605514869396e-01 1.687491518017733907e-02 2.569258653156423748e-07
1.956273605514869396e-01 1.754991178738443333e-02 2.820902468580299222e-07
1.956273605514869396e-01 1.822490839459152759e-02 3.001372154858633348e-07
1.956273605514869396e-01 1.889990500179862185e-02 3.105714476062050847e-07
1.956273605514869396e-01 1.957490160900571610e-02 3.133346020424412527e-07
1.956273605514869396e-01 2.024989821621280689e-02 3.084402999933264962e-07
1.956273605514869396e-01 2.092489482341990115e-02 2.937579276412084432e-07
1.956273605514869396e-01 2.159989143062699540e-02 2.702158578257602440e-07
1.956273605514869396e-01 2.227488803783408966e-02 2.430454028008884908e-07
1.956273605514869396e-01 2.294988464504118392e-02 2.143243713924211031e-07
1.956273605514869396e-01 2.362488125224827470e-02 1.845967228800793745e-07
1.956273605514869396e-01 2.429987785945536896e-02 1.549549197744372184e-07
1.956273605514869396e-01 2.497487446666246322e-02 1.275489971181313857e-07
1.956273605514869396e-01 2.564987107386955748e-02 1.028680069758438948e-07
1.956273605514869396e-01 2.632486768107665173e-02 8.116202257161085005e-08
1.956273605514869396e-01 2.699986428828374252e-02 6.287446393342101342e-08
1.956273605514869396e-01 2.767486089549083678e-02 4.777443497822098748e-08
1.956273605514869396e-01 2.834985750269793103e-02 3.565628636682480692e-08
1.956273605514869396e-01 2.902485410990502529e-02 2.614887291971211661e-08
1.956273605514869396e-01 2.969985071711211955e-02 1.884491002182625442e-08
1.956273605514869396e-01 3.037484732431921380e-02 1.336461174895992333e-08
1.956273605514869396e-01 3.104984393152630459e-02 9.326362152679589456e-09
1.956273605514869396e-01 3.172484053873340232e-02 6.403626240823916499e-09
1.956273605514869396e-01 3.239983714594049657e-02 4.336633952649156923e-09
1.956273605514869396e-01 3.307483375314758389e-02 2.893658746311528990e-09
1.956273605514869396e-01 3.374983036035467815e-02 1.902854870711217213e-09
1.956273605514869396e-01 3.442482696756177241e-02 1.235324970115450676e-09
1.956273605514869396e-01 3.509982357476886666e-02 7.901081879784141921e-10
1.956273605514869396e-01 3.577482018197596092e-02 4.985099539911656386e-10
1.956273605514869396e-01 3.644981678918305518e-02 3.106561751629251240e-10
1.956273605514869396e-01 3.712481339639014943e-02 1.913990207543507807e-10
1.956273605514869396e-01 3.779981000359724369e-02 1.166128763249876606e-10
1.956273605514869396e-01 3.847480661080433795e-02 7.028146637206936305e-11
1.956273605514869396e-01 3.914980321801143220e-02 4.189792346019857516e-11
1.956273605514869396e-01 3.982479982521851952e-02 2.468347231464792447e-11
1.956273605514869396e-01 4.049979643242561378e-02 1.440035561676239357e-11
1.956273605514869396e-01 4.117479303963270804e-02 8.293465609985688898e-12
1.956273605514869396e-01 4.184978964683980229e-02 4.723189390603369856e-12
1.956273605514869396e-01 4.252478625404689655e-02 2.665011579552093123e-12
1.956273605514869396e-01 4.319978286125399081e-02 1.489650815892721756e-12
1.956273605514869396e-01 4.387477946846108506e-02 8.257634467218979542e-13
1.956273605514869396e-01 4.454977607566817932e-02 4.541874757244182271e-13
1.956273605514869396e-01 4.522477268287527358e-02 2.477207660944098680e-13
1.956273605514869396e-01 4.589976929008236783e-02 1.340680831550456771e-13
1.956273605514869396e-01 4.657476589728946209e-02 7.182716000771653819e-14
1.956273605514869396e-01 4.724976250449654941e-02 3.818271246987429374e-14
1.956273605514869396e-01 4.792475911170364367e-02 2.015207665990850445e-14
1.956273605514869396e-01 4.859975571891073792e-02 1.056945277319555571e-14
1.956273605514869396e-01 4.927475232611783218e-02 5.506609785410545102e-15
1.956273605514869396e-01 4.994974893332492644e-02 2.846290534985639430e-15
1.956273605514869396e-01 5.062474554053202069e-02 1.460968677774701083e-15
1.956273605514869396e-01 5.129974214773911495e-02 7.451836571299335597e-16
1.956273605514869396e-01 5.197473875494620921e-02 3.780705095127556788e-16
1.956273605514869396e-01 5.264973536215330346e-02 1.906210316801978408e-16
1.956273605514869396e-01 5.332473196936039772e-02 9.542641185819889931e-17
1.956273605514869396e-01 5.399972857656748504e-02 4.753786181563938887e-17
1.956273605514869396e-01 5.467472518377457930e-02 2.352546966824381536e-17
1.956273605514869396e-01 5.534972179098167355e-02 1.156559038997023593e-17
1.956273605514869396e-01 5.602471839818876781e-02 5.653169957851123411e-18
1.956273605514869396e-01 5.669971500539586207e-02 2.752303768336546813e-18
1.956273605514869396e-01 5.737471161260295632e-02 1.332676800191378354e-18
1.956273605514869396e-01 5.804970821981005058e-02 6.420939638900286868e-19
1.956273605514869396e-01 5.872470482701714484e-02 3.080653803745131271e-19
1.956273605514869396e-01 5.939970143422423909e-02 1.471742782670789091e-19
1.956273605514869396e-01 6.007469804143133335e-02 6.995819319756778349e-20
1.956273605514869396e-01 6.074969464863842761e-02 3.310021402363768649e-20
1.956273605514869396e-01 6.142469125584551493e-02 1.558838720649991385e-20
1.956273605514869396e-01 6.209968786305260918e-02 7.311686736598672843e-21
1.956273605514869396e-01 6.277468447025970344e-02 3.416993183179214348e-21
1.956273605514869396e-01 6.344968107746680464e-02 1.589592260277924746e-21
1.956273605514869396e-01 6.412467768467389195e-02 7.371787451283719215e-22
1.956273605514869396e-01 6.479967429188099315e-02 3.402683151432814379e-22
1.956273605514869396e-01 6.547467089908808047e-02 1.565685408027388190e-22
1.956273605514869396e-01 6.614966750629516778e-02 7.182550306493309021e-23
1.956273605514869396e-01 6.682466411350226898e-02 3.283316889347034189e-23
2.036291466473964806e-01 0.000000000000000000e+00 3.483102689637186349e-15
2.036291466473964806e-01 6.749966072070936064e-04 3.535993878737655813e-14
2.036291466473964806e-01 1.349993214414187213e-03 2.531620630691113512e-13
2.036291466473964806e-01 2.024989821621281036e-03 1.409597112440579837e-12
2.036291466473964806e-01 2.699986428828374425e-03 6.432944048652729342e-12
2.036291466473964806e-01 3.374983036035467815e-03 2.535963586223077816e-11
2.036291466473964806e-01 4.049979643242562072e-03 8.774780111551348279e-11
2.036291466473964806e-01 4.724976250449655461e-03 2.714112379196169148e-10
2.036291466473964806e-01 5.399972857656748851e-03 7.592275491870530131e-10
2.036291466473964806e-01 6.074969464863842240e-03 1.939261455832150469e-09
2.036291466473964806e-01 6.749966072070935630e-03 4.559797587366649146e-09
2.036291466473964806e-01 7.424962679278029887e-03 9.936923492722933494e-09
2.036291466473964806e-01 8.099959286485124144e-03 2.020001587735066556e-08
2.036291466473964806e-01 8.774955893692216666e-03 3.850811483004406672e-08
2.036291466473964806e-01 9.449952500899310923e-03 6.915633137975301785e-08
2.036291466473964806e-01 1.012494910810640344e-02 1.174792147395734620e-07
2.036291466473964806e-01 1.079994571531349770e-02 1.894580780346009715e-07
2.036291466473964806e-01 1.147494232252059196e-02 2.910160330779543255e-07
2.036291466473964806e-01 1.214993892972768448e-02 4.270298728673552713e-07
2.036291466473964806e-01 1.282493553693477874e-02 6.002026962494464651e-07
2.036291466473964806e-01 1.349993214414187126e-02 8.100437836869714384e-07
2.036291466473964806e-01 1.417492875134896552e-02 1.052060584222069605e-06
2.036291466473964806e-01 1.484992535855605977e-02 1.317680204905299367e-06
2.036291466473964806e-01 1.552492196576315230e-02 1.594437203894041470e-06
2.036291466473964806e-01 1.619991857297024829e-02 1.867297708199927988e-06
2.036291466473964806e-01 1.687491518017733907e-02 2.119958994101322229e-06
2.036291466473964806e-01 1.754991178738443333e-02 2.336688127305424229e-06
2.036291466473964806e-01 1.822490839459152759e-02 2.495992646886618306e-06
2.036291466473964806e-01 1.889990500179862185e-02 2.592918818813223264e-06
2.036291466473964806e-01 1.957490160900571610e-02 2.626209366993749892e-06
2.036291466473964806e-01 2.024989821621280689e-02 2.595261154724527277e-06
2.036291466473964806e-01 2.092489482341990115e-02 2.481361771685012060e-06
2.036291466473964806e-01 2.159989143062699540e-02 2.291723060238745361e-06
2.036291466473964806e-01 2.227488803783408966e-02 2.069204158998118289e-06
2.036291466473964806e-01 2.294988464504118392e-02 1.831632451286285537e-06
2.036291466473964806e-01 2.362488125224827470e-02 1.583628520120579459e-06
2.036291466473964806e-01 2.429987785945536896e-02 1.334524872707980319e-06
2.036291466473964806e-01 2.497487446666246322e-02 1.102612105643144716e-06
2.036291466473964806e-01 2.564987107386955748e-02 8.925867417309829856e-07
2.036291466473964806e-01 2.632486768107665173e-02 7.069396029652686235e-07
2.036291466473964806e-01 2.699986428828374252e-02 5.496906156570227594e-07
2.036291466473964806e-01 2.767486089549083678e-02 4.192371908809552519e-07
2.036291466473964806e-01 2.834985750269793103e-02 3.140414267937101681e-07
2.036291466473964806e-01 2.902485410990502529e-02 2.311742266115115471e-07
2.036291466473964806e-01 2.969985071711211955e-02 1.672100761740089537e-07
2.036291466473964806e-01 3.037484732431921380e-02 1.190275886126989264e-07
2.036291466473964806e-01 3.104984393152630459e-02 8.336177363927438617e-08
2.036291466473964806e-01 3.172484053873340232e-02 5.745019289666478647e-08
2.036291466473964806e-01 3.239983714594049657e-02 3.904996669398219809e-08
2.036291466473964806e-01 3.307483375314758389e-02 2.614917767631239953e-08
2.036291466473964806e-01 3.374983036035467815e-02 1.725877621423828042e-08
2.036291466473964806e-01 3.442482696756177241e-02 1.124547078809022737e-08
2.036291466473964806e-01 3.509982357476886666e-02 7.218957449959375167e-09
2.036291466473964806e-01 3.577482018197596092e-02 4.570706587054093170e-09
2.036291466473964806e-01 3.644981678918305518e-02 2.858657415287345478e-09
2.036291466473964806e-01 3.712481339639014943e-02 1.767605833046951110e-09
2.036291466473964806e-01 3.779981000359724369e-02 1.080830006562233985e-09
2.036291466473964806e-01 3.847480661080433795e-02 6.536655667167711447e-10
2.036291466473964806e-01 3.914980321801143220e-02 3.910562548012162538e-10
2.036291466473964806e-01 3.982479982521851952e-02 2.312027014982338006e-10
2.036291466473964806e-01 4.049979643242561378e-02 1.353632801753913106e-10
2.036291466473964806e-01 4.117479303963270804e-02 7.824459517362535515e-11
2.036291466473964806e-01 4.184978964683980229e-02 4.471761017468725084e-11
2.036291466473964806e-01 4.252478625404689655e-02 2.532061298754424123e-11
2.036291466473964806e-01 4.319978286125399081e-02 1.420226693544924203e-11
2.036291466473964806e-01 4.387477946846108506e-02 7.900049146098701961e-12
2.036291466473964806e-01 4.454977607566817932e-02 4.360338909445430162e-12
2.036291466473964806e-01 4.522477268287527358e-02 2.386456294202372872e-12
2.036291466473964806e-01 4.589976929008236783e-02 1.296035992540041467e-12
2.036291466473964806e-01 4.657476589728946209e-02 6.968252943966417593e-13
2.036291466473964806e-01 4.724976250449654941e-02 3.717034063723008738e-13
2.036291466473964806e-01 4.792475911170364367e-02 1.968484534118672158e-13
2.036291466473964806e-01 4.859975571891073792e-02 1.035950449471237365e-13
2.036291466473964806e-01 4.927475232611783218e-02 5.415449386938366161e-14
2.036291466473964806e-01 4.994974893332492644e-02 2.808719415093989502e-14
2.036291466473964806e-01 5.062474554053202069e-02 1.446455220781654811e-14
2.036291466473964806e-01 5.129974214773911495e-02 7.402655326932109215e-15
2.036291466473964806e-01 5.197473875494620921e-02 3.768299439801707406e-15
2.036291466473964806e-01 5.264973536215330346e-02 1.906478597004996512e-15
2.036291466473964806e-01 5.332473196936039772e-02 9.575331064552468497e-16
2.036291466473964806e-01 5.399972857656748504e-02 4.785861968242504549e-16
2.036291466473964806e-01 5.467472518377457930e-02 2.377920951860599265e-16
2.036291466473964806e-01 5.534972179098167355e-02 1.172986748921359126e-16
2.036291466473964806e-01 5.602471839818876781e-02 5.752462511604746794e-17
2.036291466473964806e-01 5.669971500539586207e-02 2.809771772385697063e-17
2.036291466473964806e-01 5.737471161260295632e-02 1.365092746970576135e-17
2.036291466473964806e-01 5.804970821981005058e-02 6.598623330217587866e-18
2.036291466473964806e-01 5.872470482701714484e-02 3.176253373498984934e-18
2.036291466473964806e-01 5.939970143422423909e-02 1.522457179349464660e-18
2.036291466473964806e-01 6.007469804143133335e-02 7.260590108660562221e-19
2.036291466473964806e-01 6.074969464863842761e-02 3.447999727235501118e-19
2.036291466473964806e-01 6.142469125584551493e-02 1.629045235436943424e-19
2.036291466473964806e-01 6.209968786305260918e-02 7.665306208754597503e-20
2.036291466473964806e-01 6.277468447025970344e-02 3.594010328745917999e-20
2.036291466473964806e-01 6.344968107746680464e-02 1.677322027673697706e-20
2.036291466473964806e-01 6.412467768467389195e-02 7.806400884770270006e-21
2.036291466473964806e-01 6.479967429188099315e-02 3.615422424901088208e-21
2.036291466473964806e-01 6.547467089908808047e-02 1.668882576793302736e-21
2.036291466473964806e-01 6.614966750629516778e-02 7.680762423399787151e-22
2.036291466473964806e-01 6.682466411350226898e-02 3.522207600826410217e-22
2.116309327433059939e-01 0.000000000000000000e+00 2.194408562559930826e-14
2.116309327433059939e-01 6.749966072070936064e-04 2.242537056997009799e-13
2.116309327433059939e-01 1.349993214414187213e-03 1.614999287445500872e-12
2.116309327433059939e-01 2.024989821621281036e-03 9.040182172789971717e-12
2.116309327433059939e-01 2.699986428828374425e-03 4.146807833125525105e-11
2.116309327433059939e-01 3.374983036035467815e-03 1.642736405131145833e-10
2.116309327433059939e-01 4.049979643242562072e-03 5.711318412616063565e-10
2.116309327433059939e-01 4.724976250449655461e-03 1.774939936466439949e-09
2.116309327433059939e-01 5.399972857656748851e-03 4.988199478022347599e-09
2.116309327433059939e-01 6.074969464863842240e-03 1.279988944716888581e-08
2.116309327433059939e-01 6.749966072070935630e-03 3.023188626642232107e-08
2.116309327433059939e-01 7.424962679278029887e-03 6.617513008383802779e-08
2.116309327433059939e-01 8.099959286485124144e-03 1.351081581311406703e-07
2.116309327433059939e-01 8.774955893692216666e-03 2.586664068712676835e-07
2.116309327433059939e-01 9.449952500899310923e-03 4.665399623205731335e-07
2.116309327433059939e-01 1.012494910810640344e-02 7.959169111501377685e-07
2.116309327433059939e-01 1.079994571531349770e-02 1.289052600516355176e-06
2.116309327433059939e-01 1.147494232252059196e-02 1.988373937446396208e-06
2.116309327433059939e-01 1.214993892972768448e-02 2.929829004540923774e-06
2.116309327433059939e-01 1.282493553693477874e-02 4.134951792757718240e-06
2.116309327433059939e-01 1.349993214414187126e-02 5.603424048206235150e-06
2.116309327433059939e-01 1.417492875134896552e-02 7.307148726083948409e-06
2.116309327433059939e-01 1.484992535855605977e-02 9.188883586051885621e-06
2.116309327433059939e-01 1.552492196576315230e-02 1.116374619454452192e-05
2.116309327433059939e-01 1.619991857297024829e-02 1.312629192261330790e-05
2.116309327433059939e-01 1.687491518017733907e-02 1.496145945378774065e-05
2.116309327433059939e-01 1.754991178738443333e-02 1.655632571217605017e-05
2.116309327433059939e-01 1.822490839459152759e-02 1.775438501633538573e-05
2.116309327433059939e-01 1.889990500179862185e-02 1.851481935097667330e-05
2.116309327433059939e-01 1.957490160900571610e-02 1.882488366806439272e-05
2.116309327433059939e-01 2.024989821621280689e-02 1.867530698680588269e-05
2.116309327433059939e-01 2.092489482341990115e-02 1.792498238682670899e-05
2.116309327433059939e-01 2.159989143062699540e-02 1.662111724124492313e-05
2.116309327433059939e-01 2.227488803783408966e-02 1.506412279820658902e-05
2.116309327433059939e-01 2.294988464504118392e-02 1.338475533887602491e-05
2.116309327433059939e-01 2.362488125224827470e-02 1.161660421386096814e-05
2.116309327433059939e-01 2.429987785945536896e-02 9.827367301667736397e-06
2.116309327433059939e-01 2.497487446666246322e-02 8.150072835669488848e-06
2.116309327433059939e-01 2.564987107386955748e-02 6.622589643561821430e-06
2.116309327433059939e-01 2.632486768107665173e-02 5.265254947115139260e-06
2.116309327433059939e-01 2.699986428828374252e-02 4.109337773390828093e-06
2.116309327433059939e-01 2.767486089549083678e-02 3.146022092443938142e-06
2.116309327433059939e-01 2.834985750269793103e-02 2.365330148854911332e-06
2.116309327433059939e-01 2.902485410990502529e-02 1.747666581395007691e-06
2.116309327433059939e-01 2.969985071711211955e-02 1.268685639289870473e-06
2.116309327433059939e-01 3.037484732431921380e-02 9.065200474672420139e-07
2.116309327433059939e-01 3.104984393152630459e-02 6.371799761357864863e-07
2.116309327433059939e-01 3.172484053873340232e-02 4.407649790747146518e-07
2.116309327433059939e-01 3.239983714594049657e-02 3.007052036411649910e-07
2.116309327433059939e-01 3.307483375314758389e-02 2.020791270857322048e-07
2.116309327433059939e-01 3.374983036035467815e-02 1.338642210810305808e-07
2.116309327433059939e-01 3.442482696756177241e-02 8.754232834588965212e-08
2.116309327433059939e-01 3.509982357476886666e-02 5.640423361056747225e-08
2.116309327433059939e-01 3.577482018197596092e-02 3.583741279595661986e-08
2.116309327433059939e-01 3.644981678918305518e-02 2.249466538721329963e-08
2.116309327433059939e-01 3.712481339639014943e-02 1.395883577922950480e-08
2.116309327433059939e-01 3.779981000359724369e-02 8.565762757400644370e-09
2.116309327433059939e-01 3.847480661080433795e-02 5.198384698370696393e-09
2.116309327433059939e-01 3.914980321801143220e-02 3.120905291858603324e-09
2.116309327433059939e-01 3.982479982521851952e-02 1.851624661098368197e-09
2.116309327433059939e-01 4.049979643242561378e-02 1.087832239871618681e-09
2.116309327433059939e-01 4.117479303963270804e-02 6.310768873019629284e-10
2.116309327433059939e-01 4.184978964683980229e-02 3.619215862127976412e-10
2.116309327433059939e-01 4.252478625404689655e-02 2.056501065729976572e-10
2.116309327433059939e-01 4.319978286125399081e-02 1.157400247580366951e-10
2.116309327433059939e-01 4.387477946846108506e-02 6.460255593968721520e-11
2.116309327433059939e-01 4.454977607566817932e-02 3.577891315970611718e-11
2.116309327433059939e-01 4.522477268287527358e-02 1.964953295529941486e-11
2.116309327433059939e-01 4.589976929008236783e-02 1.070770136299567676e-11
2.116309327433059939e-01 4.657476589728946209e-02 5.777335821316999438e-12
2.116309327433059939e-01 4.724976250449654941e-02 3.092255083530047205e-12
2.116309327433059939e-01 4.792475911170364367e-02 1.643140986386406655e-12
2.116309327433059939e-01 4.859975571891073792e-02 8.676527665515382365e-13
2.116309327433059939e-01 4.927475232611783218e-02 4.551040009104442740e-13
2.116309327433059939e-01 4.994974893332492644e-02 2.368558734887736398e-13
2.116309327433059939e-01 5.062474554053202069e-02 1.223862832001635118e-13
2.116309327433059939e-01 5.129974214773911495e-02 6.284076989846337839e-14
2.116309327433059939e-01 5.197473875494620921e-02 3.209357111741207512e-14
2.116309327433059939e-01 5.264973536215330346e-02 1.629144567247228937e-14
2.116309327433059939e-01 5.332473196936039772e-02 8.209604907298667934e-15
2.116309327433059939e-01 5.399972857656748504e-02 4.116865806422394452e-15
2.116309327433059939e-01 5.467472518377457930e-02 2.053667033248732973e-15
2.116309327433059939e-01 5.534972179098167355e-02 1.016485394330967774e-15
2.116309327433059939e-01 5.602471839818876781e-02 5.001236111860478057e-16
2.116309327433059939e-01 5.669971500539586207e-02 2.450766919832529017e-16
2.116309327433059939e-01 5.737471161260295632e-02 1.194656896640529424e-16
2.116309327433059939e-01 5.804970821981005058e-02 5.793453445111976114e-17
2.116309327433059939e-01 5.872470482701714484e-02 2.797722942336443983e-17
2.116309327433059939e-01 5.939970143422423909e-02 1.345470844129080768e-17
2.116309327433059939e-01 6.007469804143133335e-02 6.437062772514027352e-18
2.116309327433059939e-01 6.074969464863842761e-02 3.068175309152262472e-18
2.116309327433059939e-01 6.142469125584551493e-02 1.454326743147229136e-18
2.116309327433059939e-01 6.209968786305260918e-02 6.865165355467626442e-19
2.116309327433059939e-01 6.277468447025970344e-02 3.228857352254765453e-19
2.116309327433059939e-01 6.344968107746680464e-02 1.511689431664793014e-19
2.116309327433059939e-01 6.412467768467389195e-02 7.057807839247287144e-20
2.116309327433059939e-01 6.479967429188099315e-02 3.280674286764751053e-20
2.116309327433059939e-01 6.547467089908808047e-02 1.519148669663318140e-20
2.116309327433059939e-01 6.614966750629516778e-02 7.014003732936257589e-21
2.116309327433059939e-01 6.682466411350226898e-02 3.226373611660061478e-21
2.196327188392155350e-01 0.000000000000000000e+00 1.195718736951786611e-13
2.196327188392155350e-01 6.749966072070936064e-04 1.230130374521607226e-12
2.196327188392155350e-01 1.349993214414187213e-03 8.910486821288392645e-12
2.196327188392155350e-01 2.024989821621281036e-03 5.014353888719837673e-11
2.196327188392155350e-01 2.699986428828374425e-03 2.311886479554837503e-10
2.196327188392155350e-01 3.374983036035467815e-03 9.203235921373275304e-10
2.196327188392155350e-01 4.049979643242562072e-03 3.214844475214467889e-09
2.196327188392155350e-01 4.724976250449655461e-03 1.003745101055909847e-08
2.196327188392155350e-01 5.399972857656748851e-03 2.833690066365903476e-08
2.196327188392155350e-01 6.074969464863842240e-03 7.303892544433359441e-08
2.196327188392155350e-01 6.749966072070935630e-03 1.732905741841443833e-07
2.196327188392155350e-01 7.424962679278029887e-03 3.809761477640600484e-07
2.196327188392155350e-01 8.099959286485124144e-03 7.812101369868561259e-07
2.196327188392155350e-01 8.774955893692216666e-03 1.501996669791107243e-06
2.196327188392155350e-01 9.449952500899310923e-03 2.720421138624577163e-06
2.196327188392155350e-01 1.012494910810640344e-02 4.660437982090504007e-06
2.196327188392155350e-01 1.079994571531349770e-02 7.579279245114915688e-06
2.196327188392155350e-01 1.147494232252059196e-02 1.173976860545174063e-05
2.196327188392155350e-01 1.214993892972768448e-02 1.736969779307431851e-05
2.196327188392155350e-01 1.282493553693477874e-02 2.461443832891624601e-05
2.196327188392155350e-01 1.349993214414187126e-02 3.349063700467433646e-05
2.196327188392155350e-01 1.417492875134896552e-02 4.384867979352751079e-05
2.196327188392155350e-01 1.484992535855605977e-02 5.536109261029442034e-05
2.196327188392155350e-01 1.552492196576315230e-02 6.752578409258209644e-05
2.196327188392155350e-01 1.619991857297024829e-02 7.971071467680732503e-05
2.196327188392155350e-01 1.687491518017733907e-02 9.121261192456828822e-05
2.196327188392155350e-01 1.754991178738443333e-02 1.013279082266035848e-04
2.196327188392155350e-01 1.822490839459152759e-02 1.090843630291013017e-04
2.196327188392155350e-01 1.889990500179862185e-02 1.141953438513834560e-04
2.196327188392155350e-01 1.957490160900571610e-02 1.165476746777362936e-04
2.196327188392155350e-01 2.024989821621280689e-02 1.160605276548162807e-04
2.196327188392155350e-01 2.092489482341990115e-02 1.118260364134820756e-04
2.196327188392155350e-01 2.159989143062699540e-02 1.041078928264516708e-04
2.196327188392155350e-01 2.227488803783408966e-02 9.471029358710943656e-05
2.196327188392155350e-01 2.294988464504118392e-02 8.446631043616489344e-05
2.196327188392155350e-01 2.362488125224827470e-02 7.358537669885379924e-05
2.196327188392155350e-01 2.429987785945536896e-02 6.248951830437372173e-05
2.196327188392155350e-01 2.497487446666246322e-02 5.201666298687632732e-05
2.196327188392155350e-01 2.564987107386955748e-02 4.242455571629311767e-05
2.196327188392155350e-01 2.632486768107665173e-02 3.385678881226797545e-05
2.196327188392155350e-01 2.699986428828374252e-02 2.652141066012439103e-05
2.196327188392155350e-01 2.767486089549083678e-02 2.037984099722089143e-05
2.196327188392155350e-01 2.834985750269793103e-02 1.537828774789460096e-05
2.196327188392155350e-01 2.902485410990502529e-02 1.140459859215924475e-05
2.196327188392155350e-01 2.969985071711211955e-02 8.308668983037325773e-06
2.196327188392155350e-01 3.037484732431921380e-02 5.958449334071294777e-06
2.196327188392155350e-01 3.104984393152630459e-02 4.202827062935875624e-06
2.196327188392155350e-01 3.172484053873340232e-02 2.917981605684741785e-06
2.196327188392155350e-01 3.239983714594049657e-02 1.997994086747719722e-06
2.196327188392155350e-01 3.307483375314758389e-02 1.347379421361440185e-06
2.196327188392155350e-01 3.374983036035467815e-02 8.957821441029394774e-07
2.196327188392155350e-01 3.442482696756177241e-02 5.879146908698829789e-07
2.196327188392155350e-01 3.509982357476886666e-02 3.801706978244224973e-07
2.196327188392155350e-01 3.577482018197596092e-02 2.423897105473588800e-07
2.196327188392155350e-01 3.644981678918305518e-02 1.526934897181053244e-07
2.196327188392155350e-01 3.712481339639014943e-02 9.509134243548990385e-08
2.196327188392155350e-01 3.779981000359724369e-02 5.856120858736898620e-08
2.196327188392155350e-01 3.847480661080433795e-02 3.566296604905236837e-08
2.196327188392155350e-01 3.914980321801143220e-02 2.148621057809368213e-08
2.196327188392155350e-01 3.982479982521851952e-02 1.279276318457708655e-08
2.196327188392155350e-01 4.049979643242561378e-02 7.542187185120748683e-09
2.196327188392155350e-01 4.117479303963270804e-02 4.391085226622579819e-09
2.196327188392155350e-01 4.184978964683980229e-02 2.526919467600136988e-09
2.196327188392155350e-01 4.252478625404689655e-02 1.440828585870063187e-09
2.196327188392155350e-01 4.319978286125399081e-02 8.136606201661429811e-10
2.196327188392155350e-01 4.387477946846108506e-02 4.557299365972265749e-10
2.196327188392155350e-01 4.454977607566817932e-02 2.532669709886467241e-10
2.196327188392155350e-01 4.522477268287527358e-02 1.395707439214496678e-10
2.196327188392155350e-01 4.589976929008236783e-02 7.631685198879391912e-11
2.196327188392155350e-01 4.657476589728946209e-02 4.132154901309820627e-11
2.196327188392155350e-01 4.724976250449654941e-02 2.219230167388008592e-11
2.196327188392155350e-01 4.792475911170364367e-02 1.183211989432751062e-11
2.196327188392155350e-01 4.859975571891073792e-02 6.268896482720430532e-12
2.196327188392155350e-01 4.927475232611783218e-02 3.299207376597756034e-12
2.196327188392155350e-01 4.994974893332492644e-02 1.722944670904912121e-12
2.196327188392155350e-01 5.062474554053202069e-02 8.932221064761565602e-13
2.196327188392155350e-01 5.129974214773911495e-02 4.601633220714798608e-13
2.196327188392155350e-01 5.197473875494620921e-02 2.357716787626659040e-13
2.196327188392155350e-01 5.264973536215330346e-02 1.200807710918720517e-13
2.196327188392155350e-01 5.332473196936039772e-02 6.070672843044755369e-14
2.196327188392155350e-01 5.399972857656748504e-02 3.054273006431036675e-14
2.196327188392155350e-01 5.467472518377457930e-02 1.528573373595667618e-14
2.196327188392155350e-01 5.534972179098167355e-02 7.596243544967251924e-15
2.196327188392155350e-01 5.602471839818876781e-02 3.749655283002997371e-15
2.196327188392155350e-01 5.669971500539586207e-02 1.843421764334741335e-15
2.196327188392155350e-01 5.737471161260295632e-02 9.015985499303447279e-16
2.196327188392155350e-01 5.804970821981005058e-02 4.386366171357593349e-16
2.196327188392155350e-01 5.872470482701714484e-02 2.125065207285900450e-16
2.196327188392155350e-01 5.939970143422423909e-02 1.025343412708204245e-16
2.196327188392155350e-01 6.007469804143133335e-02 4.921243422144094800e-17
2.196327188392155350e-01 6.074969464863842761e-02 2.354174886061074713e-17
2.196327188392155350e-01 6.142469125584551493e-02 1.119628302584390919e-17
2.196327188392155350e-01 6.209968786305260918e-02 5.302287532858091862e-18
2.196327188392155350e-01 6.277468447025970344e-02 2.501736824649068250e-18
2.196327188392155350e-01 6.344968107746680464e-02 1.175071052976836082e-18
2.196327188392155350e-01 6.412467768467389195e-02 5.503098688247286222e-19
2.196327188392155350e-01 6.479967429188099315e-02 2.567250830254238870e-19
2.196327188392155350e-01 6.547467089908808047e-02 1.192487836513686494e-19
2.196327188392155350e-01 6.614966750629516778e-02 5.523255042483479929e-20
2.196327188392155350e-01 6.682466411350226898e-02 2.548563506448390181e-20
2.276345049351250482e-01 0.000000000000000000e+00 5.683958035958570965e-13
2.276345049351250482e-01 6.749966072070936064e-04 5.885869294871327772e-12
2.276345049351250482e-01 1.349993214414187213e-03 4.288128682500675348e-11
2.276345049351250482e-01 2.024989821621281036e-03 2.425913511295452182e-10
2.276345049351250482e-01 2.699986428828374425e-03 1.124166702279097281e-09
2.276345049351250482e-01 3.374983036035467815e-03 4.497059123456715802e-09
2.276345049351250482e-01 4.049979643242562072e-03 1.578392389211374423e-08
2.276345049351250482e-01 4.724976250449655461e-03 4.950874145400233122e-08
2.276345049351250482e-01 5.399972857656748851e-03 1.404039785170804385e-07
2.276345049351250482e-01 6.074969464863842240e-03 3.635109027864240277e-07
2.276345049351250482e-01 6.749966072070935630e-03 8.662763879190454337e-07
2.276345049351250482e-01 7.424962679278029887e-03 1.912833201086299715e-06
2.276345049351250482e-01 8.099959286485124144e-03 3.939506426321624712e-06
2.276345049351250482e-01 8.774955893692216666e-03 7.606680491520173956e-06
2.276345049351250482e-01 9.449952500899310923e-03 1.383545060277209434e-05
2.276345049351250482e-01 1.012494910810640344e-02 2.380063685966320690e-05
2.276345049351250482e-01 1.079994571531349770e-02 3.886628839725033232e-05
2.276345049351250482e-01 1.147494232252059196e-02 6.044533991895288390e-05
2.276345049351250482e-01 1.214993892972768448e-02 8.979566864459580385e-05
2.276345049351250482e-01 1.282493553693477874e-02 1.277650760518567142e-04
2.276345049351250482e-01 1.349993214414187126e-02 1.745377718461558635e-04
2.276345049351250482e-01 1.417492875134896552e-02 2.294328170034810714e-04
2.276345049351250482e-01 1.484992535855605977e-02 2.908085318107775830e-04
2.276345049351250482e-01 1.552492196576315230e-02 3.561004032744507618e-04
2.276345049351250482e-01 1.619991857297024829e-02 4.219967836714458818e-04
2.276345049351250482e-01 1.687491518017733907e-02 4.847649812327448461e-04
2.276345049351250482e-01 1.754991178738443333e-02 5.406253895584107929e-04
2.276345049351250482e-01 1.822490839459152759e-02 5.842600716759640666e-04
2.276345049351250482e-01 1.889990500179862185e-02 6.139709034034764078e-04
2.276345049351250482e-01 1.957490160900571610e-02 6.290070262331833809e-04
2.276345049351250482e-01 2.024989821621280689e-02 6.287649078798498298e-04
2.276345049351250482e-01 2.092489482341990115e-02 6.081085728364931916e-04
2.276345049351250482e-01 2.159989143062699540e-02 5.683378497195200373e-04
2.276345049351250482e-01 2.227488803783408966e-02 5.189765125448656934e-04
2.276345049351250482e-01 2.294988464504118392e-02 4.645604452972578726e-04
2.276345049351250482e-01 2.362488125224827470e-02 4.062270355877114873e-04
2.276345049351250482e-01 2.429987785945536896e-02 3.462899741341603308e-04
2.276345049351250482e-01 2.497487446666246322e-02 2.893118360569182988e-04
2.276345049351250482e-01 2.564987107386955748e-02 2.368360103559940914e-04
2.276345049351250482e-01 2.632486768107665173e-02 1.897172192737496836e-04
2.276345049351250482e-01 2.699986428828374252e-02 1.491606771665686024e-04
2.276345049351250482e-01 2.767486089549083678e-02 1.150490482291536377e-04
2.276345049351250482e-01 2.834985750269793103e-02 8.712824103269484416e-05
2.276345049351250482e-01 2.902485410990502529e-02 6.485291446819160897e-05
2.276345049351250482e-01 2.969985071711211955e-02 4.741689077904847959e-05
2.276345049351250482e-01 3.037484732431921380e-02 3.412925718863369631e-05
2.276345049351250482e-01 3.104984393152630459e-02 2.415827992713225333e-05
2.276345049351250482e-01 3.172484053873340232e-02 1.683334253619449017e-05
2.276345049351250482e-01 3.239983714594049657e-02 1.156792182844619219e-05
2.276345049351250482e-01 3.307483375314758389e-02 7.828380977109802795e-06
2.276345049351250482e-01 3.374983036035467815e-02 5.223317908586372730e-06
2.276345049351250482e-01 3.442482696756177241e-02 3.440372801523867046e-06
2.276345049351250482e-01 3.509982357476886666e-02 2.232467596231354761e-06
2.276345049351250482e-01 3.577482018197596092e-02 1.428380040794908203e-06
2.276345049351250482e-01 3.644981678918305518e-02 9.029955506465938535e-07
2.276345049351250482e-01 3.712481339639014943e-02 5.643286534213590896e-07
2.276345049351250482e-01 3.779981000359724369e-02 3.487583797458948347e-07
2.276345049351250482e-01 3.847480661080433795e-02 2.131178844530254263e-07
2.276345049351250482e-01 3.914980321801143220e-02 1.288460501444283924e-07
2.276345049351250482e-01 3.982479982521851952e-02 7.698109910087222200e-08
2.276345049351250482e-01 4.049979643242561378e-02 4.554262408223621746e-08
2.276345049351250482e-01 4.117479303963270804e-02 2.660977781486518671e-08
2.276345049351250482e-01 4.184978964683980229e-02 1.536541057315804617e-08
2.276345049351250482e-01 4.252478625404689655e-02 8.790489997028787411e-09
2.276345049351250482e-01 4.319978286125399081e-02 4.980772117218773821e-09
2.276345049351250482e-01 4.387477946846108506e-02 2.799151414658628344e-09
2.276345049351250482e-01 4.454977607566817932e-02 1.560865314752297998e-09
2.276345049351250482e-01 4.522477268287527358e-02 8.630721824101549003e-10
2.276345049351250482e-01 4.589976929008236783e-02 4.735099768462183689e-10
2.276345049351250482e-01 4.657476589728946209e-02 2.572648351874885813e-10
2.276345049351250482e-01 4.724976250449654941e-02 1.386324626068048371e-10
2.276345049351250482e-01 4.792475911170364367e-02 7.415982529230358036e-11
2.276345049351250482e-01 4.859975571891073792e-02 3.942175430553310742e-11
2.276345049351250482e-01 4.927475232611783218e-02 2.081589196617257407e-11
2.276345049351250482e-01 4.994974893332492644e-02 1.090767664094798556e-11
2.276345049351250482e-01 5.062474554053202069e-02 5.673445269408645914e-12
2.276345049351250482e-01 5.129974214773911495e-02 2.932277101167877691e-12
2.276345049351250482e-01 5.197473875494620921e-02 1.507315996833936717e-12
2.276345049351250482e-01 5.264973536215330346e-02 7.702814695585497275e-13
2.276345049351250482e-01 5.332473196936039772e-02 3.906870433802126879e-13
2.276345049351250482e-01 5.399972857656748504e-02 1.971957381500028531e-13
2.276345049351250482e-01 5.467472518377457930e-02 9.900510213860229056e-14
2.276345049351250482e-01 5.534972179098167355e-02 4.939740079500442534e-14
2.276345049351250482e-01 5.602471839818876781e-02 2.446214961346259469e-14
2.276345049351250482e-01 5.669971500539586207e-02 1.206521455814429883e-14
2.276345049351250482e-01 5.737471161260295632e-02 5.920450983412260457e-15
2.276345049351250482e-01 5.804970821981005058e-02 2.889531155560691593e-15
2.276345049351250482e-01 5.872470482701714484e-02 1.404351059772417414e-15
2.276345049351250482e-01 5.939970143422423909e-02 6.798064948363035095e-16
2.276345049351250482e-01 6.007469804143133335e-02 3.272984287535128473e-16
2.276345049351250482e-01 6.074969464863842761e-02 1.570658345154328624e-16
2.276345049351250482e-01 6.142469125584551493e-02 7.497754446047042746e-17
2.276345049351250482e-01 6.209968786305260918e-02 3.561998848974163141e-17
2.276345049351250482e-01 6.277468447025970344e-02 1.685894227968269604e-17
2.276345049351250482e-01 6.344968107746680464e-02 7.943875955491106410e-18
2.276345049351250482e-01 6.412467768467389195e-02 3.731849411808219042e-18
2.276345049351250482e-01 6.479967429188099315e-02 1.746699731870198999e-18
2.276345049351250482e-01 6.547467089908808047e-02 8.140230249029500878e-19
2.276345049351250482e-01 6.614966750629516778e-02 3.782007881856303081e-19
2.276345049351250482e-01 6.682466411350226898e-02 1.750436210541963701e-19
2.356362910310345893e-01 0.000000000000000000e+00 2.376135530953860108e-12
2.356362910310345893e-01 6.749966072070936064e-04 2.476814324968110388e-11
2.356362910310345893e-01 1.349993214414187213e-03 1.814810525508759115e-10
2.356362910310345893e-01 2.024989821621281036e-03 1.032068706155639822e-09
2.356362910310345893e-01 2.699986428828374425e-03 4.806714648239061178e-09
2.356362910310345893e-01 3.374983036035467815e-03 1.932239538529032282e-08
2.356362910310345893e-01 4.049979643242562072e-03 6.813870491668913561e-08
2.356362910310345893e-01 4.724976250449655461e-03 2.147211927832088980e-07
2.356362910310345893e-01 5.399972857656748851e-03 6.116806379668894492e-07
2.356362910310345893e-01 6.074969464863842240e-03 1.590685006191100693e-06
2.356362910310345893e-01 6.749966072070935630e-03 3.807476793445460515e-06
2.356362910310345893e-01 7.424962679278029887e-03 8.443251718471491251e-06
2.356362910310345893e-01 8.099959286485124144e-03 1.746370346345818526e-05
2.356362910310345893e-01 8.774955893692216666e-03 3.386397050128007243e-05
2.356362910310345893e-01 9.449952500899310923e-03 6.185345214583928884e-05
2.356362910310345893e-01 1.012494910810640344e-02 1.068462355437961239e-04
2.356362910310345893e-01 1.079994571531349770e-02 1.751938725819700054e-04
2.356362910310345893e-01 1.147494232252059196e-02 2.735773240745023138e-04
2.356362910310345893e-01 1.214993892972768448e-02 4.080498699162454388e-04
2.356362910310345893e-01 1.282493553693477874e-02 5.829306500345980387e-04
2.356362910310345893e-01 1.349993214414187126e-02 7.995397217401952134e-04
2.356362910310345893e-01 1.417492875134896552e-02 1.055220047511801510e-03
2.356362910310345893e-01 1.484992535855605977e-02 1.342837117188066479e-03
2.356362910310345893e-01 1.552492196576315230e-02 1.650793554062663813e-03
2.356362910310345893e-01 1.619991857297024829e-02 1.963913594947885952e-03
2.356362910310345893e-01 1.687491518017733907e-02 2.264795696199393277e-03
2.356362910310345893e-01 1.754991178738443333e-02 2.535516472800254054e-03
2.356362910310345893e-01 1.822490839459152759e-02 2.750799952239704142e-03
2.356362910310345893e-01 1.889990500179862185e-02 2.901767338772188662e-03
2.356362910310345893e-01 1.957490160900571610e-02 2.984147921572404688e-03
2.356362910310345893e-01 2.024989821621280689e-02 2.994254032412436463e-03
2.356362910310345893e-01 2.092489482341990115e-02 2.906886505120481485e-03
2.356362910310345893e-01 2.159989143062699540e-02 2.727446102143062795e-03
2.356362910310345893e-01 2.227488803783408966e-02 2.499644868785139400e-03
2.356362910310345893e-01 2.294988464504118392e-02 2.245690326451009727e-03
2.356362910310345893e-01 2.362488125224827470e-02 1.971031283439528617e-03
2.356362910310345893e-01 2.429987785945536896e-02 1.686555684365988531e-03
2.356362910310345893e-01 2.497487446666246322e-02 1.414175085507804117e-03
2.356362910310345893e-01 2.564987107386955748e-02 1.161878936929477231e-03
2.356362910310345893e-01 2.632486768107665173e-02 9.341624200123548570e-04
2.356362910310345893e-01 2.699986428828374252e-02 7.371292306461063766e-04
2.356362910310345893e-01 2.767486089549083678e-02 5.706495749137007432e-04
2.356362910310345893e-01 2.834985750269793103e-02 4.337166648654480219e-04
2.356362910310345893e-01 2.902485410990502529e-02 3.240133833763309554e-04
2.356362910310345893e-01 2.969985071711211955e-02 2.377421778942555752e-04
2.356362910310345893e-01 3.037484732431921380e-02 1.717439079258573521e-04
2.356362910310345893e-01 3.104984393152630459e-02 1.219929417743870930e-04
2.356362910310345893e-01 3.172484053873340232e-02 8.531080469124084110e-05
2.356362910310345893e-01 3.239983714594049657e-02 5.883708919099906126e-05
2.356362910310345893e-01 3.307483375314758389e-02 3.995259716552026618e-05
2.356362910310345893e-01 3.374983036035467815e-02 2.675233245930834432e-05
2.356362910310345893e-01 3.442482696756177241e-02 1.768343603071392554e-05
2.356362910310345893e-01 3.509982357476886666e-02 1.151472569678953306e-05
2.356362910310345893e-01 3.577482018197596092e-02 7.393151769882601193e-06
2.356362910310345893e-01 3.644981678918305518e-02 4.690353848066660961e-06
2.356362910310345893e-01 3.712481339639014943e-02 2.941516339156322259e-06
2.356362910310345893e-01 3.779981000359724369e-02 1.824225339297133815e-06
2.356362910310345893e-01 3.847480661080433795e-02 1.118559613938878110e-06
2.356362910310345893e-01 3.914980321801143220e-02 6.786053862881143442e-07
2.356362910310345893e-01 3.982479982521851952e-02 4.068507905698518714e-07
2.356362910310345893e-01 4.049979643242561378e-02 2.415257774880019389e-07
2.356362910310345893e-01 4.117479303963270804e-02 1.416219207362723484e-07
2.356362910310345893e-01 4.184978964683980229e-02 8.205668706709773575e-08
2.356362910310345893e-01 4.252478625404689655e-02 4.710119586844855272e-08
2.356362910310345893e-01 4.319978286125399081e-02 2.677800678168733841e-08
2.356362910310345893e-01 4.387477946846108506e-02 1.509901255432550438e-08
2.356362910310345893e-01 4.454977607566817932e-02 8.447209668785722652e-09
2.356362910310345893e-01 4.522477268287527358e-02 4.686517994080579160e-09
2.356362910310345893e-01 4.589976929008236783e-02 2.579717192850621508e-09
2.356362910310345893e-01 4.657476589728946209e-02 1.406381074535985786e-09
2.356362910310345893e-01 4.724976250449654941e-02 7.603790359418071215e-10
2.356362910310345893e-01 4.792475911170364367e-02 4.080974789571625038e-10
2.356362910310345893e-01 4.859975571891073792e-02 2.176516395021338536e-10
2.356362910310345893e-01 4.927475232611783218e-02 1.153055060395833105e-10
2.356362910310345893e-01 4.994974893332492644e-02 6.062421101085706946e-11
2.356362910310345893e-01 5.062474554053202069e-02 3.163373305228643676e-11
2.356362910310345893e-01 5.129974214773911495e-02 1.640297458815072917e-11
2.356362910310345893e-01 5.197473875494620921e-02 8.459216287135474524e-12
2.356362910310345893e-01 5.264973536215330346e-02 4.337274751134875717e-12
2.356362910310345893e-01 5.332473196936039772e-02 2.206972900422017909e-12
2.356362910310345893e-01 5.399972857656748504e-02 1.117558818021748715e-12
2.356362910310345893e-01 5.467472518377457930e-02 5.628794909199444442e-13
2.356362910310345893e-01 5.534972179098167355e-02 2.819364165716433443e-13
2.356362910310345893e-01 5.602471839818876781e-02 1.400576783366204157e-13
2.356362910310345893e-01 5.669971500539586207e-02 6.930000461826915825e-14
2.356362910310345893e-01 5.737471161260295632e-02 3.411735895149906416e-14
2.356362910310345893e-01 5.804970821981005058e-02 1.670407967304047495e-14
2.356362910310345893e-01 5.872470482701714484e-02 8.144217080763174182e-15
2.356362910310345893e-01 5.939970143422423909e-02 3.955033641794578916e-15
2.356362910310345893e-01 6.007469804143133335e-02 1.910177470115659898e-15
2.356362910310345893e-01 6.074969464863842761e-02 9.195549199342839667e-16
2.356362910310345893e-01 6.142469125584551493e-02 4.405843333329349695e-16
2.356362910310345893e-01 6.209968786305260918e-02 2.099724907616946887e-16
2.356362910310345893e-01 6.277468447025970344e-02 9.968791772807596190e-17
2.356362910310345893e-01 6.344968107746680464e-02 4.712121051796648310e-17
2.356362910310345893e-01 6.412467768467389195e-02 2.220431351184011206e-17
2.356362910310345893e-01 6.479967429188099315e-02 1.042546851315623668e-17
2.356362910310345893e-01 6.547467089908808047e-02 4.875768642270367705e-18
2.356362910310345893e-01 6.614966750629516778e-02 2.272461725614924131e-18
2.356362910310345893e-01 6.682466411350226898e-02 1.054929642585157345e-18
2.436380771269441026e-01 0.000000000000000000e+00 8.801107642076583228e-12
2.436380771269441026e-01 6.749966072070936064e-04 9.234523208372772268e-11
2.436380771269441026e-01 1.349993214414187213e-03 6.805443627228344479e-10
2.436380771269441026e-01 2.024989821621281036e-03 3.890474860006626798e-09
2.436380771269441026e-01 2.699986428828374425e-03 1.820908337447200647e-08
2.436380771269441026e-01 3.374983036035467815e-03 7.354661979846584927e-08
2.436380771269441026e-01 4.049979643242562072e-03 2.605760156423098666e-07
2.436380771269441026e-01 4.724976250449655461e-03 8.248939372568470292e-07
2.436380771269441026e-01 5.399972857656748851e-03 2.360478958061786186e-06
2.436380771269441026e-01 6.074969464863842240e-03 6.165603844454028997e-06
2.436380771269441026e-01 6.749966072070935630e-03 1.482213398547939002e-05
2.436380771269441026e-01 7.424962679278029887e-03 3.300949727912599408e-05
2.436380771269441026e-01 8.099959286485124144e-03 6.856476096473477719e-05
2.436380771269441026e-01 8.774955893692216666e-03 1.335151794181534417e-04
2.436380771269441026e-01 9.449952500899310923e-03 2.448777274427213014e-04
2.436380771269441026e-01 1.012494910810640344e-02 4.247718083053842169e-04
2.436380771269441026e-01 1.079994571531349770e-02 6.993657707664507417e-04
2.436380771269441026e-01 1.147494232252059196e-02 1.096508402012280831e-03
2.436380771269441026e-01 1.214993892972768448e-02 1.642068565812409946e-03
2.436380771269441026e-01 1.282493553693477874e-02 2.355097875905015192e-03
2.436380771269441026e-01 1.349993214414187126e-02 3.242857558949186012e-03
2.436380771269441026e-01 1.417492875134896552e-02 4.296697728819234494e-03
2.436380771269441026e-01 1.484992535855605977e-02 5.489239194488500749e-03
2.436380771269441026e-01 1.552492196576315230e-02 6.774543974248675715e-03
2.436380771269441026e-01 1.619991857297024829e-02 8.090686764233478295e-03
2.436380771269441026e-01 1.687491518017733907e-02 9.366119229506334951e-03
2.436380771269441026e-01 1.754991178738443333e-02 1.052561249476098235e-02
2.436380771269441026e-01 1.822490839459152759e-02 1.146264662698313896e-02
2.436380771269441026e-01 1.889990500179862185e-02 1.213730092537368063e-02
2.436380771269441026e-01 1.957490160900571610e-02 1.252901870438857292e-02
2.436380771269441026e-01 2.024989821621280689e-02 1.261891792682326083e-02
2.436380771269441026e-01 2.092489482341990115e-02 1.229720170748121490e-02
2.436380771269441026e-01 2.159989143062699540e-02 1.158316207065028004e-02
2.436380771269441026e-01 2.227488803783408966e-02 1.065538334698404137e-02
2.436380771269441026e-01 2.294988464504118392e-02 9.607942814723749794e-03
2.436380771269441026e-01 2.362488125224827470e-02 8.463792859538509308e-03
2.436380771269441026e-01 2.429987785945536896e-02 7.269468364758222174e-03
2.436380771269441026e-01 2.497487446666246322e-02 6.117649608375970438e-03
2.436380771269441026e-01 2.564987107386955748e-02 5.044700360937560274e-03
2.436380771269441026e-01 2.632486768107665173e-02 4.071014380252016042e-03
2.436380771269441026e-01 2.699986428828374252e-02 3.223989466300660432e-03
2.436380771269441026e-01 2.767486089549083678e-02 2.505084394527557195e-03
2.436380771269441026e-01 2.834985750269793103e-02 1.910805784559000244e-03
2.436380771269441026e-01 2.902485410990502529e-02 1.432719748316019226e-03
2.436380771269441026e-01 2.969985071711211955e-02 1.054988078476742875e-03
2.436380771269441026e-01 3.037484732431921380e-02 7.648862244684340693e-04
2.436380771269441026e-01 3.104984393152630459e-02 5.452053179365555502e-04
2.436380771269441026e-01 3.172484053873340232e-02 3.826369374861051309e-04
2.436380771269441026e-01 3.239983714594049657e-02 2.648430891677938746e-04
2.436380771269441026e-01 3.307483375314758389e-02 1.804590652221570494e-04
2.436380771269441026e-01 3.374983036035467815e-02 1.212630255703574440e-04
2.436380771269441026e-01 3.442482696756177241e-02 8.043681070193681604e-05
2.436380771269441026e-01 3.509982357476886666e-02 5.255776321733537850e-05
2.436380771269441026e-01 3.577482018197596092e-02 3.386227862334810962e-05
2.436380771269441026e-01 3.644981678918305518e-02 2.155789708352234870e-05
2.436380771269441026e-01 3.712481339639014943e-02 1.356703711220112186e-05
2.436380771269441026e-01 3.779981000359724369e-02 8.442815734194586744e-06
2.436380771269441026e-01 3.847480661080433795e-02 5.194372324501682961e-06
2.436380771269441026e-01 3.914980321801143220e-02 3.162101721897030306e-06
2.436380771269441026e-01 3.982479982521851952e-02 1.902321981034629873e-06
2.436380771269441026e-01 4.049979643242561378e-02 1.133150458991041968e-06
2.436380771269441026e-01 4.117479303963270804e-02 6.667783494635277017e-07
2.436380771269441026e-01 4.184978964683980229e-02 3.876422043849634481e-07
2.436380771269441026e-01 4.252478625404689655e-02 2.232384899788513419e-07
2.436380771269441026e-01 4.319978286125399081e-02 1.273432110796490510e-07
2.436380771269441026e-01 4.387477946846108506e-02 7.204606294452202761e-08
2.436380771269441026e-01 4.454977607566817932e-02 4.044205136170149688e-08
2.436380771269441026e-01 4.522477268287527358e-02 2.251179033579606003e-08
2.436380771269441026e-01 4.589976929008236783e-02 1.243280854836867302e-08
2.436380771269441026e-01 4.657476589728946209e-02 6.801140893367347617e-09
2.436380771269441026e-01 4.724976250449654941e-02 3.689414364582477160e-09
2.436380771269441026e-01 4.792475911170364367e-02 1.986658142875445896e-09
2.436380771269441026e-01 4.859975571891073792e-02 1.063037607265033788e-09
2.436380771269441026e-01 4.927475232611783218e-02 5.650092951746453917e-10
2.436380771269441026e-01 4.994974893332492644e-02 2.980456247907592055e-10
2.436380771269441026e-01 5.062474554053202069e-02 1.560261407870094369e-10
2.436380771269441026e-01 5.129974214773911495e-02 8.116745940912085817e-11
2.436380771269441026e-01 5.197473875494620921e-02 4.199430216216647510e-11
2.436380771269441026e-01 5.264973536215330346e-02 2.160293939200213171e-11
2.436380771269441026e-01 5.332473196936039772e-02 1.102758162382688046e-11
2.436380771269441026e-01 5.399972857656748504e-02 5.601953521765389773e-12
2.436380771269441026e-01 5.467472518377457930e-02 2.830507213668308432e-12
2.436380771269441026e-01 5.534972179098167355e-02 1.422538824262810866e-12
2.436380771269441026e-01 5.602471839818876781e-02 7.093085593801561566e-13
2.436380771269441026e-01 5.669971500539586207e-02 3.520556421101971091e-13
2.436380771269441026e-01 5.737471161260295632e-02 1.738758670897675045e-13
2.436380771269441026e-01 5.804970821981005058e-02 8.539699384997840194e-14
2.436380771269441026e-01 5.872470482701714484e-02 4.176582637412200684e-14
2.436380771269441026e-01 5.939970143422423909e-02 2.034708837279220646e-14
2.436380771269441026e-01 6.007469804143133335e-02 9.857688864448460459e-15
2.436380771269441026e-01 6.074969464863842761e-02 4.760249441875931837e-15
2.436380771269441026e-01 6.142469125584551493e-02 2.288764045314798693e-15
2.436380771269441026e-01 6.209968786305260918e-02 1.094327997729667328e-15
2.436380771269441026e-01 6.277468447025970344e-02 5.211396924185074932e-16
2.436380771269441026e-01 6.344968107746680464e-02 2.471027479454097113e-16
2.436380771269441026e-01 6.412467768467389195e-02 1.167901863511644707e-16
2.436380771269441026e-01 6.479967429188099315e-02 5.500796245945575670e-17
2.436380771269441026e-01 6.547467089908808047e-02 2.581603541761619189e-17
2.436380771269441026e-01 6.614966750629516778e-02 1.206853892198117844e-17
2.436380771269441026e-01 6.682466411350226898e-02 5.620020836922596767e-18
2.516398632228536436e-01 0.000000000000000000e+00 2.909587027869199773e-11
2.516398632228536436e-01 6.749966072070936064e-04 3.072717020760761396e-10
2.516398632228536436e-01 1.349993214414187213e-03 2.277306145177115870e-09
2.516398632228536436e-01 2.024989821621281036e-03 1.308767740996871507e-08
2.516398632228536436e-01 2.699986428828374425e-03 6.155651248583615827e-08
2.516398632228536436e-01 3.374983036035467815e-03 2.498171281129966377e-07
2.516398632228536436e-01 4.049979643242562072e-03 8.891847778574632476e-07
2.516398632228536436e-01 4.724976250449655461e-03 2.827575841573231843e-06
2.516398632228536436e-01 5.399972857656748851e-03 8.127454146176901143e-06
2.516398632228536436e-01 6.074969464863842240e-03 2.132274424474147822e-05
2.516398632228536436e-01 6.749966072070935630e-03 5.148357478145160942e-05
2.516398632228536436e-01 7.424962679278029887e-03 1.151453378697770878e-04
2.516398632228536436e-01 8.099959286485124144e-03 2.401856474309973686e-04
2.516398632228536436e-01 8.774955893692216666e-03 4.696622576554554873e-04
2.516398632228536436e-01 9.449952500899310923e-03 8.649611612797646369e-04
2.516398632228536436e-01 1.012494910810640344e-02 1.506537428333705811e-03
2.516398632228536436e-01 1.079994571531349770e-02 2.490588115516603404e-03
2.516398632228536436e-01 1.147494232252059196e-02 3.920960161748449080e-03
2.516398632228536436e-01 1.214993892972768448e-02 5.895242346138882504e-03
2.516398632228536436e-01 1.282493553693477874e-02 8.488794045104493952e-03
2.516398632228536436e-01 1.349993214414187126e-02 1.173467679798116323e-02
2.516398632228536436e-01 1.417492875134896552e-02 1.560841707282395116e-02
2.516398632228536436e-01 1.484992535855605977e-02 2.001715863784746946e-02
2.516398632228536436e-01 1.552492196576315230e-02 2.479911771422929970e-02
2.516398632228536436e-01 1.619991857297024829e-02 2.973150140941679953e-02
2.516398632228536436e-01 1.687491518017733907e-02 3.455019305601703811e-02
2.516398632228536436e-01 1.754991178738443333e-02 3.897471998083415490e-02
2.516398632228536436e-01 1.822490839459152759e-02 4.260503270373788842e-02
2.516398632228536436e-01 1.889990500179862185e-02 4.528029498428325778e-02
2.516398632228536436e-01 1.957490160900571610e-02 4.691594604523068729e-02
2.516398632228536436e-01 2.024989821621280689e-02 4.742754341383271371e-02
2.516398632228536436e-01 2.092489482341990115e-02 4.639216556280378184e-02
2.516398632228536436e-01 2.159989143062699540e-02 4.386727556993896132e-02
2.516398632228536436e-01 2.227488803783408966e-02 4.050060000583770303e-02
2.516398632228536436e-01 2.294988464504118392e-02 3.665217814644845112e-02
2.516398632228536436e-01 2.362488125224827470e-02 3.240612496628471340e-02
2.516398632228536436e-01 2.429987785945536896e-02 2.793664063534996578e-02
2.516398632228536436e-01 2.497487446666246322e-02 2.359336898874713970e-02
2.516398632228536436e-01 2.564987107386955748e-02 1.952541562644398432e-02
2.516398632228536436e-01 2.632486768107665173e-02 1.581467126219754382e-02
2.516398632228536436e-01 2.699986428828374252e-02 1.256885864393857480e-02
2.516398632228536436e-01 2.767486089549083678e-02 9.801707906793249644e-03
2.516398632228536436e-01 2.834985750269793103e-02 7.502872542880158202e-03
2.516398632228536436e-01 2.902485410990502529e-02 5.645884501195970462e-03
2.516398632228536436e-01 2.969985071711211955e-02 4.172000262756887790e-03
2.516398632228536436e-01 3.037484732431921380e-02 3.035740728145811321e-03
2.516398632228536436e-01 3.104984393152630459e-02 2.171382165654652235e-03
2.516398632228536436e-01 3.172484053873340232e-02 1.529356400454794703e-03
2.516398632228536436e-01 3.239983714594049657e-02 1.062302948200342023e-03
2.516398632228536436e-01 3.307483375314758389e-02 7.263019323472853653e-04
2.516398632228536436e-01 3.374983036035467815e-02 4.897705042543488291e-04
2.516398632228536436e-01 3.442482696756177241e-02 3.260134871383353096e-04
2.516398632228536436e-01 3.509982357476886666e-02 2.137431627834999667e-04
2.516398632228536436e-01 3.577482018197596092e-02 1.381824886843235163e-04
2.516398632228536436e-01 3.644981678918305518e-02 8.827469637207754449e-05
2.516398632228536436e-01 3.712481339639014943e-02 5.574526326115751188e-05
2.516398632228536436e-01 3.779981000359724369e-02 3.480700451796460280e-05
2.516398632228536436e-01 3.847480661080433795e-02 2.148795408600658613e-05
2.516398632228536436e-01 3.914980321801143220e-02 1.312536449046281148e-05
2.516398632228536436e-01 3.982479982521851952e-02 7.923044214487213219e-06
2.516398632228536436e-01 4.049979643242561378e-02 4.735432867184710268e-06
2.516398632228536436e-01 4.117479303963270804e-02 2.796251425073726273e-06
2.516398632228536436e-01 4.184978964683980229e-02 1.631045330981765010e-06
2.516398632228536436e-01 4.252478625404689655e-02 9.423935630483431524e-07
2.516398632228536436e-01 4.319978286125399081e-02 5.393722244981855109e-07
2.516398632228536436e-01 4.387477946846108506e-02 3.061716104411505465e-07
2.516398632228536436e-01 4.454977607566817932e-02 1.724331310635828376e-07
2.516398632228536436e-01 4.522477268287527358e-02 9.630155417723895202e-08
2.516398632228536436e-01 4.589976929008236783e-02 5.336073172296253977e-08
2.516398632228536436e-01 4.657476589728946209e-02 2.928778733246549633e-08
2.516398632228536436e-01 4.724976250449654941e-02 1.593919326770761176e-08
2.516398632228536436e-01 4.792475911170364367e-02 8.610834711502214817e-09
2.516398632228536436e-01 4.859975571891073792e-02 4.622551987398306767e-09
2.516398632228536436e-01 4.927475232611783218e-02 2.464831283470418860e-09
2.516398632228536436e-01 4.994974893332492644e-02 1.304496242835153892e-09
2.516398632228536436e-01 5.062474554053202069e-02 6.851162238277245411e-10
2.516398632228536436e-01 5.129974214773911495e-02 3.575618330165605911e-10
2.516398632228536436e-01 5.197473875494620921e-02 1.855906694580574623e-10
2.516398632228536436e-01 5.264973536215330346e-02 9.578743459662484314e-11
2.516398632228536436e-01 5.332473196936039772e-02 4.905221375837789972e-11
2.516398632228536436e-01 5.399972857656748504e-02 2.499853925528396129e-11
2.516398632228536436e-01 5.467472518377457930e-02 1.267130681868809720e-11
2.516398632228536436e-01 5.534972179098167355e-02 6.388961392850313521e-12
2.516398632228536436e-01 5.602471839818876781e-02 3.197945993768859586e-12
2.516398632228536436e-01 5.669971500539586207e-02 1.592263002843437635e-12
2.516398632228536436e-01 5.737471161260295632e-02 7.889579106582344127e-13
2.516398632228536436e-01 5.804970821981005058e-02 3.886772239767000132e-13
2.516398632228536436e-01 5.872470482701714484e-02 1.906746041394486598e-13
2.516398632228536436e-01 5.939970143422423909e-02 9.318839004856056512e-14
2.516398632228536436e-01 6.007469804143133335e-02 4.528870540640153199e-14
2.516398632228536436e-01 6.074969464863842761e-02 2.193800513813861818e-14
2.516398632228536436e-01 6.142469125584551493e-02 1.058113865161859984e-14
2.516398632228536436e-01 6.209968786305260918e-02 5.077388136175788300e-15
2.516398632228536436e-01 6.277468447025970344e-02 2.425183881064626747e-15
2.516398632228536436e-01 6.344968107746680464e-02 1.153509164487628763e-15
2.516398632228536436e-01 6.412467768467389195e-02 5.468484859534951684e-16
2.516398632228536436e-01 6.479967429188099315e-02 2.583699033479467975e-16
2.516398632228536436e-01 6.547467089908808047e-02 1.216282909498611825e-16
2.516398632228536436e-01 6.614966750629516778e-02 5.705407520224805148e-17
2.516398632228536436e-01 6.682466411350226898e-02 2.665158174738516188e-17
2.596416493187631569e-01 0.000000000000000000e+00 8.641239711517036921e-11
2.596416493187631569e-01 6.749966072070936064e-04 9.185775922514194294e-10
2.596416493187631569e-01 1.349993214414187213e-03 6.846277591827273278e-09
2.596416493187631569e-01 2.024989821621281036e-03 3.954987209377709449e-08
2.596416493187631569e-01 2.699986428828374425e-03 1.869375092625532890e-07
2.596416493187631569e-01 3.374983036035467815e-03 7.622779960660576680e-07
2.596416493187631569e-01 4.049979643242562072e-03 2.725777822649501086e-06
2.596416493187631569e-01 4.724976250449655461e-03 8.706868596038752208e-06
2.596416493187631569e-01 5.399972857656748851e-03 2.513638070935479311e-05
2.596416493187631569e-01 6.074969464863842240e-03 6.623499742560772722e-05
2.596416493187631569e-01 6.749966072070935630e-03 1.606131225328031741e-04
2.596416493187631569e-01 7.424962679278029887e-03 3.607546277728235478e-04
2.596416493187631569e-01 8.099959286485124144e-03 7.556638997786192932e-04
2.596416493187631569e-01 8.774955893692216666e-03 1.483790250246856679e-03
2.596416493187631569e-01 9.449952500899310923e-03 2.743825859441897073e-03
2.596416493187631569e-01 1.012494910810640344e-02 4.798364695341051506e-03
2.596416493187631569e-01 1.079994571531349770e-02 7.964563403882225431e-03
2.596416493187631569e-01 1.147494232252059196e-02 1.258859652853360801e-02
2.596416493187631569e-01 1.214993892972768448e-02 1.900359081718767593e-02
2.596416493187631569e-01 1.282493553693477874e-02 2.747250134199277424e-02
2.596416493187631569e-01 1.349993214414187126e-02 3.812538180364323515e-02
2.596416493187631569e-01 1.417492875134896552e-02 5.090738034118374306e-02
2.596416493187631569e-01 1.484992535855605977e-02 6.553743906643989814e-02
2.596416493187631569e-01 1.552492196576315230e-02 8.150331504950714123e-02
2.596416493187631569e-01 1.619991857297024829e-02 9.808277573315833664e-02
2.596416493187631569e-01 1.687491518017733907e-02 1.144133657146043093e-01
2.596416493187631569e-01 1.754991178738443333e-02 1.295549868855112863e-01
2.596416493187631569e-01 1.822490839459152759e-02 1.421580137632463825e-01
2.596416493187631569e-01 1.889990500179862185e-02 1.516522543517206667e-01
2.596416493187631569e-01 1.957490160900571610e-02 1.577100487654599925e-01
2.596416493187631569e-01 2.024989821621280689e-02 1.600196738161148158e-01
2.596416493187631569e-01 2.092489482341990115e-02 1.571096628462243794e-01
2.596416493187631569e-01 2.159989143062699540e-02 1.491299629775037494e-01
2.596416493187631569e-01 2.227488803783408966e-02 1.381907313964845507e-01
2.596416493187631569e-01 2.294988464504118392e-02 1.255076677358810400e-01
2.596416493187631569e-01 2.362488125224827470e-02 1.113706987984776353e-01
2.596416493187631569e-01 2.429987785945536896e-02 9.636745995065350290e-02
2.596416493187631569e-01 2.497487446666246322e-02 8.167500226147969555e-02
2.596416493187631569e-01 2.564987107386955748e-02 6.783331788276311669e-02
2.596416493187631569e-01 2.632486768107665173e-02 5.513818553657910682e-02
2.596416493187631569e-01 2.699986428828374252e-02 4.397632457128658467e-02
2.596416493187631569e-01 2.767486089549083678e-02 3.441847790482383679e-02
2.596416493187631569e-01 2.834985750269793103e-02 2.643801990632893908e-02
2.596416493187631569e-01 2.902485410990502529e-02 1.996528571224069279e-02
2.596416493187631569e-01 2.969985071711211955e-02 1.480419518370376664e-02
2.596416493187631569e-01 3.037484732431921380e-02 1.081029178187473822e-02
2.596416493187631569e-01 3.104984393152630459e-02 7.759026305959601869e-03
2.596416493187631569e-01 3.172484053873340232e-02 5.484191718679024517e-03
2.596416493187631569e-01 3.239983714594049657e-02 3.822811562848164087e-03
2.596416493187631569e-01 3.307483375314758389e-02 2.622495756891927467e-03
2.596416493187631569e-01 3.374983036035467815e-02 1.774603446100000070e-03
2.596416493187631569e-01 3.442482696756177241e-02 1.185352295276425466e-03
2.596416493187631569e-01 3.509982357476886666e-02 7.797793245547129416e-04
2.596416493187631569e-01 3.577482018197596092e-02 5.058366292970842368e-04
2.596416493187631569e-01 3.644981678918305518e-02 3.242457494589125427e-04
2.596416493187631569e-01 3.712481339639014943e-02 2.054555394592408454e-04
2.596416493187631569e-01 3.779981000359724369e-02 1.287118363087079627e-04
2.596416493187631569e-01 3.847480661080433795e-02 7.973171466713703309e-05
2.596416493187631569e-01 3.914980321801143220e-02 4.886747791841136647e-05
2.596416493187631569e-01 3.982479982521851952e-02 2.959854638324355060e-05
2.596416493187631569e-01 4.049979643242561378e-02 1.774991148892885151e-05
2.596416493187631569e-01 4.117479303963270804e-02 1.051774388310486030e-05
2.596416493187631569e-01 4.184978964683980229e-02 6.154887666545644307e-06
2.596416493187631569e-01 4.252478625404689655e-02 3.568126043587141119e-06
2.596416493187631569e-01 4.319978286125399081e-02 2.049006008143137954e-06
2.596416493187631569e-01 4.387477946846108506e-02 1.166970032976738610e-06
2.596416493187631569e-01 4.454977607566817932e-02 6.593940777763114100e-07
2.596416493187631569e-01 4.522477268287527358e-02 3.694754028820281603e-07
2.596416493187631569e-01 4.589976929008236783e-02 2.053940393219000240e-07
2.596416493187631569e-01 4.657476589728946209e-02 1.131126014610946241e-07
2.596416493187631569e-01 4.724976250449654941e-02 6.176056350838655041e-08
2.596416493187631569e-01 4.792475911170364367e-02 3.347160061480531399e-08
2.596416493187631569e-01 4.859975571891073792e-02 1.802528745379646859e-08
2.596416493187631569e-01 4.927475232611783218e-02 9.641828863828802620e-09
2.596416493187631569e-01 4.994974893332492644e-02 5.119626118682513988e-09
2.596416493187631569e-01 5.062474554053202069e-02 2.697411064563198367e-09
2.596416493187631569e-01 5.129974214773911495e-02 1.412268321091910965e-09
2.596416493187631569e-01 5.197473875494620921e-02 7.353490558875849368e-10
2.596416493187631569e-01 5.264973536215330346e-02 3.807597728554511479e-10
2.596416493187631569e-01 5.332473196936039772e-02 1.955998905914497798e-10
2.596416493187631569e-01 5.399972857656748504e-02 9.999893476216920108e-11
2.596416493187631569e-01 5.467472518377457930e-02 5.084680643518982296e-11
2.596416493187631569e-01 5.534972179098167355e-02 2.571932988283074877e-11
2.596416493187631569e-01 5.602471839818876781e-02 1.292252616197192078e-11
2.596416493187631569e-01 5.669971500539586207e-02 6.454092907485483788e-12
2.596416493187631569e-01 5.737471161260295632e-02 3.208219986572042928e-12
2.596416493187631569e-01 5.804970821981005058e-02 1.585382041456809393e-12
2.596416493187631569e-01 5.872470482701714484e-02 7.801531218732656143e-13
2.596416493187631569e-01 5.939970143422423909e-02 3.824611468304015897e-13
2.596416493187631569e-01 6.007469804143133335e-02 1.864335669578995558e-13
2.596416493187631569e-01 6.074969464863842761e-02 9.058652964060937498e-14
2.596416493187631569e-01 6.142469125584551493e-02 4.382792144867027848e-14
2.596416493187631569e-01 6.209968786305260918e-02 2.110423710630745459e-14
2.596416493187631569e-01 6.277468447025970344e-02 1.011089977424228679e-14
2.596416493187631569e-01 6.344968107746680464e-02 4.823972474175236969e-15
2.596416493187631569e-01 6.412467768467389195e-02 2.293807650942192709e-15
2.596416493187631569e-01 6.479967429188099315e-02 1.087100660857331797e-15
2.596416493187631569e-01 6.547467089908808047e-02 5.132926432572237588e-16
2.596416493187631569e-01 6.614966750629516778e-02 2.416029887854905815e-16
2.596416493187631569e-01 6.682466411350226898e-02 1.132072138771324816e-16
2.676434354146726702e-01 0.000000000000000000e+00 2.317759667890881288e-10
2.676434354146726702e-01 6.749966072070936064e-04 2.479920494575787957e-09
2.676434354146726702e-01 1.349993214414187213e-03 1.858862949572758359e-08
2.676434354146726702e-01 2.024989821621281036e-03 1.079415679342560647e-07
2.676434354146726702e-01 2.699986428828374425e-03 5.126857547169713262e-07
2.676434354146726702e-01 3.374983036035467815e-03 2.100597092254100874e-06
2.676434354146726702e-01 4.049979643242562072e-03 7.546208307258063430e-06
2.676434354146726702e-01 4.724976250449655461e-03 2.421395426553432550e-05
2.676434354146726702e-01 5.399972857656748851e-03 7.021381039915671667e-05
2.676434354146726702e-01 6.074969464863842240e-03 1.858217039465686205e-04
2.676434354146726702e-01 6.749966072070935630e-03 4.525125301567628033e-04
2.676434354146726702e-01 7.424962679278029887e-03 1.020712306998290513e-03
2.676434354146726702e-01 8.099959286485124144e-03 2.147012817729660253e-03
2.676434354146726702e-01 8.774955893692216666e-03 4.233316819383976456e-03
2.676434354146726702e-01 9.449952500899310923e-03 7.860502830120500231e-03
2.676434354146726702e-01 1.012494910810640344e-02 1.380154643548784157e-02
2.676434354146726702e-01 1.079994571531349770e-02 2.300039817937228614e-02
2.676434354146726702e-01 1.147494232252059196e-02 3.649875334403522575e-02
2.676434354146726702e-01 1.214993892972768448e-02 5.531459139963108840e-02
2.676434354146726702e-01 1.282493553693477874e-02 8.028155589392067804e-02
2.676434354146726702e-01 1.349993214414187126e-02 1.118510635993203856e-01
2.676434354146726702e-01 1.417492875134896552e-02 1.499317137495789209e-01
2.676434354146726702e-01 1.484992535855605977e-02 1.937613112938648685e-01
2.676434354146726702e-01 1.552492196576315230e-02 2.418799818350546027e-01
2.676434354146726702e-01 1.619991857297024829e-02 2.921925530211612609e-01
2.676434354146726702e-01 1.687491518017733907e-02 3.421068989196114352e-01
2.676434354146726702e-01 1.754991178738443333e-02 3.888245273912867006e-01
2.676434354146726702e-01 1.822490839459152759e-02 4.282573518816523706e-01
2.676434354146726702e-01 1.889990500179862185e-02 4.585549383820696212e-01
2.676434354146726702e-01 1.957490160900571610e-02 4.786401454108988318e-01
2.676434354146726702e-01 2.024989821621280689e-02 4.874269062072446035e-01
2.676434354146726702e-01 2.092489482341990115e-02 4.803315047477865751e-01
2.676434354146726702e-01 2.159989143062699540e-02 4.576691015285904163e-01
2.676434354146726702e-01 2.227488803783408966e-02 4.256268142912720820e-01
2.676434354146726702e-01 2.294988464504118392e-02 3.879624476369273878e-01
2.676434354146726702e-01 2.362488125224827470e-02 3.455147386116310670e-01
2.676434354146726702e-01 2.429987785945536896e-02 3.000748477691257965e-01
2.676434354146726702e-01 2.497487446666246322e-02 2.552277110172618269e-01
2.676434354146726702e-01 2.564987107386955748e-02 2.127339406987808768e-01
2.676434354146726702e-01 2.632486768107665173e-02 1.735522705830100376e-01
2.676434354146726702e-01 2.699986428828374252e-02 1.389052855680499021e-01
2.676434354146726702e-01 2.767486089549083678e-02 1.091030122987880907e-01
2.676434354146726702e-01 2.834985750269793103e-02 8.410025587773564681e-02
2.676434354146726702e-01 2.902485410990502529e-02 6.373583766619184132e-02
2.676434354146726702e-01 2.969985071711211955e-02 4.742239067033884869e-02
2.676434354146726702e-01 3.037484732431921380e-02 3.475050800786036453e-02
2.676434354146726702e-01 3.104984393152630459e-02 2.502727527059036075e-02
2.676434354146726702e-01 3.172484053873340232e-02 1.775193680338396293e-02
2.676434354146726702e-01 3.239983714594049657e-02 1.241763611088493417e-02
2.676434354146726702e-01 3.307483375314758389e-02 8.547333292363496968e-03
2.676434354146726702e-01 3.374983036035467815e-02 5.804035277631501046e-03
2.676434354146726702e-01 3.442482696756177241e-02 3.890156284900083642e-03
2.676434354146726702e-01 3.509982357476886666e-02 2.567729425616275662e-03
2.676434354146726702e-01 3.577482018197596092e-02 1.671311070973581590e-03
2.676434354146726702e-01 3.644981678918305518e-02 1.074964517725973505e-03
2.676434354146726702e-01 3.712481339639014943e-02 6.834541190203114076e-04
2.676434354146726702e-01 3.779981000359724369e-02 4.295683267425610854e-04
2.676434354146726702e-01 3.847480661080433795e-02 2.669937409093258449e-04
2.676434354146726702e-01 3.914980321801143220e-02 1.641898147873514899e-04
2.676434354146726702e-01 3.982479982521851952e-02 9.978101605626037835e-05
2.676434354146726702e-01 4.049979643242561378e-02 6.003628031551259519e-05
2.676434354146726702e-01 4.117479303963270804e-02 3.569732947586994759e-05
2.676434354146726702e-01 4.184978964683980229e-02 2.095650625491202244e-05
2.676434354146726702e-01 4.252478625404689655e-02 1.218908439834319938e-05
2.676434354146726702e-01 4.319978286125399081e-02 7.022728789668833991e-06
2.676434354146726702e-01 4.387477946846108506e-02 4.012818140875958367e-06
2.676434354146726702e-01 4.454977607566817932e-02 2.274814872531625370e-06
2.676434354146726702e-01 4.522477268287527358e-02 1.278796745134802211e-06
2.676434354146726702e-01 4.589976929008236783e-02 7.131979790707031981e-07
2.676434354146726702e-01 4.657476589728946209e-02 3.940726442833156762e-07
2.676434354146726702e-01 4.724976250449654941e-02 2.158711473559497325e-07
2.676434354146726702e-01 4.792475911170364367e-02 1.173701632174086551e-07
2.676434354146726702e-01 4.859975571891073792e-02 6.340577682415674482e-08
2.676434354146726702e-01 4.927475232611783218e-02 3.402343967330451510e-08
2.676434354146726702e-01 4.994974893332492644e-02 1.812399601730604720e-08
2.676434354146726702e-01 5.062474554053202069e-02 9.579608789389261076e-09
2.676434354146726702e-01 5.129974214773911495e-02 5.031467846703689327e-09
2.676434354146726702e-01 5.197473875494620921e-02 2.628070796407986647e-09
2.676434354146726702e-01 5.264973536215330346e-02 1.365208624337875069e-09
2.676434354146726702e-01 5.332473196936039772e-02 7.035182430294395821e-10
2.676434354146726702e-01 5.399972857656748504e-02 3.607996407680653581e-10
2.676434354146726702e-01 5.467472518377457930e-02 1.840286151243325536e-10
2.676434354146726702e-01 5.534972179098167355e-02 9.338000587152798945e-11
2.676434354146726702e-01 5.602471839818876781e-02 4.707714901561138881e-11
2.676434354146726702e-01 5.669971500539586207e-02 2.359304261012811382e-11
2.676434354146726702e-01 5.737471161260295632e-02 1.176481356472721073e-11
2.676434354146726702e-01 5.804970821981005058e-02 5.831510635123906750e-12
2.676434354146726702e-01 5.872470482701714484e-02 2.878404711332739737e-12
2.676434354146726702e-01 5.939970143422423909e-02 1.415512454516570222e-12
2.676434354146726702e-01 6.007469804143133335e-02 6.920982427576528109e-13
2.676434354146726702e-01 6.074969464863842761e-02 3.372837851795876021e-13
2.676434354146726702e-01 6.142469125584551493e-02 1.636732556668775125e-13
2.676434354146726702e-01 6.209968786305260918e-02 7.907302334432675629e-14
2.676434354146726702e-01 6.277468447025970344e-02 3.800427021543397223e-14
2.676434354146726702e-01 6.344968107746680464e-02 1.818764581591666701e-14
2.676434354146726702e-01 6.412467768467389195e-02 8.674179372699386750e-15
2.676434354146726702e-01 6.479967429188099315e-02 4.123481286880460068e-15
2.676434354146726702e-01 6.547467089908808047e-02 1.952734857473063944e-15
2.676434354146726702e-01 6.614966750629516778e-02 9.221181994275573768e-16
2.676434354146726702e-01 6.682466411350226898e-02 4.334578432661021111e-16
2.756452215105821835e-01 0.000000000000000000e+00 5.649643775606067901e-10
2.756452215105821835e-01 6.749966072070936064e-04 6.084551990720767154e-09
2.756452215105821835e-01 1.349993214414187213e-03 4.586421873730970510e-08
2.756452215105821835e-01 2.024989821621281036e-03 2.676837378906454848e-07
2.756452215105821835e-01 2.699986428828374425e-03 1.277634804629343676e-06
2.756452215105821835e-01 3.374983036035467815e-03 5.259297374898430683e-06
2.756452215105821835e-01 4.049979643242562072e-03 1.897996533102231094e-05
2.756452215105821835e-01 4.724976250449655461e-03 6.117348210742492350e-05
2.756452215105821835e-01 5.399972857656748851e-03 1.781723182458781784e-04
2.756452215105821835e-01 6.074969464863842240e-03 4.735617800068892664e-04
2.756452215105821835e-01 6.749966072070935630e-03 1.158100277198845273e-03
2.756452215105821835e-01 7.424962679278029887e-03 2.623217002355144462e-03
2.756452215105821835e-01 8.099959286485124144e-03 5.540492059799324506e-03
2.756452215105821835e-01 8.774955893692216666e-03 1.096971760457866873e-02
2.756452215105821835e-01 9.449952500899310923e-03 2.045181456719402310e-02
2.756452215105821835e-01 1.012494910810640344e-02 3.605569693452734259e-02
2.756452215105821835e-01 1.079994571531349770e-02 6.032529316767174660e-02
2.756452215105821835e-01 1.147494232252059196e-02 9.610581966142742183e-02
2.756452215105821835e-01 1.214993892972768448e-02 1.462227827911520561e-01
2.756452215105821835e-01 1.282493553693477874e-02 2.130424152066169308e-01
2.756452215105821835e-01 1.349993214414187126e-02 2.979622121861125184e-01
2.756452215105821835e-01 1.417492875134896552e-02 4.009420021373012455e-01
2.756452215105821835e-01 1.484992535855605977e-02 5.201417287708614001e-01
2.756452215105821835e-01 1.552492196576315230e-02 6.517746094266794188e-01
2.756452215105821835e-01 1.619991857297024829e-02 7.902790264597139291e-01
2.756452215105821835e-01 1.687491518017733907e-02 9.287273981705851389e-01
2.756452215105821835e-01 1.754991178738443333e-02 1.059430481499945786e+00
2.756452215105821835e-01 1.822490839459152759e-02 1.171137609584996353e+00
2.756452215105821835e-01 1.889990500179862185e-02 1.258601847605560042e+00
2.756452215105821835e-01 1.957490160900571610e-02 1.318525674249771518e+00
2.756452215105821835e-01 2.024989821621280689e-02 1.347650988850797704e+00
2.756452215105821835e-01 2.092489482341990115e-02 1.332909620595322586e+00
2.756452215105821835e-01 2.159989143062699540e-02 1.274814467089881997e+00
2.756452215105821835e-01 2.227488803783408966e-02 1.189803483605438528e+00
2.756452215105821835e-01 2.294988464504118392e-02 1.088346496162950761e+00
2.756452215105821835e-01 2.362488125224827470e-02 9.727481459059695856e-01
2.756452215105821835e-01 2.429987785945536896e-02 8.479206745385374777e-01
2.756452215105821835e-01 2.497487446666246322e-02 7.237279341574720526e-01
2.756452215105821835e-01 2.564987107386955748e-02 6.053572383402268109e-01
2.756452215105821835e-01 2.632486768107665173e-02 4.956365944716836780e-01
2.756452215105821835e-01 2.699986428828374252e-02 3.980829148236711412e-01
2.756452215105821835e-01 2.767486089549083678e-02 3.137910772258067915e-01
2.756452215105821835e-01 2.834985750269793103e-02 2.427137763690814243e-01
2.756452215105821835e-01 2.902485410990502529e-02 1.845881752120240582e-01
2.756452215105821835e-01 2.969985071711211955e-02 1.378158077106903245e-01
2.756452215105821835e-01 3.037484732431921380e-02 1.013439354652699992e-01
2.756452215105821835e-01 3.104984393152630459e-02 7.323938639734943468e-02
2.756452215105821835e-01 3.172484053873340232e-02 5.213075755687453239e-02
2.756452215105821835e-01 3.239983714594049657e-02 3.659360243724334161e-02
2.756452215105821835e-01 3.307483375314758389e-02 2.527303588098874995e-02
2.756452215105821835e-01 3.374983036035467815e-02 1.722138158078731149e-02
2.756452215105821835e-01 3.442482696756177241e-02 1.158281559249977472e-02
2.756452215105821835e-01 3.509982357476886666e-02 7.671083028679254699e-03
2.756452215105821835e-01 3.577482018197596092e-02 5.009972030540021590e-03
2.756452215105821835e-01 3.644981678918305518e-02 3.233300488968539419e-03
2.756452215105821835e-01 3.712481339639014943e-02 2.062657531499816673e-03
2.756452215105821835e-01 3.779981000359724369e-02 1.300685626652825977e-03
2.756452215105821835e-01 3.847480661080433795e-02 8.111471244030435488e-04
2.756452215105821835e-01 3.914980321801143220e-02 5.004896618605418623e-04
2.756452215105821835e-01 3.982479982521851952e-02 3.051685290922120214e-04
2.756452215105821835e-01 4.049979643242561378e-02 1.842194383316470810e-04
2.756452215105821835e-01 4.117479303963270804e-02 1.099117661723910327e-04
2.756452215105821835e-01 4.184978964683980229e-02 6.473043796898422515e-05
2.756452215105821835e-01 4.252478625404689655e-02 3.777346254087051287e-05
2.756452215105821835e-01 4.319978286125399081e-02 2.183440757189671497e-05
2.756452215105821835e-01 4.387477946846108506e-02 1.251699259972802452e-05
2.756452215105821835e-01 4.454977607566817932e-02 7.118921695307054702e-06
2.756452215105821835e-01 4.522477268287527358e-02 4.014972655024537811e-06
2.756452215105821835e-01 4.589976929008236783e-02 2.246425080518690921e-06
2.756452215105821835e-01 4.657476589728946209e-02 1.245359105420331165e-06
2.756452215105821835e-01 4.724976250449654941e-02 6.844167962328984930e-07
2.756452215105821835e-01 4.792475911170364367e-02 3.732918332497521195e-07
2.756452215105821835e-01 4.859975571891073792e-02 2.022973791027186796e-07
2.756452215105821835e-01 4.927475232611783218e-02 1.088980169668150314e-07
2.756452215105821835e-01 4.994974893332492644e-02 5.819769890175854070e-08
2.756452215105821835e-01 5.062474554053202069e-02 3.085633933045766278e-08
2.756452215105821835e-01 5.129974214773911495e-02 1.625665237879007625e-08
2.756452215105821835e-01 5.197473875494620921e-02 8.517871352318160524e-09
2.756452215105821835e-01 5.264973536215330346e-02 4.438781721213830122e-09
2.756452215105821835e-01 5.332473196936039772e-02 2.294669676582787145e-09
2.756452215105821835e-01 5.399972857656748504e-02 1.180501970806079747e-09
2.756452215105821835e-01 5.467472518377457930e-02 6.040083103240322727e-10
2.756452215105821835e-01 5.534972179098167355e-02 3.074579441910455239e-10
2.756452215105821835e-01 5.602471839818876781e-02 1.554847160527951879e-10
2.756452215105821835e-01 5.669971500539586207e-02 7.821161805842394515e-11
2.756452215105821835e-01 5.737471161260295632e-02 3.912335461170595703e-11
2.756452215105821835e-01 5.804970821981005058e-02 1.945190716813307416e-11
2.756452215105821835e-01 5.872470482701714484e-02 9.630726561985676760e-12
2.756452215105821835e-01 5.939970143422423909e-02 4.750839986763761971e-12
2.756452215105821835e-01 6.007469804143133335e-02 2.329826305567711368e-12
2.756452215105821835e-01 6.074969464863842761e-02 1.138816606455995486e-12
2.756452215105821835e-01 6.142469125584551493e-02 5.543141148971935873e-13
2.756452215105821835e-01 6.209968786305260918e-02 2.685930230937586422e-13
2.756452215105821835e-01 6.277468447025970344e-02 1.295292903325252365e-13
2.756452215105821835e-01 6.344968107746680464e-02 6.217737419469111055e-14
2.756452215105821835e-01 6.412467768467389195e-02 2.974223926139300730e-14
2.756452215105821835e-01 6.479967429188099315e-02 1.418147978709512492e-14
2.756452215105821835e-01 6.547467089908808047e-02 6.735727104486715057e-15
2.756452215105821835e-01 6.614966750629516778e-02 3.190199009532312602e-15
2.756452215105821835e-01 6.682466411350226898e-02 1.504732285616173811e-15
2.836470076064917523e-01 0.000000000000000000e+00 1.258011934517316246e-09
2.836470076064917523e-01 6.749966072070936064e-04 1.363619829331652044e-08
2.836470076064917523e-01 1.349993214414187213e-03 1.033670389056454771e-07
2.836470076064917523e-01 2.024989821621281036e-03 6.063704371780163020e-07
2.836470076064917523e-01 2.699986428828374425e-03 2.908212831623344270e-06
2.836470076064917523e-01 3.374983036035467815e-03 1.202749516745403886e-05
2.836470076064917523e-01 4.049979643242562072e-03 4.360195530659761282e-05
2.836470076064917523e-01 4.724976250449655461e-03 1.411549755685217154e-04
2.836470076064917523e-01 5.399972857656748851e-03 4.129184742588861432e-04
2.836470076064917523e-01 6.074969464863842240e-03 1.102213056504979622e-03
2.836470076064917523e-01 6.749966072070935630e-03 2.706827398616899662e-03
2.836470076064917523e-01 7.424962679278029887e-03 6.156802932406806560e-03
2.836470076064917523e-01 8.099959286485124144e-03 1.305686241863738412e-02
2.836470076064917523e-01 8.774955893692216666e-03 2.595570733730491117e-02
2.836470076064917523e-01 9.449952500899310923e-03 4.858686708139221822e-02
2.836470076064917523e-01 1.012494910810640344e-02 8.599846853606109287e-02
2.836470076064917523e-01 1.079994571531349770e-02 1.444564210707708352e-01
2.836470076064917523e-01 1.147494232252059196e-02 2.310433315508091945e-01
2.836470076064917523e-01 1.214993892972768448e-02 3.528905651384666720e-01
2.836470076064917523e-01 1.282493553693477874e-02 5.161409590563065253e-01
2.836470076064917523e-01 1.349993214414187126e-02 7.246333349961595616e-01
2.836470076064917523e-01 1.417492875134896552e-02 9.788011605606453669e-01
2.836470076064917523e-01 1.484992535855605977e-02 1.274604681829852204e+00
2.836470076064917523e-01 1.552492196576315230e-02 1.603273620591343374e+00
2.836470076064917523e-01 1.619991857297024829e-02 1.951336230666887772e+00
2.836470076064917523e-01 1.687491518017733907e-02 2.301660081308788186e+00
2.836470076064917523e-01 1.754991178738443333e-02 2.635293293881231236e+00
2.836470076064917523e-01 1.822490839459152759e-02 2.923919135234989586e+00
2.836470076064917523e-01 1.889990500179862185e-02 3.153664097917915576e+00
2.836470076064917523e-01 1.957490160900571610e-02 3.315671610735928088e+00
2.836470076064917523e-01 2.024989821621280689e-02 3.401197840522373728e+00
2.836470076064917523e-01 2.092489482341990115e-02 3.376303122375571064e+00
2.836470076064917523e-01 2.159989143062699540e-02 3.241324400551610641e+00
2.836470076064917523e-01 2.227488803783408966e-02 3.035965776326260634e+00
2.836470076064917523e-01 2.294988464504118392e-02 2.786886495067229852e+00
2.836470076064917523e-01 2.362488125224827470e-02 2.499714430758423145e+00
2.836470076064917523e-01 2.429987785945536896e-02 2.186855142274966912e+00
2.836470076064917523e-01 2.497487446666246322e-02 1.873075238976628976e+00
2.836470076064917523e-01 2.564987107386955748e-02 1.572233138328201107e+00
2.836470076064917523e-01 2.632486768107665173e-02 1.291869670152963945e+00
2.836470076064917523e-01 2.699986428828374252e-02 1.041189280963754404e+00
2.836470076064917523e-01 2.767486089549083678e-02 8.236294054488065841e-01
2.836470076064917523e-01 2.834985750269793103e-02 6.392748414618697472e-01
2.836470076064917523e-01 2.902485410990502529e-02 4.878714465823403290e-01
2.836470076064917523e-01 2.969985071711211955e-02 3.654785792048022008e-01
2.836470076064917523e-01 3.037484732431921380e-02 2.696831359440332587e-01
2.836470076064917523e-01 3.104984393152630459e-02 1.955562464590555050e-01
2.836470076064917523e-01 3.172484053873340232e-02 1.396755788293549683e-01
2.836470076064917523e-01 3.239983714594049657e-02 9.838051468509032005e-02
2.836470076064917523e-01 3.307483375314758389e-02 6.817180079833415340e-02
2.836470076064917523e-01 3.374983036035467815e-02 4.661189154130465639e-02
2.836470076064917523e-01 3.442482696756177241e-02 3.145755593774794689e-02
2.836470076064917523e-01 3.509982357476886666e-02 2.090305755489743622e-02
2.836470076064917523e-01 3.577482018197596092e-02 1.369771796685142692e-02
2.836470076064917523e-01 3.644981678918305518e-02 8.869786409533958124e-03
2.836470076064917523e-01 3.712481339639014943e-02 5.677410384250193218e-03
2.836470076064917523e-01 3.779981000359724369e-02 3.591750768006900154e-03
2.836470076064917523e-01 3.847480661080433795e-02 2.247379522168659310e-03
2.836470076064917523e-01 3.914980321801143220e-02 1.391295605250823277e-03
2.836470076064917523e-01 3.982479982521851952e-02 8.511396786214894036e-04
2.836470076064917523e-01 4.049979643242561378e-02 5.154884481499956645e-04
2.836470076064917523e-01 4.117479303963270804e-02 3.085778707223713036e-04
2.836470076064917523e-01 4.184978964683980229e-02 1.823139150416160472e-04
2.836470076064917523e-01 4.252478625404689655e-02 1.067355752221721003e-04
2.836470076064917523e-01 4.319978286125399081e-02 6.189637800315967581e-05
2.836470076064917523e-01 4.387477946846108506e-02 3.559718611586173406e-05
2.836470076064917523e-01 4.454977607566817932e-02 2.031053896867815627e-05
2.836470076064917523e-01 4.522477268287527358e-02 1.149164380666772041e-05
2.836470076064917523e-01 4.589976929008236783e-02 6.450251276758204352e-06
2.836470076064917523e-01 4.657476589728946209e-02 3.587536567028275379e-06
2.836470076064917523e-01 4.724976250449654941e-02 1.977908161335944285e-06
2.836470076064917523e-01 4.792475911170364367e-02 1.082149304314327894e-06
2.836470076064917523e-01 4.859975571891073792e-02 5.882994527917633769e-07
2.836470076064917523e-01 4.927475232611783218e-02 3.176822366491929254e-07
2.836470076064917523e-01 4.994974893332492644e-02 1.703196787941282247e-07
2.836470076064917523e-01 5.062474554053202069e-02 9.058639013163413445e-08
2.836470076064917523e-01 5.129974214773911495e-02 4.787435810694513324e-08
2.836470076064917523e-01 5.197473875494620921e-02 2.516100762267319121e-08
2.836470076064917523e-01 5.264973536215330346e-02 1.315171401104045481e-08
2.836470076064917523e-01 5.332473196936039772e-02 6.820437205751701552e-09
2.836470076064917523e-01 5.399972857656748504e-02 3.519592385986721024e-09
2.836470076064917523e-01 5.467472518377457930e-02 1.806352577665802384e-09
2.836470076064917523e-01 5.534972179098167355e-02 9.223676724034645204e-10
2.836470076064917523e-01 5.602471839818876781e-02 4.678882771544714104e-10
2.836470076064917523e-01 5.669971500539586207e-02 2.362218030650201959e-10
2.836470076064917523e-01 5.737471161260295632e-02 1.185287760018943675e-10
2.836470076064917523e-01 5.804970821981005058e-02 5.911506499127823307e-11
2.836470076064917523e-01 5.872470482701714484e-02 2.935669908922377552e-11
2.836470076064917523e-01 5.939970143422423909e-02 1.452555390576972318e-11
2.836470076064917523e-01 6.007469804143133335e-02 7.145037863970113604e-12
2.836470076064917523e-01 6.074969464863842761e-02 3.503070735554704205e-12
2.836470076064917523e-01 6.142469125584551493e-02 1.710304550503146031e-12
2.836470076064917523e-01 6.209968786305260918e-02 8.312444598874661065e-13
2.836470076064917523e-01 6.277468447025970344e-02 4.022486834477431303e-13
2.836470076064917523e-01 6.344968107746680464e-02 1.936694923376788270e-13
2.836470076064917523e-01 6.412467768467389195e-02 9.291289579496520682e-14
2.836470076064917523e-01 6.479967429188099315e-02 4.443511309060814765e-14
2.836470076064917523e-01 6.547467089908808047e-02 2.116802226119927285e-14
2.836470076064917523e-01 6.614966750629516778e-02 1.005512420791463438e-14
2.836470076064917523e-01 6.682466411350226898e-02 4.759024835158004588e-15
2.916487937024012655e-01 0.000000000000000000e+00 2.570996361206300060e-09
2.916487937024012655e-01 6.749966072070936064e-04 2.804855127395948029e-08
2.916487937024012655e-01 1.349993214414187213e-03 2.138029964058387215e-07
2.916487937024012655e-01 2.024989821621281036e-03 1.260568367918367491e-06
2.916487937024012655e-01 2.699986428828374425e-03 6.075353805678606721e-06
2.916487937024012655e-01 3.374983036035467815e-03 2.524169481979576208e-05
2.916487937024012655e-01 4.049979643242562072e-03 9.192011946285425547e-05
2.916487937024012655e-01 4.724976250449655461e-03 2.988975560860543824e-04
2.916487937024012655e-01 5.399972857656748851e-03 8.781774962899539620e-04
2.916487937024012655e-01 6.074969464863842240e-03 2.354093737059309230e-03
2.916487937024012655e-01 6.749966072070935630e-03 5.805353227140802770e-03
2.916487937024012655e-01 7.424962679278029887e-03 1.325992236490968965e-02
2.916487937024012655e-01 8.099959286485124144e-03 2.823559441187258393e-02
2.916487937024012655e-01 8.774955893692216666e-03 5.635557104043548843e-02
2.916487937024012655e-01 9.449952500899310923e-03 1.059134915026491430e-01
2.916487937024012655e-01 1.012494910810640344e-02 1.882070494347840572e-01
2.916487937024012655e-01 1.079994571531349770e-02 3.173830452818497960e-01
2.916487937024012655e-01 1.147494232252059196e-02 5.096013204710110323e-01
2.916487937024012655e-01 1.214993892972768448e-02 7.813922179018003566e-01
2.916487937024012655e-01 1.282493553693477874e-02 1.147233289175712656e+00
2.916487937024012655e-01 1.349993214414187126e-02 1.616797326836917348e+00
2.916487937024012655e-01 1.417492875134896552e-02 2.192118130267910026e+00
2.916487937024012655e-01 1.484992535855605977e-02 2.865341213765928874e+00
2.916487937024012655e-01 1.552492196576315230e-02 3.617628905789458837e+00
2.916487937024012655e-01 1.619991857297024829e-02 4.419317179863076817e+00
2.916487937024012655e-01 1.687491518017733907e-02 5.232286593164731769e+00
2.916487937024012655e-01 1.754991178738443333e-02 6.012648514258474464e+00
2.916487937024012655e-01 1.822490839459152759e-02 6.695634520104152720e+00
2.916487937024012655e-01 1.889990500179862185e-02 7.247838913167902852e+00
2.916487937024012655e-01 1.957490160900571610e-02 7.647511563611782748e+00
2.916487937024012655e-01 2.024989821621280689e-02 7.872991100046315971e+00
2.916487937024012655e-01 2.092489482341990115e-02 7.843301533695312244e+00
2.916487937024012655e-01 2.159989143062699540e-02 7.558174545736750183e+00
2.916487937024012655e-01 2.227488803783408966e-02 7.104498689233358810e+00
2.916487937024012655e-01 2.294988464504118392e-02 6.544616078919049507e+00
2.916487937024012655e-01 2.362488125224827470e-02 5.891159633979916599e+00
2.916487937024012655e-01 2.429987785945536896e-02 5.172388906001016196e+00
2.916487937024012655e-01 2.497487446666246322e-02 4.445612923596130805e+00
2.916487937024012655e-01 2.564987107386955748e-02 3.744539915773515304e+00
2.916487937024012655e-01 2.632486768107665173e-02 3.087770257911489402e+00
2.916487937024012655e-01 2.699986428828374252e-02 2.497220079677262117e+00
2.916487937024012655e-01 2.767486089549083678e-02 1.982343678302857404e+00
2.916487937024012655e-01 2.834985750269793103e-02 1.543869421952017928e+00
2.916487937024012655e-01 2.902485410990502529e-02 1.182339309148911832e+00
2.916487937024012655e-01 2.969985071711211955e-02 8.887225850433795316e-01
2.916487937024012655e-01 3.037484732431921380e-02 6.580336735042388030e-01
2.916487937024012655e-01 3.104984393152630459e-02 4.787515511501501120e-01
2.916487937024012655e-01 3.172484053873340232e-02 3.431139806446150686e-01
2.916487937024012655e-01 3.239983714594049657e-02 2.424924615947882112e-01
2.916487937024012655e-01 3.307483375314758389e-02 1.685869424382117066e-01
2.916487937024012655e-01 3.374983036035467815e-02 1.156599184993999663e-01
2.916487937024012655e-01 3.442482696756177241e-02 7.831994802869263195e-02
2.916487937024012655e-01 3.509982357476886666e-02 5.221386913494910353e-02
2.916487937024012655e-01 3.577482018197596092e-02 3.432969132739868701e-02
2.916487937024012655e-01 3.644981678918305518e-02 2.230428066138003332e-02
2.916487937024012655e-01 3.712481339639014943e-02 1.432406827648646623e-02
2.916487937024012655e-01 3.779981000359724369e-02 9.091101090706925347e-03
2.916487937024012655e-01 3.847480661080433795e-02 5.707036407943050400e-03
2.916487937024012655e-01 3.914980321801143220e-02 3.544706848059354844e-03
2.916487937024012655e-01 3.982479982521851952e-02 2.175653416902668686e-03
2.916487937024012655e-01 4.049979643242561378e-02 1.321959960498326429e-03
2.916487937024012655e-01 4.117479303963270804e-02 7.939399386926636543e-04
2.916487937024012655e-01 4.184978964683980229e-02 4.705938210994661960e-04
2.916487937024012655e-01 4.252478625404689655e-02 2.763931102122135362e-04
2.916487937024012655e-01 4.319978286125399081e-02 1.607956303413653751e-04
2.916487937024012655e-01 4.387477946846108506e-02 9.277320423475160244e-05
2.916487937024012655e-01 4.454977607566817932e-02 5.310276244883297916e-05
2.916487937024012655e-01 4.522477268287527358e-02 3.014156720554706206e-05
2.916487937024012655e-01 4.589976929008236783e-02 1.697217341495958691e-05
2.916487937024012655e-01 4.657476589728946209e-02 9.470557834549436121e-06
2.916487937024012655e-01 4.724976250449654941e-02 5.237736925850691135e-06
2.916487937024012655e-01 4.792475911170364367e-02 2.874738697864145829e-06
2.916487937024012655e-01 4.859975571891073792e-02 1.567707927947714775e-06
2.916487937024012655e-01 4.927475232611783218e-02 8.492198605912751591e-07
2.916487937024012655e-01 4.994974893332492644e-02 4.567449391097008997e-07
2.916487937024012655e-01 5.062474554053202069e-02 2.436822498407890186e-07
2.916487937024012655e-01 5.129974214773911495e-02 1.291832447704126608e-07
2.916487937024012655e-01 5.197473875494620921e-02 6.810406649107480251e-08
2.916487937024012655e-01 5.264973536215330346e-02 3.570771601144527461e-08
2.916487937024012655e-01 5.332473196936039772e-02 1.857522723364060720e-08
2.916487937024012655e-01 5.399972857656748504e-02 9.614341531703135210e-09
2.916487937024012655e-01 5.467472518377457930e-02 4.949479229367176470e-09
2.916487937024012655e-01 5.534972179098167355e-02 2.535175916269551043e-09
2.916487937024012655e-01 5.602471839818876781e-02 1.289923334594542013e-09
2.916487937024012655e-01 5.669971500539586207e-02 6.535041563144441410e-10
2.916487937024012655e-01 5.737471161260295632e-02 3.289516546302318269e-10
2.916487937024012655e-01 5.804970821981005058e-02 1.645730932393697862e-10
2.916487937024012655e-01 5.872470482701714484e-02 8.196865930463620579e-11
2.916487937024012655e-01 5.939970143422423909e-02 4.067842200293099394e-11
2.916487937024012655e-01 6.007469804143133335e-02 2.007054165231787232e-11
2.916487937024012655e-01 6.074969464863842761e-02 9.869367721826539231e-12
2.916487937024012655e-01 6.142469125584551493e-02 4.833017616241954433e-12
2.916487937024012655e-01 6.209968786305260918e-02 2.355948532601458462e-12
2.916487937024012655e-01 6.277468447025970344e-02 1.143673259192374511e-12
2.916487937024012655e-01 6.344968107746680464e-02 5.524293915803938614e-13
2.916487937024012655e-01 6.412467768467389195e-02 2.658008145619790620e-13
2.916487937024012655e-01 6.479967429188099315e-02 1.274906755732769135e-13
2.916487937024012655e-01 6.547467089908808047e-02 6.090779567890233022e-14
2.916487937024012655e-01 6.614966750629516778e-02 2.901569509243069760e-14
2.916487937024012655e-01 6.682466411350226898e-02 1.377582761093337005e-14
2.996505797983107788e-01 0.000000000000000000e+00 4.842271821546660562e-09
2.996505797983107788e-01 6.749966072070936064e-04 5.316783374684809360e-08
2.996505797983107788e-01 1.349993214414187213e-03 4.075182950127319587e-07
2.996505797983107788e-01 2.024989821621281036e-03 2.414717743293005668e-06
2.996505797983107788e-01 2.699986428828374425e-03 1.169407139450422746e-05
2.996505797983107788e-01 3.374983036035467815e-03 4.881429451702551755e-05
2.996505797983107788e-01 4.049979643242562072e-03 1.785601240723712173e-04
2.996505797983107788e-01 4.724976250449655461e-03 5.832150987837623037e-04
2.996505797983107788e-01 5.399972857656748851e-03 1.720894979841451622e-03
2.996505797983107788e-01 6.074969464863842240e-03 4.632923185179296105e-03
2.996505797983107788e-01 6.749966072070935630e-03 1.147320540823926205e-02
2.996505797983107788e-01 7.424962679278029887e-03 2.631347777829691134e-02
2.996505797983107788e-01 8.099959286485124144e-03 5.626235261653564357e-02
2.996505797983107788e-01 8.774955893692216666e-03 1.127476930613559580e-01
2.996505797983107788e-01 9.449952500899310923e-03 2.127445815808733098e-01
2.996505797983107788e-01 1.012494910810640344e-02 3.795350821377759809e-01
2.996505797983107788e-01 1.079994571531349770e-02 6.425363758718360963e-01
2.996505797983107788e-01 1.147494232252059196e-02 1.035663758834310277e+00
2.996505797983107788e-01 1.214993892972768448e-02 1.594156313749385712e+00
2.996505797983107788e-01 1.282493553693477874e-02 2.349554507168056361e+00
2.996505797983107788e-01 1.349993214414187126e-02 3.323827092258927252e+00
2.996505797983107788e-01 1.417492875134896552e-02 4.523652518256416677e+00
2.996505797983107788e-01 1.484992535855605977e-02 5.934933068074343510e+00
2.996505797983107788e-01 1.552492196576315230e-02 7.520957309411757663e+00
2.996505797983107788e-01 1.619991857297024829e-02 9.221580492178633293e+00
2.996505797983107788e-01 1.687491518017733907e-02 1.095780194191406487e+01
2.996505797983107788e-01 1.754991178738443333e-02 1.263866170134359912e+01
2.996505797983107788e-01 1.822490839459152759e-02 1.412632935440457516e+01
2.996505797983107788e-01 1.889990500179862185e-02 1.534641993806312854e+01
2.996505797983107788e-01 1.957490160900571610e-02 1.625062606684443267e+01
2.996505797983107788e-01 2.024989821621280689e-02 1.678954055712117466e+01
2.996505797983107788e-01 2.092489482341990115e-02 1.678646072597846128e+01
2.996505797983107788e-01 2.159989143062699540e-02 1.623576363052475102e+01
2.996505797983107788e-01 2.227488803783408966e-02 1.531460142933978652e+01
2.996505797983107788e-01 2.294988464504118392e-02 1.415722667645528965e+01
2.996505797983107788e-01 2.362488125224827470e-02 1.278847824929398058e+01
2.996505797983107788e-01 2.429987785945536896e-02 1.126863233561159916e+01
2.996505797983107788e-01 2.497487446666246322e-02 9.718694760471908722e+00
2.996505797983107788e-01 2.564987107386955748e-02 8.214403732737933339e+00
2.996505797983107788e-01 2.632486768107665173e-02 6.797575636950688782e+00
2.996505797983107788e-01 2.699986428828374252e-02 5.516470450668324865e+00
2.996505797983107788e-01 2.767486089549083678e-02 4.394503985501825305e+00
2.996505797983107788e-01 2.834985750269793103e-02 3.434175846780499253e+00
2.996505797983107788e-01 2.902485410990502529e-02 2.639077206631626815e+00
2.996505797983107788e-01 2.969985071711211955e-02 1.990379191842791551e+00
2.996505797983107788e-01 3.037484732431921380e-02 1.478789163284956798e+00
2.996505797983107788e-01 3.104984393152630459e-02 1.079476087267320361e+00
2.996505797983107788e-01 3.172484053873340232e-02 7.762930620965812212e-01
2.996505797983107788e-01 3.239983714594049657e-02 5.504705734741530687e-01
2.996505797983107788e-01 3.307483375314758389e-02 3.839532002485823159e-01
2.996505797983107788e-01 3.374983036035467815e-02 2.643009355443259323e-01
2.996505797983107788e-01 3.442482696756177241e-02 1.795720299346078852e-01
2.996505797983107788e-01 3.509982357476886666e-02 1.201076501472612829e-01
2.996505797983107788e-01 3.577482018197596092e-02 7.922959618636288281e-02
2.996505797983107788e-01 3.644981678918305518e-02 5.164675530394192970e-02
2.996505797983107788e-01 3.712481339639014943e-02 3.327835662150071400e-02
2.996505797983107788e-01 3.779981000359724369e-02 2.118870781402759293e-02
2.996505797983107788e-01 3.847480661080433795e-02 1.334494164043032935e-02
2.996505797983107788e-01 3.914980321801143220e-02 8.315843902239399357e-03
2.996505797983107788e-01 3.982479982521851952e-02 5.120659178952368176e-03
2.996505797983107788e-01 4.049979643242561378e-02 3.121448189792336552e-03
2.996505797983107788e-01 4.117479303963270804e-02 1.880752559314997170e-03
2.996505797983107788e-01 4.184978964683980229e-02 1.118358607194689996e-03
2.996505797983107788e-01 4.252478625404689655e-02 6.589649569926316801e-04
2.996505797983107788e-01 4.319978286125399081e-02 3.845787183696222004e-04
2.996505797983107788e-01 4.387477946846108506e-02 2.225877017846420380e-04
2.996505797983107788e-01 4.454977607566817932e-02 1.278113117127352405e-04
2.996505797983107788e-01 4.522477268287527358e-02 7.277662683259147078e-05
2.996505797983107788e-01 4.589976929008236783e-02 4.110764335533538007e-05
2.996505797983107788e-01 4.657476589728946209e-02 2.301229797345707173e-05
2.996505797983107788e-01 4.724976250449654941e-02 1.276609632887467234e-05
2.996505797983107788e-01 4.792475911170364367e-02 7.028623219691300413e-06
2.996505797983107788e-01 4.859975571891073792e-02 3.845015532300233840e-06
2.996505797983107788e-01 4.927475232611783218e-02 2.089355183401844301e-06
2.996505797983107788e-01 4.994974893332492644e-02 1.127314559357803838e-06
2.996505797983107788e-01 5.062474554053202069e-02 6.033057870834520526e-07
2.996505797983107788e-01 5.129974214773911495e-02 3.208199267395026239e-07
2.996505797983107788e-01 5.197473875494620921e-02 1.696528251157165501e-07
2.996505797983107788e-01 5.264973536215330346e-02 8.922369848342024023e-08
2.996505797983107788e-01 5.332473196936039772e-02 4.656039786598711487e-08
2.996505797983107788e-01 5.399972857656748504e-02 2.417249041510588018e-08
2.996505797983107788e-01 5.467472518377457930e-02 1.248120881505144107e-08
2.996505797983107788e-01 5.534972179098167355e-02 6.412412028937790009e-09
2.996505797983107788e-01 5.602471839818876781e-02 3.272489862148692150e-09
2.996505797983107788e-01 5.669971500539586207e-02 1.662882187028962026e-09
2.996505797983107788e-01 5.737471161260295632e-02 8.400691530785360907e-10
2.996505797983107788e-01 5.804970821981005058e-02 4.215562811093205594e-10
2.996505797983107788e-01 5.872470482701714484e-02 2.105892266303453076e-10
2.996505797983107788e-01 5.939970143422423909e-02 1.048186487812490579e-10
2.996505797983107788e-01 6.007469804143133335e-02 5.187273961667142693e-11
2.996505797983107788e-01 6.074969464863842761e-02 2.558224931171705212e-11
2.996505797983107788e-01 6.142469125584551493e-02 1.256514653755293315e-11
2.996505797983107788e-01 6.209968786305260918e-02 6.143097278006348747e-12
2.996505797983107788e-01 6.277468447025970344e-02 2.990874906389085455e-12
2.996505797983107788e-01 6.344968107746680464e-02 1.449637883752532615e-12
2.996505797983107788e-01 6.412467768467389195e-02 6.995088163673079013e-13
2.996505797983107788e-01 6.479967429188099315e-02 3.365116529806227953e-13
2.996505797983107788e-01 6.547467089908808047e-02 1.612298386402549113e-13
2.996505797983107788e-01 6.614966750629516778e-02 7.702546558806169152e-14
2.996505797983107788e-01 6.682466411350226898e-02 3.667500433199478603e-14
3.076523658942202921e-01 0.000000000000000000e+00 8.444312278875942605e-09
3.076523658942202921e-01 6.749966072070936064e-04 9.331875647847318060e-08
3.076523658942202921e-01 1.349993214414187213e-03 7.192378690441314482e-07
3.076523658942202921e-01 2.024989821621281036e-03 4.283060723331248805e-06
3.076523658942202921e-01 2.699986428828374425e-03 2.084094577169070362e-05
3.076523658942202921e-01 3.374983036035467815e-03 8.739630928548677640e-05
3.076523658942202921e-01 4.049979643242562072e-03 3.211196855305168741e-04
3.076523658942202921e-01 4.724976250449655461e-03 1.053433140108895509e-03
3.076523658942202921e-01 5.399972857656748851e-03 3.121722129996057707e-03
3.076523658942202921e-01 6.074969464863842240e-03 8.439364416329987392e-03
3.076523658942202921e-01 6.749966072070935630e-03 2.098716222137706963e-02
3.076523658942202921e-01 7.424962679278029887e-03 4.833123832720605945e-02
3.076523658942202921e-01 8.099959286485124144e-03 1.037581411801574982e-01
3.076523658942202921e-01 8.774955893692216666e-03 2.087593022794624609e-01
3.076523658942202921e-01 9.449952500899310923e-03 3.954866354123744432e-01
3.076523658942202921e-01 1.012494910810640344e-02 7.083322176772853807e-01
3.076523658942202921e-01 1.079994571531349770e-02 1.203824823002620059e+00
3.076523658942202921e-01 1.147494232252059196e-02 1.947863888474440364e+00
3.076523658942202921e-01 1.214993892972768448e-02 3.009661321963546410e+00
3.076523658942202921e-01 1.282493553693477874e-02 4.452538614516218018e+00
3.076523658942202921e-01 1.349993214414187126e-02 6.322669995788088748e+00
3.076523658942202921e-01 1.417492875134896552e-02 8.637177660863432749e+00
3.076523658942202921e-01 1.484992535855605977e-02 1.137388345275861568e+01
3.076523658942202921e-01 1.552492196576315230e-02 1.446607158533507587e+01
3.076523658942202921e-01 1.619991857297024829e-02 1.780164904462056441e+01
3.076523658942202921e-01 1.687491518017733907e-02 2.123014937953524495e+01
3.076523658942202921e-01 1.754991178738443333e-02 2.457465499786822605e+01
3.076523658942202921e-01 1.822490839459152759e-02 2.756673586799865561e+01
3.076523658942202921e-01 1.889990500179862185e-02 3.005585328669805278e+01
3.076523658942202921e-01 1.957490160900571610e-02 3.194014534053842880e+01
3.076523658942202921e-01 2.024989821621280689e-02 3.311658266448866073e+01
3.076523658942202921e-01 2.092489482341990115e-02 3.322758985299563506e+01
3.076523658942202921e-01 2.159989143062699540e-02 3.225611616232066581e+01
3.076523658942202921e-01 2.227488803783408966e-02 3.053130574636194083e+01
3.076523658942202921e-01 2.294988464504118392e-02 2.832019575301499259e+01
3.076523658942202921e-01 2.362488125224827470e-02 2.567175073344267844e+01
3.076523658942202921e-01 2.429987785945536896e-02 2.270131602725998476e+01
3.076523658942202921e-01 2.497487446666246322e-02 1.964615661552532799e+01
3.076523658942202921e-01 2.564987107386955748e-02 1.666250899561856258e+01
3.076523658942202921e-01 2.632486768107665173e-02 1.383651406952689911e+01
3.076523658942202921e-01 2.699986428828374252e-02 1.126711963074115808e+01
3.076523658942202921e-01 2.767486089549083678e-02 9.006574726080160076e+00
3.076523658942202921e-01 2.834985750269793103e-02 7.062140198220527409e+00
3.076523658942202921e-01 2.902485410990502529e-02 5.445838931391784321e+00
3.076523658942202921e-01 2.969985071711211955e-02 4.120911823069164370e+00
3.076523658942202921e-01 3.037484732431921380e-02 3.072155326350081594e+00
3.076523658942202921e-01 3.104984393152630459e-02 2.250067483671183144e+00
3.076523658942202921e-01 3.172484053873340232e-02 1.623670687507565047e+00
3.076523658942202921e-01 3.239983714594049657e-02 1.155178960256671550e+00
3.076523658942202921e-01 3.307483375314758389e-02 8.084197177284495606e-01
3.076523658942202921e-01 3.374983036035467815e-02 5.583537854986463378e-01
3.076523658942202921e-01 3.442482696756177241e-02 3.806258977428567114e-01
3.076523658942202921e-01 3.509982357476886666e-02 2.554127987667977884e-01
3.076523658942202921e-01 3.577482018197596092e-02 1.690411502519484355e-01
3.076523658942202921e-01 3.644981678918305518e-02 1.105554899147194181e-01
3.076523658942202921e-01 3.712481339639014943e-02 7.146615258604072096e-02
3.076523658942202921e-01 3.779981000359724369e-02 4.565159193754517175e-02
3.076523658942202921e-01 3.847480661080433795e-02 2.884629577489991603e-02
3.076523658942202921e-01 3.914980321801143220e-02 1.803443400513167830e-02
3.076523658942202921e-01 3.982479982521851952e-02 1.114116689374163721e-02
3.076523658942202921e-01 4.049979643242561378e-02 6.813320259381176573e-03
3.076523658942202921e-01 4.117479303963270804e-02 4.118485203670725105e-03
3.076523658942202921e-01 4.184978964683980229e-02 2.456842877485200700e-03
3.076523658942202921e-01 4.252478625404689655e-02 1.452269190276291857e-03
3.076523658942202921e-01 4.319978286125399081e-02 8.502481982224401524e-04
3.076523658942202921e-01 4.387477946846108506e-02 4.936843349413780032e-04
3.076523658942202921e-01 4.454977607566817932e-02 2.843655543328215264e-04
3.076523658942202921e-01 4.522477268287527358e-02 1.624250871009624332e-04
3.076523658942202921e-01 4.589976929008236783e-02 9.203198439761165687e-05
3.076523658942202921e-01 4.657476589728946209e-02 5.168217330418793984e-05
3.076523658942202921e-01 4.724976250449654941e-02 2.876046435844408059e-05
3.076523658942202921e-01 4.792475911170364367e-02 1.588381729586136647e-05
3.076523658942202921e-01 4.859975571891073792e-02 8.716281806388575677e-06
3.076523658942202921e-01 4.927475232611783218e-02 4.751163004343699269e-06
3.076523658942202921e-01 4.994974893332492644e-02 2.571577957672186345e-06
3.076523658942202921e-01 5.062474554053202069e-02 1.380450611506813319e-06
3.076523658942202921e-01 5.129974214773911495e-02 7.363359612776407250e-07
3.076523658942202921e-01 5.197473875494620921e-02 3.905689423558957254e-07
3.076523658942202921e-01 5.264973536215330346e-02 2.060307579975482327e-07
3.076523658942202921e-01 5.332473196936039772e-02 1.078492282359572485e-07
3.076523658942202921e-01 5.399972857656748504e-02 5.616091767448862925e-08
3.076523658942202921e-01 5.467472518377457930e-02 2.908647225543744762e-08
3.076523658942202921e-01 5.534972179098167355e-02 1.498924568345437603e-08
3.076523658942202921e-01 5.602471839818876781e-02 7.672094837744204619e-09
3.076523658942202921e-01 5.669971500539586207e-02 3.909960950333883909e-09
3.076523658942202921e-01 5.737471161260295632e-02 1.982273219981094677e-09
3.076523658942202921e-01 5.804970821981005058e-02 9.977601457600143744e-10
3.076523658942202921e-01 5.872470482701714484e-02 4.999209980917086729e-10
3.076523658942202921e-01 5.939970143422423909e-02 2.495643954650858144e-10
3.076523658942202921e-01 6.007469804143133335e-02 1.238722475017326489e-10
3.076523658942202921e-01 6.074969464863842761e-02 6.127011618438880900e-11
3.076523658942202921e-01 6.142469125584551493e-02 3.018361991516470068e-11
3.076523658942202921e-01 6.209968786305260918e-02 1.479977166753792434e-11
3.076523658942202921e-01 6.277468447025970344e-02 7.226634423951690346e-12
3.076523658942202921e-01 6.344968107746680464e-02 3.514558858535045110e-12
3.076523658942202921e-01 6.412467768467389195e-02 1.700805657098863424e-12
3.076523658942202921e-01 6.479967429188099315e-02 8.205638284524217324e-13
3.076523658942202921e-01 6.547467089908808047e-02 3.942985530149144672e-13
3.076523658942202921e-01 6.614966750629516778e-02 1.889121595485243417e-13
3.076523658942202921e-01 6.682466411350226898e-02 9.020978488295932869e-14
3.156541519901298609e-01 0.000000000000000000e+00 1.368771920352106273e-08
3.156541519901298609e-01 6.749966072070936064e-04 1.522336827741454409e-07
3.156541519901298609e-01 1.349993214414187213e-03 1.179831060827674146e-06
3.156541519901298609e-01 2.024989821621281036e-03 7.061016739781512067e-06
3.156541519901298609e-01 2.699986428828374425e-03 3.452351142357395580e-05
3.156541519901298609e-01 3.374983036035467815e-03 1.454339466430910248e-04
3.156541519901298609e-01 4.049979643242562072e-03 5.367132488796506895e-04
3.156541519901298609e-01 4.724976250449655461e-03 1.768342570311817524e-03
3.156541519901298609e-01 5.399972857656748851e-03 5.262467061186232135e-03
3.156541519901298609e-01 6.074969464863842240e-03 1.428686155890835502e-02
3.156541519901298609e-01 6.749966072070935630e-03 3.567520396319562997e-02
3.156541519901298609e-01 7.424962679278029887e-03 8.248893414443604633e-02
3.156541519901298609e-01 8.099959286485124144e-03 1.778045980574017304e-01
3.156541519901298609e-01 8.774955893692216666e-03 3.591561090459756134e-01
3.156541519901298609e-01 9.449952500899310923e-03 6.830808636061059813e-01
3.156541519901298609e-01 1.012494910810640344e-02 1.228206569959618744e+00
3.156541519901298609e-01 1.079994571531349770e-02 2.095488797675259640e+00
3.156541519901298609e-01 1.147494232252059196e-02 3.403527464284912263e+00
3.156541519901298609e-01 1.214993892972768448e-02 5.278811960064449416e+00
3.156541519901298609e-01 1.282493553693477874e-02 7.838942066252723606e+00
3.156541519901298609e-01 1.349993214414187126e-02 1.117281865602760149e+01
3.156541519901298609e-01 1.417492875134896552e-02 1.531978522757001038e+01
3.156541519901298609e-01 1.484992535855605977e-02 2.024877454358573914e+01
3.156541519901298609e-01 1.552492196576315230e-02 2.584905310281241952e+01
3.156541519901298609e-01 1.619991857297024829e-02 3.192510497043342355e+01
3.156541519901298609e-01 1.687491518017733907e-02 3.821075256894041416e+01
3.156541519901298609e-01 1.754991178738443333e-02 4.438981335170142017e+01
3.156541519901298609e-01 1.822490839459152759e-02 4.997233439458192095e+01
3.156541519901298609e-01 1.889990500179862185e-02 5.467776229826335310e+01
3.156541519901298609e-01 1.957490160900571610e-02 5.831237447497922943e+01
3.156541519901298609e-01 2.024989821621280689e-02 6.067597853277241171e+01
3.156541519901298609e-01 2.092489482341990115e-02 6.109582353986882453e+01
3.156541519901298609e-01 2.159989143062699540e-02 5.952609237153859567e+01
3.156541519901298609e-01 2.227488803783408966e-02 5.653820052050151190e+01
3.156541519901298609e-01 2.294988464504118392e-02 5.262327375699559440e+01
3.156541519901298609e-01 2.362488125224827470e-02 4.786663588322657858e+01
3.156541519901298609e-01 2.429987785945536896e-02 4.247673275016185812e+01
3.156541519901298609e-01 2.497487446666246322e-02 3.688507224801135465e+01
3.156541519901298609e-01 2.564987107386955748e-02 3.139023472366862677e+01
3.156541519901298609e-01 2.632486768107665173e-02 2.615730220047866794e+01
3.156541519901298609e-01 2.699986428828374252e-02 2.137220529636812216e+01
3.156541519901298609e-01 2.767486089549083678e-02 1.714294917313607769e+01
3.156541519901298609e-01 2.834985750269793103e-02 1.348691032550969915e+01
3.156541519901298609e-01 2.902485410990502529e-02 1.043537815662518753e+01
3.156541519901298609e-01 2.969985071711211955e-02 7.923004075820872849e+00
3.156541519901298609e-01 3.037484732431921380e-02 5.926592802766307955e+00
3.156541519901298609e-01 3.104984393152630459e-02 4.354913292753740173e+00
3.156541519901298609e-01 3.172484053873340232e-02 3.153147814047873254e+00
3.156541519901298609e-01 3.239983714594049657e-02 2.250615908260525266e+00
3.156541519901298609e-01 3.307483375314758389e-02 1.580323262353348968e+00
3.156541519901298609e-01 3.374983036035467815e-02 1.095111440673632197e+00
3.156541519901298609e-01 3.442482696756177241e-02 7.489718997614293050e-01
3.156541519901298609e-01 3.509982357476886666e-02 5.041994990030931323e-01
3.156541519901298609e-01 3.577482018197596092e-02 3.347882217250783277e-01
3.156541519901298609e-01 3.644981678918305518e-02 2.196758638535349639e-01
3.156541519901298609e-01 3.712481339639014943e-02 1.424566729223556150e-01
3.156541519901298609e-01 3.779981000359724369e-02 9.129498080573672514e-02
3.156541519901298609e-01 3.847480661080433795e-02 5.787420895953555855e-02
3.156541519901298609e-01 3.914980321801143220e-02 3.630005921350976106e-02
3.156541519901298609e-01 3.982479982521851952e-02 2.249792648653528224e-02
3.156541519901298609e-01 4.049979643242561378e-02 1.380209732720389347e-02
3.156541519901298609e-01 4.117479303963270804e-02 8.369924088291630024e-03
3.156541519901298609e-01 4.184978964683980229e-02 5.008761843808708265e-03
3.156541519901298609e-01 4.252478625404689655e-02 2.970108963706048072e-03
3.156541519901298609e-01 4.319978286125399081e-02 1.744323561787575107e-03
3.156541519901298609e-01 4.387477946846108506e-02 1.015995048956407727e-03
3.156541519901298609e-01 4.454977607566817932e-02 5.870433643719261694e-04
3.156541519901298609e-01 4.522477268287527358e-02 3.363644746357052711e-04
3.156541519901298609e-01 4.589976929008236783e-02 1.911711070161423837e-04
3.156541519901298609e-01 4.657476589728946209e-02 1.076855653965363892e-04
3.156541519901298609e-01 4.724976250449654941e-02 6.011036345641313107e-05
3.156541519901298609e-01 4.792475911170364367e-02 3.329977502737221614e-05
3.156541519901298609e-01 4.859975571891073792e-02 1.832932861694305137e-05
3.156541519901298609e-01 4.927475232611783218e-02 1.002181353286074120e-05
3.156541519901298609e-01 4.994974893332492644e-02 5.441342412027645468e-06
3.156541519901298609e-01 5.062474554053202069e-02 2.929882697532378754e-06
3.156541519901298609e-01 5.129974214773911495e-02 1.567566944484803945e-06
3.156541519901298609e-01 5.197473875494620921e-02 8.339863043466996432e-07
3.156541519901298609e-01 5.264973536215330346e-02 4.412675327371860362e-07
3.156541519901298609e-01 5.332473196936039772e-02 2.316990015463117062e-07
3.156541519901298609e-01 5.399972857656748504e-02 1.210150739575587582e-07
3.156541519901298609e-01 5.467472518377457930e-02 6.286151656937806368e-08
3.156541519901298609e-01 5.534972179098167355e-02 3.249355788997006055e-08
3.156541519901298609e-01 5.602471839818876781e-02 1.668102320175833425e-08
3.156541519901298609e-01 5.669971500539586207e-02 8.526011758702503507e-09
3.156541519901298609e-01 5.737471161260295632e-02 4.337796055576467914e-09
3.156541519901298609e-01 5.804970821981005058e-02 2.189915642993443633e-09
3.156541519901298609e-01 5.872470482701714484e-02 1.100510633380890104e-09
3.156541519901298609e-01 5.939970143422423909e-02 5.509892617826733666e-10
3.156541519901298609e-01 6.007469804143133335e-02 2.743064828461455172e-10
3.156541519901298609e-01 6.074969464863842761e-02 1.360756128972034260e-10
3.156541519901298609e-01 6.142469125584551493e-02 6.723634520672154245e-11
3.156541519901298609e-01 6.209968786305260918e-02 3.306350617046248031e-11
3.156541519901298609e-01 6.277468447025970344e-02 1.619226161767688324e-11
3.156541519901298609e-01 6.344968107746680464e-02 7.899450157328394435e-12
3.156541519901298609e-01 6.412467768467389195e-02 3.834793322212268011e-12
3.156541519901298609e-01 6.479967429188099315e-02 1.855405134292600801e-12
3.156541519901298609e-01 6.547467089908808047e-02 8.941792977992269432e-13
3.156541519901298609e-01 6.614966750629516778e-02 4.296388163101401586e-13
3.156541519901298609e-01 6.682466411350226898e-02 2.057553525528757554e-13
3.236559380860393742e-01 0.000000000000000000e+00 2.069807961839861442e-08
3.236559380860393742e-01 6.749966072070936064e-04 2.316728491599066592e-07
3.236559380860393742e-01 1.349993214414187213e-03 1.805305784770082667e-06
3.236559380860393742e-01 2.024989821621281036e-03 1.085862028742172426e-05
3.236559380860393742e-01 2.699986428828374425e-03 5.334325572954558612e-05
3.236559380860393742e-01 3.374983036035467815e-03 2.257500969872204858e-04
3.236559380860393742e-01 4.049979643242562072e-03 8.367831297238059306e-04
3.236559380860393742e-01 4.724976250449655461e-03 2.768773986395237172e-03
3.236559380860393742e-01 5.399972857656748851e-03 8.274516518022015030e-03
3.236559380860393742e-01 6.074969464863842240e-03 2.255708026659614118e-02
3.236559380860393742e-01 6.749966072070935630e-03 5.656093819319109317e-02
3.236559380860393742e-01 7.424962679278029887e-03 1.313102278189058059e-01
3.236559380860393742e-01 8.099959286485124144e-03 2.841673409914024506e-01
3.236559380860393742e-01 8.774955893692216666e-03 5.762869827184121663e-01
3.236559380860393742e-01 9.449952500899310923e-03 1.100335702102845481e+00
3.236559380860393742e-01 1.012494910810640344e-02 1.986122107364715950e+00
3.236559380860393742e-01 1.079994571531349770e-02 3.401575738151655148e+00
3.236559380860393742e-01 1.147494232252059196e-02 5.546189722598648508e+00
3.236559380860393742e-01 1.214993892972768448e-02 8.634510138494048803e+00
3.236559380860393742e-01 1.282493553693477874e-02 1.287004491165223641e+01
3.236559380860393742e-01 1.349993214414187126e-02 1.841182752126791300e+01
3.236559380860393742e-01 1.417492875134896552e-02 2.533821810737854108e+01
3.236559380860393742e-01 1.484992535855605977e-02 3.361331112090068984e+01
3.236559380860393742e-01 1.552492196576315230e-02 4.306555610775866683e+01
3.236559380860393742e-01 1.619991857297024829e-02 5.338251695106236383e+01
3.236559380860393742e-01 1.687491518017733907e-02 6.412396966766276307e+01
3.236559380860393742e-01 1.754991178738443333e-02 7.475881006397888484e+01
3.236559380860393742e-01 1.822490839459152759e-02 8.446257800956196604e+01
3.236559380860393742e-01 1.889990500179862185e-02 9.274052377189840968e+01
3.236559380860393742e-01 1.957490160900571610e-02 9.925403350182133977e+01
3.236559380860393742e-01 2.024989821621280689e-02 1.036390095936481401e+02
3.236559380860393742e-01 2.092489482341990115e-02 1.047274541275516384e+02
3.236559380860393742e-01 2.159989143062699540e-02 1.024136094851287169e+02
3.236559380860393742e-01 2.227488803783408966e-02 9.760695444166810830e+01
3.236559380860393742e-01 2.294988464504118392e-02 9.115795898993457058e+01
3.236559380860393742e-01 2.362488125224827470e-02 8.320419079106781624e+01
3.236559380860393742e-01 2.429987785945536896e-02 7.409402473088304930e+01
3.236559380860393742e-01 2.497487446666246322e-02 6.455581715061680370e+01
3.236559380860393742e-01 2.564987107386955748e-02 5.512469208375249252e+01
3.236559380860393742e-01 2.632486768107665173e-02 4.609367922709828491e+01
3.236559380860393742e-01 2.699986428828374252e-02 3.778846464867261545e+01
3.236559380860393742e-01 2.767486089549083678e-02 3.041479021645964664e+01
3.236559380860393742e-01 2.834985750269793103e-02 2.400789829909707862e+01
3.236559380860393742e-01 2.902485410990502529e-02 1.863855136134986878e+01
3.236559380860393742e-01 2.969985071711211955e-02 1.419776005218996318e+01
3.236559380860393742e-01 3.037484732431921380e-02 1.065597634730057308e+01
3.236559380860393742e-01 3.104984393152630459e-02 7.855720692410977257e+00
3.236559380860393742e-01 3.172484053873340232e-02 5.706944732806377374e+00
3.236559380860393742e-01 3.239983714594049657e-02 4.086517352572866635e+00
3.236559380860393742e-01 3.307483375314758389e-02 2.878939091071510248e+00
3.236559380860393742e-01 3.374983036035467815e-02 2.001620988014690461e+00
3.236559380860393742e-01 3.442482696756177241e-02 1.373350149564071199e+00
3.236559380860393742e-01 3.509982357476886666e-02 9.275282132444231387e-01
3.236559380860393742e-01 3.577482018197596092e-02 6.178852199637933085e-01
3.236559380860393742e-01 3.644981678918305518e-02 4.067397256244807413e-01
3.236559380860393742e-01 3.712481339639014943e-02 2.645910642528482848e-01
3.236559380860393742e-01 3.779981000359724369e-02 1.701132162832102723e-01
3.236559380860393742e-01 3.847480661080433795e-02 1.081833326528457567e-01
3.236559380860393742e-01 3.914980321801143220e-02 6.807209044836959322e-02
3.236559380860393742e-01 3.982479982521851952e-02 4.232474050076005107e-02
3.236559380860393742e-01 4.049979643242561378e-02 2.604572922703592142e-02
3.236559380860393742e-01 4.117479303963270804e-02 1.584718565133582530e-02
3.236559380860393742e-01 4.184978964683980229e-02 9.513433302995658036e-03
3.236559380860393742e-01 4.252478625404689655e-02 5.659107695766535558e-03
3.236559380860393742e-01 4.319978286125399081e-02 3.333954729047163435e-03
3.236559380860393742e-01 4.387477946846108506e-02 1.947972042908563059e-03
3.236559380860393742e-01 4.454977607566817932e-02 1.129022178886957689e-03
3.236559380860393742e-01 4.522477268287527358e-02 6.489263791690125672e-04
3.236559380860393742e-01 4.589976929008236783e-02 3.699293247662406624e-04
3.236559380860393742e-01 4.657476589728946209e-02 2.090404258539912757e-04
3.236559380860393742e-01 4.724976250449654941e-02 1.170411462182606097e-04
3.236559380860393742e-01 4.792475911170364367e-02 6.503466091437726379e-05
3.236559380860393742e-01 4.859975571891073792e-02 3.590578817909379172e-05
3.236559380860393742e-01 4.927475232611783218e-02 1.969230253908392096e-05
3.236559380860393742e-01 4.994974893332492644e-02 1.072514821047345520e-05
3.236559380860393742e-01 5.062474554053202069e-02 5.792360675971093186e-06
3.236559380860393742e-01 5.129974214773911495e-02 3.108452287955801509e-06
3.236559380860393742e-01 5.197473875494620921e-02 1.658756162562162333e-06
3.236559380860393742e-01 5.264973536215330346e-02 8.802808497534465544e-07
3.236559380860393742e-01 5.332473196936039772e-02 4.636301436022895723e-07
3.236559380860393742e-01 5.399972857656748504e-02 2.428680889742230999e-07
3.236559380860393742e-01 5.467472518377457930e-02 1.265327671238441982e-07
3.236559380860393742e-01 5.534972179098167355e-02 6.560296957612509139e-08
3.236559380860393742e-01 5.602471839818876781e-02 3.377565242509910745e-08
3.236559380860393742e-01 5.669971500539586207e-02 1.731433640597194302e-08
3.236559380860393742e-01 5.737471161260295632e-02 8.835496268833338748e-09
3.236559380860393742e-01 5.804970821981005058e-02 4.476356733275489383e-09
3.236559380860393742e-01 5.872470482701714484e-02 2.256011916477696021e-09
3.236559380860393742e-01 5.939970143422423909e-02 1.132721196995965147e-09
3.236559380860393742e-01 6.007469804143133335e-02 5.655903571032265840e-10
3.236559380860393742e-01 6.074969464863842761e-02 2.813804760698459987e-10
3.236559380860393742e-01 6.142469125584551493e-02 1.394415205171750169e-10
3.236559380860393742e-01 6.209968786305260918e-02 6.876820797130351311e-11
3.236559380860393742e-01 6.277468447025970344e-02 3.377516904702313855e-11
3.236559380860393742e-01 6.344968107746680464e-02 1.652550025953242166e-11
3.236559380860393742e-01 6.412467768467389195e-02 8.048576451771046594e-12
3.236559380860393742e-01 6.479967429188099315e-02 3.905321725556513979e-12
3.236559380860393742e-01 6.547467089908808047e-02 1.887572209654958598e-12
3.236559380860393742e-01 6.614966750629516778e-02 9.095060646251241085e-13
3.236559380860393742e-01 6.682466411350226898e-02 4.368165370165438009e-13
3.316577241819488875e-01 0.000000000000000000e+00 2.929364435981817967e-08
3.316577241819488875e-01 6.749966072070936064e-04 3.299645490163735262e-07
3.316577241819488875e-01 1.349993214414187213e-03 2.585323591760272813e-06
3.316577241819488875e-01 2.024989821621281036e-03 1.562768936136331292e-05
3.316577241819488875e-01 2.699986428828374425e-03 7.713308340554231454e-05
3.316577241819488875e-01 3.374983036035467815e-03 3.279252716396976216e-04
3.316577241819488875e-01 4.049979643242562072e-03 1.220908203699993004e-03
3.316577241819488875e-01 4.724976250449655461e-03 4.057237740072767822e-03
3.316577241819488875e-01 5.399972857656748851e-03 1.217573371572596916e-02
3.316577241819488875e-01 6.074969464863842240e-03 3.332963174138112855e-02
3.316577241819488875e-01 6.749966072070935630e-03 8.391242352333719290e-02
3.316577241819488875e-01 7.424962679278029887e-03 1.955966029941327011e-01
3.316577241819488875e-01 8.099959286485124144e-03 4.249918989094876864e-01
3.316577241819488875e-01 8.774955893692216666e-03 8.652705021238302763e-01
3.316577241819488875e-01 9.449952500899310923e-03 1.658508076985360624e+00
3.316577241819488875e-01 1.012494910810640344e-02 3.005274444226043951e+00
3.316577241819488875e-01 1.079994571531349770e-02 5.166865770028680416e+00
3.316577241819488875e-01 1.147494232252059196e-02 8.456273467550493805e+00
3.316577241819488875e-01 1.214993892972768448e-02 1.321486715977440518e+01
3.316577241819488875e-01 1.282493553693477874e-02 1.977108603183513580e+01
3.316577241819488875e-01 1.349993214414187126e-02 2.838889574524328197e+01
3.316577241819488875e-01 1.417492875134896552e-02 3.921210858050757508e+01
3.316577241819488875e-01 1.484992535855605977e-02 5.220679017620954454e+01
3.316577241819488875e-01 1.552492196576315230e-02 6.712977179033769914e+01
3.316577241819488875e-01 1.619991857297024829e-02 8.351010704787512395e+01
3.316577241819488875e-01 1.687491518017733907e-02 1.006751713055429320e+02
3.316577241819488875e-01 1.754991178738443333e-02 1.177930845681957663e+02
3.316577241819488875e-01 1.822490839459152759e-02 1.335532648403976168e+02
3.316577241819488875e-01 1.889990500179862185e-02 1.471577847074623264e+02
3.316577241819488875e-01 1.957490160900571610e-02 1.580425481766484097e+02
3.316577241819488875e-01 2.024989821621280689e-02 1.655984499784873663e+02
3.316577241819488875e-01 2.092489482341990115e-02 1.679265287792891002e+02
3.316577241819488875e-01 2.159989143062699540e-02 1.648129631762299709e+02
3.316577241819488875e-01 2.227488803783408966e-02 1.576266577390111934e+02
3.316577241819488875e-01 2.294988464504118392e-02 1.477148672597066650e+02
3.316577241819488875e-01 2.362488125224827470e-02 1.352895544692063652e+02
3.316577241819488875e-01 2.429987785945536896e-02 1.208974025080072039e+02
3.316577241819488875e-01 2.497487446666246322e-02 1.056848347211924875e+02
3.316577241819488875e-01 2.564987107386955748e-02 9.054914414055895122e+01
3.316577241819488875e-01 2.632486768107665173e-02 7.597152387622575986e+01
3.316577241819488875e-01 2.699986428828374252e-02 6.248911997197014756e+01
3.316577241819488875e-01 2.767486089549083678e-02 5.046720531211828131e+01
3.316577241819488875e-01 2.834985750269793103e-02 3.996785355832881237e+01
3.316577241819488875e-01 2.902485410990502529e-02 3.113327267689352595e+01
3.316577241819488875e-01 2.969985071711211955e-02 2.379323426137093733e+01
3.316577241819488875e-01 3.037484732431921380e-02 1.791704693752296151e+01
3.316577241819488875e-01 3.104984393152630459e-02 1.325148525323233706e+01
3.316577241819488875e-01 3.172484053873340232e-02 9.659022911528525768e+00
3.316577241819488875e-01 3.239983714594049657e-02 6.938567946398087827e+00
3.316577241819488875e-01 3.307483375314758389e-02 4.904408431335474994e+00
3.316577241819488875e-01 3.374983036035467815e-02 3.421016313476318960e+00
3.316577241819488875e-01 3.442482696756177241e-02 2.354693283509812662e+00
3.316577241819488875e-01 3.509982357476886666e-02 1.595483822427853360e+00
3.316577241819488875e-01 3.577482018197596092e-02 1.066300271949105483e+00
3.316577241819488875e-01 3.644981678918305518e-02 7.041833741445358008e-01
3.316577241819488875e-01 3.712481339639014943e-02 4.595167582634584469e-01
3.316577241819488875e-01 3.779981000359724369e-02 2.963753070881181562e-01
3.316577241819488875e-01 3.847480661080433795e-02 1.890778641935002835e-01
3.316577241819488875e-01 3.914980321801143220e-02 1.193514862484097716e-01
3.316577241819488875e-01 3.982479982521851952e-02 7.444393861220922892e-02
3.316577241819488875e-01 4.049979643242561378e-02 4.595067993084954450e-02
3.316577241819488875e-01 4.117479303963270804e-02 2.804943044542143257e-02
3.316577241819488875e-01 4.184978964683980229e-02 1.689182265315368817e-02
3.316577241819488875e-01 4.252478625404689655e-02 1.007988147950091874e-02
3.316577241819488875e-01 4.319978286125399081e-02 5.956737166487508818e-03
3.316577241819488875e-01 4.387477946846108506e-02 3.491240775076342139e-03
3.316577241819488875e-01 4.454977607566817932e-02 2.029724627200388959e-03
3.316577241819488875e-01 4.522477268287527358e-02 1.170239808462604589e-03
3.316577241819488875e-01 4.589976929008236783e-02 6.691083232695249367e-04
3.316577241819488875e-01 4.657476589728946209e-02 3.792942698973347511e-04
3.316577241819488875e-01 4.724976250449654941e-02 2.130168708003955856e-04
3.316577241819488875e-01 4.792475911170364367e-02 1.187264018172796054e-04
3.316577241819488875e-01 4.859975571891073792e-02 6.574434886987299892e-05
3.316577241819488875e-01 4.927475232611783218e-02 3.616581690210995243e-05
3.316577241819488875e-01 4.994974893332492644e-02 1.975790247635402107e-05
3.316577241819488875e-01 5.062474554053202069e-02 1.070276484431328720e-05
3.316577241819488875e-01 5.129974214773911495e-02 5.760828616030103986e-06
3.316577241819488875e-01 5.197473875494620921e-02 3.083293077310014020e-06
3.316577241819488875e-01 5.264973536215330346e-02 1.641150018039085502e-06
3.316577241819488875e-01 5.332473196936039772e-02 8.669859388345589498e-07
3.316577241819488875e-01 5.399972857656748504e-02 4.555014994501203562e-07
3.316577241819488875e-01 5.467472518377457930e-02 2.380137722201886993e-07
3.316577241819488875e-01 5.534972179098167355e-02 1.237679970651377230e-07
3.316577241819488875e-01 5.602471839818876781e-02 6.390838885721663597e-08
3.316577241819488875e-01 5.669971500539586207e-02 3.285681719380832379e-08
3.316577241819488875e-01 5.737471161260295632e-02 1.681552711417726653e-08
3.316577241819488875e-01 5.804970821981005058e-02 8.549823251993121003e-09
3.316577241819488875e-01 5.872470482701714484e-02 4.321420727647764585e-09
3.316577241819488875e-01 5.939970143422423909e-02 2.175974540424840214e-09
3.316577241819488875e-01 6.007469804143133335e-02 1.089660037341289425e-09
3.316577241819488875e-01 6.074969464863842761e-02 5.436227773066222817e-10
3.316577241819488875e-01 6.142469125584551493e-02 2.701720006361340221e-10
3.316577241819488875e-01 6.209968786305260918e-02 1.336287215530073979e-10
3.316577241819488875e-01 6.277468447025970344e-02 6.581748185332366727e-11
3.316577241819488875e-01 6.344968107746680464e-02 3.229692682319141480e-11
3.316577241819488875e-01 6.412467768467389195e-02 1.578088044024374916e-11
3.316577241819488875e-01 6.479967429188099315e-02 7.678879720920435626e-12
3.316577241819488875e-01 6.547467089908808047e-02 3.722126582923303035e-12
3.316577241819488875e-01 6.614966750629516778e-02 1.798448971462068033e-12
3.316577241819488875e-01 6.682466411350226898e-02 8.661745808051221857e-13
3.396595102778584008e-01 0.000000000000000000e+00 3.893634448076645365e-08
3.396595102778584008e-01 6.749966072070936064e-04 4.413836937831641766e-07
3.396595102778584008e-01 1.349993214414187213e-03 3.476923487084858598e-06
3.396595102778584008e-01 2.024989821621281036e-03 2.112202109078176526e-05
3.396595102778584008e-01 2.699986428828374425e-03 1.047360390566020498e-04
3.396595102778584008e-01 3.374983036035467815e-03 4.472933050957573890e-04
3.396595102778584008e-01 4.049979643242562072e-03 1.672683690518275918e-03
3.396595102778584008e-01 4.724976250449655461e-03 5.582318696613057345e-03
3.396595102778584008e-01 5.399972857656748851e-03 1.682355043899586011e-02
3.396595102778584008e-01 6.074969464863842240e-03 4.624212363394493430e-02
3.396595102778584008e-01 6.749966072070935630e-03 1.168905922927382657e-01
3.396595102778584008e-01 7.424962679278029887e-03 2.735470539102772825e-01
3.396595102778584008e-01 8.099959286485124144e-03 5.967057916761765446e-01
3.396595102778584008e-01 8.774955893692216666e-03 1.219669892996509741e+00
3.396595102778584008e-01 9.449952500899310923e-03 2.346817935850467052e+00
3.396595102778584008e-01 1.012494910810640344e-02 4.268758160415210945e+00
3.396595102778584008e-01 1.079994571531349770e-02 7.366952848431838952e+00
3.396595102778584008e-01 1.147494232252059196e-02 1.210285547039991982e+01
3.396595102778584008e-01 1.214993892972768448e-02 1.898365567710666113e+01
3.396595102778584008e-01 1.282493553693477874e-02 2.850700178498489734e+01
3.396595102778584008e-01 1.349993214414187126e-02 4.108407722148205465e+01
3.396595102778584008e-01 1.417492875134896552e-02 5.695403558389776322e+01
3.396595102778584008e-01 1.484992535855605977e-02 7.610297303155380177e+01
3.396595102778584008e-01 1.552492196576315230e-02 9.820546123105489755e+01
3.396595102778584008e-01 1.619991857297024829e-02 1.226051992350383415e+02
3.396595102778584008e-01 1.687491518017733907e-02 1.483294288252135118e+02
3.396595102778584008e-01 1.754991178738443333e-02 1.741594960931901994e+02
3.396595102778584008e-01 1.822490839459152759e-02 1.981645007160223599e+02
3.396595102778584008e-01 1.889990500179862185e-02 2.191096022802393293e+02
3.396595102778584008e-01 1.957490160900571610e-02 2.361320875691832555e+02
3.396595102778584008e-01 2.024989821621280689e-02 2.482729352227825359e+02
3.396595102778584008e-01 2.092489482341990115e-02 2.526384809334122394e+02
3.396595102778584008e-01 2.159989143062699540e-02 2.488456999653105015e+02
3.396595102778584008e-01 2.227488803783408966e-02 2.388006950614874313e+02
3.396595102778584008e-01 2.294988464504118392e-02 2.245452587713337493e+02
3.396595102778584008e-01 2.362488125224827470e-02 2.063658438534426409e+02
3.396595102778584008e-01 2.429987785945536896e-02 1.850551254545498523e+02
3.396595102778584008e-01 2.497487446666246322e-02 1.623098132517739600e+02
3.396595102778584008e-01 2.564987107386955748e-02 1.395331605090823359e+02
3.396595102778584008e-01 2.632486768107665173e-02 1.174696697612598371e+02
3.396595102778584008e-01 2.699986428828374252e-02 9.694482634371027530e+01
3.396595102778584008e-01 2.767486089549083678e-02 7.855800649088158139e+01
3.396595102778584008e-01 2.834985750269793103e-02 6.241925751123065425e+01
3.396595102778584008e-01 2.902485410990502529e-02 4.878419987844677053e+01
3.396595102778584008e-01 2.969985071711211955e-02 3.740453891389916663e+01
3.396595102778584008e-01 3.037484732431921380e-02 2.826120612116489639e+01
3.396595102778584008e-01 3.104984393152630459e-02 2.096917702547145623e+01
3.396595102778584008e-01 3.172484053873340232e-02 1.533516650567853468e+01
3.396595102778584008e-01 3.239983714594049657e-02 1.105094511184769424e+01
3.396595102778584008e-01 3.307483375314758389e-02 7.837064601900601168e+00
3.396595102778584008e-01 3.374983036035467815e-02 5.484612448810273655e+00
3.396595102778584008e-01 3.442482696756177241e-02 3.787015006360923586e+00
3.396595102778584008e-01 3.509982357476886666e-02 2.574261368193751398e+00
3.396595102778584008e-01 3.577482018197596092e-02 1.726024137661726687e+00
3.396595102778584008e-01 3.644981678918305518e-02 1.143537091844838649e+00
3.396595102778584008e-01 3.712481339639014943e-02 7.485422084692674449e-01
3.396595102778584008e-01 3.779981000359724369e-02 4.843467007241746836e-01
3.396595102778584008e-01 3.847480661080433795e-02 3.099723685312908428e-01
3.396595102778584008e-01 3.914980321801143220e-02 1.962772643571159548e-01
3.396595102778584008e-01 3.982479982521851952e-02 1.228127845032901261e-01
3.396595102778584008e-01 4.049979643242561378e-02 7.603589313777965597e-02
3.396595102778584008e-01 4.117479303963270804e-02 4.656486169129822605e-02
3.396595102778584008e-01 4.184978964683980229e-02 2.812935350376951499e-02
3.396595102778584008e-01 4.252478625404689655e-02 1.683826948810809854e-02
3.396595102778584008e-01 4.319978286125399081e-02 9.981656003097428773e-03
3.396595102778584008e-01 4.387477946846108506e-02 5.868405835014309582e-03
3.396595102778584008e-01 4.454977607566817932e-02 3.422188418158255471e-03
3.396595102778584008e-01 4.522477268287527358e-02 1.979087452496955304e-03
3.396595102778584008e-01 4.589976929008236783e-02 1.134976771231379538e-03
3.396595102778584008e-01 4.657476589728946209e-02 6.453925731104699463e-04
3.396595102778584008e-01 4.724976250449654941e-02 3.635607285059657529e-04
3.396595102778584008e-01 4.792475911170364367e-02 2.032494126714711781e-04
3.396595102778584008e-01 4.859975571891073792e-02 1.128890389946983898e-04
3.396595102778584008e-01 4.927475232611783218e-02 6.228860041234773968e-05
3.396595102778584008e-01 4.994974893332492644e-02 3.413293280685030797e-05
3.396595102778584008e-01 5.062474554053202069e-02 1.854438365353325272e-05
3.396595102778584008e-01 5.129974214773911495e-02 1.001135859082226095e-05
3.396595102778584008e-01 5.197473875494620921e-02 5.374036327522727625e-06
3.396595102778584008e-01 5.264973536215330346e-02 2.868836213005942286e-06
3.396595102778584008e-01 5.332473196936039772e-02 1.520106082406174638e-06
3.396595102778584008e-01 5.399972857656748504e-02 8.009810178588231161e-07
3.396595102778584008e-01 5.467472518377457930e-02 4.197361566024369411e-07
3.396595102778584008e-01 5.534972179098167355e-02 2.189193380708888077e-07
3.396595102778584008e-01 5.602471839818876781e-02 1.133687957983076533e-07
3.396595102778584008e-01 5.669971500539586207e-02 5.845484553187233942e-08
3.396595102778584008e-01 5.737471161260295632e-02 3.000223808265971791e-08
3.396595102778584008e-01 5.804970821981005058e-02 1.530871401676156421e-08
3.396595102778584008e-01 5.872470482701714484e-02 7.759877395583319046e-09
3.396595102778584008e-01 5.939970143422423909e-02 3.918655560273920303e-09
3.396595102778584008e-01 6.007469804143133335e-02 1.968108147994440189e-09
3.396595102778584008e-01 6.074969464863842761e-02 9.846354606810819708e-10
3.396595102778584008e-01 6.142469125584551493e-02 4.907224899761806774e-10
3.396595102778584008e-01 6.209968786305260918e-02 2.434073906544426001e-10
3.396595102778584008e-01 6.277468447025970344e-02 1.202285204047340517e-10
3.396595102778584008e-01 6.344968107746680464e-02 5.916676770302696993e-11
3.396595102778584008e-01 6.412467768467389195e-02 2.899590890992504973e-11
3.396595102778584008e-01 6.479967429188099315e-02 1.415263464251402829e-11
3.396595102778584008e-01 6.547467089908808047e-02 6.879514813338238890e-12
3.396595102778584008e-01 6.614966750629516778e-02 3.333150637630657938e-12
3.396595102778584008e-01 6.682466411350226898e-02 1.609869240380163173e-12
3.476612963737679141e-01 0.000000000000000000e+00 4.875241206133139689e-08
3.476612963737679141e-01 6.749966072070936064e-04 5.562203389048291243e-07
3.476612963737679141e-01 1.349993214414187213e-03 4.405258620845533082e-06
3.476612963737679141e-01 2.024989821621281036e-03 2.689290810326950122e-05
3.476612963737679141e-01 2.699986428828374425e-03 1.339693448429641926e-04
3.476612963737679141e-01 3.374983036035467815e-03 5.746873050677542023e-04
3.476612963737679141e-01 4.049979643242562072e-03 2.158489814979457598e-03
3.476612963737679141e-01 4.724976250449655461e-03 7.234217117498909291e-03
3.476612963737679141e-01 5.399972857656748851e-03 2.189367594873042194e-02
3.476612963737679141e-01 6.074969464863842240e-03 6.042844613281300042e-02
3.476612963737679141e-01 6.749966072070935630e-03 1.533652422412572769e-01
3.476612963737679141e-01 7.424962679278029887e-03 3.603419953066374082e-01
3.476612963737679141e-01 8.099959286485124144e-03 7.890862368013266126e-01
3.476612963737679141e-01 8.774955893692216666e-03 1.619127154495753285e+00
3.476612963737679141e-01 9.449952500899310923e-03 3.127481821602830614e+00
3.476612963737679141e-01 1.012494910810640344e-02 5.710475522881637289e+00
3.476612963737679141e-01 1.079994571531349770e-02 9.892215539829715354e+00
3.476612963737679141e-01 1.147494232252059196e-02 1.631211037819714349e+01
3.476612963737679141e-01 1.214993892972768448e-02 2.568169954101223595e+01
3.476612963737679141e-01 1.282493553693477874e-02 3.870725324297608694e+01
3.476612963737679141e-01 1.349993214414187126e-02 5.598820892056148324e+01
3.476612963737679141e-01 1.417492875134896552e-02 7.789732121085077665e+01
3.476612963737679141e-01 1.484992535855605977e-02 1.044639839974750686e+02
3.476612963737679141e-01 1.552492196576315230e-02 1.352855045610909031e+02
3.476612963737679141e-01 1.619991857297024829e-02 1.694955680139108551e+02
3.476612963737679141e-01 1.687491518017733907e-02 2.057800930843108347e+02
3.476612963737679141e-01 1.754991178738443333e-02 2.424588987795318360e+02
3.476612963737679141e-01 1.822490839459152759e-02 2.768404147742498935e+02
3.476612963737679141e-01 1.889990500179862185e-02 3.071701410987516851e+02
3.476612963737679141e-01 1.957490160900571610e-02 3.321788775280365940e+02
3.476612963737679141e-01 2.024989821621280689e-02 3.504593809028412466e+02
3.476612963737679141e-01 2.092489482341990115e-02 3.578555679075323042e+02
3.476612963737679141e-01 2.159989143062699540e-02 3.537379503197282702e+02
3.476612963737679141e-01 2.227488803783408966e-02 3.406094614162518042e+02
3.476612963737679141e-01 2.294988464504118392e-02 3.213435086524892199e+02
3.476612963737679141e-01 2.362488125224827470e-02 2.963263015899379980e+02
3.476612963737679141e-01 2.429987785945536896e-02 2.666553240142077357e+02
3.476612963737679141e-01 2.497487446666246322e-02 2.346587859663919460e+02
3.476612963737679141e-01 2.564987107386955748e-02 2.024018301519296017e+02
3.476612963737679141e-01 2.632486768107665173e-02 1.709727725582602886e+02
3.476612963737679141e-01 2.699986428828374252e-02 1.415625238966060806e+02
3.476612963737679141e-01 2.767486089549083678e-02 1.151000398313088340e+02
3.476612963737679141e-01 2.834985750269793103e-02 9.175221381754509764e+01
3.476612963737679141e-01 2.902485410990502529e-02 7.194636226903487852e+01
3.476612963737679141e-01 2.969985071711211955e-02 5.534216515665222857e+01
3.476612963737679141e-01 3.037484732431921380e-02 4.195183861730414776e+01
3.476612963737679141e-01 3.104984393152630459e-02 3.122768863871446143e+01
3.476612963737679141e-01 3.172484053873340232e-02 2.291249943957608082e+01
3.476612963737679141e-01 3.239983714594049657e-02 1.656318505120190210e+01
3.476612963737679141e-01 3.307483375314758389e-02 1.178448836197395799e+01
3.476612963737679141e-01 3.374983036035467815e-02 8.273970741835695364e+00
3.476612963737679141e-01 3.442482696756177241e-02 5.731061311392282143e+00
3.476612963737679141e-01 3.509982357476886666e-02 3.908207704107151237e+00
3.476612963737679141e-01 3.577482018197596092e-02 2.628779865716745601e+00
3.476612963737679141e-01 3.644981678918305518e-02 1.747169215719624802e+00
3.476612963737679141e-01 3.712481339639014943e-02 1.147203150823000728e+00
3.476612963737679141e-01 3.779981000359724369e-02 7.446556714673766564e-01
3.476612963737679141e-01 3.847480661080433795e-02 4.780694194010165488e-01
3.476612963737679141e-01 3.914980321801143220e-02 3.036690466303582081e-01
3.476612963737679141e-01 3.982479982521851952e-02 1.906019822804946029e-01
3.476612963737679141e-01 4.049979643242561378e-02 1.183554860666906627e-01
3.476612963737679141e-01 4.117479303963270804e-02 7.271403948167817766e-02
3.476612963737679141e-01 4.184978964683980229e-02 4.406116450727784462e-02
3.476612963737679141e-01 4.252478625404689655e-02 2.645661998267863357e-02
3.476612963737679141e-01 4.319978286125399081e-02 1.573125516040340191e-02
3.476612963737679141e-01 4.387477946846108506e-02 9.277219449262094284e-03
3.476612963737679141e-01 4.454977607566817932e-02 5.426582362271162828e-03
3.476612963737679141e-01 4.522477268287527358e-02 3.147599108245054036e-03
3.476612963737679141e-01 4.589976929008236783e-02 1.810551118408930968e-03
3.476612963737679141e-01 4.657476589728946209e-02 1.032743531547191491e-03
3.476612963737679141e-01 4.724976250449654941e-02 5.835082488942696126e-04
3.476612963737679141e-01 4.792475911170364367e-02 3.271912988862417707e-04
3.476612963737679141e-01 4.859975571891073792e-02 1.822692848714178361e-04
3.476612963737679141e-01 4.927475232611783218e-02 1.008706022676069222e-04
3.476612963737679141e-01 4.994974893332492644e-02 5.544493751444224474e-05
3.476612963737679141e-01 5.062474554053202069e-02 3.021266180882903007e-05
3.476612963737679141e-01 5.129974214773911495e-02 1.635872988563969162e-05
3.476612963737679141e-01 5.197473875494620921e-02 8.806793508683504623e-06
3.476612963737679141e-01 5.264973536215330346e-02 4.715207888465420043e-06
3.476612963737679141e-01 5.332473196936039772e-02 2.505966978130875996e-06
3.476612963737679141e-01 5.399972857656748504e-02 1.324224479722870547e-06
3.476612963737679141e-01 5.467472518377457930e-02 6.959542230650832069e-07
3.476612963737679141e-01 5.534972179098167355e-02 3.640717359266032198e-07
3.476612963737679141e-01 5.602471839818876781e-02 1.890858869399489278e-07
3.476612963737679141e-01 5.669971500539586207e-02 9.777671673436199255e-08
3.476612963737679141e-01 5.737471161260295632e-02 5.032908704143509633e-08
3.476612963737679141e-01 5.804970821981005058e-02 2.576350057580038242e-08
3.476612963737679141e-01 5.872470482701714484e-02 1.310054230626839519e-08
3.476612963737679141e-01 5.939970143422423909e-02 6.634682716399763183e-09
3.476612963737679141e-01 6.007469804143133335e-02 3.341913983617922190e-09
3.476612963737679141e-01 6.074969464863842761e-02 1.676674325641748944e-09
3.476612963737679141e-01 6.142469125584551493e-02 8.379998790962165528e-10
3.476612963737679141e-01 6.209968786305260918e-02 4.168478739087380040e-10
3.476612963737679141e-01 6.277468447025970344e-02 2.064675428051128314e-10
3.476612963737679141e-01 6.344968107746680464e-02 1.018973511213268916e-10
3.476612963737679141e-01 6.412467768467389195e-02 5.007609664410057729e-11
3.476612963737679141e-01 6.479967429188099315e-02 2.452071973702727153e-11
3.476612963737679141e-01 6.547467089908808047e-02 1.195232771964755187e-11
3.476612963737679141e-01 6.614966750629516778e-02 5.807168710906953383e-12
3.476612963737679141e-01 6.682466411350226898e-02 2.812683314387767906e-12
3.556630824696774829e-01 0.000000000000000000e+00 5.766589779848195039e-08
3.556630824696774829e-01 6.749966072070936064e-04 6.620993951210329699e-07
3.556630824696774829e-01 1.349993214414187213e-03 5.272427947030684153e-06
3.556630824696774829e-01 2.024989821621281036e-03 3.234610311838533633e-05
3.556630824696774829e-01 2.699986428828374425e-03 1.618733930665978656e-04
3.556630824696774829e-01 3.374983036035467815e-03 6.974969557276420240e-04
3.556630824696774829e-01 4.049979643242562072e-03 2.631056728957040670e-03
3.556630824696774829e-01 4.724976250449655461e-03 8.855288973532847441e-03
3.556630824696774829e-01 5.399972857656748851e-03 2.691047870837259132e-02
3.556630824696774829e-01 6.074969464863842240e-03 7.458131650650655364e-02
3.556630824696774829e-01 6.749966072070935630e-03 1.900490527077099701e-01
3.556630824696774829e-01 7.424962679278029887e-03 4.483213274647270818e-01
3.556630824696774829e-01 8.099959286485124144e-03 9.855999943289677212e-01
3.556630824696774829e-01 8.774955893692216666e-03 2.030153424936512963e+00
3.556630824696774829e-01 9.449952500899310923e-03 3.936322685387053433e+00
3.556630824696774829e-01 1.012494910810640344e-02 7.214295545675533994e+00
3.556630824696774829e-01 1.079994571531349770e-02 1.254460369832663602e+01
3.556630824696774829e-01 1.147494232252059196e-02 2.076332226579625129e+01
3.556630824696774829e-01 1.214993892972768448e-02 3.280946106487439806e+01
3.556630824696774829e-01 1.282493553693477874e-02 4.963161539658554489e+01
3.556630824696774829e-01 1.349993214414187126e-02 7.205196902717732144e+01
3.556630824696774829e-01 1.417492875134896552e-02 1.006091336037379875e+02
3.556630824696774829e-01 1.484992535855605977e-02 1.354044937204798202e+02
3.556630824696774829e-01 1.552492196576315230e-02 1.759813253892047555e+02
3.556630824696774829e-01 1.619991857297024829e-02 2.212704496531345626e+02
3.556630824696774829e-01 1.687491518017733907e-02 2.695753211903394231e+02
3.556630824696774829e-01 1.754991178738443333e-02 3.187317290999991997e+02
3.556630824696774829e-01 1.822490839459152759e-02 3.651939088076827034e+02
3.556630824696774829e-01 1.889990500179862185e-02 4.065957991312994295e+02
3.556630824696774829e-01 1.957490160900571610e-02 4.412064835569464663e+02
3.556630824696774829e-01 2.024989821621280689e-02 4.670782287183358221e+02
3.556630824696774829e-01 2.092489482341990115e-02 4.785870097614936185e+02
3.556630824696774829e-01 2.159989143062699540e-02 4.747563115434936094e+02
3.556630824696774829e-01 2.227488803783408966e-02 4.586636284129282899e+02
3.556630824696774829e-01 2.294988464504118392e-02 4.341584970225287634e+02
3.556630824696774829e-01 2.362488125224827470e-02 4.016982404710270771e+02
3.556630824696774829e-01 2.429987785945536896e-02 3.627141813180630265e+02
3.556630824696774829e-01 2.497487446666246322e-02 3.202466381762798733e+02
3.556630824696774829e-01 2.564987107386955748e-02 2.771497369694405393e+02
3.556630824696774829e-01 2.632486768107665173e-02 2.349069872583381766e+02
3.556630824696774829e-01 2.699986428828374252e-02 1.951340780830292942e+02
3.556630824696774829e-01 2.767486089549083678e-02 1.591848852149192624e+02
3.556630824696774829e-01 2.834985750269793103e-02 1.273078268800437769e+02
3.556630824696774829e-01 2.902485410990502529e-02 1.001469005666564982e+02
3.556630824696774829e-01 2.969985071711211955e-02 7.728639222820456212e+01
3.556630824696774829e-01 3.037484732431921380e-02 5.877856930655514134e+01
3.556630824696774829e-01 3.104984393152630459e-02 4.389157721239051568e+01
3.556630824696774829e-01 3.172484053873340232e-02 3.231029689550319262e+01
3.556630824696774829e-01 3.239983714594049657e-02 2.342999529768152556e+01
3.556630824696774829e-01 3.307483375314758389e-02 1.672398878754754392e+01
3.556630824696774829e-01 3.374983036035467815e-02 1.177990312911900794e+01
3.556630824696774829e-01 3.442482696756177241e-02 8.184898504090327265e+00
3.556630824696774829e-01 3.509982357476886666e-02 5.599409208727188059e+00
3.556630824696774829e-01 3.577482018197596092e-02 3.778404861900043876e+00
3.556630824696774829e-01 3.644981678918305518e-02 2.519167525552629350e+00
3.556630824696774829e-01 3.712481339639014943e-02 1.659171751331821154e+00
3.556630824696774829e-01 3.779981000359724369e-02 1.080365061286445050e+00
3.556630824696774829e-01 3.847480661080433795e-02 6.957676672792919570e-01
3.556630824696774829e-01 3.914980321801143220e-02 4.433388986219942707e-01
3.556630824696774829e-01 3.982479982521851952e-02 2.791391282957136344e-01
3.556630824696774829e-01 4.049979643242561378e-02 1.738530898208089925e-01
3.556630824696774829e-01 4.117479303963270804e-02 1.071483602609157315e-01
3.556630824696774829e-01 4.184978964683980229e-02 6.512338467263607822e-02
3.556630824696774829e-01 4.252478625404689655e-02 3.922340546784481435e-02
3.556630824696774829e-01 4.319978286125399081e-02 2.339332616580606233e-02
3.556630824696774829e-01 4.387477946846108506e-02 1.383764807832902136e-02
3.556630824696774829e-01 4.454977607566817932e-02 8.118665369920558331e-03
3.556630824696774829e-01 4.522477268287527358e-02 4.723094692434821884e-03
3.556630824696774829e-01 4.589976929008236783e-02 2.725022102481658697e-03
3.556630824696774829e-01 4.657476589728946209e-02 1.559154253952937767e-03
3.556630824696774829e-01 4.724976250449654941e-02 8.835690647996542052e-04
3.556630824696774829e-01 4.792475911170364367e-02 4.969207970710923759e-04
3.556630824696774829e-01 4.859975571891073792e-02 2.776402979758097757e-04
3.556630824696774829e-01 4.927475232611783218e-02 1.541056528700477670e-04
3.556630824696774829e-01 4.994974893332492644e-02 8.495735749621101277e-05
3.556630824696774829e-01 5.062474554053202069e-02 4.643439637764186669e-05
3.556630824696774829e-01 5.129974214773911495e-02 2.521632047634311572e-05
3.556630824696774829e-01 5.197473875494620921e-02 1.361482472082477839e-05
3.556630824696774829e-01 5.264973536215330346e-02 7.310418916229461155e-06
3.556630824696774829e-01 5.332473196936039772e-02 3.896491425448324805e-06
3.556630824696774829e-01 5.399972857656748504e-02 2.064957420941742501e-06
3.556630824696774829e-01 5.467472518377457930e-02 1.088388885157255107e-06
3.556630824696774829e-01 5.534972179098167355e-02 5.710118350162117491e-07
3.556630824696774829e-01 5.602471839818876781e-02 2.974371236068760661e-07
3.556630824696774829e-01 5.669971500539586207e-02 1.542464383365719207e-07
3.556630824696774829e-01 5.737471161260295632e-02 7.962065015446442170e-08
3.556630824696774829e-01 5.804970821981005058e-02 4.087676105834904506e-08
3.556630824696774829e-01 5.872470482701714484e-02 2.085700792513364497e-08
3.556630824696774829e-01 5.939970143422423909e-02 1.059293850595751479e-08
3.556630824696774829e-01 6.007469804143133335e-02 5.351147815135444993e-09
3.556630824696774829e-01 6.074969464863842761e-02 2.692230455547672952e-09
3.556630824696774829e-01 6.142469125584551493e-02 1.349344607021014569e-09
3.556630824696774829e-01 6.209968786305260918e-02 6.731233361580356068e-10
3.556630824696774829e-01 6.277468447025970344e-02 3.343345434596394148e-10
3.556630824696774829e-01 6.344968107746680464e-02 1.654735399863719148e-10
3.556630824696774829e-01 6.412467768467389195e-02 8.153989647137381097e-11
3.556630824696774829e-01 6.479967429188099315e-02 4.005147569900971824e-11
3.556630824696774829e-01 6.547467089908808047e-02 1.957717012969955147e-11
3.556630824696774829e-01 6.614966750629516778e-02 9.537827294483661357e-12
3.556630824696774829e-01 6.682466411350226898e-02 4.632535584847914206e-12
3.636648685655869961e-01 0.000000000000000000e+00 6.461476121182650880e-08
3.636648685655869961e-01 6.749966072070936064e-04 7.465649794219487133e-07
3.636648685655869961e-01 1.349993214414187213e-03 5.977059163617748019e-06
3.636648685655869961e-01 2.024989821621281036e-03 3.684766226250253630e-05
3.636648685655869961e-01 2.699986428828374425e-03 1.852710141325315525e-04
3.636648685655869961e-01 3.374983036035467815e-03 8.018391196492656928e-04
3.636648685655869961e-01 4.049979643242562072e-03 3.037761094608655045e-03
3.636648685655869961e-01 4.724976250449655461e-03 1.026683821931381746e-02
3.636648685655869961e-01 5.399972857656748851e-03 3.132928973848961296e-02
3.636648685655869961e-01 6.074969464863842240e-03 8.717963260202460374e-02
3.636648685655869961e-01 6.749966072070935630e-03 2.230335484923001155e-01
3.636648685655869961e-01 7.424962679278029887e-03 5.282434797121703385e-01
3.636648685655869961e-01 8.099959286485124144e-03 1.165804532118984049e+00
3.636648685655869961e-01 8.774955893692216666e-03 2.410677989517822528e+00
3.636648685655869961e-01 9.449952500899310923e-03 4.691963690873711457e+00
3.636648685655869961e-01 1.012494910810640344e-02 8.631503757796059162e+00
3.636648685655869961e-01 1.079994571531349770e-02 1.506443755175439669e+01
3.636648685655869961e-01 1.147494232252059196e-02 2.502662180194393216e+01
3.636648685655869961e-01 1.214993892972768448e-02 3.969307239741389282e+01
3.636648685655869961e-01 1.282493553693477874e-02 6.026141362596605688e+01
3.636648685655869961e-01 1.349993214414187126e-02 8.779976389286007077e+01
3.636648685655869961e-01 1.417492875134896552e-02 1.230379060007484497e+02
3.636648685655869961e-01 1.484992535855605977e-02 1.661831642967130449e+02
3.636648685655869961e-01 1.552492196576315230e-02 2.167483665421022181e+02
3.636648685655869961e-01 1.619991857297024829e-02 2.734818708334766484e+02
3.636648685655869961e-01 1.687491518017733907e-02 3.343589796767120106e+02
3.636648685655869961e-01 1.754991178738443333e-02 3.966918214411400641e+02
3.636648685655869961e-01 1.822490839459152759e-02 4.560874910911476832e+02
3.636648685655869961e-01 1.889990500179862185e-02 5.095372679510589933e+02
3.636648685655869961e-01 1.957490160900571610e-02 5.547790873819893704e+02
3.636648685655869961e-01 2.024989821621280689e-02 5.893160806169231591e+02
3.636648685655869961e-01 2.092489482341990115e-02 6.059015840730118043e+02
3.636648685655869961e-01 2.159989143062699540e-02 6.031892652546385989e+02
3.636648685655869961e-01 2.227488803783408966e-02 5.846934373812904369e+02
3.636648685655869961e-01 2.294988464504118392e-02 5.552779402309566876e+02
3.636648685655869961e-01 2.362488125224827470e-02 5.154795331349615708e+02
3.636648685655869961e-01 2.429987785945536896e-02 4.670351066085435150e+02
3.636648685655869961e-01 2.497487446666246322e-02 4.136953522450542096e+02
3.636648685655869961e-01 2.564987107386955748e-02 3.591972676221666347e+02
3.636648685655869961e-01 2.632486768107665173e-02 3.054775634142021659e+02
3.636648685655869961e-01 2.699986428828374252e-02 2.545882124353293534e+02
3.636648685655869961e-01 2.767486089549083678e-02 2.083759414158719494e+02
3.636648685655869961e-01 2.834985750269793103e-02 1.671842365102213535e+02
3.636648685655869961e-01 2.902485410990502529e-02 1.319310202436691100e+02
3.636648685655869961e-01 2.969985071711211955e-02 1.021506781950469218e+02
3.636648685655869961e-01 3.037484732431921380e-02 7.794038378231368824e+01
3.636648685655869961e-01 3.104984393152630459e-02 5.838527414401325188e+01
3.636648685655869961e-01 3.172484053873340232e-02 4.311855285588821118e+01
3.636648685655869961e-01 3.239983714594049657e-02 3.136446732926372150e+01
3.636648685655869961e-01 3.307483375314758389e-02 2.246015971709658032e+01
3.636648685655869961e-01 3.374983036035467815e-02 1.587119034658306660e+01
3.636648685655869961e-01 3.442482696756177241e-02 1.106202837634260483e+01
3.636648685655869961e-01 3.509982357476886666e-02 7.591548714484285476e+00
3.636648685655869961e-01 3.577482018197596092e-02 5.138841825460431778e+00
3.636648685655869961e-01 3.644981678918305518e-02 3.437083283479752005e+00
3.636648685655869961e-01 3.712481339639014943e-02 2.270625909212026450e+00
3.636648685655869961e-01 3.779981000359724369e-02 1.483128863209427939e+00
3.636648685655869961e-01 3.847480661080433795e-02 9.581128320184241209e-01
3.636648685655869961e-01 3.914980321801143220e-02 6.123940245016987749e-01
3.636648685655869961e-01 3.982479982521851952e-02 3.867524456976071945e-01
3.636648685655869961e-01 4.049979643242561378e-02 2.416181019594272339e-01
3.636648685655869961e-01 4.117479303963270804e-02 1.493869582569815058e-01
3.636648685655869961e-01 4.184978964683980229e-02 9.107348529883187160e-02
3.636648685655869961e-01 4.252478625404689655e-02 5.501833378281620335e-02
3.636648685655869961e-01 4.319978286125399081e-02 3.291193612585735506e-02
3.636648685655869961e-01 4.387477946846108506e-02 1.952677361055057265e-02
3.636648685655869961e-01 4.454977607566817932e-02 1.149036322133213661e-02
3.636648685655869961e-01 4.522477268287527358e-02 6.704600007428044087e-03
3.636648685655869961e-01 4.589976929008236783e-02 3.879878714686648637e-03
3.636648685655869961e-01 4.657476589728946209e-02 2.226764217458014703e-03
3.636648685655869961e-01 4.724976250449654941e-02 1.265667700028718420e-03
3.636648685655869961e-01 4.792475911170364367e-02 7.139205749138855363e-04
3.636648685655869961e-01 4.859975571891073792e-02 4.000517871945607389e-04
3.636648685655869961e-01 4.927475232611783218e-02 2.227031311662476347e-04
3.636648685655869961e-01 4.994974893332492644e-02 1.231316178387651045e-04
3.636648685655869961e-01 5.062474554053202069e-02 6.750084571754433620e-05
3.636648685655869961e-01 5.129974214773911495e-02 3.676323142107060715e-05
3.636648685655869961e-01 5.197473875494620921e-02 1.990745725909485038e-05
3.636648685655869961e-01 5.264973536215330346e-02 1.071990908488201708e-05
3.636648685655869961e-01 5.332473196936039772e-02 5.730446305693837677e-06
3.636648685655869961e-01 5.399972857656748504e-02 3.045464268676051173e-06
3.636648685655869961e-01 5.467472518377457930e-02 1.609746902417648981e-06
3.636648685655869961e-01 5.534972179098167355e-02 8.469560459288855609e-07
3.636648685655869961e-01 5.602471839818876781e-02 4.424668302090301087e-07
3.636648685655869961e-01 5.669971500539586207e-02 2.301058813572084856e-07
3.636648685655869961e-01 5.737471161260295632e-02 1.191170614282795550e-07
3.636648685655869961e-01 5.804970821981005058e-02 6.133173258098654589e-08
3.636648685655869961e-01 5.872470482701714484e-02 3.140052623515535032e-08
3.636648685655869961e-01 5.939970143422423909e-02 1.599230936575555435e-08
3.636648685655869961e-01 6.007469804143133335e-02 8.102205382755245955e-09
3.636648685655869961e-01 6.074969464863842761e-02 4.087636181632263201e-09
3.636648685655869961e-01 6.142469125584551493e-02 2.054380803315044529e-09
3.636648685655869961e-01 6.209968786305260918e-02 1.027740362085648399e-09
3.636648685655869961e-01 6.277468447025970344e-02 5.118936340703578051e-10
3.636648685655869961e-01 6.344968107746680464e-02 2.540743553309327275e-10
3.636648685655869961e-01 6.412467768467389195e-02 1.255371469929816063e-10
3.636648685655869961e-01 6.479967429188099315e-02 6.184170235765109620e-11
3.636648685655869961e-01 6.547467089908808047e-02 3.031840769426446548e-11
3.636648685655869961e-01 6.614966750629516778e-02 1.481053935658010348e-11
3.636648685655869961e-01 6.682466411350226898e-02 7.213600454541161116e-12
3.716666546614965094e-01 0.000000000000000000e+00 6.875677092473183305e-08
3.716666546614965094e-01 6.749966072070936064e-04 7.994405828700460490e-07
3.716666546614965094e-01 1.349993214414187213e-03 6.434465439624230741e-06
3.716666546614965094e-01 2.024989821621281036e-03 3.985850805948673071e-05
3.716666546614965094e-01 2.699986428828374425e-03 2.013335680486613775e-04
3.716666546614965094e-01 3.374983036035467815e-03 8.752418680074761353e-04
3.716666546614965094e-01 4.049979643242562072e-03 3.330217173667954916e-03
3.716666546614965094e-01 4.724976250449655461e-03 1.130257033431879277e-02
3.716666546614965094e-01 5.399972857656748851e-03 3.463168150871880763e-02
3.716666546614965094e-01 6.074969464863842240e-03 9.675517890598962778e-02
3.716666546614965094e-01 6.749966072070935630e-03 2.485081401389942490e-01
3.716666546614965094e-01 7.424962679278029887e-03 5.908809499059299863e-01
3.716666546614965094e-01 8.099959286485124144e-03 1.309128569619158577e+00
3.716666546614965094e-01 8.774955893692216666e-03 2.717418233532563843e+00
3.716666546614965094e-01 9.449952500899310923e-03 5.309172302541135480e+00
3.716666546614965094e-01 1.012494910810640344e-02 9.803621733263915061e+00
3.716666546614965094e-01 1.079994571531349770e-02 1.717326404477462631e+01
3.716666546614965094e-01 1.147494232252059196e-02 2.863444117024425140e+01
3.716666546614965094e-01 1.214993892972768448e-02 4.557978141441811459e+01
3.716666546614965094e-01 1.282493553693477874e-02 6.945238443689848395e+01
3.716666546614965094e-01 1.349993214414187126e-02 1.015542737291223858e+02
3.716666546614965094e-01 1.417492875134896552e-02 1.428195399821780995e+02
3.716666546614965094e-01 1.484992535855605977e-02 1.935829547089513483e+02
3.716666546614965094e-01 1.552492196576315230e-02 2.533793677624176723e+02
3.716666546614965094e-01 1.619991857297024829e-02 3.208251793056930410e+02
3.716666546614965094e-01 1.687491518017733907e-02 3.935925316412970574e+02
3.716666546614965094e-01 1.754991178738443333e-02 4.685948196625920446e+02
3.716666546614965094e-01 1.822490839459152759e-02 5.406184738427411958e+02
3.716666546614965094e-01 1.889990500179862185e-02 6.060202526933278477e+02
3.716666546614965094e-01 1.957490160900571610e-02 6.620578679293129198e+02
3.716666546614965094e-01 2.024989821621280689e-02 7.056395350864852389e+02
3.716666546614965094e-01 2.092489482341990115e-02 7.279636807220200581e+02
3.716666546614965094e-01 2.159989143062699540e-02 7.272572335787504016e+02
3.716666546614965094e-01 2.227488803783408966e-02 7.073090019691358066e+02
3.716666546614965094e-01 2.294988464504118392e-02 6.739545541007381644e+02
3.716666546614965094e-01 2.362488125224827470e-02 6.277238197558258435e+02
3.716666546614965094e-01 2.429987785945536896e-02 5.706600810711659051e+02
3.716666546614965094e-01 2.497487446666246322e-02 5.071291207753200752e+02
3.716666546614965094e-01 2.564987107386955748e-02 4.417586673748088515e+02
3.716666546614965094e-01 2.632486768107665173e-02 3.769470999042790140e+02
3.716666546614965094e-01 2.699986428828374252e-02 3.151694437551841474e+02
3.716666546614965094e-01 2.767486089549083678e-02 2.588216078495106558e+02
3.716666546614965094e-01 2.834985750269793103e-02 2.083327311984938603e+02
3.716666546614965094e-01 2.902485410990502529e-02 1.649168595943744151e+02
3.716666546614965094e-01 2.969985071711211955e-02 1.281100313011273215e+02
3.716666546614965094e-01 3.037484732431921380e-02 9.806280401439647676e+01
3.716666546614965094e-01 3.104984393152630459e-02 7.368984212177142012e+01
3.716666546614965094e-01 3.172484053873340232e-02 5.459771597554959044e+01
3.716666546614965094e-01 3.239983714594049657e-02 3.983660436049445508e+01
3.716666546614965094e-01 3.307483375314758389e-02 2.861791422142548669e+01
3.716666546614965094e-01 3.374983036035467815e-02 2.028679992424429557e+01
3.716666546614965094e-01 3.442482696756177241e-02 1.418361229189084938e+01
3.716666546614965094e-01 3.509982357476886666e-02 9.764604017314360007e+00
3.716666546614965094e-01 3.577482018197596092e-02 6.630646631544457215e+00
3.716666546614965094e-01 3.644981678918305518e-02 4.448709235430640341e+00
3.716666546614965094e-01 3.712481339639014943e-02 2.947879109170731926e+00
3.716666546614965094e-01 3.779981000359724369e-02 1.931519381061876262e+00
3.716666546614965094e-01 3.847480661080433795e-02 1.251622558544597030e+00
3.716666546614965094e-01 3.914980321801143220e-02 8.024590754347942223e-01
3.716666546614965094e-01 3.982479982521851952e-02 5.082968738171754763e-01
3.716666546614965094e-01 4.049979643242561378e-02 3.185247255035731362e-01
3.716666546614965094e-01 4.117479303963270804e-02 1.975632503099128134e-01
3.716666546614965094e-01 4.184978964683980229e-02 1.208085439645117665e-01
3.716666546614965094e-01 4.252478625404689655e-02 7.320386041291931933e-02
3.716666546614965094e-01 4.319978286125399081e-02 4.392214348151037701e-02
3.716666546614965094e-01 4.387477946846108506e-02 2.613591906842902338e-02
3.716666546614965094e-01 4.454977607566817932e-02 1.542406611909822797e-02
3.716666546614965094e-01 4.522477268287527358e-02 9.026739187027980546e-03
3.716666546614965094e-01 4.589976929008236783e-02 5.239175449135791487e-03
3.716666546614965094e-01 4.657476589728946209e-02 3.016069382937989173e-03
3.716666546614965094e-01 4.724976250449654941e-02 1.719383919606918935e-03
3.716666546614965094e-01 4.792475911170364367e-02 9.727280556316234006e-04
3.716666546614965094e-01 4.859975571891073792e-02 5.466734671615440565e-04
3.716666546614965094e-01 4.927475232611783218e-02 3.052118343044614023e-04
3.716666546614965094e-01 4.994974893332492644e-02 1.692394951523016580e-04
3.716666546614965094e-01 5.062474554053202069e-02 9.305601578331742726e-05
3.716666546614965094e-01 5.129974214773911495e-02 5.082801391375025370e-05
3.716666546614965094e-01 5.197473875494620921e-02 2.760236006112496283e-05
3.716666546614965094e-01 5.264973536215330346e-02 1.490584382765393604e-05
3.716666546614965094e-01 5.332473196936039772e-02 7.991464587303559697e-06
3.716666546614965094e-01 5.399972857656748504e-02 4.259247281152597760e-06
3.716666546614965094e-01 5.467472518377457930e-02 2.257678022007104597e-06
3.716666546614965094e-01 5.534972179098167355e-02 1.191185190364150459e-06
3.716666546614965094e-01 5.602471839818876781e-02 6.240976600159706658e-07
3.716666546614965094e-01 5.669971500539586207e-02 3.254725698423611011e-07
3.716666546614965094e-01 5.737471161260295632e-02 1.689594530679330746e-07
3.716666546614965094e-01 5.804970821981005058e-02 8.724552878998682105e-08
3.716666546614965094e-01 5.872470482701714484e-02 4.481915415073249277e-08
3.716666546614965094e-01 5.939970143422423909e-02 2.289067707837656997e-08
3.716666546614965094e-01 6.007469804143133335e-02 1.163069858442560182e-08
3.716666546614965094e-01 6.074969464863842761e-02 5.883895675588209980e-09
3.716666546614965094e-01 6.142469125584551493e-02 2.965317597458204995e-09
3.716666546614965094e-01 6.209968786305260918e-02 1.487657252114577181e-09
3.716666546614965094e-01 6.277468447025970344e-02 7.430170763565601601e-10
3.716666546614965094e-01 6.344968107746680464e-02 3.698082872051803806e-10
3.716666546614965094e-01 6.412467768467389195e-02 1.832208782056276567e-10
3.716666546614965094e-01 6.479967429188099315e-02 9.050382111999551107e-11
3.716666546614965094e-01 6.547467089908808047e-02 4.451200148883485687e-11
3.716666546614965094e-01 6.614966750629516778e-02 2.180221714431221921e-11
3.716666546614965094e-01 6.682466411350226898e-02 1.064797451957582422e-11
3.796684407574060227e-01 0.000000000000000000e+00 6.965567727707739904e-08
3.796684407574060227e-01 6.749966072070936064e-04 8.149985327986651432e-07
3.796684407574060227e-01 1.349993214414187213e-03 6.594646978742450938e-06
3.796684407574060227e-01 2.024989821621281036e-03 4.104673119270397928e-05
3.796684407574060227e-01 2.699986428828374425e-03 2.082829142499505756e-04
3.796684407574060227e-01 3.374983036035467815e-03 9.093691817870255779e-04
3.796684407574060227e-01 4.049979643242562072e-03 3.474966284417685489e-03
3.796684407574060227e-01 4.724976250449655461e-03 1.184381166219090724e-02
3.796684407574060227e-01 5.399972857656748851e-03 3.643970766282397106e-02
3.796684407574060227e-01 6.074969464863842240e-03 1.022116442343588283e-01
3.796684407574060227e-01 6.749966072070935630e-03 2.635503003332877459e-01
3.796684407574060227e-01 7.424962679278029887e-03 6.291005770507761552e-01
3.796684407574060227e-01 8.099959286485124144e-03 1.399154719285943926e+00
3.796684407574060227e-01 8.774955893692216666e-03 2.915363371875385301e+00
3.796684407574060227e-01 9.449952500899310923e-03 5.717523097545125665e+00
3.796684407574060227e-01 1.012494910810640344e-02 1.059720005161053180e+01
3.796684407574060227e-01 1.079994571531349770e-02 1.863251087987118382e+01
3.796684407574060227e-01 1.147494232252059196e-02 3.118059743925451244e+01
3.796684407574060227e-01 1.214993892972768448e-02 4.981193503376183429e+01
3.796684407574060227e-01 1.282493553693477874e-02 7.617115851989747455e+01
3.796684407574060227e-01 1.349993214414187126e-02 1.117785017879373726e+02
3.796684407574060227e-01 1.417492875134896552e-02 1.577572798785640487e+02
3.796684407574060227e-01 1.484992535855605977e-02 2.145855626912134539e+02
3.796684407574060227e-01 1.552492196576315230e-02 2.818482609851201346e+02
3.796684407574060227e-01 1.619991857297024829e-02 3.581077679865867367e+02
3.796684407574060227e-01 1.687491518017733907e-02 4.408659307312182136e+02
3.796684407574060227e-01 1.754991178738443333e-02 5.266666481101310637e+02
3.796684407574060227e-01 1.822490839459152759e-02 6.097112918126094883e+02
3.796684407574060227e-01 1.889990500179862185e-02 6.858041632373189032e+02
3.796684407574060227e-01 1.957490160900571610e-02 7.517283610909541949e+02
3.796684407574060227e-01 2.024989821621280689e-02 8.039188198283454767e+02
3.796684407574060227e-01 2.092489482341990115e-02 8.321300085519199001e+02
3.796684407574060227e-01 2.159989143062699540e-02 8.342286804075407645e+02
3.796684407574060227e-01 2.227488803783408966e-02 8.140165640368923050e+02
3.796684407574060227e-01 2.294988464504118392e-02 7.781621145544785350e+02
3.796684407574060227e-01 2.362488125224827470e-02 7.271878743758184100e+02
3.796684407574060227e-01 2.429987785945536896e-02 6.632993574990873640e+02
3.796684407574060227e-01 2.497487446666246322e-02 5.913550623028525024e+02
3.796684407574060227e-01 2.564987107386955748e-02 5.167932069936096013e+02
3.796684407574060227e-01 2.632486768107665173e-02 4.424272705371961365e+02
3.796684407574060227e-01 2.699986428828374252e-02 3.711060368706599206e+02
3.796684407574060227e-01 2.767486089549083678e-02 3.057217243131228770e+02
3.796684407574060227e-01 2.834985750269793103e-02 2.468998925788869769e+02
3.796684407574060227e-01 2.902485410990502529e-02 1.960682970077088214e+02
3.796684407574060227e-01 2.969985071711211955e-02 1.528065276219260511e+02
3.796684407574060227e-01 3.037484732431921380e-02 1.173419445438681095e+02
3.796684407574060227e-01 3.104984393152630459e-02 8.845239200262491863e+01
3.796684407574060227e-01 3.172484053873340232e-02 6.574604687006504378e+01
3.796684407574060227e-01 3.239983714594049657e-02 4.811814783043215726e+01
3.796684407574060227e-01 3.307483375314758389e-02 3.467731458009493650e+01
3.796684407574060227e-01 3.374983036035467815e-02 2.465970712914599261e+01
3.796684407574060227e-01 3.442482696756177241e-02 1.729321649605056521e+01
3.796684407574060227e-01 3.509982357476886666e-02 1.194268568901517646e+01
3.796684407574060227e-01 3.577482018197596092e-02 8.135066306465704500e+00
3.796684407574060227e-01 3.644981678918305518e-02 5.474719557388510793e+00
3.796684407574060227e-01 3.712481339639014943e-02 3.638898628768703514e+00
3.796684407574060227e-01 3.779981000359724369e-02 2.391650061239451119e+00
3.796684407574060227e-01 3.847480661080433795e-02 1.554565788069041554e+00
3.796684407574060227e-01 3.914980321801143220e-02 9.997462358564050966e-01
3.796684407574060227e-01 3.982479982521851952e-02 6.351425120286351422e-01
3.796684407574060227e-01 4.049979643242561378e-02 3.992230115856122974e-01
3.796684407574060227e-01 4.117479303963270804e-02 2.483924520894968402e-01
3.796684407574060227e-01 4.184978964683980229e-02 1.523511577486763025e-01
3.796684407574060227e-01 4.252478625404689655e-02 9.259667070498502073e-02
3.796684407574060227e-01 4.319978286125399081e-02 5.572435668559278660e-02
3.796684407574060227e-01 4.387477946846108506e-02 3.325830848139361279e-02
3.796684407574060227e-01 4.454977607566817932e-02 1.968406343909106029e-02
3.796684407574060227e-01 4.522477268287527358e-02 1.155356923931496332e-02
3.796684407574060227e-01 4.589976929008236783e-02 6.725423344270697358e-03
3.796684407574060227e-01 4.657476589728946209e-02 3.883370948133132907e-03
3.796684407574060227e-01 4.724976250449654941e-02 2.220295343134937299e-03
3.796684407574060227e-01 4.792475911170364367e-02 1.259782417617732152e-03
3.796684407574060227e-01 4.859975571891073792e-02 7.100657416591888826e-04
3.796684407574060227e-01 4.927475232611783218e-02 3.976006916051550506e-04
3.796684407574060227e-01 4.994974893332492644e-02 2.211071005759833149e-04
3.796684407574060227e-01 5.062474554053202069e-02 1.219381575170523906e-04
3.796684407574060227e-01 5.129974214773911495e-02 6.679584773723013197e-05
3.796684407574060227e-01 5.197473875494620921e-02 3.637571660181504739e-05
3.796684407574060227e-01 5.264973536215330346e-02 1.969992610499550584e-05
3.796684407574060227e-01 5.332473196936039772e-02 1.059267250519390525e-05
3.796684407574060227e-01 5.399972857656748504e-02 5.661691051037805811e-06
3.796684407574060227e-01 5.467472518377457930e-02 3.009631840612333076e-06
3.796684407574060227e-01 5.534972179098167355e-02 1.592448137472070322e-06
3.796684407574060227e-01 5.602471839818876781e-02 8.367120498100530247e-07
3.796684407574060227e-01 5.669971500539586207e-02 4.375560564634949947e-07
3.796684407574060227e-01 5.737471161260295632e-02 2.277788263981741959e-07
3.796684407574060227e-01 5.804970821981005058e-02 1.179529122148441458e-07
3.796684407574060227e-01 5.872470482701714484e-02 6.076269266613955273e-08
3.796684407574060227e-01 5.939970143422423909e-02 3.113763800804466337e-08
3.796684407574060227e-01 6.007469804143133335e-02 1.586641120377255238e-08
3.796684407574060227e-01 6.074969464863842761e-02 8.048639963660636370e-09
3.796684407574060227e-01 6.142469125584551493e-02 4.067478634365410111e-09
3.796684407574060227e-01 6.209968786305260918e-02 2.046357812905317548e-09
3.796684407574060227e-01 6.277468447025970344e-02 1.024818433164844949e-09
3.796684407574060227e-01 6.344968107746680464e-02 5.114928011666644509e-10
3.796684407574060227e-01 6.412467768467389195e-02 2.540992944363049441e-10
3.796684407574060227e-01 6.479967429188099315e-02 1.258564572489774439e-10
3.796684407574060227e-01 6.547467089908808047e-02 6.209487668877314584e-11
3.796684407574060227e-01 6.614966750629516778e-02 3.049644847755675439e-11
3.796684407574060227e-01 6.682466411350226898e-02 1.493540672573998677e-11
3.876702268533155360e-01 0.000000000000000000e+00 6.732844952656416600e-08
3.876702268533155360e-01 6.749966072070936064e-04 7.927449871387330663e-07
3.876702268533155360e-01 1.349993214414187213e-03 6.448900687366952302e-06
3.876702268533155360e-01 2.024989821621281036e-03 4.033183648504482237e-05
3.876702268533155360e-01 2.699986428828374425e-03 2.055942346028822297e-04
3.876702268533155360e-01 3.374983036035467815e-03 9.015526546422291147e-04
3.876702268533155360e-01 4.049979643242562072e-03 3.459491845578502051e-03
3.876702268533155360e-01 4.724976250449655461e-03 1.184047154301891801e-02
3.876702268533155360e-01 5.399972857656748851e-03 3.657792804367872991e-02
3.876702268533155360e-01 6.074969464863842240e-03 1.030137300290180496e-01
3.876702268533155360e-01 6.749966072070935630e-03 2.666612912547837166e-01
3.876702268533155360e-01 7.424962679278029887e-03 6.389739477250052646e-01
3.876702268533155360e-01 8.099959286485124144e-03 1.426580492236797282e+00
3.876702268533155360e-01 8.774955893692216666e-03 2.983650819296487899e+00
3.876702268533155360e-01 9.449952500899310923e-03 5.873358433630427200e+00
3.876702268533155360e-01 1.012494910810640344e-02 1.092674519375676923e+01
3.876702268533155360e-01 1.079994571531349770e-02 1.928292497341182710e+01
3.876702268533155360e-01 1.147494232252059196e-02 3.238662861094677226e+01
3.876702268533155360e-01 1.214993892972768448e-02 5.192563733730437292e+01
3.876702268533155360e-01 1.282493553693477874e-02 7.968681467997430445e+01
3.876702268533155360e-01 1.349993214414187126e-02 1.173496685286997518e+02
3.876702268533155360e-01 1.417492875134896552e-02 1.662034655340509630e+02
3.876702268533155360e-01 1.484992535855605977e-02 2.268673534983948912e+02
3.876702268533155360e-01 1.552492196576315230e-02 2.990185077104991365e+02
3.876702268533155360e-01 1.619991857297024829e-02 3.812299146564477610e+02
3.876702268533155360e-01 1.687491518017733907e-02 4.709285513724975658e+02
3.876702268533155360e-01 1.754991178738443333e-02 5.645115036207259891e+02
3.876702268533155360e-01 1.822490839459152759e-02 6.557578889251167311e+02
3.876702268533155360e-01 1.889990500179862185e-02 7.400788823079872145e+02
3.876702268533155360e-01 1.957490160900571610e-02 8.139534700722899743e+02
3.876702268533155360e-01 2.024989821621280689e-02 8.733891808583587135e+02
3.876702268533155360e-01 2.092489482341990115e-02 9.070795334235056089e+02
3.876702268533155360e-01 2.159989143062699540e-02 9.125215859759888417e+02
3.876702268533155360e-01 2.227488803783408966e-02 8.933293366440137788e+02
3.876702268533155360e-01 2.294988464504118392e-02 8.567514292923647190e+02
3.876702268533155360e-01 2.362488125224827470e-02 8.032631470020152165e+02
3.876702268533155360e-01 2.429987785945536896e-02 7.351611102824589352e+02
3.876702268533155360e-01 2.497487446666246322e-02 6.575340047997846114e+02
3.876702268533155360e-01 2.564987107386955748e-02 5.764789821984523996e+02
3.876702268533155360e-01 2.632486768107665173e-02 4.951428999125854489e+02
3.876702268533155360e-01 2.699986428828374252e-02 4.166476189893477908e+02
3.876702268533155360e-01 2.767486089549083678e-02 3.443137066157541994e+02
3.876702268533155360e-01 2.834985750269793103e-02 2.789749697021121619e+02
3.876702268533155360e-01 2.902485410990502529e-02 2.222253098184785927e+02
3.876702268533155360e-01 2.969985071711211955e-02 1.737602220042537056e+02
3.876702268533155360e-01 3.037484732431921380e-02 1.338608004932388553e+02
3.876702268533155360e-01 3.104984393152630459e-02 1.012175183065460686e+02
3.876702268533155360e-01 3.172484053873340232e-02 7.547515552396015437e+01
3.876702268533155360e-01 3.239983714594049657e-02 5.540589679352770247e+01
3.876702268533155360e-01 3.307483375314758389e-02 4.005559320802588985e+01
3.876702268533155360e-01 3.374983036035467815e-02 2.857366344212539389e+01
3.876702268533155360e-01 3.442482696756177241e-02 2.009919759465209310e+01
3.876702268533155360e-01 3.509982357476886666e-02 1.392352616929599129e+01
3.876702268533155360e-01 3.577482018197596092e-02 9.513638565377789291e+00
3.876702268533155360e-01 3.644981678918305518e-02 6.421793449925408126e+00
3.876702268533155360e-01 3.712481339639014943e-02 4.281614770929224711e+00
3.876702268533155360e-01 3.779981000359724369e-02 2.822654921897519653e+00
3.876702268533155360e-01 3.847480661080433795e-02 1.840322798130059834e+00
3.876702268533155360e-01 3.914980321801143220e-02 1.187111106502527713e+00
3.876702268533155360e-01 3.982479982521851952e-02 7.564003616780945460e-01
3.876702268533155360e-01 4.049979643242561378e-02 4.768824968556821808e-01
3.876702268533155360e-01 4.117479303963270804e-02 2.976359170187551917e-01
3.876702268533155360e-01 4.184978964683980229e-02 1.831000270963090149e-01
3.876702268533155360e-01 4.252478625404689655e-02 1.116184010272936455e-01
3.876702268533155360e-01 4.319978286125399081e-02 6.737261116365148017e-02
3.876702268533155360e-01 4.387477946846108506e-02 4.032726511529984015e-02
3.876702268533155360e-01 4.454977607566817932e-02 2.393843619446460458e-02
3.876702268533155360e-01 4.522477268287527358e-02 1.409230886492996229e-02
3.876702268533155360e-01 4.589976929008236783e-02 8.227020752492127456e-03
3.876702268533155360e-01 4.657476589728946209e-02 4.764563471111473922e-03
3.876702268533155360e-01 4.724976250449654941e-02 2.732009697600395505e-03
3.876702268533155360e-01 4.792475911170364367e-02 1.554606229121912892e-03
3.876702268533155360e-01 4.859975571891073792e-02 8.787739339548178994e-04
3.876702268533155360e-01 4.927475232611783218e-02 4.934846046203703518e-04
3.876702268533155360e-01 4.994974893332492644e-02 2.752185077790980454e-04
3.876702268533155360e-01 5.062474554053202069e-02 1.522283961845340660e-04
3.876702268533155360e-01 5.129974214773911495e-02 8.362260533706207207e-05
3.876702268533155360e-01 5.197473875494620921e-02 4.566837105851942469e-05
3.876702268533155360e-01 5.264973536215330346e-02 2.480287491101536125e-05
3.876702268533155360e-01 5.332473196936039772e-02 1.337521388312120526e-05
3.876702268533155360e-01 5.399972857656748504e-02 7.169129207798532121e-06
3.876702268533155360e-01 5.467472518377457930e-02 3.821710778417107085e-06
3.876702268533155360e-01 5.534972179098167355e-02 2.027785298314775355e-06
3.876702268533155360e-01 5.602471839818876781e-02 1.068535107247628385e-06
3.876702268533155360e-01 5.669971500539586207e-02 5.603448694613378518e-07
3.876702268533155360e-01 5.737471161260295632e-02 2.925009927269393493e-07
3.876702268533155360e-01 5.804970821981005058e-02 1.518926374050950182e-07
3.876702268533155360e-01 5.872470482701714484e-02 7.846258424982169282e-08
3.876702268533155360e-01 5.939970143422423909e-02 4.034148405983751675e-08
3.876702268533155360e-01 6.007469804143133335e-02 2.061371213499995497e-08
3.876702268533155360e-01 6.074969464863842761e-02 1.048561224926628422e-08
3.876702268533155360e-01 6.142469125584551493e-02 5.313588445701731281e-09
3.876702268533155360e-01 6.209968786305260918e-02 2.680623202828368308e-09
3.876702268533155360e-01 6.277468447025970344e-02 1.346106701133304441e-09
3.876702268533155360e-01 6.344968107746680464e-02 6.737251878433145151e-10
3.876702268533155360e-01 6.412467768467389195e-02 3.355936636594192104e-10
3.876702268533155360e-01 6.479967429188099315e-02 1.666696449052021807e-10
3.876702268533155360e-01 6.547467089908808047e-02 8.247235931711841451e-11
3.876702268533155360e-01 6.614966750629516778e-02 4.062126874410413602e-11
3.876702268533155360e-01 6.682466411350226898e-02 1.994850840079958767e-11
3.956720129492251048e-01 0.000000000000000000e+00 6.222286543145447005e-08
3.956720129492251048e-01 6.749966072070936064e-04 7.372476670280049423e-07
3.956720129492251048e-01 1.349993214414187213e-03 6.029439853073476581e-06
3.956720129492251048e-01 2.024989821621281036e-03 3.789051001255804935e-05
3.956720129492251048e-01 2.699986428828374425e-03 1.940314052000277731e-04
3.956720129492251048e-01 3.374983036035467815e-03 8.545624308325207091e-04
3.956720129492251048e-01 4.049979643242562072e-03 3.293075138361153606e-03
3.956720129492251048e-01 4.724976250449655461e-03 1.131693297192345668e-02
3.956720129492251048e-01 5.399972857656748851e-03 3.510203642268952540e-02
3.956720129492251048e-01 6.074969464863842240e-03 9.924831176203967320e-02
3.956720129492251048e-01 6.749966072070935630e-03 2.579489221210317651e-01
3.956720129492251048e-01 7.424962679278029887e-03 6.204779309280002986e-01
3.956720129492251048e-01 8.099959286485124144e-03 1.390545376936336730e+00
3.956720129492251048e-01 8.774955893692216666e-03 2.919157604130316219e+00
3.956720129492251048e-01 9.449952500899310923e-03 5.767728885748963918e+00
3.956720129492251048e-01 1.012494910810640344e-02 1.076982390013855451e+01
3.956720129492251048e-01 1.079994571531349770e-02 1.907550321178857899e+01
3.956720129492251048e-01 1.147494232252059196e-02 3.215578842122202730e+01
3.956720129492251048e-01 1.214993892972768448e-02 5.174027507818924221e+01
3.956720129492251048e-01 1.282493553693477874e-02 7.968733093572379289e+01
3.956720129492251048e-01 1.349993214414187126e-02 1.177670462005768002e+02
3.956720129492251048e-01 1.417492875134896552e-02 1.673747860350203496e+02
3.956720129492251048e-01 1.484992535855605977e-02 2.292605865965161911e+02
3.956720129492251048e-01 1.552492196576315230e-02 3.032094424614274999e+02
3.956720129492251048e-01 1.619991857297024829e-02 3.879078654130662471e+02
3.956720129492251048e-01 1.687491518017733907e-02 4.808107296518957128e+02
3.956720129492251048e-01 1.754991178738443333e-02 5.782980457706150901e+02
3.956720129492251048e-01 1.822490839459152759e-02 6.740542087991181006e+02
3.956720129492251048e-01 1.889990500179862185e-02 7.632718309130141279e+02
3.956720129492251048e-01 1.957490160900571610e-02 8.422468348427422598e+02
3.956720129492251048e-01 2.024989821621280689e-02 9.067572944811100797e+02
3.956720129492251048e-01 2.092489482341990115e-02 9.448844393378645918e+02
3.956720129492251048e-01 2.159989143062699540e-02 9.538609796474343057e+02
3.956720129492251048e-01 2.227488803783408966e-02 9.368292694998466459e+02
3.956720129492251048e-01 2.294988464504118392e-02 9.013687246011789966e+02
3.956720129492251048e-01 2.362488125224827470e-02 8.478608134103706107e+02
3.956720129492251048e-01 2.429987785945536896e-02 7.785503617237095568e+02
3.956720129492251048e-01 2.497487446666246322e-02 6.985848581726787643e+02
3.956720129492251048e-01 2.564987107386955748e-02 6.144483836518426187e+02
3.956720129492251048e-01 2.632486768107665173e-02 5.294762356615863155e+02
3.956720129492251048e-01 2.699986428828374252e-02 4.469582963953151307e+02
3.956720129492251048e-01 2.767486089549083678e-02 3.705144442934874291e+02
3.956720129492251048e-01 2.834985750269793103e-02 3.011807431940861761e+02
3.956720129492251048e-01 2.902485410990502529e-02 2.406554219771768146e+02
3.956720129492251048e-01 2.969985071711211955e-02 1.887755357511258012e+02
3.956720129492251048e-01 3.037484732431921380e-02 1.458838875667297543e+02
3.956720129492251048e-01 3.104984393152630459e-02 1.106583655473867367e+02
3.956720129492251048e-01 3.172484053873340232e-02 8.277787275855419580e+01
3.956720129492251048e-01 3.239983714594049657e-02 6.095137215750308712e+01
3.956720129492251048e-01 3.307483375314758389e-02 4.420243028395039886e+01
3.956720129492251048e-01 3.374983036035467815e-02 3.163028940764782249e+01
3.956720129492251048e-01 3.442482696756177241e-02 2.231629652919739826e+01
3.956720129492251048e-01 3.509982357476886666e-02 1.550711413001725880e+01
3.956720129492251048e-01 3.577482018197596092e-02 1.062859389488026274e+01
3.956720129492251048e-01 3.644981678918305518e-02 7.195693683976879917e+00
3.956720129492251048e-01 3.712481339639014943e-02 4.812146646165752273e+00
3.956720129492251048e-01 3.779981000359724369e-02 3.182116669390671060e+00
3.956720129492251048e-01 3.847480661080433795e-02 2.081000190393552440e+00
3.956720129492251048e-01 3.914980321801143220e-02 1.346406151635630488e+00
3.956720129492251048e-01 3.982479982521851952e-02 8.604106066030483557e-01
3.956720129492251048e-01 4.049979643242561378e-02 5.440927037213433293e-01
3.956720129492251048e-01 4.117479303963270804e-02 3.406442566245980741e-01
3.956720129492251048e-01 4.184978964683980229e-02 2.101797188668316774e-01
3.956720129492251048e-01 4.252478625404689655e-02 1.285048806327072912e-01
3.956720129492251048e-01 4.319978286125399081e-02 7.779468715563574166e-02
3.956720129492251048e-01 4.387477946846108506e-02 4.669888966242679434e-02
3.956720129492251048e-01 4.454977607566817932e-02 2.780259602267769886e-02
3.956720129492251048e-01 4.522477268287527358e-02 1.641520767585554277e-02
3.956720129492251048e-01 4.589976929008236783e-02 9.611122803286301780e-03
3.956720129492251048e-01 4.657476589728946209e-02 5.582902679947441063e-03
3.956720129492251048e-01 4.724976250449654941e-02 3.210445979843618708e-03
3.956720129492251048e-01 4.792475911170364367e-02 1.832040589412563735e-03
3.956720129492251048e-01 4.859975571891073792e-02 1.038575518303202572e-03
3.956720129492251048e-01 4.927475232611783218e-02 5.848988586508524967e-04
3.956720129492251048e-01 4.994974893332492644e-02 3.271285343827693066e-04
3.956720129492251048e-01 5.062474554053202069e-02 1.814649579239746764e-04
3.956720129492251048e-01 5.129974214773911495e-02 9.996774951613833623e-05
3.956720129492251048e-01 5.197473875494620921e-02 5.475005114227548934e-05
3.956720129492251048e-01 5.264973536215330346e-02 2.981893813196997343e-05
3.956720129492251048e-01 5.332473196936039772e-02 1.612639806248679264e-05
3.956720129492251048e-01 5.399972857656748504e-02 8.667836542426713217e-06
3.956720129492251048e-01 5.467472518377457930e-02 4.633460199605775009e-06
3.956720129492251048e-01 5.534972179098167355e-02 2.465293399698165017e-06
3.956720129492251048e-01 5.602471839818876781e-02 1.302802463572720884e-06
3.956720129492251048e-01 5.669971500539586207e-02 6.850916943276892602e-07
3.956720129492251048e-01 5.737471161260295632e-02 3.586125617691109773e-07
3.956720129492251048e-01 5.804970821981005058e-02 1.867499044053964244e-07
3.956720129492251048e-01 5.872470482701714484e-02 9.673015983571339847e-08
3.956720129492251048e-01 5.939970143422423909e-02 4.989513493610033520e-08
3.956720129492251048e-01 6.007469804143133335e-02 2.556667206993153105e-08
3.956720129492251048e-01 6.074969464863842761e-02 1.304063752653522219e-08
3.956720129492251048e-01 6.142469125584551493e-02 6.625988138724967027e-09
3.956720129492251048e-01 6.209968786305260918e-02 3.352028078729123204e-09
3.956720129492251048e-01 6.277468447025970344e-02 1.687836770884290940e-09
3.956720129492251048e-01 6.344968107746680464e-02 8.470712870468240855e-10
3.956720129492251048e-01 6.412467768467389195e-02 4.230747917250933408e-10
3.956720129492251048e-01 6.479967429188099315e-02 2.106790002338337560e-10
3.956720129492251048e-01 6.547467089908808047e-02 1.045324120621115798e-10
3.956720129492251048e-01 6.614966750629516778e-02 5.164435413938602887e-11
3.956720129492251048e-01 6.682466411350226898e-02 2.543044864795281702e-11
4.036737990451346181e-01 0.000000000000000000e+00 5.510464036224420183e-08
4.036737990451346181e-01 6.749966072070936064e-04 6.569585923203702564e-07
4.036737990451346181e-01 1.349993214414187213e-03 5.401222452052569169e-06
4.036737990451346181e-01 2.024989821621281036e-03 3.410500653349738905e-05
4.036737990451346181e-01 2.699986428828374425e-03 1.754491075309740002e-04
4.036737990451346181e-01 3.374983036035467815e-03 7.760850315706583399e-04
4.036737990451346181e-01 4.049979643242562072e-03 3.003205820324374511e-03
4.036737990451346181e-01 4.724976250449655461e-03 1.036313943791337261e-02
4.036737990451346181e-01 5.399972857656748851e-03 3.227094461974537587e-02
4.036737990451346181e-01 6.074969464863842240e-03 9.160264956325757379e-02
4.036737990451346181e-01 6.749966072070935630e-03 2.390028207730986731e-01
4.036737990451346181e-01 7.424962679278029887e-03 5.771270910025296796e-01
4.036737990451346181e-01 8.099959286485124144e-03 1.298387168429963934e+00
4.036737990451346181e-01 8.774955893692216666e-03 2.735820642669461122e+00
4.036737990451346181e-01 9.449952500899310923e-03 5.425508921412947494e+00
4.036737990451346181e-01 1.012494910810640344e-02 1.016785779412948898e+01
4.036737990451346181e-01 1.079994571531349770e-02 1.807473416899604857e+01
4.036737990451346181e-01 1.147494232252059196e-02 3.057758125653862891e+01
4.036737990451346181e-01 1.214993892972768448e-02 4.937829836220511481e+01
4.036737990451346181e-01 1.282493553693477874e-02 7.631913597832752316e+01
4.036737990451346181e-01 1.349993214414187126e-02 1.131856617499711035e+02
4.036737990451346181e-01 1.417492875134896552e-02 1.614310579005726254e+02
4.036737990451346181e-01 1.484992535855605977e-02 2.218785974388322870e+02
4.036737990451346181e-01 1.552492196576315230e-02 2.944561783597013687e+02
4.036737990451346181e-01 1.619991857297024829e-02 3.779813282126195872e+02
4.036737990451346181e-01 1.687491518017733907e-02 4.701006895106747265e+02
4.036737990451346181e-01 1.754991178738443333e-02 5.673410987590687000e+02
4.036737990451346181e-01 1.822490839459152759e-02 6.634948239671605279e+02
4.036737990451346181e-01 1.889990500179862185e-02 7.538160350949174244e+02
4.036737990451346181e-01 1.957490160900571610e-02 8.345771386421158695e+02
4.036737990451346181e-01 2.024989821621280689e-02 9.014784873334166377e+02
4.036737990451346181e-01 2.092489482341990115e-02 9.425183185998622548e+02
4.036737990451346181e-01 2.159989143062699540e-02 9.547479756061148919e+02
4.036737990451346181e-01 2.227488803783408966e-02 9.407643246319374839e+02
4.036737990451346181e-01 2.294988464504118392e-02 9.080412018281916744e+02
4.036737990451346181e-01 2.362488125224827470e-02 8.568961830289496220e+02
4.036737990451346181e-01 2.429987785945536896e-02 7.894488669891867403e+02
4.036737990451346181e-01 2.497487446666246322e-02 7.106015868208887696e+02
4.036737990451346181e-01 2.564987107386955748e-02 6.270178987324769651e+02
4.036737990451346181e-01 2.632486768107665173e-02 5.420732254720288665e+02
4.036737990451346181e-01 2.699986428828374252e-02 4.590450516247192922e+02
4.036737990451346181e-01 2.767486089549083678e-02 3.817174845755628212e+02
4.036737990451346181e-01 2.834985750269793103e-02 3.112927242017336766e+02
4.036737990451346181e-01 2.902485410990502529e-02 2.494960733022909096e+02
4.036737990451346181e-01 2.969985071711211955e-02 1.963416854683043198e+02
4.036737990451346181e-01 3.037484732431921380e-02 1.521922534241351457e+02
4.036737990451346181e-01 3.104984393152630459e-02 1.158105178071216983e+02
4.036737990451346181e-01 3.172484053873340232e-02 8.690766078283613183e+01
4.036737990451346181e-01 3.239983714594049657e-02 6.418767805214011446e+01
4.036737990451346181e-01 3.307483375314758389e-02 4.669576498235409900e+01
4.036737990451346181e-01 3.374983036035467815e-02 3.351781533729089091e+01
4.036737990451346181e-01 3.442482696756177241e-02 2.371870890710297175e+01
4.036737990451346181e-01 3.509982357476886666e-02 1.653217420375045421e+01
4.036737990451346181e-01 3.577482018197596092e-02 1.136579987440693884e+01
4.036737990451346181e-01 3.644981678918305518e-02 7.717853468437576581e+00
4.036737990451346181e-01 3.712481339639014943e-02 5.177130788791053817e+00
4.036737990451346181e-01 3.779981000359724369e-02 3.433677304181130818e+00
4.036737990451346181e-01 3.847480661080433795e-02 2.252301009898278750e+00
4.036737990451346181e-01 3.914980321801143220e-02 1.461634155184385886e+00
4.036737990451346181e-01 3.982479982521851952e-02 9.367527027372050119e-01
4.036737990451346181e-01 4.049979643242561378e-02 5.941392238983688179e-01
4.036737990451346181e-01 4.117479303963270804e-02 3.731231568344131055e-01
4.036737990451346181e-01 4.184978964683980229e-02 2.309027665882207869e-01
4.036737990451346181e-01 4.252478625404689655e-02 1.415932172041011461e-01
4.036737990451346181e-01 4.319978286125399081e-02 8.596908816473035342e-02
4.036737990451346181e-01 4.387477946846108506e-02 5.175234122372775192e-02
4.036737990451346181e-01 4.454977607566817932e-02 3.090109962081055706e-02
4.036737990451346181e-01 4.522477268287527358e-02 1.829760760229750052e-02
4.036737990451346181e-01 4.589976929008236783e-02 1.074439493379004962e-02
4.036737990451346181e-01 4.657476589728946209e-02 6.259797970155231428e-03
4.036737990451346181e-01 4.724976250449654941e-02 3.610107861691597402e-03
4.036737990451346181e-01 4.792475911170364367e-02 2.066027108162245881e-03
4.036737990451346181e-01 4.859975571891073792e-02 1.174531597143702467e-03
4.036737990451346181e-01 4.927475232611783218e-02 6.633316752113680142e-04
4.036737990451346181e-01 4.994974893332492644e-02 3.720447971136968575e-04
4.036737990451346181e-01 5.062474554053202069e-02 2.069673582856478532e-04
4.036737990451346181e-01 5.129974214773911495e-02 1.143411597749313040e-04
4.036737990451346181e-01 5.197473875494620921e-02 6.279966887319061921e-05
4.036737990451346181e-01 5.264973536215330346e-02 3.430009045807078268e-05
4.036737990451346181e-01 5.332473196936039772e-02 1.860308760843773114e-05
4.036737990451346181e-01 5.399972857656748504e-02 1.002675093932974515e-05
4.036737990451346181e-01 5.467472518377457930e-02 5.374720946348040689e-06
4.036737990451346181e-01 5.534972179098167355e-02 2.867593628955370628e-06
4.036737990451346181e-01 5.602471839818876781e-02 1.519720569804571402e-06
4.036737990451346181e-01 5.669971500539586207e-02 8.013509822304679516e-07
4.036737990451346181e-01 5.737471161260295632e-02 4.206205306096270630e-07
4.036737990451346181e-01 5.804970821981005058e-02 2.196573659900946085e-07
4.036737990451346181e-01 5.872470482701714484e-02 1.140857760928584234e-07
4.036737990451346181e-01 5.939970143422423909e-02 5.902231409811441193e-08
4.036737990451346181e-01 6.007469804143133335e-02 3.033547951691876742e-08
4.036737990451346181e-01 6.074969464863842761e-02 1.551362891787103032e-08
4.036737990451346181e-01 6.142469125584551493e-02 7.903755552818020547e-09
4.036737990451346181e-01 6.209968786305260918e-02 4.009475353989483677e-09
4.036737990451346181e-01 6.277468447025970344e-02 2.024294103264226658e-09
4.036737990451346181e-01 6.344968107746680464e-02 1.018640663988370803e-09
4.036737990451346181e-01 6.412467768467389195e-02 5.101520274717895494e-10
4.036737990451346181e-01 6.479967429188099315e-02 2.547187439031369684e-10
4.036737990451346181e-01 6.547467089908808047e-02 1.267265228762780279e-10
4.036737990451346181e-01 6.614966750629516778e-02 6.279955112487531946e-11
4.036737990451346181e-01 6.682466411350226898e-02 3.100701131920080225e-11
4.116755851410441314e-01 0.000000000000000000e+00 4.684744927928154284e-08
4.116755851410441314e-01 6.749966072070936064e-04 5.620010794478286218e-07
4.116755851410441314e-01 1.349993214414187213e-03 4.644737935912230601e-06
4.116755851410441314e-01 2.024989821621281036e-03 2.946883443974787579e-05
4.116755851410441314e-01 2.699986428828374425e-03 1.522776898257205316e-04
4.116755851410441314e-01 3.374983036035467815e-03 6.765374244468462181e-04
4.116755851410441314e-01 4.049979643242562072e-03 2.629042562981468139e-03
4.116755851410441314e-01 4.724976250449655461e-03 9.108885751047176432e-03
4.116755851410441314e-01 5.399972857656748851e-03 2.847893055903456816e-02
4.116755851410441314e-01 6.074969464863842240e-03 8.115295988626249069e-02
4.116755851410441314e-01 6.749966072070935630e-03 2.125656041098667737e-01
4.116755851410441314e-01 7.424962679278029887e-03 5.152247925904619441e-01
4.116755851410441314e-01 8.099959286485124144e-03 1.163524464865760333e+00
4.116755851410441314e-01 8.774955893692216666e-03 2.460984951547582789e+00
4.116755851410441314e-01 9.449952500899310923e-03 4.898404114587195046e+00
4.116755851410441314e-01 1.012494910810640344e-02 9.213475095984843932e+00
4.116755851410441314e-01 1.079994571531349770e-02 1.643702838141008726e+01
4.116755851410441314e-01 1.147494232252059196e-02 2.790664563430750178e+01
4.116755851410441314e-01 1.214993892972768448e-02 4.522374005211550951e+01
4.116755851410441314e-01 1.282493553693477874e-02 7.014546025257126871e+01
4.116755851410441314e-01 1.349993214414187126e-02 1.043964838096494248e+02
4.116755851410441314e-01 1.417492875134896552e-02 1.494079933801799314e+02
4.116755851410441314e-01 1.484992535855605977e-02 2.060693338084492154e+02
4.116755851410441314e-01 1.552492196576315230e-02 2.744058418358826543e+02
4.116755851410441314e-01 1.619991857297024829e-02 3.534402910746244970e+02
4.116755851410441314e-01 1.687491518017733907e-02 4.410561676352887730e+02
4.116755851410441314e-01 1.754991178738443333e-02 5.340636937868222276e+02
4.116755851410441314e-01 1.822490839459152759e-02 6.266981568818881669e+02
4.116755851410441314e-01 1.889990500179862185e-02 7.143497401456598936e+02
4.116755851410441314e-01 1.957490160900571610e-02 7.934953543017463744e+02
4.116755851410441314e-01 2.024989821621280689e-02 8.598931987471266893e+02
4.116755851410441314e-01 2.092489482341990115e-02 9.020407285424555539e+02
4.116755851410441314e-01 2.159989143062699540e-02 9.168997564471907253e+02
4.116755851410441314e-01 2.227488803783408966e-02 9.063711315435733695e+02
4.116755851410441314e-01 2.294988464504118392e-02 8.776692501952119301e+02
4.116755851410441314e-01 2.362488125224827470e-02 8.309143418439721245e+02
4.116755851410441314e-01 2.429987785945536896e-02 7.680246425128761985e+02
4.116755851410441314e-01 2.497487446666246322e-02 6.934926221979081902e+02
4.116755851410441314e-01 2.564987107386955748e-02 6.138566526113311284e+02
4.116755851410441314e-01 2.632486768107665173e-02 5.323984449673754398e+02
4.116755851410441314e-01 2.699986428828374252e-02 4.522695074000660043e+02
4.116755851410441314e-01 2.767486089549083678e-02 3.772566266294738853e+02
4.116755851410441314e-01 2.834985750269793103e-02 3.086418208151906128e+02
4.116755851410441314e-01 2.902485410990502529e-02 2.481213999844306670e+02
4.116755851410441314e-01 2.969985071711211955e-02 1.958807425042285786e+02
4.116755851410441314e-01 3.037484732431921380e-02 1.522948905907759638e+02
4.116755851410441314e-01 3.104984393152630459e-02 1.162518765928812599e+02
4.116755851410441314e-01 3.172484053873340232e-02 8.751151233963304321e+01
4.116755851410441314e-01 3.239983714594049657e-02 6.482857757937563292e+01
4.116755851410441314e-01 3.307483375314758389e-02 4.730975601774910899e+01
4.116755851410441314e-01 3.374983036035467815e-02 3.406464167829656020e+01
4.116755851410441314e-01 3.442482696756177241e-02 2.417757985727841685e+01
4.116755851410441314e-01 3.509982357476886666e-02 1.690340852899999291e+01
4.116755851410441314e-01 3.577482018197596092e-02 1.165643726391811796e+01
4.116755851410441314e-01 3.644981678918305518e-02 7.938458497285679982e+00
4.116755851410441314e-01 3.712481339639014943e-02 5.341231042211318503e+00
4.116755851410441314e-01 3.779981000359724369e-02 3.553231938894071185e+00
4.116755851410441314e-01 3.847480661080433795e-02 2.337687063969191570e+00
4.116755851410441314e-01 3.914980321801143220e-02 1.521422454189405693e+00
4.116755851410441314e-01 3.982479982521851952e-02 9.779476879956260360e-01
4.116755851410441314e-01 4.049979643242561378e-02 6.221233673735292458e-01
4.116755851410441314e-01 4.117479303963270804e-02 3.918971633678232092e-01
4.116755851410441314e-01 4.184978964683980229e-02 2.432334043848571048e-01
4.116755851410441314e-01 4.252478625404689655e-02 1.495926952783499797e-01
4.116755851410441314e-01 4.319978286125399081e-02 9.109208517835939989e-02
4.116755851410441314e-01 4.387477946846108506e-02 5.499280316962587567e-02
4.116755851410441314e-01 4.454977607566817932e-02 3.293135316076579305e-02
4.116755851410441314e-01 4.522477268287527358e-02 1.955631176082851114e-02
4.116755851410441314e-01 4.589976929008236783e-02 1.151640831662918522e-02
4.116755851410441314e-01 4.657476589728946209e-02 6.729473423946500006e-03
4.116755851410441314e-01 4.724976250449654941e-02 3.892147938165497426e-03
4.116755851410441314e-01 4.792475911170364367e-02 2.233760308350664445e-03
4.116755851410441314e-01 4.859975571891073792e-02 1.273505635024507233e-03
4.116755851410441314e-01 4.927475232611783218e-02 7.212600682639573558e-04
4.116755851410441314e-01 4.994974893332492644e-02 4.056328848833946486e-04
4.116755851410441314e-01 5.062474554053202069e-02 2.262952243751887313e-04
4.116755851410441314e-01 5.129974214773911495e-02 1.253707144891854546e-04
4.116755851410441314e-01 5.197473875494620921e-02 6.905171710624791799e-05
4.116755851410441314e-01 5.264973536215330346e-02 3.782033355241110149e-05
4.116755851410441314e-01 5.332473196936039772e-02 2.057113881213048123e-05
4.116755851410441314e-01 5.399972857656748504e-02 1.111825919825408313e-05
4.116755851410441314e-01 5.467472518377457930e-02 5.976311021515899732e-06
4.116755851410441314e-01 5.534972179098167355e-02 3.197322202464324549e-06
4.116755851410441314e-01 5.602471839818876781e-02 1.699273406491091984e-06
4.116755851410441314e-01 5.669971500539586207e-02 8.984794251243285163e-07
4.116755851410441314e-01 5.737471161260295632e-02 4.728887507430631601e-07
4.116755851410441314e-01 5.804970821981005058e-02 2.476400733927136567e-07
4.116755851410441314e-01 5.872470482701714484e-02 1.289667841717471830e-07
4.116755851410441314e-01 5.939970143422423909e-02 6.690112869636083311e-08
4.116755851410441314e-01 6.007469804143133335e-02 3.449847008938039878e-08
4.116755851410441314e-01 6.074969464863842761e-02 1.768961537690121109e-08
4.116755851410441314e-01 6.142469125584551493e-02 9.036392601554641355e-09
4.116755851410441314e-01 6.209968786305260918e-02 4.596446951526108157e-09
4.116755851410441314e-01 6.277468447025970344e-02 2.326801429091234801e-09
4.116755851410441314e-01 6.344968107746680464e-02 1.173983444346269500e-09
4.116755851410441314e-01 6.412467768467389195e-02 5.895408819247860106e-10
4.116755851410441314e-01 6.479967429188099315e-02 2.951392525576256468e-10
4.116755851410441314e-01 6.547467089908808047e-02 1.472322400925147158e-10
4.116755851410441314e-01 6.614966750629516778e-02 7.316798368316718505e-11
4.116755851410441314e-01 6.682466411350226898e-02 3.622937914785784695e-11
4.196773712369536447e-01 0.000000000000000000e+00 3.830525331454357645e-08
4.196773712369536447e-01 6.749966072070936064e-04 4.624120070636644230e-07
4.196773712369536447e-01 1.349993214414187213e-03 3.841552858420338065e-06
4.196773712369536447e-01 2.024989821621281036e-03 2.448926856618541975e-05
4.196773712369536447e-01 2.699986428828374425e-03 1.271105639650694629e-04
4.196773712369536447e-01 3.374983036035467815e-03 5.671482116552844024e-04
4.196773712369536447e-01 4.049979643242562072e-03 2.213298627158216247e-03
4.196773712369536447e-01 4.724976250449655461e-03 7.700002589512572500e-03
4.196773712369536447e-01 5.399972857656748851e-03 2.416976918235269611e-02
4.196773712369536447e-01 6.074969464863842240e-03 6.914249963493361573e-02
4.196773712369536447e-01 6.749966072070935630e-03 1.818015627813832358e-01
4.196773712369536447e-01 7.424962679278029887e-03 4.423232338285355003e-01
4.196773712369536447e-01 8.099959286485124144e-03 1.002627238054094150e+00
4.196773712369536447e-01 8.774955893692216666e-03 2.128518781587956266e+00
4.196773712369536447e-01 9.449952500899310923e-03 4.252312992335419928e+00
4.196773712369536447e-01 1.012494910810640344e-02 8.027751187079340767e+00
4.196773712369536447e-01 1.079994571531349770e-02 1.437323798249656193e+01
4.196773712369536447e-01 1.147494232252059196e-02 2.448910436054357120e+01
4.196773712369536447e-01 1.214993892972768448e-02 3.982591191497345307e+01
4.196773712369536447e-01 1.282493553693477874e-02 6.198794247816115188e+01
4.196773712369536447e-01 1.349993214414187126e-02 9.257478681750848182e+01
4.196773712369536447e-01 1.417492875134896552e-02 1.329500439051938940e+02
4.196773712369536447e-01 1.484992535855605977e-02 1.839937347550300331e+02
4.196773712369536447e-01 1.552492196576315230e-02 2.458468815841445689e+02
4.196773712369536447e-01 1.619991857297024829e-02 3.177211808899738230e+02
4.196773712369536447e-01 1.687491518017733907e-02 3.978075501727164465e+02
4.196773712369536447e-01 1.754991178738443333e-02 4.832861815324856138e+02
4.196773712369536447e-01 1.822490839459152759e-02 5.689778098143001444e+02
4.196773712369536447e-01 1.889990500179862185e-02 6.507058110690791182e+02
4.196773712369536447e-01 1.957490160900571610e-02 7.251703794920092605e+02
4.196773712369536447e-01 2.024989821621280689e-02 7.884004187223006284e+02
4.196773712369536447e-01 2.092489482341990115e-02 8.297732099673445418e+02
4.196773712369536447e-01 2.159989143062699540e-02 8.463063754349559531e+02
4.196773712369536447e-01 2.227488803783408966e-02 8.393077959033523712e+02
4.196773712369536447e-01 2.294988464504118392e-02 8.152986839819308216e+02
4.196773712369536447e-01 2.362488125224827470e-02 7.743642104567240949e+02
4.196773712369536447e-01 2.429987785945536896e-02 7.181183229773081393e+02
4.196773712369536447e-01 2.497487446666246322e-02 6.504514623013853907e+02
4.196773712369536447e-01 2.564987107386955748e-02 5.775836372075748386e+02
4.196773712369536447e-01 2.632486768107665173e-02 5.025388550937698255e+02
4.196773712369536447e-01 2.699986428828374252e-02 4.282346988537631205e+02
4.196773712369536447e-01 2.767486089549083678e-02 3.583071522677511780e+02
4.196773712369536447e-01 2.834985750269793103e-02 2.940831485615876772e+02
4.196773712369536447e-01 2.902485410990502529e-02 2.371368428140325761e+02
4.196773712369536447e-01 2.969985071711211955e-02 1.878012356805565446e+02
4.196773712369536447e-01 3.037484732431921380e-02 1.464527602014510137e+02
4.196773712369536447e-01 3.104984393152630459e-02 1.121441785411175118e+02
4.196773712369536447e-01 3.172484053873340232e-02 8.468155518270292248e+01
4.196773712369536447e-01 3.239983714594049657e-02 6.291831858135842026e+01
4.196773712369536447e-01 3.307483375314758389e-02 4.605786266821623087e+01
4.196773712369536447e-01 3.374983036035467815e-02 3.326551897296720028e+01
4.196773712369536447e-01 3.442482696756177241e-02 2.368110823347925731e+01
4.196773712369536447e-01 3.509982357476886666e-02 1.660683130539014840e+01
4.196773712369536447e-01 3.577482018197596092e-02 1.148648030214368454e+01
4.196773712369536447e-01 3.644981678918305518e-02 7.845623485381405970e+00
4.196773712369536447e-01 3.712481339639014943e-02 5.294647971817521004e+00
4.196773712369536447e-01 3.779981000359724369e-02 3.532799705775096832e+00
4.196773712369536447e-01 3.847480661080433795e-02 2.331217336238387450e+00
4.196773712369536447e-01 3.914980321801143220e-02 1.521577107854696242e+00
4.196773712369536447e-01 3.982479982521851952e-02 9.809119924903283438e-01
4.196773712369536447e-01 4.049979643242561378e-02 6.258368380131226205e-01
4.196773712369536447e-01 4.117479303963270804e-02 3.954228294192651538e-01
4.196773712369536447e-01 4.184978964683980229e-02 2.461554808825749951e-01
4.196773712369536447e-01 4.252478625404689655e-02 1.518328637354983413e-01
4.196773712369536447e-01 4.319978286125399081e-02 9.271748359474410450e-02
4.196773712369536447e-01 4.387477946846108506e-02 5.613652907185087693e-02
4.196773712369536447e-01 4.454977607566817932e-02 3.371390334680125084e-02
4.196773712369536447e-01 4.522477268287527358e-02 2.007848909643331764e-02
4.196773712369536447e-01 4.589976929008236783e-02 1.185769530540609247e-02
4.196773712369536447e-01 4.657476589728946209e-02 6.949207449984217203e-03
4.196773712369536447e-01 4.724976250449654941e-02 4.030718652752384237e-03
4.196773712369536447e-01 4.792475911170364367e-02 2.319863359841352595e-03
4.196773712369536447e-01 4.859975571891073792e-02 1.326338130902075243e-03
4.196773712369536447e-01 4.927475232611783218e-02 7.533044343881661669e-04
4.196773712369536447e-01 4.994974893332492644e-02 4.248192779308716761e-04
4.196773712369536447e-01 5.062474554053202069e-02 2.376739093707215056e-04
4.196773712369536447e-01 5.129974214773911495e-02 1.320353569082033417e-04
4.196773712369536447e-01 5.197473875494620921e-02 7.292349921659359345e-05
4.196773712369536447e-01 5.264973536215330346e-02 4.005133135092037514e-05
4.196773712369536447e-01 5.332473196936039772e-02 2.184583252801092118e-05
4.196773712369536447e-01 5.399972857656748504e-02 1.183959329778575249e-05
4.196773712369536447e-01 5.467472518377457930e-02 6.381637204821466829e-06
4.196773712369536447e-01 5.534972179098167355e-02 3.423522001093387076e-06
4.196773712369536447e-01 5.602471839818876781e-02 1.824607674285594692e-06
4.196773712369536447e-01 5.669971500539586207e-02 9.673702611177143457e-07
4.196773712369536447e-01 5.737471161260295632e-02 5.105235750782013569e-07
4.196773712369536447e-01 5.804970821981005058e-02 2.680865252931264530e-07
4.196773712369536447e-01 5.872470482701714484e-02 1.399891755750256506e-07
4.196773712369536447e-01 5.939970143422423909e-02 7.281092178759693049e-08
4.196773712369536447e-01 6.007469804143133335e-02 3.767060782894197531e-08
4.196773712369536447e-01 6.074969464863842761e-02 1.936782975116505373e-08
4.196773712369536447e-01 6.142469125584551493e-02 9.920317125032596953e-09
4.196773712369536447e-01 6.209968786305260918e-02 5.059678933956466946e-09
4.196773712369536447e-01 6.277468447025970344e-02 2.567972605467851801e-09
4.196773712369536447e-01 6.344968107746680464e-02 1.299026530720227049e-09
4.196773712369536447e-01 6.412467768467389195e-02 6.540939253476430968e-10
4.196773712369536447e-01 6.479967429188099315e-02 3.283175883586705159e-10
4.196773712369536447e-01 6.547467089908808047e-02 1.642225128312898700e-10
4.196773712369536447e-01 6.614966750629516778e-02 8.182399262582004789e-11
4.196773712369536447e-01 6.682466411350226898e-02 4.063778145189819065e-11
4.276791573328632134e-01 0.000000000000000000e+00 3.017421545860689973e-08
4.276791573328632134e-01 6.749966072070936064e-04 3.665379108711352573e-07
4.276791573328632134e-01 1.349993214414187213e-03 3.060895013491430948e-06
4.276791573328632134e-01 2.024989821621281036e-03 1.960554191366726000e-05
4.276791573328632134e-01 2.699986428828374425e-03 1.022081284665091671e-04
4.276791573328632134e-01 3.374983036035467815e-03 4.579941950647430375e-04
4.276791573328632134e-01 4.049979643242562072e-03 1.794699637524662479e-03
4.276791573328632134e-01 4.724976250449655461e-03 6.269139271257724577e-03
4.276791573328632134e-01 5.399972857656748851e-03 1.975749311458639343e-02
4.276791573328632134e-01 6.074969464863842240e-03 5.674308430942316683e-02
4.276791573328632134e-01 6.749966072070935630e-03 1.497704723321043041e-01
4.276791573328632134e-01 7.424962679278029887e-03 3.657536849998419548e-01
4.276791573328632134e-01 8.099959286485124144e-03 8.321521461421553800e-01
4.276791573328632134e-01 8.774955893692216666e-03 1.773099066106548438e+00
4.276791573328632134e-01 9.449952500899310923e-03 3.555077483094603252e+00
4.276791573328632134e-01 1.012494910810640344e-02 6.735775977657160851e+00
4.276791573328632134e-01 1.079994571531349770e-02 1.210403586448489577e+01
4.276791573328632134e-01 1.147494232252059196e-02 2.069656730267062628e+01
4.276791573328632134e-01 1.214993892972768448e-02 3.377551285439793105e+01
4.276791573328632134e-01 1.282493553693477874e-02 5.275455278110373314e+01
4.276791573328632134e-01 1.349993214414187126e-02 7.905572539707156920e+01
4.276791573328632134e-01 1.417492875134896552e-02 1.139240914867962857e+02
4.276791573328632134e-01 1.484992535855605977e-02 1.582034189123170620e+02
4.276791573328632134e-01 1.552492196576315230e-02 2.121061763235812521e+02
4.276791573328632134e-01 1.619991857297024829e-02 2.750419081349127168e+02
4.276791573328632134e-01 1.687491518017733907e-02 3.455281936547291366e+02
4.276791573328632134e-01 1.754991178738443333e-02 4.211740899172802415e+02
4.276791573328632134e-01 1.822490839459152759e-02 4.974919883113190053e+02
4.276791573328632134e-01 1.889990500179862185e-02 5.707884162729354784e+02
4.276791573328632134e-01 1.957490160900571610e-02 6.381742793921550856e+02
4.276791573328632134e-01 2.024989821621280689e-02 6.960579030617998342e+02
4.276791573328632134e-01 2.092489482341990115e-02 7.349935722343715270e+02
4.276791573328632134e-01 2.159989143062699540e-02 7.521665374747077522e+02
4.276791573328632134e-01 2.227488803783408966e-02 7.483065060253668435e+02
4.276791573328632134e-01 2.294988464504118392e-02 7.292228365799585390e+02
4.276791573328632134e-01 2.362488125224827470e-02 6.948294319329901327e+02
4.276791573328632134e-01 2.429987785945536896e-02 6.464678482042347696e+02
4.276791573328632134e-01 2.497487446666246322e-02 5.873993603484310597e+02
4.276791573328632134e-01 2.564987107386955748e-02 5.232401660746591006e+02
4.276791573328632134e-01 2.632486768107665173e-02 4.567128060284688331e+02
4.276791573328632134e-01 2.699986428828374252e-02 3.903913490746981552e+02
4.276791573328632134e-01 2.767486089549083678e-02 3.276446101948855585e+02
4.276791573328632134e-01 2.834985750269793103e-02 2.697733219936557703e+02
4.276791573328632134e-01 2.902485410990502529e-02 2.181906984298147165e+02
4.276791573328632134e-01 2.969985071711211955e-02 1.733464770924824165e+02
4.276791573328632134e-01 3.037484732431921380e-02 1.355859754892029230e+02
4.276791573328632134e-01 3.104984393152630459e-02 1.041433047012808117e+02
4.276791573328632134e-01 3.172484053873340232e-02 7.888378417823005861e+01
4.276791573328632134e-01 3.239983714594049657e-02 5.878362060589216043e+01
4.276791573328632134e-01 3.307483375314758389e-02 4.316299322119595416e+01
4.276791573328632134e-01 3.374983036035467815e-02 3.127035463558620521e+01
4.276791573328632134e-01 3.442482696756177241e-02 2.232626127988108067e+01
4.276791573328632134e-01 3.509982357476886666e-02 1.570452870757878649e+01
4.276791573328632134e-01 3.577482018197596092e-02 1.089536428425091508e+01
4.276791573328632134e-01 3.644981678918305518e-02 7.463637757160135777e+00
4.276791573328632134e-01 3.712481339639014943e-02 5.051850620175939888e+00
4.276791573328632134e-01 3.779981000359724369e-02 3.380785930979112841e+00
4.276791573328632134e-01 3.847480661080433795e-02 2.237497295942672437e+00
4.276791573328632134e-01 3.914980321801143220e-02 1.464545725828366951e+00
4.276791573328632134e-01 3.982479982521851952e-02 9.469302210870942371e-01
4.276791573328632134e-01 4.049979643242561378e-02 6.059363155501041875e-01
4.276791573328632134e-01 4.117479303963270804e-02 3.839466759808819463e-01
4.276791573328632134e-01 4.184978964683980229e-02 2.397254408092595324e-01
4.276791573328632134e-01 4.252478625404689655e-02 1.482973185397824245e-01
4.276791573328632134e-01 4.319978286125399081e-02 9.081438668568751760e-02
4.276791573328632134e-01 4.387477946846108506e-02 5.514197437753998177e-02
4.276791573328632134e-01 4.454977607566817932e-02 3.321146618076022128e-02
4.276791573328632134e-01 4.522477268287527358e-02 1.983633742373983391e-02
4.276791573328632134e-01 4.589976929008236783e-02 1.174803092637366486e-02
4.276791573328632134e-01 4.657476589728946209e-02 6.905025431730147691e-03
4.276791573328632134e-01 4.724976250449654941e-02 4.016461132331082540e-03
4.276791573328632134e-01 4.792475911170364367e-02 2.318133506943734386e-03
4.276791573328632134e-01 4.859975571891073792e-02 1.329088549280310009e-03
4.276791573328632134e-01 4.927475232611783218e-02 7.569403141696916726e-04
4.276791573328632134e-01 4.994974893332492644e-02 4.280581463449742116e-04
4.276791573328632134e-01 5.062474554053202069e-02 2.401739137865461517e-04
4.276791573328632134e-01 5.129974214773911495e-02 1.337953418787616851e-04
4.276791573328632134e-01 5.197473875494620921e-02 7.409912662611208521e-05
4.276791573328632134e-01 5.264973536215330346e-02 4.080777703059774682e-05
4.276791573328632134e-01 5.332473196936039772e-02 2.232048164531026755e-05
4.276791573328632134e-01 5.399972857656748504e-02 1.212983664217545783e-05
4.276791573328632134e-01 5.467472518377457930e-02 6.555956122944495382e-06
4.276791573328632134e-01 5.534972179098167355e-02 3.526626419290899544e-06
4.276791573328632134e-01 5.602471839818876781e-02 1.884853611001420596e-06
4.276791573328632134e-01 5.669971500539586207e-02 1.002012336790579009e-06
4.276791573328632134e-01 5.737471161260295632e-02 5.302222400356688934e-07
4.276791573328632134e-01 5.804970821981005058e-02 2.791889778647967059e-07
4.276791573328632134e-01 5.872470482701714484e-02 1.461726997701980738e-07
4.276791573328632134e-01 5.939970143422423909e-02 7.622726503474112914e-08
4.276791573328632134e-01 6.007469804143133335e-02 3.956819930726604021e-08
4.276791573328632134e-01 6.074969464863842761e-02 2.039737779200824275e-08
4.276791573328632134e-01 6.142469125584551493e-02 1.047573386718615887e-08
4.276791573328632134e-01 6.209968786305260918e-02 5.357320393377994012e-09
4.276791573328632134e-01 6.277468447025970344e-02 2.726249274405087926e-09
4.276791573328632134e-01 6.344968107746680464e-02 1.382707620291085293e-09
4.276791573328632134e-01 6.412467768467389195e-02 6.980585303982802617e-10
4.276791573328632134e-01 6.479967429188099315e-02 3.512913289303924614e-10
4.276791573328632134e-01 6.547467089908808047e-02 1.761768411578304663e-10
4.276791573328632134e-01 6.614966750629516778e-02 8.800882175602976701e-11
4.276791573328632134e-01 6.682466411350226898e-02 4.384033276302965251e-11
4.356809434287727267e-01 0.000000000000000000e+00 2.293481977736502181e-08
4.356809434287727267e-01 6.749966072070936064e-04 2.803432952177695990e-07
4.356809434287727267e-01 1.349993214414187213e-03 2.353314207536291666e-06
4.356809434287727267e-01 2.024989821621281036e-03 1.514456054793496423e-05
4.356809434287727267e-01 2.699986428828374425e-03 7.930371706084200138e-05
4.356809434287727267e-01 3.374983036035467815e-03 3.568670209252763469e-04
4.356809434287727267e-01 4.049979643242562072e-03 1.404245388060255083e-03
4.356809434287727267e-01 4.724976250449655461e-03 4.924824217882944714e-03
4.356809434287727267e-01 5.399972857656748851e-03 1.558186502110299118e-02
4.356809434287727267e-01 6.074969464863842240e-03 4.492707896482085045e-02
4.356809434287727267e-01 6.749966072070935630e-03 1.190387532735392023e-01
4.356809434287727267e-01 7.424962679278029887e-03 2.918056275514606113e-01
4.356809434287727267e-01 8.099959286485124144e-03 6.663491515793904529e-01
4.356809434287727267e-01 8.774955893692216666e-03 1.425054590309850600e+00
4.356809434287727267e-01 9.449952500899310923e-03 2.867575413846382038e+00
4.356809434287727267e-01 1.012494910810640344e-02 5.452550215276972700e+00
4.356809434287727267e-01 1.079994571531349770e-02 9.832842797194222939e+00
4.356809434287727267e-01 1.147494232252059196e-02 1.687325392073221764e+01
4.356809434287727267e-01 1.214993892972768448e-02 2.763445871814277410e+01
4.356809434287727267e-01 1.282493553693477874e-02 4.331193846030595296e+01
4.356809434287727267e-01 1.349993214414187126e-02 6.512916117592065746e+01
4.356809434287727267e-01 1.417492875134896552e-02 9.417373787232065752e+01
4.356809434287727267e-01 1.484992535855605977e-02 1.312173225620095423e+02
4.356809434287727267e-01 1.552492196576315230e-02 1.765182974306647168e+02
4.356809434287727267e-01 1.619991857297024829e-02 2.296645216490817347e+02
4.356809434287727267e-01 1.687491518017733907e-02 2.894868511009161693e+02
4.356809434287727267e-01 1.754991178738443333e-02 3.540267760119762102e+02
4.356809434287727267e-01 1.822490839459152759e-02 4.195640755743592649e+02
4.356809434287727267e-01 1.889990500179862185e-02 4.829558058273739221e+02
4.356809434287727267e-01 1.957490160900571610e-02 5.417047054538481916e+02
4.356809434287727267e-01 2.024989821621280689e-02 5.927296278030295298e+02
4.356809434287727267e-01 2.092489482341990115e-02 6.279250689036240374e+02
4.356809434287727267e-01 2.159989143062699540e-02 6.447598267195436392e+02
4.356809434287727267e-01 2.227488803783408966e-02 6.434883894304415435e+02
4.356809434287727267e-01 2.294988464504118392e-02 6.290248160026736741e+02
4.356809434287727267e-01 2.362488125224827470e-02 6.012575780697652590e+02
4.356809434287727267e-01 2.429987785945536896e-02 5.612286996216979560e+02
4.356809434287727267e-01 2.497487446666246322e-02 5.115254245132209121e+02
4.356809434287727267e-01 2.564987107386955748e-02 4.570851999654067299e+02
4.356809434287727267e-01 2.632486768107665173e-02 4.002399066632373774e+02
4.356809434287727267e-01 2.699986428828374252e-02 3.431730740041911076e+02
4.356809434287727267e-01 2.767486089549083678e-02 2.888895157023729894e+02
4.356809434287727267e-01 2.834985750269793103e-02 2.386159426229949361e+02
4.356809434287727267e-01 2.902485410990502529e-02 1.935698043602142207e+02
4.356809434287727267e-01 2.969985071711211955e-02 1.542668255931151009e+02
4.356809434287727267e-01 3.037484732431921380e-02 1.210255749957821649e+02
4.356809434287727267e-01 3.104984393152630459e-02 9.325155837836058481e+01
4.356809434287727267e-01 3.172484053873340232e-02 7.084856031643413132e+01
4.356809434287727267e-01 3.239983714594049657e-02 5.295026508893557349e+01
4.356809434287727267e-01 3.307483375314758389e-02 3.899809898683400888e+01
4.356809434287727267e-01 3.374983036035467815e-02 2.833643713874339909e+01
4.356809434287727267e-01 3.442482696756177241e-02 2.029281991166764954e+01
4.356809434287727267e-01 3.509982357476886666e-02 1.431695673189227058e+01
4.356809434287727267e-01 3.577482018197596092e-02 9.962600425482921906e+00
4.356809434287727267e-01 3.644981678918305518e-02 6.844675072107814451e+00
4.356809434287727267e-01 3.712481339639014943e-02 4.646764853191530875e+00
4.356809434287727267e-01 3.779981000359724369e-02 3.118890660274682425e+00
4.356809434287727267e-01 3.847480661080433795e-02 2.070297548158781087e+00
4.356809434287727267e-01 3.914980321801143220e-02 1.358931654593954264e+00
4.356809434287727267e-01 3.982479982521851952e-02 8.812313470809925997e-01
4.356809434287727267e-01 4.049979643242561378e-02 5.655430770821949782e-01
4.356809434287727267e-01 4.117479303963270804e-02 3.594007187082435273e-01
4.356809434287727267e-01 4.184978964683980229e-02 2.250750683274116981e-01
4.356809434287727267e-01 4.252478625404689655e-02 1.396298610375161786e-01
4.356809434287727267e-01 4.319978286125399081e-02 8.574285306870500778e-02
4.356809434287727267e-01 4.387477946846108506e-02 5.221228402444204331e-02
4.356809434287727267e-01 4.454977607566817932e-02 3.153595018745306705e-02
4.356809434287727267e-01 4.522477268287527358e-02 1.888922853707897948e-02
4.356809434287727267e-01 4.589976929008236783e-02 1.121875877299160704e-02
4.356809434287727267e-01 4.657476589728946209e-02 6.613205427566197329e-03
4.356809434287727267e-01 4.724976250449654941e-02 3.857595634921582011e-03
4.356809434287727267e-01 4.792475911170364367e-02 2.232677442127712665e-03
4.356809434287727267e-01 4.859975571891073792e-02 1.283655040956027497e-03
4.356809434287727267e-01 4.927475232611783218e-02 7.330645779101842936e-04
4.356809434287727267e-01 4.994974893332492644e-02 4.157084807761916292e-04
4.356809434287727267e-01 5.062474554053202069e-02 2.339099474438190098e-04
4.356809434287727267e-01 5.129974214773911495e-02 1.306662839560337748e-04
4.356809434287727267e-01 5.197473875494620921e-02 7.256484549965556388e-05
4.356809434287727267e-01 5.264973536215330346e-02 4.007368362254433620e-05
4.356809434287727267e-01 5.332473196936039772e-02 2.197994350108186952e-05
4.356809434287727267e-01 5.399972857656748504e-02 1.197667231096114498e-05
4.356809434287727267e-01 5.467472518377457930e-02 6.490523731232647501e-06
4.356809434287727267e-01 5.534972179098167355e-02 3.500854369755978366e-06
4.356809434287727267e-01 5.602471839818876781e-02 1.876259318332154396e-06
4.356809434287727267e-01 5.669971500539586207e-02 1.000136299290409510e-06
4.356809434287727267e-01 5.737471161260295632e-02 5.306519633186553605e-07
4.356809434287727267e-01 5.804970821981005058e-02 2.801705202887430832e-07
4.356809434287727267e-01 5.872470482701714484e-02 1.470725388664019184e-07
4.356809434287727267e-01 5.939970143422423909e-02 7.689966156815933507e-08
4.356809434287727267e-01 6.007469804143133335e-02 4.002781911527375740e-08
4.356809434287727267e-01 6.074969464863842761e-02 2.069889272464526018e-08
4.356809434287727267e-01 6.142469125584551493e-02 1.065847832667977808e-08
4.356809434287727267e-01 6.209968786305260918e-02 5.465336779918374434e-09
4.356809434287727267e-01 6.277468447025970344e-02 2.788534853484493348e-09
4.356809434287727267e-01 6.344968107746680464e-02 1.417990624705309435e-09
4.356809434287727267e-01 6.412467768467389195e-02 7.177668128170488277e-10
4.356809434287727267e-01 6.479967429188099315e-02 3.621415835906683161e-10
4.356809434287727267e-01 6.547467089908808047e-02 1.820874636771773835e-10
4.356809434287727267e-01 6.614966750629516778e-02 9.119352204800374795e-11
4.356809434287727267e-01 6.682466411350226898e-02 4.555613594157065099e-11
4.436827295246822400e-01 0.000000000000000000e+00 1.685381414774791084e-08
4.436827295246822400e-01 6.749966072070936064e-04 2.072963655127459743e-07
4.436827295246822400e-01 1.349993214414187213e-03 1.749204381597662454e-06
4.436827295246822400e-01 2.024989821621281036e-03 1.130909747528312088e-05
4.436827295246822400e-01 2.699986428828374425e-03 5.947905027833268291e-05
4.436827295246822400e-01 3.374983036035467815e-03 2.688091838041068707e-04
4.436827295246822400e-01 4.049979643242562072e-03 1.062052686760320448e-03
4.436827295246822400e-01 4.724976250449655461e-03 3.739657414126356001e-03
4.436827295246822400e-01 5.399972857656748851e-03 1.187812273603629405e-02
4.436827295246822400e-01 6.074969464863842240e-03 3.438030180673952441e-02
4.436827295246822400e-01 6.749966072070935630e-03 9.143999036909356004e-02
4.436827295246822400e-01 7.424962679278029887e-03 2.250017507103302117e-01
4.436827295246822400e-01 8.099959286485124144e-03 5.157092625243790973e-01
4.436827295246822400e-01 8.774955893692216666e-03 1.106892783536853164e+00
4.436827295246822400e-01 9.449952500899310923e-03 2.235370129458611910e+00
4.436827295246822400e-01 1.012494910810640344e-02 4.265306634031222899e+00
4.436827295246822400e-01 1.079994571531349770e-02 7.718778649535921410e+00
4.436827295246822400e-01 1.147494232252059196e-02 1.329127694737683285e+01
4.436827295246822400e-01 1.214993892972768448e-02 2.184311326718698609e+01
4.436827295246822400e-01 1.282493553693477874e-02 3.435574435483865585e+01
4.436827295246822400e-01 1.349993214414187126e-02 5.183772741873330148e+01
4.436827295246822400e-01 1.417492875134896552e-02 7.520896192624573473e+01
4.436827295246822400e-01 1.484992535855605977e-02 1.051433223977283973e+02
4.436827295246822400e-01 1.552492196576315230e-02 1.419120296370622611e+02
4.436827295246822400e-01 1.619991857297024829e-02 1.852556074669650457e+02
4.436827295246822400e-01 1.687491518017733907e-02 2.342784241365944808e+02
4.436827295246822400e-01 1.754991178738443333e-02 2.874593936844460700e+02
4.436827295246822400e-01 1.822490839459152759e-02 3.417820552512649215e+02
4.436827295246822400e-01 1.889990500179862185e-02 3.947000783459969853e+02
4.436827295246822400e-01 1.957490160900571610e-02 4.441483142664986872e+02
4.436827295246822400e-01 2.024989821621280689e-02 4.875207246027447923e+02
4.436827295246822400e-01 2.092489482341990115e-02 5.181523289214393344e+02
4.436827295246822400e-01 2.159989143062699540e-02 5.338135841662551684e+02
4.436827295246822400e-01 2.227488803783408966e-02 5.344414327819432629e+02
4.436827295246822400e-01 2.294988464504118392e-02 5.240706614110034707e+02
4.436827295246822400e-01 2.362488125224827470e-02 5.025118842918780615e+02
4.436827295246822400e-01 2.429987785945536896e-02 4.705789593387295326e+02
4.436827295246822400e-01 2.497487446666246322e-02 4.302365836199600153e+02
4.436827295246822400e-01 2.564987107386955748e-02 3.856515984231150469e+02
4.436827295246822400e-01 2.632486768107665173e-02 3.387650066829125421e+02
4.436827295246822400e-01 2.699986428828374252e-02 2.913605207094437333e+02
4.436827295246822400e-01 2.767486089549083678e-02 2.460164105087972359e+02
4.436827295246822400e-01 2.834985750269793103e-02 2.038428538335914482e+02
4.436827295246822400e-01 2.902485410990502529e-02 1.658518416447744244e+02
4.436827295246822400e-01 2.969985071711211955e-02 1.325881483388102708e+02
4.436827295246822400e-01 3.037484732431921380e-02 1.043249047032034298e+02
4.436827295246822400e-01 3.104984393152630459e-02 8.063210188414412016e+01
4.436827295246822400e-01 3.172484053873340232e-02 6.145206638247188380e+01
4.436827295246822400e-01 3.239983714594049657e-02 4.606265016525189537e+01
4.436827295246822400e-01 3.307483375314758389e-02 3.402734020569857165e+01
4.436827295246822400e-01 3.374983036035467815e-02 2.479734638154529591e+01
4.436827295246822400e-01 3.442482696756177241e-02 1.781174689473885309e+01
4.436827295246822400e-01 3.509982357476886666e-02 1.260423091446661736e+01
4.436827295246822400e-01 3.577482018197596092e-02 8.796858566761375897e+00
4.436827295246822400e-01 3.644981678918305518e-02 6.061130760122661165e+00
4.436827295246822400e-01 3.712481339639014943e-02 4.127106574671947747e+00
4.436827295246822400e-01 3.779981000359724369e-02 2.778286325873513096e+00
4.436827295246822400e-01 3.847480661080433795e-02 1.849643937173702346e+00
4.436827295246822400e-01 3.914980321801143220e-02 1.217515296122885449e+00
4.436827295246822400e-01 3.982479982521851952e-02 7.918314988119294906e-01
4.436827295246822400e-01 4.049979643242561378e-02 5.096445834239041739e-01
4.436827295246822400e-01 4.117479303963270804e-02 3.248110682450977560e-01
4.436827295246822400e-01 4.184978964683980229e-02 2.040234947267572652e-01
4.436827295246822400e-01 4.252478625404689655e-02 1.269330471145631023e-01
4.436827295246822400e-01 4.319978286125399081e-02 7.816329032376727326e-02
4.436827295246822400e-01 4.387477946846108506e-02 4.773000584488699266e-02
4.436827295246822400e-01 4.454977607566817932e-02 2.891007605252490439e-02
4.436827295246822400e-01 4.522477268287527358e-02 1.736570075586573933e-02
4.436827295246822400e-01 4.589976929008236783e-02 1.034272407749672364e-02
4.436827295246822400e-01 4.657476589728946209e-02 6.114318810846991643e-03
4.436827295246822400e-01 4.724976250449654941e-02 3.576553747400096350e-03
4.436827295246822400e-01 4.792475911170364367e-02 2.075786108114731181e-03
4.436827295246822400e-01 4.859975571891073792e-02 1.196676454814453276e-03
4.436827295246822400e-01 4.927475232611783218e-02 6.852719372857529094e-04
4.436827295246822400e-01 4.994974893332492644e-02 3.896726227502488081e-04
4.436827295246822400e-01 5.062474554053202069e-02 2.198775824207107221e-04
4.436827295246822400e-01 5.129974214773911495e-02 1.231650719533205574e-04
4.436827295246822400e-01 5.197473875494620921e-02 6.858565292690058340e-05
4.436827295246822400e-01 5.264973536215330346e-02 3.798137116085421563e-05
4.436827295246822400e-01 5.332473196936039772e-02 2.089035042929605283e-05
4.436827295246822400e-01 5.399972857656748504e-02 1.141370704474872315e-05
4.436827295246822400e-01 5.467472518377457930e-02 6.201927914519924181e-06
4.436827295246822400e-01 5.534972179098167355e-02 3.354001383173350405e-06
4.436827295246822400e-01 5.602471839818876781e-02 1.802461810188578819e-06
4.436827295246822400e-01 5.669971500539586207e-02 9.633684382296548006e-07
4.436827295246822400e-01 5.737471161260295632e-02 5.124852245928860498e-07
4.436827295246822400e-01 5.804970821981005058e-02 2.713094561678266058e-07
4.436827295246822400e-01 5.872470482701714484e-02 1.428028097219352935e-07
4.436827295246822400e-01 5.939970143422423909e-02 7.486391514849957689e-08
4.436827295246822400e-01 6.007469804143133335e-02 3.907399253489397451e-08
4.436827295246822400e-01 6.074969464863842761e-02 2.026957912178102742e-08
4.436827295246822400e-01 6.142469125584551493e-02 1.046455221991694339e-08
4.436827295246822400e-01 6.209968786305260918e-02 5.380287420112266114e-09
4.436827295246822400e-01 6.277468447025970344e-02 2.752354537111546380e-09
4.436827295246822400e-01 6.344968107746680464e-02 1.403248249641279013e-09
4.436827295246822400e-01 6.412467768467389195e-02 7.121811185623974641e-10
4.436827295246822400e-01 6.479967429188099315e-02 3.602486922343662375e-10
4.436827295246822400e-01 6.547467089908808047e-02 1.816132798023183741e-10
4.436827295246822400e-01 6.614966750629516778e-02 9.118735231520709246e-11
4.436827295246822400e-01 6.682466411350226898e-02 4.566716103949057021e-11
4.516845156205917533e-01 0.000000000000000000e+00 1.198721012500192035e-08
4.516845156205917533e-01 6.749966072070936064e-04 1.483501830786707562e-07
4.516845156205917533e-01 1.349993214414187213e-03 1.258261286349786119e-06
4.516845156205917533e-01 2.024989821621281036e-03 8.173101302924761351e-06
4.516845156205917533e-01 2.699986428828374425e-03 4.317569118195356927e-05
4.516845156205917533e-01 3.374983036035467815e-03 1.959407382557105492e-04
4.516845156205917533e-01 4.049979643242562072e-03 7.773790097000820177e-04
4.516845156205917533e-01 4.724976250449655461e-03 2.748161852955067520e-03
4.516845156205917533e-01 5.399972857656748851e-03 8.763289307417236260e-03
4.516845156205917533e-01 6.074969464863842240e-03 2.546200020333379971e-02
4.516845156205917533e-01 6.749966072070935630e-03 6.797587390258215401e-02
4.516845156205917533e-01 7.424962679278029887e-03 1.678918951109980851e-01
4.516845156205917533e-01 8.099959286485124144e-03 3.862413258063272514e-01
4.516845156205917533e-01 8.774955893692216666e-03 8.320913397387680321e-01
4.516845156205917533e-01 9.449952500899310923e-03 1.686461365561385151e+00
4.516845156205917533e-01 1.012494910810640344e-02 3.229410215741237877e+00
4.516845156205917533e-01 1.079994571531349770e-02 5.864539315712656631e+00
4.516845156205917533e-01 1.147494232252059196e-02 1.013352936353602196e+01
4.516845156205917533e-01 1.214993892972768448e-02 1.671098043290008306e+01
4.516845156205917533e-01 1.282493553693477874e-02 2.637282917195423693e+01
4.516845156205917533e-01 1.349993214414187126e-02 3.993033389815641243e+01
4.516845156205917533e-01 1.417492875134896552e-02 5.812968601452524098e+01
4.516845156205917533e-01 1.484992535855605977e-02 8.153891815685871336e+01
4.516845156205917533e-01 1.552492196576315230e-02 1.104199866041025331e+02
4.516845156205917533e-01 1.619991857297024829e-02 1.446190726261299346e+02
4.516845156205917533e-01 1.687491518017733907e-02 1.834914134656937392e+02
4.516845156205917533e-01 1.754991178738443333e-02 2.258739069905576002e+02
4.516845156205917533e-01 1.822490839459152759e-02 2.694463437593710182e+02
4.516845156205917533e-01 1.889990500179862185e-02 3.121755952031091965e+02
4.516845156205917533e-01 1.957490160900571610e-02 3.524040145479314106e+02
4.516845156205917533e-01 2.024989821621280689e-02 3.880667033926624185e+02
4.516845156205917533e-01 2.092489482341990115e-02 4.137780557400072325e+02
4.516845156205917533e-01 2.159989143062699540e-02 4.277030906399621131e+02
4.516845156205917533e-01 2.227488803783408966e-02 4.295403577000940913e+02
4.516845156205917533e-01 2.294988464504118392e-02 4.225023317805909642e+02
4.516845156205917533e-01 2.362488125224827470e-02 4.064028414611491371e+02
4.516845156205917533e-01 2.429987785945536896e-02 3.817880370812222850e+02
4.516845156205917533e-01 2.497487446666246322e-02 3.501246513962802851e+02
4.516845156205917533e-01 2.564987107386955748e-02 3.148034761799576700e+02
4.516845156205917533e-01 2.632486768107665173e-02 2.774017429572984383e+02
4.516845156205917533e-01 2.699986428828374252e-02 2.393157284160089091e+02
4.516845156205917533e-01 2.767486089549083678e-02 2.026761847258461557e+02
4.516845156205917533e-01 2.834985750269793103e-02 1.684631837421032117e+02
4.516845156205917533e-01 2.902485410990502529e-02 1.374702174259009553e+02
4.516845156205917533e-01 2.969985071711211955e-02 1.102372055368507660e+02
4.516845156205917533e-01 3.037484732431921380e-02 8.699242217348174222e+01
4.516845156205917533e-01 3.104984393152630459e-02 6.744141775136402828e+01
4.516845156205917533e-01 3.172484053873340232e-02 5.155412769741082712e+01
4.516845156205917533e-01 3.239983714594049657e-02 3.875597225644028754e+01
4.516845156205917533e-01 3.307483375314758389e-02 2.871676322153822980e+01
4.516845156205917533e-01 3.374983036035467815e-02 2.098743634507008693e+01
4.516845156205917533e-01 3.442482696756177241e-02 1.511949046992456047e+01
4.516845156205917533e-01 3.509982357476886666e-02 1.073060753697512659e+01
4.516845156205917533e-01 3.577482018197596092e-02 7.511303128854755151e+00
4.516845156205917533e-01 3.644981678918305518e-02 5.190113079814203445e+00
4.516845156205917533e-01 3.712481339639014943e-02 3.544357398374770263e+00
4.516845156205917533e-01 3.779981000359724369e-02 2.392975409782666318e+00
4.516845156205917533e-01 3.847480661080433795e-02 1.597777399101889317e+00
4.516845156205917533e-01 3.914980321801143220e-02 1.054682262917590263e+00
4.516845156205917533e-01 3.982479982521851952e-02 6.879321296280355158e-01
4.516845156205917533e-01 4.049979643242561378e-02 4.440502639766187865e-01
4.516845156205917533e-01 4.117479303963270804e-02 2.838179362745571477e-01
4.516845156205917533e-01 4.184978964683980229e-02 1.788026092987917703e-01
4.516845156205917533e-01 4.252478625404689655e-02 1.115493817068977794e-01
4.516845156205917533e-01 4.319978286125399081e-02 6.888606297880150997e-02
4.516845156205917533e-01 4.387477946846108506e-02 4.218471530720872831e-02
4.516845156205917533e-01 4.454977607566817932e-02 2.562273095760529001e-02
4.516845156205917533e-01 4.522477268287527358e-02 1.543413054308219630e-02
4.516845156205917533e-01 4.589976929008236783e-02 9.218069407384869504e-03
4.516845156205917533e-01 4.657476589728946209e-02 5.465143038509215345e-03
4.516845156205917533e-01 4.724976250449654941e-02 3.205736623967055804e-03
4.516845156205917533e-01 4.792475911170364367e-02 1.865723334603970303e-03
4.516845156205917533e-01 4.859975571891073792e-02 1.078499306777908322e-03
4.516845156205917533e-01 4.927475232611783218e-02 6.193178745891325405e-04
4.516845156205917533e-01 4.994974893332492644e-02 3.531268701148683334e-04
4.516845156205917533e-01 5.062474554053202069e-02 1.998128720183126787e-04
4.516845156205917533e-01 5.129974214773911495e-02 1.122305604203232676e-04
4.516845156205917533e-01 5.197473875494620921e-02 6.266498955495189112e-05
4.516845156205917533e-01 5.264973536215330346e-02 3.479820065632198330e-05
4.516845156205917533e-01 5.332473196936039772e-02 1.919241955940701770e-05
4.516845156205917533e-01 5.399972857656748504e-02 1.051431154678232940e-05
4.516845156205917533e-01 5.467472518377457930e-02 5.728563381514850053e-06
4.516845156205917533e-01 5.534972179098167355e-02 3.106310212966750468e-06
4.516845156205917533e-01 5.602471839818876781e-02 1.673878844760463526e-06
4.516845156205917533e-01 5.669971500539586207e-02 8.969650878230450104e-07
4.516845156205917533e-01 5.737471161260295632e-02 4.784020166323859606e-07
4.516845156205917533e-01 5.804970821981005058e-02 2.539533718110628132e-07
4.516845156205917533e-01 5.872470482701714484e-02 1.340204039059142683e-07
4.516845156205917533e-01 5.939970143422423909e-02 7.044462249993882860e-08
4.516845156205917533e-01 6.007469804143133335e-02 3.686705766324732847e-08
4.516845156205917533e-01 6.074969464863842761e-02 1.918462198698754040e-08
4.516845156205917533e-01 6.142469125584551493e-02 9.929943789675946067e-09
4.516845156205917533e-01 6.209968786305260918e-02 5.118996060113883362e-09
4.516845156205917533e-01 6.277468447025970344e-02 2.625539212729699340e-09
4.516845156205917533e-01 6.344968107746680464e-02 1.342033642264485973e-09
4.516845156205917533e-01 6.412467768467389195e-02 6.828959074836765290e-10
4.516845156205917533e-01 6.479967429188099315e-02 3.463175758452573025e-10
4.516845156205917533e-01 6.547467089908808047e-02 1.750506333787015884e-10
4.516845156205917533e-01 6.614966750629516778e-02 8.811661576023314322e-11
4.516845156205917533e-01 6.682466411350226898e-02 4.423981040882952712e-11
4.596863017165012666e-01 0.000000000000000000e+00 8.264481092293422850e-09
4.596863017165012666e-01 6.749966072070936064e-04 1.029167495876372437e-07
4.596863017165012666e-01 1.349993214414187213e-03 8.774168533267039932e-07
4.596863017165012666e-01 2.024989821621281036e-03 5.725518781482819697e-06
4.596863017165012666e-01 2.699986428828374425e-03 3.038040108820342877e-05
4.596863017165012666e-01 3.374983036035467815e-03 1.384543599398712428e-04
4.596863017165012666e-01 4.049979643242562072e-03 5.515337937623173694e-04
4.596863017165012666e-01 4.724976250449655461e-03 1.957625771613596966e-03
4.596863017165012666e-01 5.399972857656748851e-03 6.267078707809945783e-03
4.596863017165012666e-01 6.074969464863842240e-03 1.827860394878885394e-02
4.596863017165012666e-01 6.749966072070935630e-03 4.898042441154974724e-02
4.596863017165012666e-01 7.424962679278029887e-03 1.214243450426322757e-01
4.596863017165012666e-01 8.099959286485124144e-03 2.803535004813832998e-01
4.596863017165012666e-01 8.774955893692216666e-03 6.061714248706379093e-01
4.596863017165012666e-01 9.449952500899310923e-03 1.233056532537032401e+00
4.596863017165012666e-01 1.012494910810640344e-02 2.369554391955440042e+00
4.596863017165012666e-01 1.079994571531349770e-02 4.318073672116299555e+00
4.596863017165012666e-01 1.147494232252059196e-02 7.487015726669448590e+00
4.596863017165012666e-01 1.214993892972768448e-02 1.238887335005383861e+01
4.596863017165012666e-01 1.282493553693477874e-02 1.961859977830327040e+01
4.596863017165012666e-01 1.349993214414187126e-02 2.980348022172631417e+01
4.596863017165012666e-01 1.417492875134896552e-02 4.353459856473538991e+01
4.596863017165012666e-01 1.484992535855605977e-02 6.127209650082534154e+01
4.596863017165012666e-01 1.552492196576315230e-02 8.325210420610552831e+01
4.596863017165012666e-01 1.619991857297024829e-02 1.093920121917409460e+02
4.596863017165012666e-01 1.687491518017733907e-02 1.392413784115263411e+02
4.596863017165012666e-01 1.754991178738443333e-02 1.719569741794784647e+02
4.596863017165012666e-01 1.822490839459152759e-02 2.057860374017390939e+02
4.596863017165012666e-01 1.889990500179862185e-02 2.391809555069959856e+02
4.596863017165012666e-01 1.957490160900571610e-02 2.708685093110751723e+02
4.596863017165012666e-01 2.024989821621280689e-02 2.992180323943454709e+02
4.596863017165012666e-01 2.092489482341990115e-02 3.200734475235641980e+02
4.596863017165012666e-01 2.159989143062699540e-02 3.319476229773796945e+02
4.596863017165012666e-01 2.227488803783408966e-02 3.344146681795098175e+02
4.596863017165012666e-01 2.294988464504118392e-02 3.299516469865875479e+02
4.596863017165012666e-01 2.362488125224827470e-02 3.183617901282275398e+02
4.596863017165012666e-01 2.429987785945536896e-02 3.000404390183243208e+02
4.596863017165012666e-01 2.497487446666246322e-02 2.759895177892593097e+02
4.596863017165012666e-01 2.564987107386955748e-02 2.489059460837455617e+02
4.596863017165012666e-01 2.632486768107665173e-02 2.200188887130090336e+02
4.596863017165012666e-01 2.699986428828374252e-02 1.903877317504296798e+02
4.596863017165012666e-01 2.767486089549083678e-02 1.617285821160660362e+02
4.596863017165012666e-01 2.834985750269793103e-02 1.348475497711897901e+02
4.596863017165012666e-01 2.902485410990502529e-02 1.103675587739019193e+02
4.596863017165012666e-01 2.969985071711211955e-02 8.877914859024521377e+01
4.596863017165012666e-01 3.037484732431921380e-02 7.026445294360190985e+01
4.596863017165012666e-01 3.104984393152630459e-02 5.464018914456006826e+01
4.596863017165012666e-01 3.172484053873340232e-02 4.189545214526381756e+01
4.596863017165012666e-01 3.239983714594049657e-02 3.158583585856067799e+01
4.596863017165012666e-01 3.307483375314758389e-02 2.347453907020563335e+01
4.596863017165012666e-01 3.374983036035467815e-02 1.720654445063230398e+01
4.596863017165012666e-01 3.442482696756177241e-02 1.243298459260482325e+01
4.596863017165012666e-01 3.509982357476886666e-02 8.849821495521673853e+00
4.596863017165012666e-01 3.577482018197596092e-02 6.212675814318186163e+00
4.596863017165012666e-01 3.644981678918305518e-02 4.305033631753020451e+00
4.596863017165012666e-01 3.712481339639014943e-02 2.948483067200154295e+00
4.596863017165012666e-01 3.779981000359724369e-02 1.996417504064491144e+00
4.596863017165012666e-01 3.847480661080433795e-02 1.336875353477806616e+00
4.596863017165012666e-01 3.914980321801143220e-02 8.849504869832571785e-01
4.596863017165012666e-01 3.982479982521851952e-02 5.789032806672935738e-01
4.596863017165012666e-01 4.049979643242561378e-02 3.747593383235973130e-01
4.596863017165012666e-01 4.117479303963270804e-02 2.402151654102317457e-01
4.596863017165012666e-01 4.184978964683980229e-02 1.517823208066859109e-01
4.596863017165012666e-01 4.252478625404689655e-02 9.495423411784252588e-02
4.596863017165012666e-01 4.319978286125399081e-02 5.880239422644413516e-02
4.596863017165012666e-01 4.387477946846108506e-02 3.611074825842794378e-02
4.596863017165012666e-01 4.454977607566817932e-02 2.199494047226064480e-02
4.596863017165012666e-01 4.522477268287527358e-02 1.328587286804639063e-02
4.596863017165012666e-01 4.589976929008236783e-02 7.956665047765994203e-03
4.596863017165012666e-01 4.657476589728946209e-02 4.730300582852535983e-03
4.596863017165012666e-01 4.724976250449654941e-02 2.782569839801241930e-03
4.596863017165012666e-01 4.792475911170364367e-02 1.623774463775260520e-03
4.596863017165012666e-01 4.859975571891073792e-02 9.411934227708062097e-04
4.596863017165012666e-01 4.927475232611783218e-02 5.419485271651180861e-04
4.596863017165012666e-01 4.994974893332492644e-02 3.098554130256991391e-04
4.596863017165012666e-01 5.062474554053202069e-02 1.758138007142534250e-04
4.596863017165012666e-01 5.129974214773911495e-02 9.901710474780384586e-05
4.596863017165012666e-01 5.197473875494620921e-02 5.543462710967749874e-05
4.596863017165012666e-01 5.264973536215330346e-02 3.086599731008295708e-05
4.596863017165012666e-01 5.332473196936039772e-02 1.707058668540795856e-05
4.596863017165012666e-01 5.399972857656748504e-02 9.376829572745756466e-06
4.596863017165012666e-01 5.467472518377457930e-02 5.122327248027271727e-06
4.596863017165012666e-01 5.534972179098167355e-02 2.784937211239486068e-06
4.596863017165012666e-01 5.602471839818876781e-02 1.504734655715309371e-06
4.596863017165012666e-01 5.669971500539586207e-02 8.083873455148736409e-07
4.596863017165012666e-01 5.737471161260295632e-02 4.322694424787969470e-07
4.596863017165012666e-01 5.804970821981005058e-02 2.300702657654065823e-07
4.596863017165012666e-01 5.872470482701714484e-02 1.217341696449022202e-07
4.596863017165012666e-01 5.939970143422423909e-02 6.415211263267344608e-08
4.596863017165012666e-01 6.007469804143133335e-02 3.366425528937395832e-08
4.596863017165012666e-01 6.074969464863842761e-02 1.756966438828235472e-08
4.596863017165012666e-01 6.142469125584551493e-02 9.118877119055137065e-09
4.596863017165012666e-01 6.209968786305260918e-02 4.713246692423045252e-09
4.596863017165012666e-01 6.277468447025970344e-02 2.423707629511259599e-09
4.596863017165012666e-01 6.344968107746680464e-02 1.242022655009296224e-09
4.596863017165012666e-01 6.412467768467389195e-02 6.336380858397038638e-10
4.596863017165012666e-01 6.479967429188099315e-02 3.221582127143868110e-10
4.596863017165012666e-01 6.547467089908808047e-02 1.632639440630831868e-10
4.596863017165012666e-01 6.614966750629516778e-02 8.238999093912962754e-11
4.596863017165012666e-01 6.682466411350226898e-02 4.146972169466592996e-11
4.676880878124108354e-01 0.000000000000000000e+00 5.530097865518547183e-09
4.676880878124108354e-01 6.749966072070936064e-04 6.929075491520846118e-08
4.676880878124108354e-01 1.349993214414187213e-03 5.937725628301746939e-07
4.676880878124108354e-01 2.024989821621281036e-03 3.892459591327161454e-06
4.676880878124108354e-01 2.699986428828374425e-03 2.074359332306935372e-05
4.676880878124108354e-01 3.374983036035467815e-03 9.492728115680922714e-05
4.676880878124108354e-01 4.049979643242562072e-03 3.796937824394750393e-04
4.676880878124108354e-01 4.724976250449655461e-03 1.353036196630818568e-03
4.676880878124108354e-01 5.399972857656748851e-03 4.348440807042909355e-03
4.676880878124108354e-01 6.074969464863842240e-03 1.273115420997067773e-02
4.676880878124108354e-01 6.749966072070935630e-03 3.424315454173290640e-02
4.676880878124108354e-01 7.424962679278029887e-03 8.520151477283668950e-02
4.676880878124108354e-01 8.099959286485124144e-03 1.974362339986344139e-01
4.676880878124108354e-01 8.774955893692216666e-03 4.284128806516500632e-01
4.676880878124108354e-01 9.449952500899310923e-03 8.745570478453008612e-01
4.676880878124108354e-01 1.012494910810640344e-02 1.686655061908001629e+00
4.676880878124108354e-01 1.079994571531349770e-02 3.084473371094853089e+00
4.676880878124108354e-01 1.147494232252059196e-02 5.366778969200084681e+00
4.676880878124108354e-01 1.214993892972768448e-02 8.910981992547940322e+00
4.676880878124108354e-01 1.282493553693477874e-02 1.415908603809818622e+01
4.676880878124108354e-01 1.349993214414187126e-02 2.158245277427638342e+01
4.676880878124108354e-01 1.417492875134896552e-02 3.163080951665296681e+01
4.676880878124108354e-01 1.484992535855605977e-02 4.466727920267571506e+01
4.676880878124108354e-01 1.552492196576315230e-02 6.089239956196458792e+01
4.676880878124108354e-01 1.619991857297024829e-02 8.027741060338522061e+01
4.676880878124108354e-01 1.687491518017733907e-02 1.025170018389553803e+02
4.676880878124108354e-01 1.754991178738443333e-02 1.270102184362160500e+02
4.676880878124108354e-01 1.822490839459152759e-02 1.524907753666391557e+02
4.676880878124108354e-01 1.889990500179862185e-02 1.777992059126204936e+02
4.676880878124108354e-01 1.957490160900571610e-02 2.019892755951557319e+02
4.676880878124108354e-01 2.024989821621280689e-02 2.238424294895677633e+02
4.676880878124108354e-01 2.092489482341990115e-02 2.402076214225473620e+02
4.676880878124108354e-01 2.159989143062699540e-02 2.499410828249991425e+02
4.676880878124108354e-01 2.227488803783408966e-02 2.525831355178284525e+02
4.676880878124108354e-01 2.294988464504118392e-02 2.499829715129657188e+02
4.676880878124108354e-01 2.362488125224827470e-02 2.419526600089213844e+02
4.676880878124108354e-01 2.429987785945536896e-02 2.287478328921384616e+02
4.676880878124108354e-01 2.497487446666246322e-02 2.110603932710511970e+02
4.676880878124108354e-01 2.564987107386955748e-02 1.909282988064554161e+02
4.676880878124108354e-01 2.632486768107665173e-02 1.692947129679377554e+02
4.676880878124108354e-01 2.699986428828374252e-02 1.469380955719303756e+02
4.676880878124108354e-01 2.767486089549083678e-02 1.251880354486673070e+02
4.676880878124108354e-01 2.834985750269793103e-02 1.047062080670855551e+02
4.676880878124108354e-01 2.902485410990502529e-02 8.595198197553855834e+01
4.676880878124108354e-01 2.969985071711211955e-02 6.935166652796881692e+01
4.676880878124108354e-01 3.037484732431921380e-02 5.504974013691258961e+01
4.676880878124108354e-01 3.104984393152630459e-02 4.293795984664260601e+01
4.676880878124108354e-01 3.172484053873340232e-02 3.302205721807865046e+01
4.676880878124108354e-01 3.239983714594049657e-02 2.496744012574652416e+01
4.676880878124108354e-01 3.307483375314758389e-02 1.861076263794702967e+01
4.676880878124108354e-01 3.374983036035467815e-02 1.368070349910004957e+01
4.676880878124108354e-01 3.442482696756177241e-02 9.914432559955747237e+00
4.676880878124108354e-01 3.509982357476886666e-02 7.078138274821776044e+00
4.676880878124108354e-01 3.577482018197596092e-02 4.983136959370457753e+00
4.676880878124108354e-01 3.644981678918305518e-02 3.463008844196800329e+00
4.676880878124108354e-01 3.712481339639014943e-02 2.378675835192713972e+00
4.676880878124108354e-01 3.779981000359724369e-02 1.615253052174521420e+00
4.676880878124108354e-01 3.847480661080433795e-02 1.084642446525416526e+00
4.676880878124108354e-01 3.914980321801143220e-02 7.199922818804876945e-01
4.676880878124108354e-01 3.982479982521851952e-02 4.723373213687001582e-01
4.676880878124108354e-01 4.049979643242561378e-02 3.066404996471897015e-01
4.676880878124108354e-01 4.117479303963270804e-02 1.971114026249402851e-01
4.676880878124108354e-01 4.184978964683980229e-02 1.249146917779746652e-01
4.676880878124108354e-01 4.252478625404689655e-02 7.835994688730543722e-02
4.676880878124108354e-01 4.319978286125399081e-02 4.866194484946471943e-02
4.676880878124108354e-01 4.387477946846108506e-02 2.996639937898980949e-02
4.676880878124108354e-01 4.454977607566817932e-02 1.830318208719975900e-02
4.676880878124108354e-01 4.522477268287527358e-02 1.108692806521767785e-02
4.676880878124108354e-01 4.589976929008236783e-02 6.658174016805338581e-03
4.676880878124108354e-01 4.657476589728946209e-02 3.969151028964601306e-03
4.676880878124108354e-01 4.724976250449654941e-02 2.341386074962638515e-03
4.676880878124108354e-01 4.792475911170364367e-02 1.369922791561043254e-03
4.676880878124108354e-01 4.859975571891073792e-02 7.962377306477505133e-04
4.676880878124108354e-01 4.927475232611783218e-02 4.597348480344167778e-04
4.676880878124108354e-01 4.994974893332492644e-02 2.635610280240890100e-04
4.676880878124108354e-01 5.062474554053202069e-02 1.499629859773662520e-04
4.676880878124108354e-01 5.129974214773911495e-02 8.468767743655105306e-05
4.676880878124108354e-01 5.197473875494620921e-02 4.753882768491749558e-05
4.676880878124108354e-01 5.264973536215330346e-02 2.654117387445761969e-05
4.676880878124108354e-01 5.332473196936039772e-02 1.471934788957072001e-05
4.676880878124108354e-01 5.399972857656748504e-02 8.106838071607708627e-06
4.676880878124108354e-01 5.467472518377457930e-02 4.440383902049341496e-06
4.676880878124108354e-01 5.534972179098167355e-02 2.420557864866372190e-06
4.676880878124108354e-01 5.602471839818876781e-02 1.311331756442520340e-06
4.676880878124108354e-01 5.669971500539586207e-02 7.063390953197504476e-07
4.676880878124108354e-01 5.737471161260295632e-02 3.786893065927633265e-07
4.676880878124108354e-01 5.804970821981005058e-02 2.020878103796553359e-07
4.676880878124108354e-01 5.872470482701714484e-02 1.072033925514777572e-07
4.676880878124108354e-01 5.939970143422423909e-02 5.663805037183234635e-08
4.676880878124108354e-01 6.007469804143133335e-02 2.979952611598821173e-08
4.676880878124108354e-01 6.074969464863842761e-02 1.559247282507894498e-08
4.676880878124108354e-01 6.142469125584551493e-02 8.118008070593460788e-09
4.676880878124108354e-01 6.209968786305260918e-02 4.207084354468343285e-09
4.676880878124108354e-01 6.277468447025970344e-02 2.169054813457886062e-09
4.676880878124108354e-01 6.344968107746680464e-02 1.114375743603403557e-09
4.676880878124108354e-01 6.412467768467389195e-02 5.699787727698738704e-10
4.676880878124108354e-01 6.479967429188099315e-02 2.905269555350750244e-10
4.676880878124108354e-01 6.547467089908808047e-02 1.476063785236640941e-10
4.676880878124108354e-01 6.614966750629516778e-02 7.467459543118111186e-11
4.676880878124108354e-01 6.682466411350226898e-02 3.768036452076209098e-11
4.756898739083203487e-01 0.000000000000000000e+00 3.595807184388256909e-09
4.756898739083203487e-01 6.749966072070936064e-04 4.533319913510161638e-08
4.756898739083203487e-01 1.349993214414187213e-03 3.904793637683397271e-07
4.756898739083203487e-01 2.024989821621281036e-03 2.571541811564616507e-06
4.756898739083203487e-01 2.699986428828374425e-03 1.376543534107055672e-05
4.756898739083203487e-01 3.374983036035467815e-03 6.325688395147324901e-05
4.756898739083203487e-01 4.049979643242562072e-03 2.540212736125153480e-04
4.756898739083203487e-01 4.724976250449655461e-03 9.088128867368912159e-04
4.756898739083203487e-01 5.399972857656748851e-03 2.932048112577608293e-03
4.756898739083203487e-01 6.074969464863842240e-03 8.616549648425323241e-03
4.756898739083203487e-01 6.749966072070935630e-03 2.326342410751264939e-02
4.756898739083203487e-01 7.424962679278029887e-03 5.809736513288536047e-02
4.756898739083203487e-01 8.099959286485124144e-03 1.351160738374525550e-01
4.756898739083203487e-01 8.774955893692216666e-03 2.942373956553128167e-01
4.756898739083203487e-01 9.449952500899310923e-03 6.027943937522260986e-01
4.756898739083203487e-01 1.012494910810640344e-02 1.166622106906340939e+00
4.756898739083203487e-01 1.079994571531349770e-02 2.140967305874594384e+00
4.756898739083203487e-01 1.147494232252059196e-02 3.738040529982552762e+00
4.756898739083203487e-01 1.214993892972768448e-02 6.227927419709500256e+00
4.756898739083203487e-01 1.282493553693477874e-02 9.929107558997658955e+00
4.756898739083203487e-01 1.349993214414187126e-02 1.518508851187015374e+01
4.756898739083203487e-01 1.417492875134896552e-02 2.232924707878341763e+01
4.756898739083203487e-01 1.484992535855605977e-02 3.163528859971040674e+01
4.756898739083203487e-01 1.552492196576315230e-02 4.326783291022129418e+01
4.756898739083203487e-01 1.619991857297024829e-02 5.722724066139181076e+01
4.756898739083203487e-01 1.687491518017733907e-02 7.331948752894805921e+01
4.756898739083203487e-01 1.754991178738443333e-02 9.113160092427844461e+01
4.756898739083203487e-01 1.822490839459152759e-02 1.097645763368059022e+02
4.756898739083203487e-01 1.889990500179862185e-02 1.283882674980346792e+02
4.756898739083203487e-01 1.957490160900571610e-02 1.463113801088368007e+02
4.756898739083203487e-01 2.024989821621280689e-02 1.626471979643133068e+02
4.756898739083203487e-01 2.092489482341990115e-02 1.750949320955013775e+02
4.756898739083203487e-01 2.159989143062699540e-02 1.827900556920878330e+02
4.756898739083203487e-01 2.227488803783408966e-02 1.852894564166948612e+02
4.756898739083203487e-01 2.294988464504118392e-02 1.839356308491013294e+02
4.756898739083203487e-01 2.362488125224827470e-02 1.785769893674911373e+02
4.756898739083203487e-01 2.429987785945536896e-02 1.693589788599805104e+02
4.756898739083203487e-01 2.497487446666246322e-02 1.567297430080146512e+02
4.756898739083203487e-01 2.564987107386955748e-02 1.422138780487774454e+02
4.756898739083203487e-01 2.632486768107665173e-02 1.264921890011073913e+02
4.756898739083203487e-01 2.699986428828374252e-02 1.101174179935847945e+02
4.756898739083203487e-01 2.767486089549083678e-02 9.409473218477104695e+01
4.756898739083203487e-01 2.834985750269793103e-02 7.893949123264192735e+01
4.756898739083203487e-01 2.902485410990502529e-02 6.499060097325481422e+01
4.756898739083203487e-01 2.969985071711211955e-02 5.259921617020344797e+01
4.756898739083203487e-01 3.037484732431921380e-02 4.187313445049132810e+01
4.756898739083203487e-01 3.104984393152630459e-02 3.275988594184770619e+01
4.756898739083203487e-01 3.172484053873340232e-02 2.526883447939457739e+01
4.756898739083203487e-01 3.239983714594049657e-02 1.916142030900639881e+01
4.756898739083203487e-01 3.307483375314758389e-02 1.432545767965177319e+01
4.756898739083203487e-01 3.374983036035467815e-02 1.056083295716295467e+01
4.756898739083203487e-01 3.442482696756177241e-02 7.676089374729452963e+00
4.756898739083203487e-01 3.509982357476886666e-02 5.496259218696023297e+00
4.756898739083203487e-01 3.577482018197596092e-02 3.880620733439232861e+00
4.756898739083203487e-01 3.644981678918305518e-02 2.704845676172178415e+00
4.756898739083203487e-01 3.712481339639014943e-02 1.863258916162303214e+00
4.756898739083203487e-01 3.779981000359724369e-02 1.268862959729759154e+00
4.756898739083203487e-01 3.847480661080433795e-02 8.544120012941320841e-01
4.756898739083203487e-01 3.914980321801143220e-02 5.687672192660661041e-01
4.756898739083203487e-01 3.982479982521851952e-02 3.741936060117665996e-01
4.756898739083203487e-01 4.049979643242561378e-02 2.436162406052394258e-01
4.756898739083203487e-01 4.117479303963270804e-02 1.570449284578291638e-01
4.756898739083203487e-01 4.184978964683980229e-02 9.981595956371813738e-02
4.756898739083203487e-01 4.252478625404689655e-02 6.278680399913404153e-02
4.756898739083203487e-01 4.319978286125399081e-02 3.909965424523807742e-02
4.756898739083203487e-01 4.387477946846108506e-02 2.414435330120583492e-02
4.756898739083203487e-01 4.454977607566817932e-02 1.478811476703792947e-02
4.756898739083203487e-01 4.522477268287527358e-02 8.982542209360963939e-03
4.756898739083203487e-01 4.589976929008236783e-02 5.409290186215095185e-03
4.756898739083203487e-01 4.657476589728946209e-02 3.233538068647193175e-03
4.756898739083203487e-01 4.724976250449654941e-02 1.912783511430153800e-03
4.756898739083203487e-01 4.792475911170364367e-02 1.122162609240852328e-03
4.756898739083203487e-01 4.859975571891073792e-02 6.539811995099206136e-04
4.756898739083203487e-01 4.927475232611783218e-02 3.786163797574867095e-04
4.756898739083203487e-01 4.994974893332492644e-02 2.176412192846846475e-04
4.756898739083203487e-01 5.062474554053202069e-02 1.241753739882736141e-04
4.756898739083203487e-01 5.129974214773911495e-02 7.031367653327298196e-05
4.756898739083203487e-01 5.197473875494620921e-02 3.957564680541197780e-05
4.756898739083203487e-01 5.264973536215330346e-02 2.215452561513542922e-05
4.756898739083203487e-01 5.332473196936039772e-02 1.232007124800868875e-05
4.756898739083203487e-01 5.399972857656748504e-02 6.803255916947868311e-06
4.756898739083203487e-01 5.467472518377457930e-02 3.736099108392444602e-06
4.756898739083203487e-01 5.534972179098167355e-02 2.041874033496888609e-06
4.756898739083203487e-01 5.602471839818876781e-02 1.109129467721922957e-06
4.756898739083203487e-01 5.669971500539586207e-02 5.989827183929061789e-07
4.756898739083203487e-01 5.737471161260295632e-02 3.219744666879671128e-07
4.756898739083203487e-01 5.804970821981005058e-02 1.722776903855077657e-07
4.756898739083203487e-01 5.872470482701714484e-02 9.162602579817058186e-08
4.756898739083203487e-01 5.939970143422423909e-02 4.853196185522189459e-08
4.756898739083203487e-01 6.007469804143133335e-02 2.560068628301954342e-08
4.756898739083203487e-01 6.074969464863842761e-02 1.342913540645668317e-08
4.756898739083203487e-01 6.142469125584551493e-02 7.013185775832938360e-09
4.756898739083203487e-01 6.209968786305260918e-02 3.643942005739883145e-09
4.756898739083203487e-01 6.277468447025970344e-02 1.883485199109992328e-09
4.756898739083203487e-01 6.344968107746680464e-02 9.701232554617699369e-10
4.756898739083203487e-01 6.412467768467389195e-02 4.974686667550886502e-10
4.756898739083203487e-01 6.479967429188099315e-02 2.541949602393740723e-10
4.756898739083203487e-01 6.547467089908808047e-02 1.294740626454987909e-10
4.756898739083203487e-01 6.614966750629516778e-02 6.566562423271442964e-11
4.756898739083203487e-01 6.682466411350226898e-02 3.321673496271902637e-11
4.836916600042298620e-01 0.000000000000000000e+00 2.276132419786709932e-09
4.836916600042298620e-01 6.749966072070936064e-04 2.887241777398879897e-08
4.836916600042298620e-01 1.349993214414187213e-03 2.499556572367237040e-07
4.836916600042298620e-01 2.024989821621281036e-03 1.653577884801307529e-06
4.836916600042298620e-01 2.699986428828374425e-03 8.889597938591168347e-06
4.836916600042298620e-01 3.374983036035467815e-03 4.102292327474614054e-05
4.836916600042298620e-01 4.049979643242562072e-03 1.653921275413848340e-04
4.836916600042298620e-01 4.724976250449655461e-03 5.940140516243451203e-04
4.836916600042298620e-01 5.399972857656748851e-03 1.923676736178310835e-03
4.836916600042298620e-01 6.074969464863842240e-03 5.674490408138924483e-03
4.836916600042298620e-01 6.749966072070935630e-03 1.537691345643203179e-02
4.836916600042298620e-01 7.424962679278029887e-03 3.853915009152181215e-02
4.836916600042298620e-01 8.099959286485124144e-03 8.995546305796227327e-02
4.836916600042298620e-01 8.774955893692216666e-03 1.965744011737982633e-01
4.836916600042298620e-01 9.449952500899310923e-03 4.041259205430478008e-01
4.836916600042298620e-01 1.012494910810640344e-02 7.848265271285473910e-01
4.836916600042298620e-01 1.079994571531349770e-02 1.445190073203820313e+00
4.836916600042298620e-01 1.147494232252059196e-02 2.531826525031743547e+00
4.836916600042298620e-01 1.214993892972768448e-02 4.232605746679554137e+00
4.836916600042298620e-01 1.282493553693477874e-02 6.770941225061294588e+00
4.836916600042298620e-01 1.349993214414187126e-02 1.038942044795888719e+01
4.836916600042298620e-01 1.417492875134896552e-02 1.532732403456121695e+01
4.836916600042298620e-01 1.484992535855605977e-02 2.178668001091349637e+01
4.836916600042298620e-01 1.552492196576315230e-02 2.989498162182191621e+01
4.836916600042298620e-01 1.619991857297024829e-02 3.966906391977686752e+01
4.836916600042298620e-01 1.687491518017733907e-02 5.098776512953222095e+01
4.836916600042298620e-01 1.754991178738443333e-02 6.357945349709429195e+01
4.836916600042298620e-01 1.822490839459152759e-02 7.682854416139103648e+01
4.836916600042298620e-01 1.889990500179862185e-02 9.014839536194536151e+01
4.836916600042298620e-01 1.957490160900571610e-02 1.030561120894185905e+02
4.836916600042298620e-01 2.024989821621280689e-02 1.149197404459260099e+02
4.836916600042298620e-01 2.092489482341990115e-02 1.241049036179976639e+02
4.836916600042298620e-01 2.159989143062699540e-02 1.299837838715440625e+02
4.836916600042298620e-01 2.227488803783408966e-02 1.321686119429128894e+02
4.836916600042298620e-01 2.294988464504118392e-02 1.316079612149686398e+02
4.836916600042298620e-01 2.362488125224827470e-02 1.281721577597487851e+02
4.836916600042298620e-01 2.429987785945536896e-02 1.219427332436136453e+02
4.836916600042298620e-01 2.497487446666246322e-02 1.131945863838822390e+02
4.836916600042298620e-01 2.564987107386955748e-02 1.030173831162754965e+02
4.836916600042298620e-01 2.632486768107665173e-02 9.190944065691456899e+01
4.836916600042298620e-01 2.699986428828374252e-02 8.025156844445689330e+01
4.836916600042298620e-01 2.767486089549083678e-02 6.877547529127186010e+01
4.836916600042298620e-01 2.834985750269793103e-02 5.787495202205633404e+01
4.836916600042298620e-01 2.902485410990502529e-02 4.778699141123436789e+01
4.836916600042298620e-01 2.969985071711211955e-02 3.879369680102631435e+01
4.836916600042298620e-01 3.037484732431921380e-02 3.097231091928520996e+01
4.836916600042298620e-01 3.104984393152630459e-02 2.430515469698126196e+01
4.836916600042298620e-01 3.172484053873340232e-02 1.880189461719565358e+01
4.836916600042298620e-01 3.239983714594049657e-02 1.429999997165371362e+01
4.836916600042298620e-01 3.307483375314758389e-02 1.072260934643502139e+01
4.836916600042298620e-01 3.374983036035467815e-02 7.927353684050777005e+00
4.836916600042298620e-01 3.442482696756177241e-02 5.778754054060917689e+00
4.836916600042298620e-01 3.509982357476886666e-02 4.149686924255258980e+00
4.836916600042298620e-01 3.577482018197596092e-02 2.938105723201441144e+00
4.836916600042298620e-01 3.644981678918305518e-02 2.053785059618652209e+00
4.836916600042298620e-01 3.712481339639014943e-02 1.418904325686176637e+00
4.836916600042298620e-01 3.779981000359724369e-02 9.690404964623150486e-01
4.836916600042298620e-01 3.847480661080433795e-02 6.543043353621981195e-01
4.836916600042298620e-01 3.914980321801143220e-02 4.367745908774547381e-01
4.836916600042298620e-01 3.982479982521851952e-02 2.881694563501842055e-01
4.836916600042298620e-01 4.049979643242561378e-02 1.881364388209088023e-01
4.836916600042298620e-01 4.117479303963270804e-02 1.216225350819904738e-01
4.836916600042298620e-01 4.184978964683980229e-02 7.752188517327918138e-02
4.836916600042298620e-01 4.252478625404689655e-02 4.889921600776264005e-02
4.836916600042298620e-01 4.319978286125399081e-02 3.053590409644135056e-02
4.836916600042298620e-01 4.387477946846108506e-02 1.890816162281570498e-02
4.836916600042298620e-01 4.454977607566817932e-02 1.161269724910801888e-02
4.836916600042298620e-01 4.522477268287527358e-02 7.072915710051892214e-03
4.836916600042298620e-01 4.589976929008236783e-02 4.270813057715687304e-03
4.836916600042298620e-01 4.657476589728946209e-02 2.559833889597359392e-03
4.836916600042298620e-01 4.724976250449654941e-02 1.518405913920086977e-03
4.836916600042298620e-01 4.792475911170364367e-02 8.932087924189466939e-04
4.836916600042298620e-01 4.859975571891073792e-02 5.219622111644208569e-04
4.836916600042298620e-01 4.927475232611783218e-02 3.030009595069769026e-04
4.836916600042298620e-01 4.994974893332492644e-02 1.746378569077172303e-04
4.836916600042298620e-01 5.062474554053202069e-02 9.991254337057541035e-05
4.836916600042298620e-01 5.129974214773911495e-02 5.672526354981432677e-05
4.836916600042298620e-01 5.197473875494620921e-02 3.201122966225243408e-05
4.836916600042298620e-01 5.264973536215330346e-02 1.796759144023023203e-05
4.836916600042298620e-01 5.332473196936039772e-02 1.001905434834702550e-05
4.836916600042298620e-01 5.399972857656748504e-02 5.547308790178021059e-06
4.836916600042298620e-01 5.467472518377457930e-02 3.054297468343868113e-06
4.836916600042298620e-01 5.534972179098167355e-02 1.673501179521811986e-06
4.836916600042298620e-01 5.602471839818876781e-02 9.114764418506318449e-07
4.836916600042298620e-01 5.669971500539586207e-02 4.935275577670319873e-07
4.836916600042298620e-01 5.737471161260295632e-02 2.659883829187971472e-07
4.836916600042298620e-01 5.804970821981005058e-02 1.427005569299432379e-07
4.836916600042298620e-01 5.872470482701714484e-02 7.609440555062301165e-08
4.836916600042298620e-01 5.939970143422423909e-02 4.040690444064035138e-08
4.836916600042298620e-01 6.007469804143133335e-02 2.137110244100050025e-08
4.836916600042298620e-01 6.074969464863842761e-02 1.123884018149364129e-08
4.836916600042298620e-01 6.142469125584551493e-02 5.887172389979475732e-09
4.836916600042298620e-01 6.209968786305260918e-02 3.066791562389115401e-09
4.836916600042298620e-01 6.277468447025970344e-02 1.589175003080774991e-09
4.836916600042298620e-01 6.344968107746680464e-02 8.206006670308467986e-10
4.836916600042298620e-01 6.412467768467389195e-02 4.218721932022283201e-10
4.836916600042298620e-01 6.479967429188099315e-02 2.160963048106694618e-10
4.836916600042298620e-01 6.547467089908808047e-02 1.103497548902050405e-10
4.836916600042298620e-01 6.614966750629516778e-02 5.610627097725467862e-11
4.836916600042298620e-01 6.682466411350226898e-02 2.845181902745705769e-11
4.916934461001393752e-01 0.000000000000000000e+00 1.403483166764053783e-09
4.916934461001393752e-01 6.749966072070936064e-04 1.791317464459409668e-08
4.916934461001393752e-01 1.349993214414187213e-03 1.558781013533588889e-07
4.916934461001393752e-01 2.024989821621281036e-03 1.035900897643419015e-06
4.916934461001393752e-01 2.699986428828374425e-03 5.593356174037110357e-06
4.916934461001393752e-01 3.374983036035467815e-03 2.591867515790870807e-05
4.916934461001393752e-01 4.049979643242562072e-03 1.049212126295628221e-04
4.916934461001393752e-01 4.724976250449655461e-03 3.783196928728956216e-04
4.916934461001393752e-01 5.399972857656748851e-03 1.229853490780339481e-03
4.916934461001393752e-01 6.074969464863842240e-03 3.641468468951478479e-03
4.916934461001393752e-01 6.749966072070935630e-03 9.904620204580948800e-03
4.916934461001393752e-01 7.424962679278029887e-03 2.491536397464357011e-02
4.916934461001393752e-01 8.099959286485124144e-03 5.836283698293255606e-02
4.916934461001393752e-01 8.774955893692216666e-03 1.279934113032679677e-01
4.916934461001393752e-01 9.449952500899310923e-03 2.640509450594483720e-01
4.916934461001393752e-01 1.012494910810640344e-02 5.145582989675129282e-01
4.916934461001393752e-01 1.079994571531349770e-02 9.507475642697741369e-01
4.916934461001393752e-01 1.147494232252059196e-02 1.671306189440557199e+00
4.916934461001393752e-01 1.214993892972768448e-02 2.803633104624144057e+00
4.916934461001393752e-01 1.282493553693477874e-02 4.500114345905108060e+00
4.916934461001393752e-01 1.349993214414187126e-02 6.928614889518093456e+00
4.916934461001393752e-01 1.417492875134896552e-02 1.025569666622203790e+01
4.916934461001393752e-01 1.484992535855605977e-02 1.462477487050660230e+01
4.916934461001393752e-01 1.552492196576315230e-02 2.013197491772865177e+01
4.916934461001393752e-01 1.619991857297024829e-02 2.679871184347974022e+01
4.916934461001393752e-01 1.687491518017733907e-02 3.455397587012318894e+01
4.916934461001393752e-01 1.754991178738443333e-02 4.322238418256141301e+01
4.916934461001393752e-01 1.822490839459152759e-02 5.239339376842457341e+01
4.916934461001393752e-01 1.889990500179862185e-02 6.166883212413905824e+01
4.916934461001393752e-01 1.957490160900571610e-02 7.071787352683413985e+01
4.916934461001393752e-01 2.024989821621280689e-02 7.910066933194626415e+01
4.916934461001393752e-01 2.092489482341990115e-02 8.568944297599774984e+01
4.916934461001393752e-01 2.159989143062699540e-02 9.003785865436874758e+01
4.916934461001393752e-01 2.227488803783408966e-02 9.182979460175576492e+01
4.916934461001393752e-01 2.294988464504118392e-02 9.171637317380395871e+01
4.916934461001393752e-01 2.362488125224827470e-02 8.959550413921587619e+01
4.916934461001393752e-01 2.429987785945536896e-02 8.550123126536578866e+01
4.916934461001393752e-01 2.497487446666246322e-02 7.960279057823343862e+01
4.916934461001393752e-01 2.564987107386955748e-02 7.266395971412646304e+01
4.916934461001393752e-01 2.632486768107665173e-02 6.502448936205107088e+01
4.916934461001393752e-01 2.699986428828374252e-02 5.694409983928598962e+01
4.916934461001393752e-01 2.767486089549083678e-02 4.894151454866304363e+01
4.916934461001393752e-01 2.834985750269793103e-02 4.130833890902297867e+01
4.916934461001393752e-01 2.902485410990502529e-02 3.420510633745247020e+01
4.916934461001393752e-01 2.969985071711211955e-02 2.784969493695714604e+01
4.916934461001393752e-01 3.037484732431921380e-02 2.229802210646803218e+01
4.916934461001393752e-01 3.104984393152630459e-02 1.754989744359338033e+01
4.916934461001393752e-01 3.172484053873340232e-02 1.361496644627246688e+01
4.916934461001393752e-01 3.239983714594049657e-02 1.038534706173035360e+01
4.916934461001393752e-01 3.307483375314758389e-02 7.810001666026841427e+00
4.916934461001393752e-01 3.374983036035467815e-02 5.790338839412953575e+00
4.916934461001393752e-01 3.442482696756177241e-02 4.233164476699587730e+00
4.916934461001393752e-01 3.509982357476886666e-02 3.048440190667238703e+00
4.916934461001393752e-01 3.577482018197596092e-02 2.164413761771125433e+00
4.916934461001393752e-01 3.644981678918305518e-02 1.517361617753592906e+00
4.916934461001393752e-01 3.712481339639014943e-02 1.051336267256766765e+00
4.916934461001393752e-01 3.779981000359724369e-02 7.200841017098660313e-01
4.916934461001393752e-01 3.847480661080433795e-02 4.875778464071801044e-01
4.916934461001393752e-01 3.914980321801143220e-02 3.263967457006684003e-01
4.916934461001393752e-01 3.982479982521851952e-02 2.159497766439833488e-01
4.916934461001393752e-01 4.049979643242561378e-02 1.413788568166532422e-01
4.916934461001393752e-01 4.117479303963270804e-02 9.165161244083554204e-02
4.916934461001393752e-01 4.184978964683980229e-02 5.858516338963969117e-02
4.916934461001393752e-01 4.252478625404689655e-02 3.705671893328205818e-02
4.916934461001393752e-01 4.319978286125399081e-02 2.320482894703703586e-02
4.916934461001393752e-01 4.387477946846108506e-02 1.440839206724945330e-02
4.916934461001393752e-01 4.454977607566817932e-02 8.873500611433543864e-03
4.916934461001393752e-01 4.522477268287527358e-02 5.419651638173518526e-03
4.916934461001393752e-01 4.589976929008236783e-02 3.281531645693588298e-03
4.916934461001393752e-01 4.657476589728946209e-02 1.972197385993162098e-03
4.916934461001393752e-01 4.724976250449654941e-02 1.173050574423224615e-03
4.916934461001393752e-01 4.792475911170364367e-02 6.918910384250275165e-04
4.916934461001393752e-01 4.859975571891073792e-02 4.053995611841661661e-04
4.916934461001393752e-01 4.927475232611783218e-02 2.359731121810925661e-04
4.916934461001393752e-01 4.994974893332492644e-02 1.363682209243853051e-04
4.916934461001393752e-01 5.062474554053202069e-02 7.822926982646085661e-05
4.916934461001393752e-01 5.129974214773911495e-02 4.453258870194745368e-05
4.916934461001393752e-01 5.197473875494620921e-02 2.519690438806779603e-05
4.916934461001393752e-01 5.264973536215330346e-02 1.418009727245181355e-05
4.916934461001393752e-01 5.332473196936039772e-02 7.928388461950194513e-06
4.916934461001393752e-01 5.399972857656748504e-02 4.401278165378908326e-06
4.916934461001393752e-01 5.467472518377457930e-02 2.429485519499234737e-06
4.916934461001393752e-01 5.534972179098167355e-02 1.334592831053189051e-06
4.916934461001393752e-01 5.602471839818876781e-02 7.288308251254706964e-07
4.916934461001393752e-01 5.669971500539586207e-02 3.956495479171887923e-07
4.916934461001393752e-01 5.737471161260295632e-02 2.137901360856251322e-07
4.916934461001393752e-01 5.804970821981005058e-02 1.149975422136856749e-07
4.916934461001393752e-01 5.872470482701714484e-02 6.147820814733792997e-08
4.916934461001393752e-01 5.939970143422423909e-02 3.272784145083342439e-08
4.916934461001393752e-01 6.007469804143133335e-02 1.735491940006622376e-08
4.916934461001393752e-01 6.074969464863842761e-02 9.149676322744368480e-09
4.916934461001393752e-01 6.142469125584551493e-02 4.805905864864473578e-09
4.916934461001393752e-01 6.209968786305260918e-02 2.510744623558725239e-09
4.916934461001393752e-01 6.277468447025970344e-02 1.304256271448173566e-09
4.916934461001393752e-01 6.344968107746680464e-02 6.751718742779480816e-10
4.916934461001393752e-01 6.412467768467389195e-02 3.479681385842769958e-10
4.916934461001393752e-01 6.479967429188099315e-02 1.786843085291113804e-10
4.916934461001393752e-01 6.547467089908808047e-02 9.147523676677191615e-11
4.916934461001393752e-01 6.614966750629516778e-02 4.662424103954374585e-11
4.916934461001393752e-01 6.682466411350226898e-02 2.370132140060657201e-11
4.996952321960489440e-01 0.000000000000000000e+00 8.441822803318795417e-10
4.996952321960489440e-01 6.749966072070936064e-04 1.084151463855220120e-08
4.996952321960489440e-01 1.349993214414187213e-03 9.481750281213631727e-08
4.996952321960489440e-01 2.024989821621281036e-03 6.330272638836993316e-07
4.996952321960489440e-01 2.699986428828374425e-03 3.432617499746526157e-06
4.996952321960489440e-01 3.374983036035467815e-03 1.597200619705947279e-05
4.996952321960489440e-01 4.049979643242562072e-03 6.491112795455744730e-05
4.996952321960489440e-01 4.724976250449655461e-03 2.349619736975055745e-04
4.996952321960489440e-01 5.399972857656748851e-03 7.667343748103785158e-04
4.996952321960489440e-01 6.074969464863842240e-03 2.278624987216229265e-03
4.996952321960489440e-01 6.749966072070935630e-03 6.220325946005120232e-03
4.996952321960489440e-01 7.424962679278029887e-03 1.570319987463879297e-02
4.996952321960489440e-01 8.099959286485124144e-03 3.691641925687656756e-02
4.996952321960489440e-01 8.774955893692216666e-03 8.124521704994652760e-02
4.996952321960489440e-01 9.449952500899310923e-03 1.681970495894219431e-01
4.996952321960489440e-01 1.012494910810640344e-02 3.289105407015392446e-01
4.996952321960489440e-01 1.079994571531349770e-02 6.098181953442777248e-01
4.996952321960489440e-01 1.147494232252059196e-02 1.075583824564681157e+00
4.996952321960489440e-01 1.214993892972768448e-02 1.810207590381063936e+00
4.996952321960489440e-01 1.282493553693477874e-02 2.915054201535140610e+00
4.996952321960489440e-01 1.349993214414187126e-02 4.502828083392798497e+00
4.996952321960489440e-01 1.417492875134896552e-02 6.687167656699139151e+00
4.996952321960489440e-01 1.484992535855605977e-02 9.567356449640438854e+00
4.996952321960489440e-01 1.552492196576315230e-02 1.321215389726639344e+01
4.996952321960489440e-01 1.619991857297024829e-02 1.764319163681505387e+01
4.996952321960489440e-01 1.687491518017733907e-02 2.282080573591388983e+01
4.996952321960489440e-01 1.754991178738443333e-02 2.863624357934120113e+01
4.996952321960489440e-01 1.822490839459152759e-02 3.482281082554996487e+01
4.996952321960489440e-01 1.889990500179862185e-02 4.111694311327140383e+01
4.996952321960489440e-01 1.957490160900571610e-02 4.729960945406754291e+01
4.996952321960489440e-01 2.024989821621280689e-02 5.307133391198888006e+01
4.996952321960489440e-01 2.092489482341990115e-02 5.767359448903764729e+01
4.996952321960489440e-01 2.159989143062699540e-02 6.079702584538014776e+01
4.996952321960489440e-01 2.227488803783408966e-02 6.219685139944812846e+01
4.996952321960489440e-01 2.294988464504118392e-02 6.230715617587281230e+01
4.996952321960489440e-01 2.362488125224827470e-02 6.105183723351444058e+01
4.996952321960489440e-01 2.429987785945536896e-02 5.843797109675394097e+01
4.996952321960489440e-01 2.497487446666246322e-02 5.457738994311949199e+01
4.996952321960489440e-01 2.564987107386955748e-02 4.996974868973290995e+01
4.996952321960489440e-01 2.632486768107665173e-02 4.485444406079663082e+01
4.996952321960489440e-01 2.699986428828374252e-02 3.939793004165854029e+01
4.996952321960489440e-01 2.767486089549083678e-02 3.396033195702293028e+01
4.996952321960489440e-01 2.834985750269793103e-02 2.875057788906476119e+01
4.996952321960489440e-01 2.902485410990502529e-02 2.387566115402959355e+01
4.996952321960489440e-01 2.969985071711211955e-02 1.949873262324692647e+01
4.996952321960489440e-01 3.037484732431921380e-02 1.565536644871626848e+01
4.996952321960489440e-01 3.104984393152630459e-02 1.235779030441145032e+01
4.996952321960489440e-01 3.172484053873340232e-02 9.614048396790684237e+00
4.996952321960489440e-01 3.239983714594049657e-02 7.354786207173519053e+00
4.996952321960489440e-01 3.307483375314758389e-02 5.547583171936165236e+00
4.996952321960489440e-01 3.374983036035467815e-02 4.124775452619883431e+00
4.996952321960489440e-01 3.442482696756177241e-02 3.024413096933074918e+00
4.996952321960489440e-01 3.509982357476886666e-02 2.184304080873208598e+00
4.996952321960489440e-01 3.577482018197596092e-02 1.555165116533148151e+00
4.996952321960489440e-01 3.644981678918305518e-02 1.093305976265246615e+00
4.996952321960489440e-01 3.712481339639014943e-02 7.596593850996489206e-01
4.996952321960489440e-01 3.779981000359724369e-02 5.217490238313258200e-01
4.996952321960489440e-01 3.847480661080433795e-02 3.542287419383988722e-01
4.996952321960489440e-01 3.914980321801143220e-02 2.377943478178065340e-01
4.996952321960489440e-01 3.982479982521851952e-02 1.577706201223607052e-01
4.996952321960489440e-01 4.049979643242561378e-02 1.035717337554650092e-01
4.996952321960489440e-01 4.117479303963270804e-02 6.732442517946128635e-02
4.996952321960489440e-01 4.184978964683980229e-02 4.315404087924431392e-02
4.996952321960489440e-01 4.252478625404689655e-02 2.737081171359186799e-02
4.996952321960489440e-01 4.319978286125399081e-02 1.718600673123784478e-02
4.996952321960489440e-01 4.387477946846108506e-02 1.070006761435263881e-02
4.996952321960489440e-01 4.454977607566817932e-02 6.607923779152918321e-03
4.996952321960489440e-01 4.522477268287527358e-02 4.046794562827541776e-03
4.996952321960489440e-01 4.589976929008236783e-02 2.456872032898551640e-03
4.996952321960489440e-01 4.657476589728946209e-02 1.480398021115743876e-03
4.996952321960489440e-01 4.724976250449654941e-02 8.829369743931904466e-04
4.996952321960489440e-01 4.792475911170364367e-02 5.221395483743636280e-04
4.996952321960489440e-01 4.859975571891073792e-02 3.067412527495852817e-04
4.996952321960489440e-01 4.927475232611783218e-02 1.790153678436515682e-04
4.996952321960489440e-01 4.994974893332492644e-02 1.037232154352608947e-04
4.996952321960489440e-01 5.062474554053202069e-02 5.966107573851251112e-05
4.996952321960489440e-01 5.129974214773911495e-02 3.405074931052228166e-05
4.996952321960489440e-01 5.197473875494620921e-02 1.931569708739868285e-05
4.996952321960489440e-01 5.264973536215330346e-02 1.089843964051947464e-05
4.996952321960489440e-01 5.332473196936039772e-02 6.109615627271999177e-06
4.996952321960489440e-01 5.399972857656748504e-02 3.400237053572545266e-06
4.996952321960489440e-01 5.467472518377457930e-02 1.881690032553704558e-06
4.996952321960489440e-01 5.534972179098167355e-02 1.036318960753519760e-06
4.996952321960489440e-01 5.602471839818876781e-02 5.674483103125776829e-07
4.996952321960489440e-01 5.669971500539586207e-02 3.088267358183137738e-07
4.996952321960489440e-01 5.737471161260295632e-02 1.673063693081203226e-07
4.996952321960489440e-01 5.804970821981005058e-02 9.022812472446908520e-08
4.996952321960489440e-01 5.872470482701714484e-02 4.835973703897080449e-08
4.996952321960489440e-01 5.939970143422423909e-02 2.581007931977540820e-08
4.996952321960489440e-01 6.007469804143133335e-02 1.372167332836485085e-08
4.996952321960489440e-01 6.074969464863842761e-02 7.253251110778442441e-09
4.996952321960489440e-01 6.142469125584551493e-02 3.819494184360840788e-09
4.996952321960489440e-01 6.209968786305260918e-02 2.001557520073066909e-09
4.996952321960489440e-01 6.277468447025970344e-02 1.042336129373199618e-09
4.996952321960489440e-01 6.344968107746680464e-02 5.408923936287376161e-10
4.996952321960489440e-01 6.412467768467389195e-02 2.794679945105931410e-10
4.996952321960489440e-01 6.479967429188099315e-02 1.438633166928418115e-10
4.996952321960489440e-01 6.547467089908808047e-02 7.383159149332311088e-11
4.996952321960489440e-01 6.614966750629516778e-02 3.772642893485477881e-11
4.996952321960489440e-01 6.682466411350226898e-02 1.922626337236442812e-11
5.076970182919584573e-01 0.000000000000000000e+00 4.954654213523473618e-10
5.076970182919584573e-01 6.749966072070936064e-04 6.402576243445433311e-09
5.076970182919584573e-01 1.349993214414187213e-03 5.627716677758657699e-08
5.076970182919584573e-01 2.024989821621281036e-03 3.774615013487634719e-07
5.076970182919584573e-01 2.699986428828374425e-03 2.055560861675024767e-06
5.076970182919584573e-01 3.374983036035467815e-03 9.604355227995654414e-06
5.076970182919584573e-01 4.049979643242562072e-03 3.918840693664089696e-05
5.076970182919584573e-01 4.724976250449655461e-03 1.423996853359231333e-04
5.076970182919584573e-01 5.399972857656748851e-03 4.664565776482404056e-04
5.076970182919584573e-01 6.074969464863842240e-03 1.391477210466557281e-03
5.076970182919584573e-01 6.749966072070935630e-03 3.812798260554359393e-03
5.076970182919584573e-01 7.424962679278029887e-03 9.660219089599339504e-03
5.076970182919584573e-01 8.099959286485124144e-03 2.279126630573389406e-02
5.076970182919584573e-01 8.774955893692216666e-03 5.033711767043935054e-02
5.076970182919584573e-01 9.449952500899310923e-03 1.045751767209169153e-01
5.076970182919584573e-01 1.012494910810640344e-02 2.052109801727337868e-01
5.076970182919584573e-01 1.079994571531349770e-02 3.817836535667945008e-01
5.076970182919584573e-01 1.147494232252059196e-02 6.756665782284501098e-01
5.076970182919584573e-01 1.214993892972768448e-02 1.140960575926533105e+00
5.076970182919584573e-01 1.282493553693477874e-02 1.843413527519553119e+00
5.076970182919584573e-01 1.349993214414187126e-02 2.856793407902066040e+00
5.076970182919584573e-01 1.417492875134896552e-02 4.256331820656000353e+00
5.076970182919584573e-01 1.484992535855605977e-02 6.109386876837658242e+00
5.076970182919584573e-01 1.552492196576315230e-02 8.464852142243657340e+00
5.076970182919584573e-01 1.619991857297024829e-02 1.134046834542397697e+01
5.076970182919584573e-01 1.687491518017733907e-02 1.471528797912398545e+01
5.076970182919584573e-01 1.754991178738443333e-02 1.852310948012949510e+01
5.076970182919584573e-01 1.822490839459152759e-02 2.259514020282563251e+01
5.076970182919584573e-01 1.889990500179862185e-02 2.676054487484118738e+01
5.076970182919584573e-01 1.957490160900571610e-02 3.087849495505075836e+01
5.076970182919584573e-01 2.024989821621280689e-02 3.475273865060464118e+01
5.076970182919584573e-01 2.092489482341990115e-02 3.788551947985116897e+01
5.076970182919584573e-01 2.159989143062699540e-02 4.006805894104083166e+01
5.076970182919584573e-01 2.227488803783408966e-02 4.111447982626285125e+01
5.076970182919584573e-01 2.294988464504118392e-02 4.131023372760512302e+01
5.076970182919584573e-01 2.362488125224827470e-02 4.060018888841267426e+01
5.076970182919584573e-01 2.429987785945536896e-02 3.897607423921404290e+01
5.076970182919584573e-01 2.497487446666246322e-02 3.651291155613500905e+01
5.076970182919584573e-01 2.564987107386955748e-02 3.353040546614528949e+01
5.076970182919584573e-01 2.632486768107665173e-02 3.018733153643163902e+01
5.076970182919584573e-01 2.699986428828374252e-02 2.659328542352105629e+01
5.076970182919584573e-01 2.767486089549083678e-02 2.298927787593298788e+01
5.076970182919584573e-01 2.834985750269793103e-02 1.952057078559085923e+01
5.076970182919584573e-01 2.902485410990502529e-02 1.625655862187286615e+01
5.076970182919584573e-01 2.969985071711211955e-02 1.331560206603141161e+01
5.076970182919584573e-01 3.037484732431921380e-02 1.072179946587789523e+01
5.076970182919584573e-01 3.104984393152630459e-02 8.488224973772123150e+00
5.076970182919584573e-01 3.172484053873340232e-02 6.622448574749614458e+00
5.076970182919584573e-01 3.239983714594049657e-02 5.080855674488041096e+00
5.076970182919584573e-01 3.307483375314758389e-02 3.843362521736655157e+00
5.076970182919584573e-01 3.374983036035467815e-02 2.865522434707019173e+00
5.076970182919584573e-01 3.442482696756177241e-02 2.107140814374349080e+00
5.076970182919584573e-01 3.509982357476886666e-02 1.526144600155397102e+00
5.076970182919584573e-01 3.577482018197596092e-02 1.089591476348791499e+00
5.076970182919584573e-01 3.644981678918305518e-02 7.681541005778128595e-01
5.076970182919584573e-01 3.712481339639014943e-02 5.352262544734965877e-01
5.076970182919584573e-01 3.779981000359724369e-02 3.686434637275770587e-01
5.076970182919584573e-01 3.847480661080433795e-02 2.509571495102825289e-01
5.076970182919584573e-01 3.914980321801143220e-02 1.689421964012568500e-01
5.076970182919584573e-01 3.982479982521851952e-02 1.124057325113772821e-01
5.076970182919584573e-01 4.049979643242561378e-02 7.400080386587767900e-02
5.076970182919584573e-01 4.117479303963270804e-02 4.823810940020760440e-02
5.076970182919584573e-01 4.184978964683980229e-02 3.100643954303568262e-02
5.076970182919584573e-01 4.252478625404689655e-02 1.971982453565992652e-02
5.076970182919584573e-01 4.319978286125399081e-02 1.241619039796796990e-02
5.076970182919584573e-01 4.387477946846108506e-02 7.751401009653444488e-03
5.076970182919584573e-01 4.454977607566817932e-02 4.799864272354082036e-03
5.076970182919584573e-01 4.522477268287527358e-02 2.947508190964085849e-03
5.076970182919584573e-01 4.589976929008236783e-02 1.794354934837497952e-03
5.076970182919584573e-01 4.657476589728946209e-02 1.084037865206347257e-03
5.076970182919584573e-01 4.724976250449654941e-02 6.483627936668333010e-04
5.076970182919584573e-01 4.792475911170364367e-02 3.844434658087954445e-04
5.076970182919584573e-01 4.859975571891073792e-02 2.264498721132716681e-04
5.076970182919584573e-01 4.927475232611783218e-02 1.325093632939905138e-04
5.076970182919584573e-01 4.994974893332492644e-02 7.697979804222308028e-05
5.076970182919584573e-01 5.062474554053202069e-02 4.439812042267311923e-05
5.076970182919584573e-01 5.129974214773911495e-02 2.540639411167926949e-05
5.076970182919584573e-01 5.197473875494620921e-02 1.444901344803283156e-05
5.076970182919584573e-01 5.264973536215330346e-02 8.173379353623076932e-06
5.076970182919584573e-01 5.332473196936039772e-02 4.594050932217750227e-06
5.076970182919584573e-01 5.399972857656748504e-02 2.563206259982240392e-06
5.076970182919584573e-01 5.467472518377457930e-02 1.422216581779272454e-06
5.076970182919584573e-01 5.534972179098167355e-02 7.852948279391573090e-07
5.076970182919584573e-01 5.602471839818876781e-02 4.311462320553942435e-07
5.076970182919584573e-01 5.669971500539586207e-02 2.352430051815363419e-07
5.076970182919584573e-01 5.737471161260295632e-02 1.277656040168299890e-07
5.076970182919584573e-01 5.804970821981005058e-02 6.907637271599670091e-08
5.076970182919584573e-01 5.872470482701714484e-02 3.711670117772967556e-08
5.076970182919584573e-01 5.939970143422423909e-02 1.985834209829370150e-08
5.076970182919584573e-01 6.007469804143133335e-02 1.058348519930787683e-08
5.076970182919584573e-01 6.074969464863842761e-02 5.608679391631774732e-09
5.076970182919584573e-01 6.142469125584551493e-02 2.960790521625641834e-09
5.076970182919584573e-01 6.209968786305260918e-02 1.556252326309491837e-09
5.076970182919584573e-01 6.277468447025970344e-02 8.123914453464419031e-10
5.076970182919584573e-01 6.344968107746680464e-02 4.225945570949634865e-10
5.076970182919584573e-01 6.412467768467389195e-02 2.188951209892342017e-10
5.076970182919584573e-01 6.479967429188099315e-02 1.129531487536067903e-10
5.076970182919584573e-01 6.547467089908808047e-02 5.810712310687459171e-11
5.076970182919584573e-01 6.614966750629516778e-02 2.976596673436760230e-11
5.076970182919584573e-01 6.682466411350226898e-02 1.520655282849566656e-11
5.156988043878679706e-01 0.000000000000000000e+00 2.842883171907420969e-10
5.156988043878679706e-01 6.749966072070936064e-04 3.696106041468136098e-09
5.156988043878679706e-01 1.349993214414187213e-03 3.265073370065460608e-08
5.156988043878679706e-01 2.024989821621281036e-03 2.199834240004415636e-07
5.156988043878679706e-01 2.699986428828374425e-03 1.203077595585487075e-06
5.156988043878679706e-01 3.374983036035467815e-03 5.644377075691676589e-06
5.156988043878679706e-01 4.049979643242562072e-03 2.312223411806777680e-05
5.156988043878679706e-01 4.724976250449655461e-03 8.434514872689731350e-05
5.156988043878679706e-01 5.399972857656748851e-03 2.773136138360099141e-04
5.156988043878679706e-01 6.074969464863842240e-03 8.303112482010537032e-04
5.156988043878679706e-01 6.749966072070935630e-03 2.283264386387521497e-03
5.156988043878679706e-01 7.424962679278029887e-03 5.805735741119354490e-03
5.156988043878679706e-01 8.099959286485124144e-03 1.374615969459086658e-02
5.156988043878679706e-01 8.774955893692216666e-03 3.046636533695264160e-02
5.156988043878679706e-01 9.449952500899310923e-03 6.351201878001205836e-02
5.156988043878679706e-01 1.012494910810640344e-02 1.250611979461352108e-01
5.156988043878679706e-01 1.079994571531349770e-02 2.334643048102179042e-01
5.156988043878679706e-01 1.147494232252059196e-02 4.145656644055728535e-01
5.156988043878679706e-01 1.214993892972768448e-02 7.024052591568696879e-01
5.156988043878679706e-01 1.282493553693477874e-02 1.138585476125786977e+00
5.156988043878679706e-01 1.349993214414187126e-02 1.770219833888922789e+00
5.156988043878679706e-01 1.417492875134896552e-02 2.645941503400925043e+00
5.156988043878679706e-01 1.484992535855605977e-02 3.809859562258669730e+00
5.156988043878679706e-01 1.552492196576315230e-02 5.295141170312541945e+00
5.156988043878679706e-01 1.619991857297024829e-02 7.116202005895852167e+00
5.156988043878679706e-01 1.687491518017733907e-02 9.263252162701490988e+00
5.156988043878679706e-01 1.754991178738443333e-02 1.169649574272533243e+01
5.156988043878679706e-01 1.822490839459152759e-02 1.431223411184065419e+01
5.156988043878679706e-01 1.889990500179862185e-02 1.700374128749253444e+01
5.156988043878679706e-01 1.957490160900571610e-02 1.968133055647846064e+01
5.156988043878679706e-01 2.024989821621280689e-02 2.221946836856427154e+01
5.156988043878679706e-01 2.092489482341990115e-02 2.429884382407681898e+01
5.156988043878679706e-01 2.159989143062699540e-02 2.578127407499427548e+01
5.156988043878679706e-01 2.227488803783408966e-02 2.653518156766207881e+01
5.156988043878679706e-01 2.294988464504118392e-02 2.674168650775174783e+01
5.156988043878679706e-01 2.362488125224827470e-02 2.636128381404739329e+01
5.156988043878679706e-01 2.429987785945536896e-02 2.538176655756035416e+01
5.156988043878679706e-01 2.497487446666246322e-02 2.385064148367895598e+01
5.156988043878679706e-01 2.564987107386955748e-02 2.196758821162796593e+01
5.156988043878679706e-01 2.632486768107665173e-02 1.983572903568184742e+01
5.156988043878679706e-01 2.699986428828374252e-02 1.752779798273062895e+01
5.156988043878679706e-01 2.767486089549083678e-02 1.519671533125270280e+01
5.156988043878679706e-01 2.834985750269793103e-02 1.294291966210015410e+01
5.156988043878679706e-01 2.902485410990502529e-02 1.081006863550276620e+01
5.156988043878679706e-01 2.969985071711211955e-02 8.880961290330162683e+00
5.156988043878679706e-01 3.037484732431921380e-02 7.171419666399942550e+00
5.156988043878679706e-01 3.104984393152630459e-02 5.694507995810768719e+00
5.156988043878679706e-01 3.172484053873340232e-02 4.455442727414257398e+00
5.156988043878679706e-01 3.239983714594049657e-02 3.428045880857092165e+00
5.156988043878679706e-01 3.307483375314758389e-02 2.600626985907674715e+00
5.156988043878679706e-01 3.374983036035467815e-02 1.944353132003686868e+00
5.156988043878679706e-01 3.442482696756177241e-02 1.433856277596700979e+00
5.156988043878679706e-01 3.509982357476886666e-02 1.041471404598164341e+00
5.156988043878679706e-01 3.577482018197596092e-02 7.456367802332151129e-01
5.156988043878679706e-01 3.644981678918305518e-02 5.271832819924573421e-01
5.156988043878679706e-01 3.712481339639014943e-02 3.683716162093880753e-01
5.156988043878679706e-01 3.779981000359724369e-02 2.544366453305175191e-01
5.156988043878679706e-01 3.847480661080433795e-02 1.736763083031845623e-01
5.156988043878679706e-01 3.914980321801143220e-02 1.172372318324006457e-01
5.156988043878679706e-01 3.982479982521851952e-02 7.821902244184771036e-02
5.156988043878679706e-01 4.049979643242561378e-02 5.163408952738943181e-02
5.156988043878679706e-01 4.117479303963270804e-02 3.375096557127591629e-02
5.156988043878679706e-01 4.184978964683980229e-02 2.175576707782920713e-02
5.156988043878679706e-01 4.252478625404689655e-02 1.387464432680023292e-02
5.156988043878679706e-01 4.319978286125399081e-02 8.759362604254389284e-03
5.156988043878679706e-01 4.387477946846108506e-02 5.483078144246662962e-03
5.156988043878679706e-01 4.454977607566817932e-02 3.404375263677784317e-03
5.156988043878679706e-01 4.522477268287527358e-02 2.096166350765568502e-03
5.156988043878679706e-01 4.589976929008236783e-02 1.279465989487559843e-03
5.156988043878679706e-01 4.657476589728946209e-02 7.749720530415399843e-04
5.156988043878679706e-01 4.724976250449654941e-02 4.647777756823007114e-04
5.156988043878679706e-01 4.792475911170364367e-02 2.763110433639347891e-04
5.156988043878679706e-01 4.859975571891073792e-02 1.631828409994433412e-04
5.156988043878679706e-01 4.927475232611783218e-02 9.573599137496105016e-05
5.156988043878679706e-01 4.994974893332492644e-02 5.576175306037094864e-05
5.156988043878679706e-01 5.062474554053202069e-02 3.224566898746469552e-05
5.156988043878679706e-01 5.129974214773911495e-02 1.849994605339070727e-05
5.156988043878679706e-01 5.197473875494620921e-02 1.054830178953976572e-05
5.156988043878679706e-01 5.264973536215330346e-02 5.982454315437515685e-06
5.156988043878679706e-01 5.332473196936039772e-02 3.371311997880940969e-06
5.156988043878679706e-01 5.399972857656748504e-02 1.885761468512565257e-06
5.156988043878679706e-01 5.467472518377457930e-02 1.048998340235732813e-06
5.156988043878679706e-01 5.534972179098167355e-02 5.806706139443751625e-07
5.156988043878679706e-01 5.602471839818876781e-02 3.196309522933340971e-07
5.156988043878679706e-01 5.669971500539586207e-02 1.748295362116069840e-07
5.156988043878679706e-01 5.737471161260295632e-02 9.519493743540661544e-08
5.156988043878679706e-01 5.804970821981005058e-02 5.159455107702189596e-08
5.156988043878679706e-01 5.872470482701714484e-02 2.779469055922816409e-08
5.156988043878679706e-01 5.939970143422423909e-02 1.490829355909916573e-08
5.156988043878679706e-01 6.007469804143133335e-02 7.965451396492210398e-09
5.156988043878679706e-01 6.074969464863842761e-02 4.232175649808208268e-09
5.156988043878679706e-01 6.142469125584551493e-02 2.239718150187165770e-09
5.156988043878679706e-01 6.209968786305260918e-02 1.180832624000993041e-09
5.156988043878679706e-01 6.277468447025970344e-02 6.179418405252626518e-10
5.156988043878679706e-01 6.344968107746680464e-02 3.222424173678787639e-10
5.156988043878679706e-01 6.412467768467389195e-02 1.673410337471630981e-10
5.156988043878679706e-01 6.479967429188099315e-02 8.656585719559808492e-11
5.156988043878679706e-01 6.547467089908808047e-02 4.464114138020617556e-11
5.156988043878679706e-01 6.614966750629516778e-02 2.292429172047150769e-11
5.156988043878679706e-01 6.682466411350226898e-02 1.173914461612937433e-11
5.237005904837774839e-01 0.000000000000000000e+00 1.594094496783650112e-10
5.237005904837774839e-01 6.749966072070936064e-04 2.085217730054849087e-09
5.237005904837774839e-01 1.349993214414187213e-03 1.851114431521522054e-08
5.237005904837774839e-01 2.024989821621281036e-03 1.252788770511070532e-07
5.237005904837774839e-01 2.699986428828374425e-03 6.880403554247088606e-07
5.237005904837774839e-01 3.374983036035467815e-03 3.241402982216166215e-06
5.237005904837774839e-01 4.049979643242562072e-03 1.333091418177842858e-05
5.237005904837774839e-01 4.724976250449655461e-03 4.881569283320020701e-05
5.237005904837774839e-01 5.399972857656748851e-03 1.611148282527882563e-04
5.237005904837774839e-01 6.074969464863842240e-03 4.842423464613783749e-04
5.237005904837774839e-01 6.749966072070935630e-03 1.336629037469036540e-03
5.237005904837774839e-01 7.424962679278029887e-03 3.411258297048392740e-03
5.237005904837774839e-01 8.099959286485124144e-03 8.105997552335156980e-03
5.237005904837774839e-01 8.774955893692216666e-03 1.802981496189823285e-02
5.237005904837774839e-01 9.449952500899310923e-03 3.771592968005426511e-02
5.237005904837774839e-01 1.012494910810640344e-02 7.452163616777111865e-02
5.237005904837774839e-01 1.079994571531349770e-02 1.395906385282444651e-01
5.237005904837774839e-01 1.147494232252059196e-02 2.487183636776816309e-01
5.237005904837774839e-01 1.214993892972768448e-02 4.228042922706166107e-01
5.237005904837774839e-01 1.282493553693477874e-02 6.876322419201662539e-01
5.237005904837774839e-01 1.349993214414187126e-02 1.072595417821996078e+00
5.237005904837774839e-01 1.417492875134896552e-02 1.608409683488740916e+00
5.237005904837774839e-01 1.484992535855605977e-02 2.323466810330857779e+00
5.237005904837774839e-01 1.552492196576315230e-02 3.239607144513230175e+00
5.237005904837774839e-01 1.619991857297024829e-02 4.367689828000319352e+00
5.237005904837774839e-01 1.687491518017733907e-02 5.703396131808796454e+00
5.237005904837774839e-01 1.754991178738443333e-02 7.224781043182165519e+00
5.237005904837774839e-01 1.822490839459152759e-02 8.868658987292866058e+00
5.237005904837774839e-01 1.889990500179862185e-02 1.056885868633664138e+01
5.237005904837774839e-01 1.957490160900571610e-02 1.227080356934256500e+01
5.237005904837774839e-01 2.024989821621280689e-02 1.389465027781897888e+01
5.237005904837774839e-01 2.092489482341990115e-02 1.524144223578183244e+01
5.237005904837774839e-01 2.159989143062699540e-02 1.622240508906912027e+01
5.237005904837774839e-01 2.227488803783408966e-02 1.674697901717243553e+01
5.237005904837774839e-01 2.294988464504118392e-02 1.692746822173985066e+01
5.237005904837774839e-01 2.362488125224827470e-02 1.673663121505207485e+01
5.237005904837774839e-01 2.429987785945536896e-02 1.616200082283339512e+01
5.237005904837774839e-01 2.497487446666246322e-02 1.523334719261388770e+01
5.237005904837774839e-01 2.564987107386955748e-02 1.407161816451654524e+01
5.237005904837774839e-01 2.632486768107665173e-02 1.274219823510537175e+01
5.237005904837774839e-01 2.699986428828374252e-02 1.129348914432442186e+01
5.237005904837774839e-01 2.767486089549083678e-02 9.819217477719803355e+00
5.237005904837774839e-01 2.834985750269793103e-02 8.387919629520201426e+00
5.237005904837774839e-01 2.902485410990502529e-02 7.025536767445508701e+00
5.237005904837774839e-01 2.969985071711211955e-02 5.788987678043326923e+00
5.237005904837774839e-01 3.037484732431921380e-02 4.687918557503062189e+00
5.237005904837774839e-01 3.104984393152630459e-02 3.733322560311826965e+00
5.237005904837774839e-01 3.172484053873340232e-02 2.929255583112825079e+00
5.237005904837774839e-01 3.239983714594049657e-02 2.260295678041083001e+00
5.237005904837774839e-01 3.307483375314758389e-02 1.719649031017985497e+00
5.237005904837774839e-01 3.374983036035467815e-02 1.289245442118852170e+00
5.237005904837774839e-01 3.442482696756177241e-02 9.534010192351978219e-01
5.237005904837774839e-01 3.509982357476886666e-02 6.944477332523059099e-01
5.237005904837774839e-01 3.577482018197596092e-02 4.985164009177996958e-01
5.237005904837774839e-01 3.644981678918305518e-02 3.534330424615608757e-01
5.237005904837774839e-01 3.712481339639014943e-02 2.476487718346385980e-01
5.237005904837774839e-01 3.779981000359724369e-02 1.715267388044192098e-01
5.237005904837774839e-01 3.847480661080433795e-02 1.173912252145702800e-01
5.237005904837774839e-01 3.914980321801143220e-02 7.946372146731503494e-02
5.237005904837774839e-01 3.982479982521851952e-02 5.316615416388214416e-02
5.237005904837774839e-01 4.049979643242561378e-02 3.519483677541954819e-02
5.237005904837774839e-01 4.117479303963270804e-02 2.306857015662854352e-02
5.237005904837774839e-01 4.184978964683980229e-02 1.491234808828576473e-02
5.237005904837774839e-01 4.252478625404689655e-02 9.536618116344446408e-03
5.237005904837774839e-01 4.319978286125399081e-02 6.037109814240380554e-03
5.237005904837774839e-01 4.387477946846108506e-02 3.789151718708512560e-03
5.237005904837774839e-01 4.454977607566817932e-02 2.358908431706619076e-03
5.237005904837774839e-01 4.522477268287527358e-02 1.456325406461775980e-03
5.237005904837774839e-01 4.589976929008236783e-02 8.912272748394931476e-04
5.237005904837774839e-01 4.657476589728946209e-02 5.412487552285485688e-04
5.237005904837774839e-01 4.724976250449654941e-02 3.255004029222783842e-04
5.237005904837774839e-01 4.792475911170364367e-02 1.940262012961089068e-04
5.237005904837774839e-01 4.859975571891073792e-02 1.148903696214805778e-04
5.237005904837774839e-01 4.927475232611783218e-02 6.758314106675064039e-05
5.237005904837774839e-01 4.994974893332492644e-02 3.946817354006522101e-05
5.237005904837774839e-01 5.062474554053202069e-02 2.288549976876446386e-05
5.237005904837774839e-01 5.129974214773911495e-02 1.316418277990080641e-05
5.237005904837774839e-01 5.197473875494620921e-02 7.525489987411871024e-06
5.237005904837774839e-01 5.264973536215330346e-02 4.278937574726291736e-06
5.237005904837774839e-01 5.332473196936039772e-02 2.417664974966446331e-06
5.237005904837774839e-01 5.399972857656748504e-02 1.355767504913415629e-06
5.237005904837774839e-01 5.467472518377457930e-02 7.561092630839915610e-07
5.237005904837774839e-01 5.534972179098167355e-02 4.195872485133992524e-07
5.237005904837774839e-01 5.602471839818876781e-02 2.315669183512469528e-07
5.237005904837774839e-01 5.669971500539586207e-02 1.269830789392581175e-07
5.237005904837774839e-01 5.737471161260295632e-02 6.931780847899250349e-08
5.237005904837774839e-01 5.804970821981005058e-02 3.766419674260135711e-08
5.237005904837774839e-01 5.872470482701714484e-02 2.034307996697601637e-08
5.237005904837774839e-01 5.939970143422423909e-02 1.093844475563535692e-08
5.237005904837774839e-01 6.007469804143133335e-02 5.858698696583999299e-09
5.237005904837774839e-01 6.074969464863842761e-02 3.120655806423661051e-09
5.237005904837774839e-01 6.142469125584551493e-02 1.655460906686038508e-09
5.237005904837774839e-01 6.209968786305260918e-02 8.750165360288046620e-10
5.237005904837774839e-01 6.277468447025970344e-02 4.592369577581765111e-10
5.237005904837774839e-01 6.344968107746680464e-02 2.400697462288004062e-10
5.237005904837774839e-01 6.412467768467389195e-02 1.249836334487482364e-10
5.237005904837774839e-01 6.479967429188099315e-02 6.481210321419840607e-11
5.237005904837774839e-01 6.547467089908808047e-02 3.350365381682850801e-11
5.237005904837774839e-01 6.614966750629516778e-02 1.724747219421793954e-11
5.237005904837774839e-01 6.682466411350226898e-02 8.853022479384690143e-12
5.317023765796869972e-01 0.000000000000000000e+00 8.771801027937957673e-11
5.317023765796869972e-01 6.749966072070936064e-04 1.154461729831911539e-09
5.317023765796869972e-01 1.349993214414187213e-03 1.030004695766754787e-08
5.317023765796869972e-01 2.024989821621281036e-03 7.001236357992229691e-08
5.317023765796869972e-01 2.699986428828374425e-03 3.861071125369987322e-07
5.317023765796869972e-01 3.374983036035467815e-03 1.826248489861097303e-06
5.317023765796869972e-01 4.049979643242562072e-03 7.540618455089218815e-06
5.317023765796869972e-01 4.724976250449655461e-03 2.771844596261839429e-05
5.317023765796869972e-01 5.399972857656748851e-03 9.182190067032663721e-05
5.317023765796869972e-01 6.074969464863842240e-03 2.769819946778754216e-04
5.317023765796869972e-01 6.749966072070935630e-03 7.671901300783680582e-04
5.317023765796869972e-01 7.424962679278029887e-03 1.964788116449943303e-03
5.317023765796869972e-01 8.099959286485124144e-03 4.684395208938285995e-03
5.317023765796869972e-01 8.774955893692216666e-03 1.045454548291382263e-02
5.317023765796869972e-01 9.449952500899310923e-03 2.194319250967785920e-02
5.317023765796869972e-01 1.012494910810640344e-02 4.349796729622965735e-02
5.317023765796869972e-01 1.079994571531349770e-02 8.174381174731129573e-02
5.317023765796869972e-01 1.147494232252059196e-02 1.461205985897323645e-01
5.317023765796869972e-01 1.214993892972768448e-02 2.492057927454463806e-01
5.317023765796869972e-01 1.282493553693477874e-02 4.065896629873486656e-01
5.317023765796869972e-01 1.349993214414187126e-02 6.362243659586301892e-01
5.317023765796869972e-01 1.417492875134896552e-02 9.570064776922623251e-01
5.317023765796869972e-01 1.484992535855605977e-02 1.386704379666251041e+00
5.317023765796869972e-01 1.552492196576315230e-02 1.939467086424941922e+00
5.317023765796869972e-01 1.619991857297024829e-02 2.622870056390212756e+00
5.317023765796869972e-01 1.687491518017733907e-02 3.435415682099205448e+00
5.317023765796869972e-01 1.754991178738443333e-02 4.364750745877476135e+00
5.317023765796869972e-01 1.822490839459152759e-02 5.374033753598706831e+00
5.317023765796869972e-01 1.889990500179862185e-02 6.423941143754254846e+00
5.317023765796869972e-01 1.957490160900571610e-02 7.480285323738578462e+00
5.317023765796869972e-01 2.024989821621280689e-02 8.495135671746290029e+00
5.317023765796869972e-01 2.092489482341990115e-02 9.346506963460244677e+00
5.317023765796869972e-01 2.159989143062699540e-02 9.979723935202891028e+00
5.317023765796869972e-01 2.227488803783408966e-02 1.033345029249915825e+01
5.317023765796869972e-01 2.294988464504118392e-02 1.047581625605688060e+01
5.317023765796869972e-01 2.362488125224827470e-02 1.038919621068502153e+01
5.317023765796869972e-01 2.429987785945536896e-02 1.006184278259748233e+01
5.317023765796869972e-01 2.497487446666246322e-02 9.512667208111755812e+00
5.317023765796869972e-01 2.564987107386955748e-02 8.813167085469629569e+00
5.317023765796869972e-01 2.632486768107665173e-02 8.004339301071988544e+00
5.317023765796869972e-01 2.699986428828374252e-02 7.116604378233672534e+00
5.317023765796869972e-01 2.767486089549083678e-02 6.205986277517501648e+00
5.317023765796869972e-01 2.834985750269793103e-02 5.317675656029495102e+00
5.317023765796869972e-01 2.902485410990502529e-02 4.466871414719481237e+00
5.317023765796869972e-01 2.969985071711211955e-02 3.691624046558823480e+00
5.317023765796869972e-01 3.037484732431921380e-02 2.997885936968753828e+00
5.317023765796869972e-01 3.104984393152630459e-02 2.394535579739817788e+00
5.317023765796869972e-01 3.172484053873340232e-02 1.884067999928041859e+00
5.317023765796869972e-01 3.239983714594049657e-02 1.457954770279993539e+00
5.317023765796869972e-01 3.307483375314758389e-02 1.112429881487960959e+00
5.317023765796869972e-01 3.374983036035467815e-02 8.363230959821016386e-01
5.317023765796869972e-01 3.442482696756177241e-02 6.202195962949882402e-01
5.317023765796869972e-01 3.509982357476886666e-02 4.530430446644416742e-01
5.317023765796869972e-01 3.577482018197596092e-02 3.261190003567245865e-01
5.317023765796869972e-01 3.644981678918305518e-02 2.318615210309584451e-01
5.317023765796869972e-01 3.712481339639014943e-02 1.629185852569280946e-01
5.317023765796869972e-01 3.779981000359724369e-02 1.131597773552221325e-01
5.317023765796869972e-01 3.847480661080433795e-02 7.766162279746012531e-02
5.317023765796869972e-01 3.914980321801143220e-02 5.271628676370481575e-02
5.317023765796869972e-01 3.982479982521851952e-02 3.536798916714039426e-02
5.317023765796869972e-01 4.049979643242561378e-02 2.347557457128635408e-02
5.317023765796869972e-01 4.117479303963270804e-02 1.542717704170229291e-02
5.317023765796869972e-01 4.184978964683980229e-02 1.000055665444226152e-02
5.317023765796869972e-01 4.252478625404689655e-02 6.412722573119078277e-03
5.317023765796869972e-01 4.319978286125399081e-02 4.070440198439214535e-03
5.317023765796869972e-01 4.387477946846108506e-02 2.561714202431454070e-03
5.317023765796869972e-01 4.454977607566817932e-02 1.598988508301575498e-03
5.317023765796869972e-01 4.522477268287527358e-02 9.897878148483732399e-04
5.317023765796869972e-01 4.589976929008236783e-02 6.072674074307917802e-04
5.317023765796869972e-01 4.657476589728946209e-02 3.697541079285695349e-04
5.317023765796869972e-01 4.724976250449654941e-02 2.229585299957530296e-04
5.317023765796869972e-01 4.792475911170364367e-02 1.332456520825367192e-04
5.317023765796869972e-01 4.859975571891073792e-02 7.910473339874964224e-05
5.317023765796869972e-01 4.927475232611783218e-02 4.665451775594039335e-05
5.317023765796869972e-01 4.994974893332492644e-02 2.731644929693545216e-05
5.317023765796869972e-01 5.062474554053202069e-02 1.588160549995517053e-05
5.317023765796869972e-01 5.129974214773911495e-02 9.159056786649750345e-06
5.317023765796869972e-01 5.197473875494620921e-02 5.249317589998123336e-06
5.317023765796869972e-01 5.264973536215330346e-02 2.992138868905921299e-06
5.317023765796869972e-01 5.332473196936039772e-02 1.694947023185660590e-06
5.317023765796869972e-01 5.399972857656748504e-02 9.529623552420635381e-07
5.317023765796869972e-01 5.467472518377457930e-02 5.328154541024276206e-07
5.317023765796869972e-01 5.534972179098167355e-02 2.964132017166044945e-07
5.317023765796869972e-01 5.602471839818876781e-02 1.640032509796184552e-07
5.317023765796869972e-01 5.669971500539586207e-02 9.014866074775351873e-08
5.317023765796869972e-01 5.737471161260295632e-02 4.933210148420509098e-08
5.317023765796869972e-01 5.804970821981005058e-02 2.687048004417432252e-08
5.317023765796869972e-01 5.872470482701714484e-02 1.454981095346774598e-08
5.317023765796869972e-01 5.939970143422423909e-02 7.842691664668651514e-09
5.317023765796869972e-01 6.007469804143133335e-02 4.211141747034770231e-09
5.317023765796869972e-01 6.074969464863842761e-02 2.248908541356237425e-09
5.317023765796869972e-01 6.142469125584551493e-02 1.195928353354696855e-09
5.317023765796869972e-01 6.209968786305260918e-02 6.337115019949659107e-10
5.317023765796869972e-01 6.277468447025970344e-02 3.336066149396687706e-10
5.317023765796869972e-01 6.344968107746680464e-02 1.748217363976600395e-10
5.317023765796869972e-01 6.412467768467389195e-02 9.124393418685501696e-11
5.317023765796869972e-01 6.479967429188099315e-02 4.742977330257353947e-11
5.317023765796869972e-01 6.547467089908808047e-02 2.457811082753041803e-11
5.317023765796869972e-01 6.614966750629516778e-02 1.268375337850268447e-11
5.317023765796869972e-01 6.682466411350226898e-02 6.525923379405654067e-12
5.397041626755965105e-01 0.000000000000000000e+00 4.725981216472626734e-11
5.397041626755965105e-01 6.749966072070936064e-04 6.258266751224610641e-10
5.397041626755965105e-01 1.349993214414187213e-03 5.611613301156883264e-09
5.397041626755965105e-01 2.024989821621281036e-03 3.831561380228934784e-08
5.397041626755965105e-01 2.699986428828374425e-03 2.122120342986502239e-07
5.397041626755965105e-01 3.374983036035467815e-03 1.007884774507491270e-06
5.397041626755965105e-01 4.049979643242562072e-03 4.177855611625427394e-06
5.397041626755965105e-01 4.724976250449655461e-03 1.541635999212329924e-05
5.397041626755965105e-01 5.399972857656748851e-03 5.126567135288670598e-05
5.397041626755965105e-01 6.074969464863842240e-03 1.552206125621438258e-04
5.397041626755965105e-01 6.749966072070935630e-03 4.314928871325721636e-04
5.397041626755965105e-01 7.424962679278029887e-03 1.109056616169902401e-03
5.397041626755965105e-01 8.099959286485124144e-03 2.653556726822557492e-03
5.397041626755965105e-01 8.774955893692216666e-03 5.942846501138963553e-03
5.397041626755965105e-01 9.449952500899310923e-03 1.251638428022118152e-02
5.397041626755965105e-01 1.012494910810640344e-02 2.489517817121992757e-02
5.397041626755965105e-01 1.079994571531349770e-02 4.693976932992956208e-02
5.397041626755965105e-01 1.147494232252059196e-02 8.418041859875427524e-02
5.397041626755965105e-01 1.214993892972768448e-02 1.440296021726627240e-01
5.397041626755965105e-01 1.282493553693477874e-02 2.357799367935799473e-01
5.397041626755965105e-01 1.349993214414187126e-02 3.701882176195897545e-01
5.397041626755965105e-01 1.417492875134896552e-02 5.586902202021561958e-01
5.397041626755965105e-01 1.484992535855605977e-02 8.121998527152863856e-01
5.397041626755965105e-01 1.552492196576315230e-02 1.139565030433810966e+00
5.397041626755965105e-01 1.619991857297024829e-02 1.545962102387993031e+00
5.397041626755965105e-01 1.687491518017733907e-02 2.031124834177970406e+00
5.397041626755965105e-01 1.754991178738443333e-02 2.588541258108765231e+00
5.397041626755965105e-01 1.822490839459152759e-02 3.196810382651945837e+00
5.397041626755965105e-01 1.889990500179862185e-02 3.832703833877840971e+00
5.397041626755965105e-01 1.957490160900571610e-02 4.476684265497862469e+00
5.397041626755965105e-01 2.024989821621280689e-02 5.099184154674510694e+00
5.397041626755965105e-01 2.092489482341990115e-02 5.627232682181056767e+00
5.397041626755965105e-01 2.159989143062699540e-02 6.026859015848025969e+00
5.397041626755965105e-01 2.227488803783408966e-02 6.258506671392016329e+00
5.397041626755965105e-01 2.294988464504118392e-02 6.362986207447692166e+00
5.397041626755965105e-01 2.362488125224827470e-02 6.328770259050917169e+00
5.397041626755965105e-01 2.429987785945536896e-02 6.147469033391512738e+00
5.397041626755965105e-01 2.497487446666246322e-02 5.829613784815539823e+00
5.397041626755965105e-01 2.564987107386955748e-02 5.416589358111085772e+00
5.397041626755965105e-01 2.632486768107665173e-02 4.932993653191329209e+00
5.397041626755965105e-01 2.699986428828374252e-02 4.398424390432405851e+00
5.397041626755965105e-01 2.767486089549083678e-02 3.845982738996914563e+00
5.397041626755965105e-01 2.834985750269793103e-02 3.304808953250985670e+00
5.397041626755965105e-01 2.902485410990502529e-02 2.783519918766063750e+00
5.397041626755965105e-01 2.969985071711211955e-02 2.307034422339599544e+00
5.397041626755965105e-01 3.037484732431921380e-02 1.878522399245450503e+00
5.397041626755965105e-01 3.104984393152630459e-02 1.504637879987988258e+00
5.397041626755965105e-01 3.172484053873340232e-02 1.187108378413793686e+00
5.397041626755965105e-01 3.239983714594049657e-02 9.211593328065781350e-01
5.397041626755965105e-01 3.307483375314758389e-02 7.047961908116409102e-01
5.397041626755965105e-01 3.374983036035467815e-02 5.312698770193310382e-01
5.397041626755965105e-01 3.442482696756177241e-02 3.950565147614755745e-01
5.397041626755965105e-01 3.509982357476886666e-02 2.893718628368143198e-01
5.397041626755965105e-01 3.577482018197596092e-02 2.088457364978742181e-01
5.397041626755965105e-01 3.644981678918305518e-02 1.488837751711111212e-01
5.397041626755965105e-01 3.712481339639014943e-02 1.048954967303417779e-01
5.397041626755965105e-01 3.779981000359724369e-02 7.304463172933167714e-02
5.397041626755965105e-01 3.847480661080433795e-02 5.026276106282859257e-02
5.397041626755965105e-01 3.914980321801143220e-02 3.421019494273524336e-02
5.397041626755965105e-01 3.982479982521851952e-02 2.301396552659640618e-02
5.397041626755965105e-01 4.049979643242561378e-02 1.531579418582803415e-02
5.397041626755965105e-01 4.117479303963270804e-02 1.009122307187151901e-02
5.397041626755965105e-01 4.184978964683980229e-02 6.560294608550930502e-03
5.397041626755965105e-01 4.252478625404689655e-02 4.218112439517910338e-03
5.397041626755965105e-01 4.319978286125399081e-02 2.684614057873021577e-03
5.397041626755965105e-01 4.387477946846108506e-02 1.694047539202484052e-03
5.397041626755965105e-01 4.454977607566817932e-02 1.060253782835515962e-03
5.397041626755965105e-01 4.522477268287527358e-02 6.580627942336967707e-04
5.397041626755965105e-01 4.589976929008236783e-02 4.047869505931046895e-04
5.397041626755965105e-01 4.657476589728946209e-02 2.471400318151487367e-04
5.397041626755965105e-01 4.724976250449654941e-02 1.494392291194774497e-04
5.397041626755965105e-01 4.792475911170364367e-02 8.955132927955748842e-05
5.397041626755965105e-01 4.859975571891073792e-02 5.330650886417004044e-05
5.397041626755965105e-01 4.927475232611783218e-02 3.152193053839526552e-05
5.397041626755965105e-01 4.994974893332492644e-02 1.850523156235305287e-05
5.397041626755965105e-01 5.062474554053202069e-02 1.078763933309934354e-05
5.397041626755965105e-01 5.129974214773911495e-02 6.237398435604322567e-06
5.397041626755965105e-01 5.197473875494620921e-02 3.583833062500799939e-06
5.397041626755965105e-01 5.264973536215330346e-02 2.047950264638265712e-06
5.397041626755965105e-01 5.332473196936039772e-02 1.163038071721045116e-06
5.397041626755965105e-01 5.399972857656748504e-02 6.556025237498059142e-07
5.397041626755965105e-01 5.467472518377457930e-02 3.674960342401774511e-07
5.397041626755965105e-01 5.534972179098167355e-02 2.049661470338700825e-07
5.397041626755965105e-01 5.602471839818876781e-02 1.137015447111799483e-07
5.397041626755965105e-01 5.669971500539586207e-02 6.265514142374618780e-08
5.397041626755965105e-01 5.737471161260295632e-02 3.437197107175986270e-08
5.397041626755965105e-01 5.804970821981005058e-02 1.876976018084844773e-08
5.397041626755965105e-01 5.872470482701714484e-02 1.019013321659993501e-08
5.397041626755965105e-01 5.939970143422423909e-02 5.506493931637392864e-09
5.397041626755965105e-01 6.007469804143133335e-02 2.963950089917849875e-09
5.397041626755965105e-01 6.074969464863842761e-02 1.586689067288931074e-09
5.397041626755965105e-01 6.142469125584551493e-02 8.457811644728120170e-10
5.397041626755965105e-01 6.209968786305260918e-02 4.492498205853715236e-10
5.397041626755965105e-01 6.277468447025970344e-02 2.372065482121374459e-10
5.397041626755965105e-01 6.344968107746680464e-02 1.246023395138167836e-10
5.397041626755965105e-01 6.412467768467389195e-02 6.519417141434897998e-11
5.397041626755965105e-01 6.479967429188099315e-02 3.396947861528942829e-11
5.397041626755965105e-01 6.547467089908808047e-02 1.764528536711700268e-11
5.397041626755965105e-01 6.614966750629516778e-02 9.128260873211218918e-12
5.397041626755965105e-01 6.682466411350226898e-02 4.707657777978189563e-12
5.477059487715060238e-01 0.000000000000000000e+00 2.501246419254903516e-11
5.477059487715060238e-01 6.749966072070936064e-04 3.332739713396758520e-10
5.477059487715060238e-01 1.349993214414187213e-03 3.003926289981652517e-09
5.477059487715060238e-01 2.024989821621281036e-03 2.060409424379848286e-08
5.477059487715060238e-01 2.699986428828374425e-03 1.145977938831119269e-07
5.477059487715060238e-01 3.374983036035467815e-03 5.463771994519945188e-07
5.477059487715060238e-01 4.049979643242562072e-03 2.273559045178076939e-06
5.477059487715060238e-01 4.724976250449655461e-03 8.420271979648948977e-06
5.477059487715060238e-01 5.399972857656748851e-03 2.810266417136701603e-05
5.477059487715060238e-01 6.074969464863842240e-03 8.538779316215665499e-05
5.477059487715060238e-01 6.749966072070935630e-03 2.381807365344597511e-04
5.477059487715060238e-01 7.424962679278029887e-03 6.142697348535673977e-04
5.477059487715060238e-01 8.099959286485124144e-03 1.474583375988600077e-03
5.477059487715060238e-01 8.774955893692216666e-03 3.313675122515550957e-03
5.477059487715060238e-01 9.449952500899310923e-03 7.002233303190548257e-03
5.477059487715060238e-01 1.012494910810640344e-02 1.397463865701665219e-02
5.477059487715060238e-01 1.079994571531349770e-02 2.643830940076870306e-02
5.477059487715060238e-01 1.147494232252059196e-02 4.757364276267501274e-02
5.477059487715060238e-01 1.214993892972768448e-02 8.166465078539465738e-02
5.477059487715060238e-01 1.282493553693477874e-02 1.341024140213428473e-01
5.477059487715060238e-01 1.349993214414187126e-02 2.112004071068678823e-01
5.477059487715060238e-01 1.417492875134896552e-02 3.197227917468890013e-01
5.477059487715060238e-01 1.484992535855605977e-02 4.662182589883955286e-01
5.477059487715060238e-01 1.552492196576315230e-02 6.561208402515336102e-01
5.477059487715060238e-01 1.619991857297024829e-02 8.927620142275387582e-01
5.477059487715060238e-01 1.687491518017733907e-02 1.176506976142659200e+00
5.477059487715060238e-01 1.754991178738443333e-02 1.503854152309237469e+00
5.477059487715060238e-01 1.822490839459152759e-02 1.862881966250578891e+00
5.477059487715060238e-01 1.889990500179862185e-02 2.240129914482414719e+00
5.477059487715060238e-01 1.957490160900571610e-02 2.624056256871487580e+00
5.477059487715060238e-01 2.024989821621280689e-02 2.998103106715230393e+00
5.477059487715060238e-01 2.092489482341990115e-02 3.318723156089653958e+00
5.477059487715060238e-01 2.159989143062699540e-02 3.565839130157264503e+00
5.477059487715060238e-01 2.227488803783408966e-02 3.714045584611136874e+00
5.477059487715060238e-01 2.294988464504118392e-02 3.787323585466111364e+00
5.477059487715060238e-01 2.362488125224827470e-02 3.778354154387732144e+00
5.477059487715060238e-01 2.429987785945536896e-02 3.680616052460000898e+00
5.477059487715060238e-01 2.497487446666246322e-02 3.501149165109675554e+00
5.477059487715060238e-01 2.564987107386955748e-02 3.262804943357861642e+00
5.477059487715060238e-01 2.632486768107665173e-02 2.980104122637884156e+00
5.477059487715060238e-01 2.699986428828374252e-02 2.665239569981018075e+00
5.477059487715060238e-01 2.767486089549083678e-02 2.337080685346740960e+00
5.477059487715060238e-01 2.834985750269793103e-02 2.014207036009170171e+00
5.477059487715060238e-01 2.902485410990502529e-02 1.701290442336070852e+00
5.477059487715060238e-01 2.969985071711211955e-02 1.414139768586385015e+00
5.477059487715060238e-01 3.037484732431921380e-02 1.154672967188401289e+00
5.477059487715060238e-01 3.104984393152630459e-02 9.275077773095077305e-01
5.477059487715060238e-01 3.172484053873340232e-02 7.337589804541699845e-01
5.477059487715060238e-01 3.239983714594049657e-02 5.709936183455615044e-01
5.477059487715060238e-01 3.307483375314758389e-02 4.381723227064797110e-01
5.477059487715060238e-01 3.374983036035467815e-02 3.312300225362479478e-01
5.477059487715060238e-01 3.442482696756177241e-02 2.470171056027598566e-01
5.477059487715060238e-01 3.509982357476886666e-02 1.814553518100001095e-01
5.477059487715060238e-01 3.577482018197596092e-02 1.313210926118824895e-01
5.477059487715060238e-01 3.644981678918305518e-02 9.387611258431753647e-02
5.477059487715060238e-01 3.712481339639014943e-02 6.632004533487502462e-02
5.477059487715060238e-01 3.779981000359724369e-02 4.630474653436307542e-02
5.477059487715060238e-01 3.847480661080433795e-02 3.194678852573115679e-02
5.477059487715060238e-01 3.914980321801143220e-02 2.180192148538141750e-02
5.477059487715060238e-01 3.982479982521851952e-02 1.470689894885846526e-02
5.477059487715060238e-01 4.049979643242561378e-02 9.813699331768439491e-03
5.477059487715060238e-01 4.117479303963270804e-02 6.482554680659202359e-03
5.477059487715060238e-01 4.184978964683980229e-02 4.225725971563786508e-03
5.477059487715060238e-01 4.252478625404689655e-02 2.724111189996191069e-03
5.477059487715060238e-01 4.319978286125399081e-02 1.738247324504890463e-03
5.477059487715060238e-01 4.387477946846108506e-02 1.099773791322889447e-03
5.477059487715060238e-01 4.454977607566817932e-02 6.901220266526502918e-04
5.477059487715060238e-01 4.522477268287527358e-02 4.294380043619421537e-04
5.477059487715060238e-01 4.589976929008236783e-02 2.648564753944749250e-04
5.477059487715060238e-01 4.657476589728946209e-02 1.621067389380815096e-04
5.477059487715060238e-01 4.724976250449654941e-02 9.827143083397668426e-05
5.477059487715060238e-01 4.792475911170364367e-02 5.903283155674856253e-05
5.477059487715060238e-01 4.859975571891073792e-02 3.522485213987243185e-05
5.477059487715060238e-01 4.927475232611783218e-02 2.088085955651203701e-05
5.477059487715060238e-01 4.994974893332492644e-02 1.228867003861894362e-05
5.477059487715060238e-01 5.062474554053202069e-02 7.181960223711932289e-06
5.477059487715060238e-01 5.129974214773911495e-02 4.162920976936807696e-06
5.477059487715060238e-01 5.197473875494620921e-02 2.397554708968042354e-06
5.477059487715060238e-01 5.264973536215330346e-02 1.373411203652990124e-06
5.477059487715060238e-01 5.332473196936039772e-02 7.818854031441647653e-07
5.477059487715060238e-01 5.399972857656748504e-02 4.418467173750959990e-07
5.477059487715060238e-01 5.467472518377457930e-02 2.482704864255256375e-07
5.477059487715060238e-01 5.534972179098167355e-02 1.388095657301761169e-07
5.477059487715060238e-01 5.602471839818876781e-02 7.719412363704793991e-08
5.477059487715060238e-01 5.669971500539586207e-02 4.264041522661739825e-08
5.477059487715060238e-01 5.737471161260295632e-02 2.344845581547323621e-08
5.477059487715060238e-01 5.804970821981005058e-02 1.283456787687374236e-08
5.477059487715060238e-01 5.872470482701714484e-02 6.985086487760358650e-09
5.477059487715060238e-01 5.939970143422423909e-02 3.783554049852465180e-09
5.477059487715060238e-01 6.007469804143133335e-02 2.041282342512058069e-09
5.477059487715060238e-01 6.074969464863842761e-02 1.095392010808868218e-09
5.477059487715060238e-01 6.142469125584551493e-02 5.853435976881525868e-10
5.477059487715060238e-01 6.209968786305260918e-02 3.116867992668967576e-10
5.477059487715060238e-01 6.277468447025970344e-02 1.650669341597452548e-10
5.477059487715060238e-01 6.344968107746680464e-02 8.691896378877019440e-11
5.477059487715060238e-01 6.412467768467389195e-02 4.558946962395483246e-11
5.477059487715060238e-01 6.479967429188099315e-02 2.381125286326905379e-11
5.477059487715060238e-01 6.547467089908808047e-02 1.239813352818425097e-11
5.477059487715060238e-01 6.614966750629516778e-02 6.429654500347650062e-12
5.477059487715060238e-01 6.682466411350226898e-02 3.324116162686970670e-12
5.557077348674156481e-01 0.000000000000000000e+00 1.297931250712457021e-11
5.557077348674156481e-01 6.749966072070936064e-04 1.739439246426609544e-10
5.557077348674156481e-01 1.349993214414187213e-03 1.575193564060639919e-09
5.557077348674156481e-01 2.024989821621281036e-03 1.085109970795042433e-08
5.557077348674156481e-01 2.699986428828374425e-03 6.061243568228726587e-08
5.557077348674156481e-01 3.374983036035467815e-03 2.901602968149137894e-07
5.557077348674156481e-01 4.049979643242562072e-03 1.212178540736851633e-06
5.557077348674156481e-01 4.724976250449655461e-03 4.506841304246215220e-06
5.557077348674156481e-01 5.399972857656748851e-03 1.509876300041143165e-05
5.557077348674156481e-01 6.074969464863842240e-03 4.604634226746869301e-05
5.557077348674156481e-01 6.749966072070935630e-03 1.289079201187580046e-04
5.557077348674156481e-01 7.424962679278029887e-03 3.337079027279985085e-04
5.557077348674156481e-01 8.099959286485124144e-03 8.040211728559982108e-04
5.557077348674156481e-01 8.774955893692216666e-03 1.813141987416163475e-03
5.557077348674156481e-01 9.449952500899310923e-03 3.844959985805588860e-03
5.557077348674156481e-01 1.012494910810640344e-02 7.699278443930633077e-03
5.557077348674156481e-01 1.079994571531349770e-02 1.461376394590926595e-02
5.557077348674156481e-01 1.147494232252059196e-02 2.638274480398467708e-02
5.557077348674156481e-01 1.214993892972768448e-02 4.544292043652163604e-02
5.557077348674156481e-01 1.282493553693477874e-02 7.487132988644341902e-02
5.557077348674156481e-01 1.349993214414187126e-02 1.182978882534763410e-01
5.557077348674156481e-01 1.417492875134896552e-02 1.796682530742460260e-01
5.557077348674156481e-01 1.484992535855605977e-02 2.628414970974675691e-01
5.557077348674156481e-01 1.552492196576315230e-02 3.711004271831649381e-01
5.557077348674156481e-01 1.619991857297024829e-02 5.065421018353245541e-01
5.557077348674156481e-01 1.687491518017733907e-02 6.695723319065515211e-01
5.557077348674156481e-01 1.754991178738443333e-02 8.584268429493815411e-01
5.557077348674156481e-01 1.822490839459152759e-02 1.066532706339293757e+00
5.557077348674156481e-01 1.889990500179862185e-02 1.286443253891938143e+00
5.557077348674156481e-01 1.957490160900571610e-02 1.511578780796664967e+00
5.557077348674156481e-01 2.024989821621280689e-02 1.732385709627175974e+00
5.557077348674156481e-01 2.092489482341990115e-02 1.923827784379161798e+00
5.557077348674156481e-01 2.159989143062699540e-02 2.073703457946305839e+00
5.557077348674156481e-01 2.227488803783408966e-02 2.166147735434865496e+00
5.557077348674156481e-01 2.294988464504118392e-02 2.215112223592418328e+00
5.557077348674156481e-01 2.362488125224827470e-02 2.216148919049878430e+00
5.557077348674156481e-01 2.429987785945536896e-02 2.164902880808337038e+00
5.557077348674156481e-01 2.497487446666246322e-02 2.065214022217323198e+00
5.557077348674156481e-01 2.564987107386955748e-02 1.929900649087005871e+00
5.557077348674156481e-01 2.632486768107665173e-02 1.767469716177614059e+00
5.557077348674156481e-01 2.699986428828374252e-02 1.585193354219162520e+00
5.557077348674156481e-01 2.767486089549083678e-02 1.393743178794264459e+00
5.557077348674156481e-01 2.834985750269793103e-02 1.204595349831818929e+00
5.557077348674156481e-01 2.902485410990502529e-02 1.020214448833134835e+00
5.557077348674156481e-01 2.969985071711211955e-02 8.504981675154492660e-01
5.557077348674156481e-01 3.037484732431921380e-02 6.963833080797272590e-01
5.557077348674156481e-01 3.104984393152630459e-02 5.610130252990470634e-01
5.557077348674156481e-01 3.172484053873340232e-02 4.450760477893410672e-01
5.557077348674156481e-01 3.239983714594049657e-02 3.472977250830104889e-01
5.557077348674156481e-01 3.307483375314758389e-02 2.672280758428807745e-01
5.557077348674156481e-01 3.374983036035467815e-02 2.025314822037120044e-01
5.557077348674156481e-01 3.442482696756177241e-02 1.514401000788692664e-01
5.557077348674156481e-01 3.509982357476886666e-02 1.115430638130103236e-01
5.557077348674156481e-01 3.577482018197596092e-02 8.092920331880978924e-02
5.557077348674156481e-01 3.644981678918305518e-02 5.801217200112797345e-02
5.557077348674156481e-01 3.712481339639014943e-02 4.109439486894465865e-02
5.557077348674156481e-01 3.779981000359724369e-02 2.876608449149888058e-02
5.557077348674156481e-01 3.847480661080433795e-02 1.989885407365868733e-02
5.557077348674156481e-01 3.914980321801143220e-02 1.361540108264463686e-02
5.557077348674156481e-01 3.982479982521851952e-02 9.209248822786082062e-03
5.557077348674156481e-01 4.049979643242561378e-02 6.161827611651086480e-03
5.557077348674156481e-01 4.117479303963270804e-02 4.081385165402905656e-03
5.557077348674156481e-01 4.184978964683980229e-02 2.668214792720837239e-03
5.557077348674156481e-01 4.252478625404689655e-02 1.724736064583265102e-03
5.557077348674156481e-01 4.319978286125399081e-02 1.103543510769329408e-03
5.557077348674156481e-01 4.387477946846108506e-02 7.000387518434309864e-04
5.557077348674156481e-01 4.454977607566817932e-02 4.404476627994736234e-04
5.557077348674156481e-01 4.522477268287527358e-02 2.747857824796101785e-04
5.557077348674156481e-01 4.589976929008236783e-02 1.699259279331699157e-04
5.557077348674156481e-01 4.657476589728946209e-02 1.042790304898168164e-04
5.557077348674156481e-01 4.724976250449654941e-02 6.338740655680134850e-05
5.557077348674156481e-01 4.792475911170364367e-02 3.817710137363758345e-05
5.557077348674156481e-01 4.859975571891073792e-02 2.283916871424351987e-05
5.557077348674156481e-01 4.927475232611783218e-02 1.357331266911662651e-05
5.557077348674156481e-01 4.994974893332492644e-02 8.008177922694644096e-06
5.557077348674156481e-01 5.062474554053202069e-02 4.692336049306915357e-06
5.557077348674156481e-01 5.129974214773911495e-02 2.726463057569802235e-06
5.557077348674156481e-01 5.197473875494620921e-02 1.574241562923708800e-06
5.557077348674156481e-01 5.264973536215330346e-02 9.041027909083225691e-07
5.557077348674156481e-01 5.332473196936039772e-02 5.160560005684673943e-07
5.557077348674156481e-01 5.399972857656748504e-02 2.924127858272771216e-07
5.557077348674156481e-01 5.467472518377457930e-02 1.647282246863679327e-07
5.557077348674156481e-01 5.534972179098167355e-02 9.232877389882262238e-08
5.557077348674156481e-01 5.602471839818876781e-02 5.147825354322405080e-08
5.557077348674156481e-01 5.669971500539586207e-02 2.850566932575376818e-08
5.557077348674156481e-01 5.737471161260295632e-02 1.571428925417025556e-08
5.557077348674156481e-01 5.804970821981005058e-02 8.622369634755176047e-09
5.557077348674156481e-01 5.872470482701714484e-02 4.704112106095937768e-09
5.557077348674156481e-01 5.939970143422423909e-02 2.554140853431690597e-09
5.557077348674156481e-01 6.007469804143133335e-02 1.381196466547643570e-09
5.557077348674156481e-01 6.074969464863842761e-02 7.429593398706427488e-10
5.557077348674156481e-01 6.142469125584551493e-02 3.979375780432974336e-10
5.557077348674156481e-01 6.209968786305260918e-02 2.123877751697211422e-10
5.557077348674156481e-01 6.277468447025970344e-02 1.127533805014410341e-10
5.557077348674156481e-01 6.344968107746680464e-02 5.954060127484691433e-11
5.557077348674156481e-01 6.412467768467389195e-02 3.130590564816058917e-11
5.557077348674156481e-01 6.479967429188099315e-02 1.638961282618162719e-11
5.557077348674156481e-01 6.547467089908808047e-02 8.553888932134880908e-12
5.557077348674156481e-01 6.614966750629516778e-02 4.446738591742379631e-12
5.557077348674156481e-01 6.682466411350226898e-02 2.303988063691161340e-12
5.637095209633251613e-01 0.000000000000000000e+00 6.640572194366335284e-12
5.637095209633251613e-01 6.749966072070936064e-04 8.951461170755725714e-11
5.637095209633251613e-01 1.349993214414187213e-03 8.145789418160405277e-10
5.637095209633251613e-01 2.024989821621281036e-03 5.635868375648289361e-09
5.637095209633251613e-01 2.699986428828374425e-03 3.160450948205147600e-08
5.637095209633251613e-01 3.374983036035467815e-03 1.518525489077385593e-07
5.637095209633251613e-01 4.049979643242562072e-03 6.365816366896335316e-07
5.637095209633251613e-01 4.724976250449655461e-03 2.375517717124768968e-06
5.637095209633251613e-01 5.399972857656748851e-03 7.986861954061289166e-06
5.637095209633251613e-01 6.074969464863842240e-03 2.444203951276761102e-05
5.637095209633251613e-01 6.749966072070935630e-03 6.868392328862728085e-05
5.637095209633251613e-01 7.424962679278029887e-03 1.784400833785872165e-04
5.637095209633251613e-01 8.099959286485124144e-03 4.314298709297940959e-04
5.637095209633251613e-01 8.774955893692216666e-03 9.761502380504955044e-04
5.637095209633251613e-01 9.449952500899310923e-03 2.076733859108394979e-03
5.637095209633251613e-01 1.012494910810640344e-02 4.172191903231008657e-03
5.637095209633251613e-01 1.079994571531349770e-02 7.944453187810229799e-03
5.637095209633251613e-01 1.147494232252059196e-02 1.438668835370318470e-02
5.637095209633251613e-01 1.214993892972768448e-02 2.485198850019311109e-02
5.637095209633251613e-01 1.282493553693477874e-02 4.106430604808727902e-02
5.637095209633251613e-01 1.349993214414187126e-02 6.506624376337015458e-02
5.637095209633251613e-01 1.417492875134896552e-02 9.908993218453593377e-02
5.637095209633251613e-01 1.484992535855605977e-02 1.453913476458102982e-01
5.637095209633251613e-01 1.552492196576315230e-02 2.059136027131150126e-01
5.637095209633251613e-01 1.619991857297024829e-02 2.819606665782233290e-01
5.637095209633251613e-01 1.687491518017733907e-02 3.738737721917897439e-01
5.637095209633251613e-01 1.754991178738443333e-02 4.807983130530640858e-01
5.637095209633251613e-01 1.822490839459152759e-02 5.991603506134416390e-01
5.637095209633251613e-01 1.889990500179862185e-02 7.247059156184231243e-01
5.637095209633251613e-01 1.957490160900571610e-02 8.538806738955900810e-01
5.637095209633251613e-01 2.024989821621280689e-02 9.812788231097477887e-01
5.637095209633251613e-01 2.092489482341990115e-02 1.092803524794782932e+00
5.637095209633251613e-01 2.159989143062699540e-02 1.181634239052606672e+00
5.637095209633251613e-01 2.227488803783408966e-02 1.237961676068545680e+00
5.637095209633251613e-01 2.294988464504118392e-02 1.269797667251167050e+00
5.637095209633251613e-01 2.362488125224827470e-02 1.274201261089741077e+00
5.637095209633251613e-01 2.429987785945536896e-02 1.248361011720629632e+00
5.637095209633251613e-01 2.497487446666246322e-02 1.194555556622913350e+00
5.637095209633251613e-01 2.564987107386955748e-02 1.119531172354698123e+00
5.637095209633251613e-01 2.632486768107665173e-02 1.028298778358411658e+00
5.637095209633251613e-01 2.699986428828374252e-02 9.252136626671680908e-01
5.637095209633251613e-01 2.767486089549083678e-02 8.159052379218384443e-01
5.637095209633251613e-01 2.834985750269793103e-02 7.072957113537000629e-01
5.637095209633251613e-01 2.902485410990502529e-02 6.007511512597644154e-01
5.637095209633251613e-01 2.969985071711211955e-02 5.022500102673297384e-01
5.637095209633251613e-01 3.037484732431921380e-02 4.123448116350638681e-01
5.637095209633251613e-01 3.104984393152630459e-02 3.331531106819266008e-01
5.637095209633251613e-01 3.172484053873340232e-02 2.650614950741982390e-01
5.637095209633251613e-01 3.239983714594049657e-02 2.074344120162064653e-01
5.637095209633251613e-01 3.307483375314758389e-02 1.600699589887490948e-01
5.637095209633251613e-01 3.374983036035467815e-02 1.216525927459201212e-01
5.637095209633251613e-01 3.442482696756177241e-02 9.122079253756644468e-02
5.637095209633251613e-01 3.509982357476886666e-02 6.737924698505212695e-02
5.637095209633251613e-01 3.577482018197596092e-02 4.902174003929261892e-02
5.637095209633251613e-01 3.644981678918305518e-02 3.523408670451928792e-02
5.637095209633251613e-01 3.712481339639014943e-02 2.502517831103962670e-02
5.637095209633251613e-01 3.779981000359724369e-02 1.756439549376903955e-02
5.637095209633251613e-01 3.847480661080433795e-02 1.218292566871316540e-02
5.637095209633251613e-01 3.914980321801143220e-02 8.359035189504650590e-03
5.637095209633251613e-01 3.982479982521851952e-02 5.670113170314541179e-03
5.637095209633251613e-01 4.049979643242561378e-02 3.804465112635887093e-03
5.637095209633251613e-01 4.117479303963270804e-02 2.526459822338588714e-03
5.637095209633251613e-01 4.184978964683980229e-02 1.656184449482523465e-03
5.637095209633251613e-01 4.252478625404689655e-02 1.073345337180949249e-03
5.637095209633251613e-01 4.319978286125399081e-02 6.885194349549781344e-04
5.637095209633251613e-01 4.387477946846108506e-02 4.378753981801994833e-04
5.637095209633251613e-01 4.454977607566817932e-02 2.761815146373932110e-04
5.637095209633251613e-01 4.522477268287527358e-02 1.727167484915234858e-04
5.637095209633251613e-01 4.589976929008236783e-02 1.070672281557418274e-04
5.637095209633251613e-01 4.657476589728946209e-02 6.586395927489805758e-05
5.637095209633251613e-01 4.724976250449654941e-02 4.013725779063275205e-05
5.637095209633251613e-01 4.792475911170364367e-02 2.423447324868808992e-05
5.637095209633251613e-01 4.859975571891073792e-02 1.453438657316988476e-05
5.637095209633251613e-01 4.927475232611783218e-02 8.660104121574777411e-06
5.637095209633251613e-01 4.994974893332492644e-02 5.122497642627511865e-06
5.637095209633251613e-01 5.062474554053202069e-02 3.009331056321498271e-06
5.637095209633251613e-01 5.129974214773911495e-02 1.752862423180701286e-06
5.637095209633251613e-01 5.197473875494620921e-02 1.014604189862129451e-06
5.637095209633251613e-01 5.264973536215330346e-02 5.840933230333725372e-07
5.637095209633251613e-01 5.332473196936039772e-02 3.341919490464604778e-07
5.637095209633251613e-01 5.399972857656748504e-02 1.898237606389619466e-07
5.637095209633251613e-01 5.467472518377457930e-02 1.071868460206830518e-07
5.637095209633251613e-01 5.534972179098167355e-02 6.021700194203831277e-08
5.637095209633251613e-01 5.602471839818876781e-02 3.365852415087353270e-08
5.637095209633251613e-01 5.669971500539586207e-02 1.868309265204595832e-08
5.637095209633251613e-01 5.737471161260295632e-02 1.032417035414887743e-08
5.637095209633251613e-01 5.804970821981005058e-02 5.678392920910394623e-09
5.637095209633251613e-01 5.872470482701714484e-02 3.105591014512529125e-09
5.637095209633251613e-01 5.939970143422423909e-02 1.690133441560600980e-09
5.637095209633251613e-01 6.007469804143133335e-02 9.161450336414045385e-10
5.637095209633251613e-01 6.074969464863842761e-02 4.941036685348305850e-10
5.637095209633251613e-01 6.142469125584551493e-02 2.653086269393027291e-10
5.637095209633251613e-01 6.209968786305260918e-02 1.419479445696169268e-10
5.637095209633251613e-01 6.277468447025970344e-02 7.554931066799761612e-11
5.637095209633251613e-01 6.344968107746680464e-02 4.000849163776209492e-11
5.637095209633251613e-01 6.412467768467389195e-02 2.108811710285237761e-11
5.637095209633251613e-01 6.479967429188099315e-02 1.106687610278832403e-11
5.637095209633251613e-01 6.547467089908808047e-02 5.789713672598475442e-12
5.637095209633251613e-01 6.614966750629516778e-02 3.017169286959105617e-12
5.637095209633251613e-01 6.682466411350226898e-02 1.566942939895298833e-12
5.717113070592346746e-01 0.000000000000000000e+00 3.255164162018972679e-12
5.717113070592346746e-01 6.749966072070936064e-04 4.472196289274792083e-11
5.717113070592346746e-01 1.349993214414187213e-03 4.131351050048108236e-10
5.717113070592346746e-01 2.024989821621281036e-03 2.884913118092263386e-09
5.717113070592346746e-01 2.699986428828374425e-03 1.628778631003525895e-08
5.717113070592346746e-01 3.374983036035467815e-03 7.867506419366597234e-08
5.717113070592346746e-01 4.049979643242562072e-03 3.312890050981531070e-07
5.717113070592346746e-01 4.724976250449655461e-03 1.240721722815163182e-06
5.717113070592346746e-01 5.399972857656748851e-03 4.184495159392406049e-06
5.717113070592346746e-01 6.074969464863842240e-03 1.284903954279336304e-05
5.717113070592346746e-01 6.749966072070935630e-03 3.621267112103263990e-05
5.717113070592346746e-01 7.424962679278029887e-03 9.432960253354387599e-05
5.717113070592346746e-01 8.099959286485124144e-03 2.286387779300867512e-04
5.717113070592346746e-01 8.774955893692216666e-03 5.185667974452916936e-04
5.717113070592346746e-01 9.449952500899310923e-03 1.106501954865275359e-03
5.717113070592346746e-01 1.012494910810640344e-02 2.229375633365220100e-03
5.717113070592346746e-01 1.079994571531349770e-02 4.258293440747778352e-03
5.717113070592346746e-01 1.147494232252059196e-02 7.734123629026264969e-03
5.717113070592346746e-01 1.214993892972768448e-02 1.340283383898460516e-02
5.717113070592346746e-01 1.282493553693477874e-02 2.222389309328171372e-02
5.717113070592346746e-01 1.349993214414187126e-02 3.533343918972563918e-02
5.717113070592346746e-01 1.417492875134896552e-02 5.398616409549795297e-02
5.717113070592346746e-01 1.484992535855605977e-02 7.944201722512618524e-02
5.717113070592346746e-01 1.552492196576315230e-02 1.128262217195346168e-01
5.717113070592346746e-01 1.619991857297024829e-02 1.549021707890115007e-01
5.717113070592346746e-01 1.687491518017733907e-02 2.059306185669050882e-01
5.717113070592346746e-01 1.754991178738443333e-02 2.655972315797869854e-01
5.717113070592346746e-01 1.822490839459152759e-02 3.319291067883010093e-01
5.717113070592346746e-01 1.889990500179862185e-02 4.026049448830204547e-01
5.717113070592346746e-01 1.957490160900571610e-02 4.756374516591105328e-01
5.717113070592346746e-01 2.024989821621280689e-02 5.482212579980225708e-01
5.717113070592346746e-01 2.092489482341990115e-02 6.123342832807444625e-01
5.717113070592346746e-01 2.159989143062699540e-02 6.639785207436232906e-01
5.717113070592346746e-01 2.227488803783408966e-02 6.974456904506123323e-01
5.717113070592346746e-01 2.294988464504118392e-02 7.171337876459500382e-01
5.717113070592346746e-01 2.362488125224827470e-02 7.217024067892275907e-01
5.717113070592346746e-01 2.429987785945536896e-02 7.089781912191935875e-01
5.717113070592346746e-01 2.497487446666246322e-02 6.803551622612261651e-01
5.717113070592346746e-01 2.564987107386955748e-02 6.395578832003068204e-01
5.717113070592346746e-01 2.632486768107665173e-02 5.891678069141913499e-01
5.717113070592346746e-01 2.699986428828374252e-02 5.316506680904330429e-01
5.717113070592346746e-01 2.767486089549083678e-02 4.701121349750312928e-01
5.717113070592346746e-01 2.834985750269793103e-02 4.086812316540306966e-01
5.717113070592346746e-01 2.902485410990502529e-02 3.480345560049325493e-01
5.717113070592346746e-01 2.969985071711211955e-02 2.917801564269761339e-01
5.717113070592346746e-01 3.037484732431921380e-02 2.401735882471490724e-01
5.717113070592346746e-01 3.104984393152630459e-02 1.945450150115788368e-01
5.717113070592346746e-01 3.172484053873340232e-02 1.551484069033851054e-01
5.717113070592346746e-01 3.239983714594049657e-02 1.217113683247837697e-01
5.717113070592346746e-01 3.307483375314758389e-02 9.414882719417334844e-02
5.717113070592346746e-01 3.374983036035467815e-02 7.172816445634083715e-02
5.717113070592346746e-01 3.442482696756177241e-02 5.393030756862120245e-02
5.717113070592346746e-01 3.509982357476886666e-02 3.994385244654474754e-02
5.717113070592346746e-01 3.577482018197596092e-02 2.914181296665253884e-02
5.717113070592346746e-01 3.644981678918305518e-02 2.100411305175803670e-02
5.717113070592346746e-01 3.712481339639014943e-02 1.495839970991348460e-02
5.717113070592346746e-01 3.779981000359724369e-02 1.052507346425082986e-02
5.717113070592346746e-01 3.847480661080433795e-02 7.318519172925475047e-03
5.717113070592346746e-01 3.914980321801143220e-02 5.034013567123163044e-03
5.717113070592346746e-01 3.982479982521851952e-02 3.423139582203517991e-03
5.717113070592346746e-01 4.049979643242561378e-02 2.302746256103192085e-03
5.717113070592346746e-01 4.117479303963270804e-02 1.533179944473070898e-03
5.717113070592346746e-01 4.184978964683980229e-02 1.007870389274258347e-03
5.717113070592346746e-01 4.252478625404689655e-02 6.549702766377239575e-04
5.717113070592346746e-01 4.319978286125399081e-02 4.212775404862498978e-04
5.717113070592346746e-01 4.387477946846108506e-02 2.686444706298740594e-04
5.717113070592346746e-01 4.454977607566817932e-02 1.698833763036118193e-04
5.717113070592346746e-01 4.522477268287527358e-02 1.065165656688999400e-04
5.717113070592346746e-01 4.589976929008236783e-02 6.621201378512824010e-05
5.717113070592346746e-01 4.657476589728946209e-02 4.084409596716610937e-05
5.717113070592346746e-01 4.724976250449654941e-02 2.495965014935743899e-05
5.717113070592346746e-01 4.792475911170364367e-02 1.510999158462709505e-05
5.717113070592346746e-01 4.859975571891073792e-02 9.085814324075717311e-06
5.717113070592346746e-01 4.927475232611783218e-02 5.427374488346500540e-06
5.717113070592346746e-01 4.994974893332492644e-02 3.218335429749752742e-06
5.717113070592346746e-01 5.062474554053202069e-02 1.895653354948294361e-06
5.717113070592346746e-01 5.129974214773911495e-02 1.107026538559269460e-06
5.717113070592346746e-01 5.197473875494620921e-02 6.424072480060470901e-07
5.717113070592346746e-01 5.264973536215330346e-02 3.707630041823982326e-07
5.717113070592346746e-01 5.332473196936039772e-02 2.126747457269884916e-07
5.717113070592346746e-01 5.399972857656748504e-02 1.211172388282158208e-07
5.717113070592346746e-01 5.467472518377457930e-02 6.856253750615786969e-08
5.717113070592346746e-01 5.534972179098167355e-02 3.861380901294172991e-08
5.717113070592346746e-01 5.602471839818876781e-02 2.163715717017244376e-08
5.717113070592346746e-01 5.669971500539586207e-02 1.203853869852700110e-08
5.717113070592346746e-01 5.737471161260295632e-02 6.668940792210284844e-09
5.717113070592346746e-01 5.804970821981005058e-02 3.676981570656810790e-09
5.717113070592346746e-01 5.872470482701714484e-02 2.016197186872986610e-09
5.717113070592346746e-01 5.939970143422423909e-02 1.100043376286326752e-09
5.717113070592346746e-01 6.007469804143133335e-02 5.978131802211465577e-10
5.717113070592346746e-01 6.074969464863842761e-02 3.231924082768473649e-10
5.717113070592346746e-01 6.142469125584551493e-02 1.739420966552458658e-10
5.717113070592346746e-01 6.209968786305260918e-02 9.327852527757138390e-11
5.717113070592346746e-01 6.277468447025970344e-02 4.976471894004010870e-11
5.717113070592346746e-01 6.344968107746680464e-02 2.642566906919629190e-11
5.717113070592346746e-01 6.412467768467389195e-02 1.396077765257653116e-11
5.717113070592346746e-01 6.479967429188099315e-02 7.342724406065044715e-12
5.717113070592346746e-01 6.547467089908808047e-02 3.849845322376676988e-12
5.717113070592346746e-01 6.614966750629516778e-02 2.010738679775776961e-12
5.717113070592346746e-01 6.682466411350226898e-02 1.046522707985037603e-12
5.797130931551441879e-01 0.000000000000000000e+00 1.565212255486561612e-12
5.797130931551441879e-01 6.749966072070936064e-04 2.134637465303834618e-11
5.797130931551441879e-01 1.349993214414187213e-03 1.960145615003275280e-10
5.797130931551441879e-01 2.024989821621281036e-03 1.366935106926963195e-09
5.797130931551441879e-01 2.699986428828374425e-03 7.724262011898537518e-09
5.797130931551441879e-01 3.374983036035467815e-03 3.739042382917898675e-08
5.797130931551441879e-01 4.049979643242562072e-03 1.578963393815461089e-07
5.797130931551441879e-01 4.724976250449655461e-03 5.933496422807545506e-07
5.797130931551441879e-01 5.399972857656748851e-03 2.008821757672069589e-06
5.797130931551441879e-01 6.074969464863842240e-03 6.190231669728012155e-06
5.797130931551441879e-01 6.749966072070935630e-03 1.751188316594179541e-05
5.797130931551441879e-01 7.424962679278029887e-03 4.580213725861338319e-05
5.797130931551441879e-01 8.099959286485124144e-03 1.114657916246115428e-04
5.797130931551441879e-01 8.774955893692216666e-03 2.537553690606354989e-04
5.797130931551441879e-01 9.449952500899310923e-03 5.433061242941291530e-04
5.797130931551441879e-01 1.012494910810640344e-02 1.098527466148668244e-03
5.797130931551441879e-01 1.079994571531349770e-02 2.105491825107534513e-03
5.797130931551441879e-01 1.147494232252059196e-02 3.838618085974396677e-03
5.797130931551441879e-01 1.214993892972768448e-02 6.677206590744372457e-03
5.797130931551441879e-01 1.282493553693477874e-02 1.111295802783539115e-02
5.797130931551441879e-01 1.349993214414187126e-02 1.774187252317690686e-02
5.797130931551441879e-01 1.417492875134896552e-02 2.723494610159624824e-02
5.797130931551441879e-01 1.484992535855605977e-02 4.028823978197793726e-02
5.797130931551441879e-01 1.552492196576315230e-02 5.754575645739062884e-02
5.797130931551441879e-01 1.619991857297024829e-02 7.952787180103534914e-02
5.797130931551441879e-01 1.687491518017733907e-02 1.065372500759284996e-01
5.797130931551441879e-01 1.754991178738443333e-02 1.386095365458396012e-01
5.797130931551441879e-01 1.822490839459152759e-02 1.750873048463267301e-01
5.797130931551441879e-01 1.889990500179862185e-02 2.152299563654830328e-01
5.797130931551441879e-01 1.957490160900571610e-02 2.584789550073141040e-01
5.797130931551441879e-01 2.024989821621280689e-02 3.011153792436127019e-01
5.797130931551441879e-01 2.092489482341990115e-02 3.386203511854478654e-01
5.797130931551441879e-01 2.159989143062699540e-02 3.690519182139603283e-01
5.797130931551441879e-01 2.227488803783408966e-02 3.891669862503962518e-01
5.797130931551441879e-01 2.294988464504118392e-02 4.014619290117961148e-01
5.797130931551441879e-01 2.362488125224827470e-02 4.050526440926708327e-01
5.797130931551441879e-01 2.429987785945536896e-02 3.988217284183622757e-01
5.797130931551441879e-01 2.497487446666246322e-02 3.838268814931728445e-01
5.797130931551441879e-01 2.564987107386955748e-02 3.615974540092854461e-01
5.797130931551441879e-01 2.632486768107665173e-02 3.337529267497439389e-01
5.797130931551441879e-01 2.699986428828374252e-02 3.017659572045440775e-01
5.797130931551441879e-01 2.767486089549083678e-02 2.673051959257524701e-01
5.797130931551441879e-01 2.834985750269793103e-02 2.329745097490084627e-01
5.797130931551441879e-01 2.902485410990502529e-02 1.988701347034372846e-01
5.797130931551441879e-01 2.969985071711211955e-02 1.671693529530461075e-01
5.797130931551441879e-01 3.037484732431921380e-02 1.379278983536526282e-01
5.797130931551441879e-01 3.104984393152630459e-02 1.120482536416346903e-01
5.797130931551441879e-01 3.172484053873340232e-02 8.962599464278732386e-02
5.797130931551441879e-01 3.239983714594049657e-02 7.051574898927899515e-02
5.797130931551441879e-01 3.307483375314758389e-02 5.469736048427444736e-02
5.797130931551441879e-01 3.374983036035467815e-02 4.178213162923514329e-02
5.797130931551441879e-01 3.442482696756177241e-02 3.149334285311720938e-02
5.797130931551441879e-01 3.509982357476886666e-02 2.337826657755477308e-02
5.797130931551441879e-01 3.577482018197596092e-02 1.709451502289069391e-02
5.797130931551441879e-01 3.644981678918305518e-02 1.235240659189310031e-02
5.797130931551441879e-01 3.712481339639014943e-02 8.819434131756627437e-03
5.797130931551441879e-01 3.779981000359724369e-02 6.220328217478574007e-03
5.797130931551441879e-01 3.847480661080433795e-02 4.335639047347340964e-03
5.797130931551441879e-01 3.914980321801143220e-02 2.990496436153690027e-03
5.797130931551441879e-01 3.982479982521851952e-02 2.038983129833096385e-03
5.797130931551441879e-01 4.049979643242561378e-02 1.374776361794768920e-03
5.797130931551441879e-01 4.117479303963270804e-02 9.174538795338703628e-04
5.797130931551441879e-01 4.184978964683980229e-02 6.045158089268418741e-04
5.797130931551441879e-01 4.252478625404689655e-02 3.938291893943633650e-04
5.797130931551441879e-01 4.319978286125399081e-02 2.539404071917084364e-04
5.797130931551441879e-01 4.387477946846108506e-02 1.623382931587062845e-04
5.797130931551441879e-01 4.454977607566817932e-02 1.029313158153630318e-04
5.797130931551441879e-01 4.522477268287527358e-02 6.471770851806191236e-05
5.797130931551441879e-01 4.589976929008236783e-02 4.033121337395785652e-05
5.797130931551441879e-01 4.657476589728946209e-02 2.494131174973979658e-05
5.797130931551441879e-01 4.724976250449654941e-02 1.527976444982448399e-05
5.797130931551441879e-01 4.792475911170364367e-02 9.272310331138892685e-06
5.797130931551441879e-01 4.859975571891073792e-02 5.589013328721854440e-06
5.797130931551441879e-01 4.927475232611783218e-02 3.346538119241242561e-06
5.797130931551441879e-01 4.994974893332492644e-02 1.989104860003552871e-06
5.797130931551441879e-01 5.062474554053202069e-02 1.174204000445549307e-06
5.797130931551441879e-01 5.129974214773911495e-02 6.871737709847634648e-07
5.797130931551441879e-01 5.197473875494620921e-02 3.996054063762962671e-07
5.797130931551441879e-01 5.264973536215330346e-02 2.311260208937598582e-07
5.797130931551441879e-01 5.332473196936039772e-02 1.328868306543721629e-07
5.797130931551441879e-01 5.399972857656748504e-02 7.587350742706775853e-08
5.797130931551441879e-01 5.467472518377457930e-02 4.305780265236893769e-08
5.797130931551441879e-01 5.534972179098167355e-02 2.430942603618905217e-08
5.797130931551441879e-01 5.602471839818876781e-02 1.365605149168128267e-08
5.797130931551441879e-01 5.669971500539586207e-02 7.616280436385736453e-09
5.797130931551441879e-01 5.737471161260295632e-02 4.228625919008331760e-09
5.797130931551441879e-01 5.804970821981005058e-02 2.336672847261816315e-09
5.797130931551441879e-01 5.872470482701714484e-02 1.284231027589458856e-09
5.797130931551441879e-01 5.939970143422423909e-02 7.023173918333102381e-10
5.797130931551441879e-01 6.007469804143133335e-02 3.825780250475361336e-10
5.797130931551441879e-01 6.074969464863842761e-02 2.073354894220324132e-10
5.797130931551441879e-01 6.142469125584551493e-02 1.118635163679852696e-10
5.797130931551441879e-01 6.209968786305260918e-02 6.013339606378701101e-11
5.797130931551441879e-01 6.277468447025970344e-02 3.216207064789311935e-11
5.797130931551441879e-01 6.344968107746680464e-02 1.712588945037609286e-11
5.797130931551441879e-01 6.412467768467389195e-02 9.070647720989436436e-12
5.797130931551441879e-01 6.479967429188099315e-02 4.782324262785792315e-12
5.797130931551441879e-01 6.547467089908808047e-02 2.513658637929496201e-12
5.797130931551441879e-01 6.614966750629516778e-02 1.316215600948861086e-12
5.797130931551441879e-01 6.682466411350226898e-02 6.866985944155976535e-13
5.877148792510537012e-01 0.000000000000000000e+00 7.659297380935375302e-13
5.877148792510537012e-01 6.749966072070936064e-04 1.051458214791066278e-11
5.877148792510537012e-01 1.349993214414187213e-03 9.706676248138755341e-11
5.877148792510537012e-01 2.024989821621281036e-03 6.802145361613906444e-10
5.877148792510537012e-01 2.699986428828374425e-03 3.861049406602749039e-09
5.877148792510537012e-01 3.374983036035467815e-03 1.877002178316549049e-08
5.877148792510537012e-01 4.049979643242562072e-03 7.959568773799809807e-08
5.877148792510537012e-01 4.724976250449655461e-03 3.003034248633531962e-07
5.877148792510537012e-01 5.399972857656748851e-03 1.020493680500779599e-06
5.877148792510537012e-01 6.074969464863842240e-03 3.155646896164574035e-06
5.877148792510537012e-01 6.749966072070935630e-03 8.957588443440158248e-06
5.877148792510537012e-01 7.424962679278029887e-03 2.350404086479332405e-05
5.877148792510537012e-01 8.099959286485124144e-03 5.739746922120297516e-05
5.877148792510537012e-01 8.774955893692216666e-03 1.311685638622700283e-04
5.877148792510537012e-01 9.449952500899310923e-03 2.818793314538819896e-04
5.877148792510537012e-01 1.012494910810640344e-02 5.720248688101455415e-04
5.877148792510537012e-01 1.079994571531349770e-02 1.100303588370851564e-03
5.877148792510537012e-01 1.147494232252059196e-02 2.012856704640269244e-03
5.877148792510537012e-01 1.214993892972768448e-02 3.509972318994475024e-03
5.877148792510537012e-01 1.282493553693477874e-02 5.853973921301534357e-03
5.877148792510537012e-01 1.349993214414187126e-02 9.363334167434452654e-03
5.877148792510537012e-01 1.417492875134896552e-02 1.439447047504684163e-02
5.877148792510537012e-01 1.484992535855605977e-02 2.131597101959469345e-02
5.877148792510537012e-01 1.552492196576315230e-02 3.046387927042767257e-02
5.877148792510537012e-01 1.619991857297024829e-02 4.208134338930837048e-02
5.877148792510537012e-01 1.687491518017733907e-02 5.628773116182464453e-02
5.877148792510537012e-01 1.754991178738443333e-02 7.302833284780227419e-02
5.877148792510537012e-01 1.822490839459152759e-02 9.182847117649131641e-02
5.877148792510537012e-01 1.889990500179862185e-02 1.120119008872767496e-01
5.877148792510537012e-01 1.957490160900571610e-02 1.330616843594762677e-01
5.877148792510537012e-01 2.024989821621280689e-02 1.541508540945614458e-01
5.877148792510537012e-01 2.092489482341990115e-02 1.730708940218573522e-01
5.877148792510537012e-01 2.159989143062699540e-02 1.887089018980162847e-01
5.877148792510537012e-01 2.227488803783408966e-02 1.992767583086092753e-01
5.877148792510537012e-01 2.294988464504118392e-02 2.060137865417989989e-01
5.877148792510537012e-01 2.362488125224827470e-02 2.084269263650843917e-01
5.877148792510537012e-01 2.429987785945536896e-02 2.058533184472184363e-01
5.877148792510537012e-01 2.497487446666246322e-02 1.986838741891068238e-01
5.877148792510537012e-01 2.564987107386955748e-02 1.877872266850834360e-01
5.877148792510537012e-01 2.632486768107665173e-02 1.739326722805017156e-01
5.877148792510537012e-01 2.699986428828374252e-02 1.577580037090496601e-01
5.877148792510537012e-01 2.767486089549083678e-02 1.401935812791389735e-01
5.877148792510537012e-01 2.834985750269793103e-02 1.225365108989208696e-01
5.877148792510537012e-01 2.902485410990502529e-02 1.049087450032264307e-01
5.877148792510537012e-01 2.969985071711211955e-02 8.846068995193662188e-02
5.877148792510537012e-01 3.037484732431921380e-02 7.323292931683182683e-02
5.877148792510537012e-01 3.104984393152630459e-02 5.969095992484246133e-02
5.877148792510537012e-01 3.172484053873340232e-02 4.790601006498381581e-02
5.877148792510537012e-01 3.239983714594049657e-02 3.783897204244917462e-02
5.877148792510537012e-01 3.307483375314758389e-02 2.947924208849983171e-02
5.877148792510537012e-01 3.374983036035467815e-02 2.263158721747803373e-02
5.877148792510537012e-01 3.442482696756177241e-02 1.715340752277575570e-02
5.877148792510537012e-01 3.509982357476886666e-02 1.281561907923233802e-02
5.877148792510537012e-01 3.577482018197596092e-02 9.443243777605329556e-03
5.877148792510537012e-01 3.644981678918305518e-02 6.884460298879216747e-03
5.877148792510537012e-01 3.712481339639014943e-02 4.969804206172912485e-03
5.877148792510537012e-01 3.779981000359724369e-02 3.555011945667915351e-03
5.877148792510537012e-01 3.847480661080433795e-02 2.515349011081596201e-03
5.877148792510537012e-01 3.914980321801143220e-02 1.749966477680085526e-03
5.877148792510537012e-01 3.982479982521851952e-02 1.199895342855670372e-03
5.877148792510537012e-01 4.049979643242561378e-02 8.123674244952479090e-04
5.877148792510537012e-01 4.117479303963270804e-02 5.439606604276484578e-04
5.877148792510537012e-01 4.184978964683980229e-02 3.594892139687533598e-04
5.877148792510537012e-01 4.252478625404689655e-02 2.347016005676797628e-04
5.877148792510537012e-01 4.319978286125399081e-02 1.516573773719085447e-04
5.877148792510537012e-01 4.387477946846108506e-02 9.718119160611995760e-05
5.877148792510537012e-01 4.454977607566817932e-02 6.173145069829069555e-05
5.877148792510537012e-01 4.522477268287527358e-02 3.887969465267829326e-05
5.877148792510537012e-01 4.589976929008236783e-02 2.426816276084788212e-05
5.877148792510537012e-01 4.657476589728946209e-02 1.503287952932847033e-05
5.877148792510537012e-01 4.724976250449654941e-02 9.230594705701650687e-06
5.877148792510537012e-01 4.792475911170364367e-02 5.613767697023539435e-06
5.877148792510537012e-01 4.859975571891073792e-02 3.391273315398921932e-06
5.877148792510537012e-01 4.927475232611783218e-02 2.034954553986984594e-06
5.877148792510537012e-01 4.994974893332492644e-02 1.212648876086963280e-06
5.877148792510537012e-01 5.062474554053202069e-02 7.178528913184729971e-07
5.877148792510537012e-01 5.129974214773911495e-02 4.212206469801720972e-07
5.877148792510537012e-01 5.197473875494620921e-02 2.455646054151636290e-07
5.877148792510537012e-01 5.264973536215330346e-02 1.423716060513862061e-07
5.877148792510537012e-01 5.332473196936039772e-02 8.204129448689858023e-08
5.877148792510537012e-01 5.399972857656748504e-02 4.693918572500638686e-08
5.877148792510537012e-01 5.467472518377457930e-02 2.668983792081841454e-08
5.877148792510537012e-01 5.534972179098167355e-02 1.510255491724599616e-08
5.877148792510537012e-01 5.602471839818876781e-02 8.503269282470821825e-09
5.877148792510537012e-01 5.669971500539586207e-02 4.753091933322155334e-09
5.877148792510537012e-01 5.737471161260295632e-02 2.644651553280491645e-09
5.877148792510537012e-01 5.804970821981005058e-02 1.465046545442400632e-09
5.877148792510537012e-01 5.872470482701714484e-02 8.071615213656007253e-10
5.877148792510537012e-01 5.939970143422423909e-02 4.423653647349503675e-10
5.877148792510537012e-01 6.007469804143133335e-02 2.414707546565481445e-10
5.877148792510537012e-01 6.074969464863842761e-02 1.311367719445423446e-10
5.877148792510537012e-01 6.142469125584551493e-02 7.091164911965933277e-11
5.877148792510537012e-01 6.209968786305260918e-02 3.820316522287681028e-11
5.877148792510537012e-01 6.277468447025970344e-02 2.048060001423259947e-11
5.877148792510537012e-01 6.344968107746680464e-02 1.093187272942066716e-11
5.877148792510537012e-01 6.412467768467389195e-02 5.807691372091903427e-12
5.877148792510537012e-01 6.479967429188099315e-02 3.069336063185536509e-12
5.877148792510537012e-01 6.547467089908808047e-02 1.616841762974591456e-12
5.877148792510537012e-01 6.614966750629516778e-02 8.484685194465139161e-13
5.877148792510537012e-01 6.682466411350226898e-02 4.436219753092580227e-13
5.957166653469632145e-01 0.000000000000000000e+00 3.683208418084649530e-13
5.957166653469632145e-01 6.749966072070936064e-04 5.089938967826187919e-12
5.957166653469632145e-01 1.349993214414187213e-03 4.724122130434104432e-11
5.957166653469632145e-01 2.024989821621281036e-03 3.327041668691740258e-10
5.957166653469632145e-01 2.699986428828374425e-03 1.896998055501682648e-09
5.957166653469632145e-01 3.374983036035467815e-03 9.261746154998081486e-09
5.957166653469632145e-01 4.049979643242562072e-03 3.943734165602304441e-08
5.957166653469632145e-01 4.724976250449655461e-03 1.493350803594607510e-07
5.957166653469632145e-01 5.399972857656748851e-03 5.092830024497417807e-07
5.957166653469632145e-01 6.074969464863842240e-03 1.580576070663815453e-06
5.957166653469632145e-01 6.749966072070935630e-03 4.502765232741428679e-06
5.957166653469632145e-01 7.424962679278029887e-03 1.185662146656625238e-05
5.957166653469632145e-01 8.099959286485124144e-03 2.905550655418343489e-05
5.957166653469632145e-01 8.774955893692216666e-03 6.662258419096761422e-05
5.957166653469632145e-01 9.449952500899310923e-03 1.436418769349862045e-04
5.957166653469632145e-01 1.012494910810640344e-02 2.924306494104961804e-04
5.957166653469632145e-01 1.079994571531349770e-02 5.642714865448578750e-04
5.957166653469632145e-01 1.147494232252059196e-02 1.035293759571819351e-03
5.957166653469632145e-01 1.214993892972768448e-02 1.811171721144363284e-03
5.957166653469632145e-01 1.282493553693477874e-02 3.030331920307078632e-03
5.957166653469632145e-01 1.349993214414187126e-02 4.861615097610804542e-03
5.957166653469632145e-01 1.417492875134896552e-02 7.496441628421134096e-03
5.957166653469632145e-01 1.484992535855605977e-02 1.113339401673673311e-02
5.957166653469632145e-01 1.552492196576315230e-02 1.595671604527499482e-02
5.957166653469632145e-01 1.619991857297024829e-02 2.211023786887509474e-02
5.957166653469632145e-01 1.687491518017733907e-02 2.966885944862427890e-02
5.957166653469632145e-01 1.754991178738443333e-02 3.861238775580034394e-02
5.957166653469632145e-01 1.822490839459152759e-02 4.869394431184458083e-02
5.957166653469632145e-01 1.889990500179862185e-02 5.958242107140202665e-02
5.957166653469632145e-01 1.957490160900571610e-02 7.101759168063589978e-02
5.957166653469632145e-01 2.024989821621280689e-02 8.254971798156852947e-02
5.957166653469632145e-01 2.092489482341990115e-02 9.299754399129162019e-02
5.957166653469632145e-01 2.159989143062699540e-02 1.017527741986243156e-01
5.957166653469632145e-01 2.227488803783408966e-02 1.077983478002262907e-01
5.957166653469632145e-01 2.294988464504118392e-02 1.117947682151895356e-01
5.957166653469632145e-01 2.362488125224827470e-02 1.134429245010886295e-01
5.957166653469632145e-01 2.429987785945536896e-02 1.123532177491284451e-01
5.957166653469632145e-01 2.497487446666246322e-02 1.087452651333757209e-01
5.957166653469632145e-01 2.564987107386955748e-02 1.030518970142936391e-01
5.957166653469632145e-01 2.632486768107665173e-02 9.569570769772696439e-02
5.957166653469632145e-01 2.699986428828374252e-02 8.709421482669553460e-02
5.957166653469632145e-01 2.767486089549083678e-02 7.764584190968197575e-02
5.957166653469632145e-01 2.834985750269793103e-02 6.808777339431258679e-02
5.957166653469632145e-01 2.902485410990502529e-02 5.847041012697203055e-02
5.957166653469632145e-01 2.969985071711211955e-02 4.945661887831701714e-02
5.957166653469632145e-01 3.037484732431921380e-02 4.103699809997862769e-02
5.957166653469632145e-01 3.104984393152630459e-02 3.351364132755288439e-02
5.957166653469632145e-01 3.172484053873340232e-02 2.694059872256381397e-02
5.957166653469632145e-01 3.239983714594049657e-02 2.130856306981531237e-02
5.957166653469632145e-01 3.307483375314758389e-02 1.661786580229464294e-02
5.957166653469632145e-01 3.374983036035467815e-02 1.276557963080797616e-02
5.957166653469632145e-01 3.442482696756177241e-02 9.673693940662373217e-03
5.957166653469632145e-01 3.509982357476886666e-02 7.219017527319826141e-03
5.957166653469632145e-01 3.577482018197596092e-02 5.308156214263203172e-03
5.957166653469632145e-01 3.644981678918305518e-02 3.856431090339276432e-03
5.957166653469632145e-01 3.712481339639014943e-02 2.767834179337614036e-03
5.957166653469632145e-01 3.779981000359724369e-02 1.961310519246146043e-03
5.957166653469632145e-01 3.847480661080433795e-02 1.373773277492120436e-03
5.957166653469632145e-01 3.914980321801143220e-02 9.518917425050787539e-04
5.957166653469632145e-01 3.982479982521851952e-02 6.520009437583474234e-04
5.957166653469632145e-01 4.049979643242561378e-02 4.416268684541445658e-04
5.957166653469632145e-01 4.117479303963270804e-02 2.961540885031492781e-04
5.957166653469632145e-01 4.184978964683980229e-02 1.961659025856678706e-04
5.957166653469632145e-01 4.252478625404689655e-02 1.284072239455782060e-04
5.957166653469632145e-01 4.319978286125399081e-02 8.320678648331205913e-05
5.957166653469632145e-01 4.387477946846108506e-02 5.345746499338070718e-05
5.957166653469632145e-01 4.454977607566817932e-02 3.405759966750220794e-05
5.957166653469632145e-01 4.522477268287527358e-02 2.151264187810646289e-05
5.957166653469632145e-01 4.589976929008236783e-02 1.346626816051000176e-05
5.957166653469632145e-01 4.657476589728946209e-02 8.366582461149425380e-06
5.957166653469632145e-01 4.724976250449654941e-02 5.151099508581904035e-06
5.957166653469632145e-01 4.792475911170364367e-02 3.141503491464474299e-06
5.957166653469632145e-01 4.859975571891073792e-02 1.903202277472542896e-06
5.957166653469632145e-01 4.927475232611783218e-02 1.145687083735300769e-06
5.957166653469632145e-01 4.994974893332492644e-02 6.847242440568450652e-07
5.957166653469632145e-01 5.062474554053202069e-02 4.066836405022051545e-07
5.957166653469632145e-01 5.129974214773911495e-02 2.395250629292926668e-07
5.957166653469632145e-01 5.197473875494620921e-02 1.402419489166482188e-07
5.957166653469632145e-01 5.264973536215330346e-02 8.170595477662162201e-08
5.957166653469632145e-01 5.332473196936039772e-02 4.734212012290373276e-08
5.957166653469632145e-01 5.399972857656748504e-02 2.726393933222672571e-08
5.957166653469632145e-01 5.467472518377457930e-02 1.562285842639460695e-08
5.957166653469632145e-01 5.534972179098167355e-02 8.920839992392947212e-09
5.957166653469632145e-01 5.602471839818876781e-02 5.081044937187175373e-09
5.957166653469632145e-01 5.669971500539586207e-02 2.883783522961203307e-09
5.957166653469632145e-01 5.737471161260295632e-02 1.624573237508648073e-09
5.957166653469632145e-01 5.804970821981005058e-02 9.062602922603882567e-10
5.957166653469632145e-01 5.872470482701714484e-02 5.016882704298001492e-10
5.957166653469632145e-01 5.939970143422423909e-02 2.759279485442865252e-10
5.957166653469632145e-01 6.007469804143133335e-02 1.510557199315941062e-10
5.957166653469632145e-01 6.074969464863842761e-02 8.224247775539231516e-11
5.957166653469632145e-01 6.142469125584551493e-02 4.455407458940129324e-11
5.957166653469632145e-01 6.209968786305260918e-02 2.405088514888801960e-11
5.957166653469632145e-01 6.277468447025970344e-02 1.292146463912606099e-11
5.957166653469632145e-01 6.344968107746680464e-02 6.908575125676187885e-12
5.957166653469632145e-01 6.412467768467389195e-02 3.677236393227847821e-12
5.957166653469632145e-01 6.479967429188099315e-02 1.946104345914330029e-12
5.957166653469632145e-01 6.547467089908808047e-02 1.026666265891043652e-12
5.957166653469632145e-01 6.614966750629516778e-02 5.398386695286801707e-13
5.957166653469632145e-01 6.682466411350226898e-02 2.828095448983161913e-13
6.037184514428727278e-01 0.000000000000000000e+00 1.738466769380292558e-13
6.037184514428727278e-01 6.749966072070936064e-04 2.416194836903161312e-12
6.037184514428727278e-01 1.349993214414187213e-03 2.252390036915350075e-11
6.037184514428727278e-01 2.024989821621281036e-03 1.592590794787906396e-10
6.037184514428727278e-01 2.699986428828374425e-03 9.115105626245704660e-10
6.037184514428727278e-01 3.374983036035467815e-03 4.466867233319637686e-09
6.037184514428727278e-01 4.049979643242562072e-03 1.908716662111639666e-08
6.037184514428727278e-01 4.724976250449655461e-03 7.254508405876307524e-08
6.037184514428727278e-01 5.399972857656748851e-03 2.483299946779000874e-07
6.037184514428727278e-01 6.074969464863842240e-03 7.734986904535979988e-07
6.037184514428727278e-01 6.749966072070935630e-03 2.211559222562688032e-06
6.037184514428727278e-01 7.424962679278029887e-03 5.843820895915977986e-06
6.037184514428727278e-01 8.099959286485124144e-03 1.437144402989938350e-05
6.037184514428727278e-01 8.774955893692216666e-03 3.306775361932923408e-05
6.037184514428727278e-01 9.449952500899310923e-03 7.152873300219458311e-05
6.037184514428727278e-01 1.012494910810640344e-02 1.460850073774310040e-04
6.037184514428727278e-01 1.079994571531349770e-02 2.827615274667344327e-04
6.037184514428727278e-01 1.147494232252059196e-02 5.204759889249239990e-04
6.037184514428727278e-01 1.214993892972768448e-02 9.138246815948244560e-04
6.037184514428727278e-01 1.282493553693477874e-02 1.534668845192652077e-03
6.037184514428727278e-01 1.349993214414187126e-02 2.471383065271874017e-03
6.037184514428727278e-01 1.417492875134896552e-02 3.824988697325346423e-03
6.037184514428727278e-01 1.484992535855605977e-02 5.702062701782721274e-03
6.037184514428727278e-01 1.552492196576315230e-02 8.202661217770820454e-03
6.037184514428727278e-01 1.619991857297024829e-02 1.140763541439003721e-02
6.037184514428727278e-01 1.687491518017733907e-02 1.536308861251666283e-02
6.037184514428727278e-01 1.754991178738443333e-02 2.006041489054872368e-02
6.037184514428727278e-01 1.822490839459152759e-02 2.538072932700727313e-02
6.037184514428727278e-01 1.889990500179862185e-02 3.116337940521769073e-02
6.037184514428727278e-01 1.957490160900571610e-02 3.727349934040042473e-02
6.037184514428727278e-01 2.024989821621280689e-02 4.346808222252650233e-02
6.037184514428727278e-01 2.092489482341990115e-02 4.913251001024407372e-02
6.037184514428727278e-01 2.159989143062699540e-02 5.394318923625534418e-02
6.037184514428727278e-01 2.227488803783408966e-02 5.733143778724892475e-02
6.037184514428727278e-01 2.294988464504118392e-02 5.961884810530334450e-02
6.037184514428727278e-01 2.362488125224827470e-02 6.067050527996206699e-02
6.037184514428727278e-01 2.429987785945536896e-02 6.026195873536091541e-02
6.037184514428727278e-01 2.497487446666246322e-02 5.850281094276455623e-02
6.037184514428727278e-01 2.564987107386955748e-02 5.559871393708974707e-02
6.037184514428727278e-01 2.632486768107665173e-02 5.177477270714733043e-02
6.037184514428727278e-01 2.699986428828374252e-02 4.726009697760520656e-02
6.037184514428727278e-01 2.767486089549083678e-02 4.225118190182010347e-02
6.037184514428727278e-01 2.834985750269793103e-02 3.715474376149919405e-02
6.037184514428727278e-01 2.902485410990502529e-02 3.199062841850133787e-02
6.037184514428727278e-01 2.969985071711211955e-02 2.712809692495913444e-02
6.037184514428727278e-01 3.037484732431921380e-02 2.256683019017022979e-02
6.037184514428727278e-01 3.104984393152630459e-02 1.848059710359922780e-02
6.037184514428727278e-01 3.172484053873340232e-02 1.489475891743753319e-02
6.037184514428727278e-01 3.239983714594049657e-02 1.181241581081914072e-02
6.037184514428727278e-01 3.307483375314758389e-02 9.235324035876053481e-03
6.037184514428727278e-01 3.374983036035467815e-02 7.112937443765851922e-03
6.037184514428727278e-01 3.442482696756177241e-02 5.404747954823428333e-03
6.037184514428727278e-01 3.509982357476886666e-02 4.044608721814073674e-03
6.037184514428727278e-01 3.577482018197596092e-02 2.982425385154561376e-03
6.037184514428727278e-01 3.644981678918305518e-02 2.172472731755920993e-03
6.037184514428727278e-01 3.712481339639014943e-02 1.563313085662393397e-03
6.037184514428727278e-01 3.779981000359724369e-02 1.111122856914883864e-03
6.037184514428727278e-01 3.847480661080433795e-02 7.806718368300111363e-04
6.037184514428727278e-01 3.914980321801143220e-02 5.425844095586971044e-04
6.037184514428727278e-01 3.982479982521851952e-02 3.727736954175257735e-04
6.037184514428727278e-01 4.049979643242561378e-02 2.532377746054273416e-04
6.037184514428727278e-01 4.117479303963270804e-02 1.703252422435838414e-04
6.037184514428727278e-01 4.184978964683980229e-02 1.131398168581567202e-04
6.037184514428727278e-01 4.252478625404689655e-02 7.425395544704962503e-05
6.037184514428727278e-01 4.319978286125399081e-02 4.823928973878923202e-05
6.037184514428727278e-01 4.387477946846108506e-02 3.106656024434338652e-05
6.037184514428727278e-01 4.454977607566817932e-02 1.983806132161088063e-05
6.037184514428727278e-01 4.522477268287527358e-02 1.256505393084959919e-05
6.037184514428727278e-01 4.589976929008236783e-02 7.888956442561106334e-06
6.037184514428727278e-01 4.657476589728946209e-02 4.916090055119048216e-06
6.037184514428727278e-01 4.724976250449654941e-02 3.035900156765405392e-06
6.037184514428727278e-01 4.792475911170364367e-02 1.856823756106930650e-06
6.037184514428727278e-01 4.859975571891073792e-02 1.127635338517352141e-06
6.037184514428727278e-01 4.927475232611783218e-02 6.799768320494429815e-07
6.037184514428727278e-01 4.994974893332492644e-02 4.070137860933788830e-07
6.037184514428727278e-01 5.062474554053202069e-02 2.420862780316240452e-07
6.037184514428727278e-01 5.129974214773911495e-02 1.427318518443959742e-07
6.037184514428727278e-01 5.197473875494620921e-02 8.362526338377794658e-08
6.037184514428727278e-01 5.264973536215330346e-02 4.872476940752635476e-08
6.037184514428727278e-01 5.332473196936039772e-02 2.821158370861589944e-08
6.037184514428727278e-01 5.399972857656748504e-02 1.622256415908772876e-08
6.037184514428727278e-01 5.467472518377457930e-02 9.271084966412966235e-09
6.037184514428727278e-01 5.534972179098167355e-02 5.271199632456641180e-09
6.037184514428727278e-01 5.602471839818876781e-02 2.980381622982799826e-09
6.037184514428727278e-01 5.669971500539586207e-02 1.673358632224580866e-09
6.037184514428727278e-01 5.737471161260295632e-02 9.351477335292112082e-10
6.037184514428727278e-01 5.804970821981005058e-02 5.201272247021144629e-10
6.037184514428727278e-01 5.872470482701714484e-02 2.877925335371411342e-10
6.037184514428727278e-01 5.939970143422423909e-02 1.583965776497242619e-10
6.037184514428727278e-01 6.007469804143133335e-02 8.684603877790851676e-11
6.037184514428727278e-01 6.074969464863842761e-02 4.738602751928296459e-11
6.037184514428727278e-01 6.142469125584551493e-02 2.573512726253761819e-11
6.037184514428727278e-01 6.209968786305260918e-02 1.392662681579351632e-11
6.037184514428727278e-01 6.277468447025970344e-02 7.501778811485486092e-12
6.037184514428727278e-01 6.344968107746680464e-02 4.022168054186386628e-12
6.037184514428727278e-01 6.412467768467389195e-02 2.147147282190909101e-12
6.037184514428727278e-01 6.479967429188099315e-02 1.139434299844003734e-12
6.037184514428727278e-01 6.547467089908808047e-02 6.026400362951195173e-13
6.037184514428727278e-01 6.614966750629516778e-02 3.176777375813972905e-13
6.037184514428727278e-01 6.682466411350226898e-02 1.668548535162245627e-13
6.117202375387822411e-01 0.000000000000000000e+00 8.115586405244903108e-14
6.117202375387822411e-01 6.749966072070936064e-04 1.135434087777911356e-12
6.117202375387822411e-01 1.349993214414187213e-03 1.063961580889161104e-11
6.117202375387822411e-01 2.024989821621281036e-03 7.557445147799270936e-11
6.117202375387822411e-01 2.699986428828374425e-03 4.344214235943888125e-10
6.117202375387822411e-01 3.374983036035467815e-03 2.137219457023209270e-09
6.117202375387822411e-01 4.049979643242562072e-03 9.167668887276307925e-09
6.117202375387822411e-01 4.724976250449655461e-03 3.497248697294882176e-08
6.117202375387822411e-01 5.399972857656748851e-03 1.201370612837841965e-07
6.117202375387822411e-01 6.074969464863842240e-03 3.754798962367077688e-07
6.117202375387822411e-01 6.749966072070935630e-03 1.077049052571646312e-06
6.117202375387822411e-01 7.424962679278029887e-03 2.855246939756639617e-06
6.117202375387822411e-01 8.099959286485124144e-03 7.044057365990300375e-06
6.117202375387822411e-01 8.774955893692216666e-03 1.625940141341590891e-05
6.117202375387822411e-01 9.449952500899310923e-03 3.528343556080573950e-05
6.117202375387822411e-01 1.012494910810640344e-02 7.229289788701193889e-05
6.117202375387822411e-01 1.079994571531349770e-02 1.403727668284576562e-04
6.117202375387822411e-01 1.147494232252059196e-02 2.591822132558014723e-04
6.117202375387822411e-01 1.214993892972768448e-02 4.564582120139789364e-04
6.117202375387822411e-01 1.282493553693477874e-02 7.688842618420679452e-04
6.117202375387822411e-01 1.349993214414187126e-02 1.241941692396290571e-03
6.117202375387822411e-01 1.417492875134896552e-02 1.927896959700575643e-03
6.117202375387822411e-01 1.484992535855605977e-02 2.881577153288670135e-03
6.117202375387822411e-01 1.552492196576315230e-02 4.156035768855764409e-03
6.117202375387822411e-01 1.619991857297024829e-02 5.794319571247709758e-03
6.117202375387822411e-01 1.687491518017733907e-02 7.820550720003946119e-03
6.117202375387822411e-01 1.754991178738443333e-02 1.023655371761880185e-02
6.117202375387822411e-01 1.822490839459152759e-02 1.298503984670643444e-02
6.117202375387822411e-01 1.889990500179862185e-02 1.598477830778731457e-02
6.117202375387822411e-01 1.957490160900571610e-02 1.916612565150494635e-02
6.117202375387822411e-01 2.024989821621280689e-02 2.240969794707562551e-02
6.117202375387822411e-01 2.092489482341990115e-02 2.539771236068620250e-02
6.117202375387822411e-01 2.159989143062699540e-02 2.796075518280156588e-02
6.117202375387822411e-01 2.227488803783408966e-02 2.979472973514373998e-02
6.117202375387822411e-01 2.294988464504118392e-02 3.107564113350481938e-02
6.117202375387822411e-01 2.362488125224827470e-02 3.171960268886309803e-02
6.117202375387822411e-01 2.429987785945536896e-02 3.159760991810824093e-02
6.117202375387822411e-01 2.497487446666246322e-02 3.076748145848419089e-02
6.117202375387822411e-01 2.564987107386955748e-02 2.932533710825752787e-02
6.117202375387822411e-01 2.632486768107665173e-02 2.738589619502855566e-02
6.117202375387822411e-01 2.699986428828374252e-02 2.507028458839775584e-02
6.117202375387822411e-01 2.767486089549083678e-02 2.247268823370084448e-02
6.117202375387822411e-01 2.834985750269793103e-02 1.981773541505123595e-02
6.117202375387822411e-01 2.902485410990502529e-02 1.710821660640347158e-02
6.117202375387822411e-01 2.969985071711211955e-02 1.454922054208418816e-02
6.117202375387822411e-01 3.037484732431921380e-02 1.214044983432328167e-02
6.117202375387822411e-01 3.104984393152630459e-02 9.976016560842723702e-03
6.117202375387822411e-01 3.172484053873340232e-02 8.066854704034932821e-03
6.117202375387822411e-01 3.239983714594049657e-02 6.419018867667962078e-03
6.117202375387822411e-01 3.307483375314758389e-02 5.035211452070676406e-03
6.117202375387822411e-01 3.374983036035467815e-02 3.891221338518583654e-03
6.117202375387822411e-01 3.442482696756177241e-02 2.966603815170940246e-03
6.117202375387822411e-01 3.509982357476886666e-02 2.227215099207759466e-03
6.117202375387822411e-01 3.577482018197596092e-02 1.647020687942041565e-03
6.117202375387822411e-01 3.644981678918305518e-02 1.203280803187253833e-03
6.117202375387822411e-01 3.712481339639014943e-02 8.685979986455416189e-04
6.117202375387822411e-01 3.779981000359724369e-02 6.192341875348435307e-04
6.117202375387822411e-01 3.847480661080433795e-02 4.363951649260102523e-04
6.117202375387822411e-01 3.914980321801143220e-02 3.042128718120339081e-04
6.117202375387822411e-01 3.982479982521851952e-02 2.096256897351180188e-04
6.117202375387822411e-01 4.049979643242561378e-02 1.427993656272613361e-04
6.117202375387822411e-01 4.117479303963270804e-02 9.628410448752160980e-05
6.117202375387822411e-01 4.184978964683980229e-02 6.413493872312297627e-05
6.117202375387822411e-01 4.252478625404689655e-02 4.220508969177343779e-05
6.117202375387822411e-01 4.319978286125399081e-02 2.749227516827013480e-05
6.117202375387822411e-01 4.387477946846108506e-02 1.775125062817684251e-05
6.117202375387822411e-01 4.454977607566817932e-02 1.136479607795857371e-05
6.117202375387822411e-01 4.522477268287527358e-02 7.216794967968860151e-06
6.117202375387822411e-01 4.589976929008236783e-02 4.542516616717676882e-06
6.117202375387822411e-01 4.657476589728946209e-02 2.837759562470586326e-06
6.117202375387822411e-01 4.724976250449654941e-02 1.756914737932362893e-06
6.117202375387822411e-01 4.792475911170364367e-02 1.077036830966629556e-06
6.117202375387822411e-01 4.859975571891073792e-02 6.554772378488012607e-07
6.117202375387822411e-01 4.927475232611783218e-02 3.962087218714879976e-07
6.117202375387822411e-01 4.994974893332492644e-02 2.377329947549338705e-07
6.117202375387822411e-01 5.062474554053202069e-02 1.417474064359471278e-07
6.117202375387822411e-01 5.129974214773911495e-02 8.376844386350207852e-08
6.117202375387822411e-01 5.197473875494620921e-02 4.919195908889381639e-08
6.117202375387822411e-01 5.264973536215330346e-02 2.873090114820704804e-08
6.117202375387822411e-01 5.332473196936039772e-02 1.667875995421194949e-08
6.117202375387822411e-01 5.399972857656748504e-02 9.616335717309635451e-09
6.117202375387822411e-01 5.467472518377457930e-02 5.509049294568314269e-09
6.117202375387822411e-01 5.534972179098167355e-02 3.138886486220945530e-09
6.117202375387822411e-01 5.602471839818876781e-02 1.779815364782612482e-09
6.117202375387822411e-01 5.669971500539586207e-02 1.002112792523378758e-09
6.117202375387822411e-01 5.737471161260295632e-02 5.615961964072116639e-10
6.117202375387822411e-01 5.804970821981005058e-02 3.132216924043432538e-10
6.117202375387822411e-01 5.872470482701714484e-02 1.738031342437867960e-10
6.117202375387822411e-01 5.939970143422423909e-02 9.592162255078762905e-11
6.117202375387822411e-01 6.007469804143133335e-02 5.272452598262463363e-11
6.117202375387822411e-01 6.074969464863842761e-02 2.883909612573210165e-11
6.117202375387822411e-01 6.142469125584551493e-02 1.569888796653853365e-11
6.117202375387822411e-01 6.209968786305260918e-02 8.514810272903086143e-12
6.117202375387822411e-01 6.277468447025970344e-02 4.597091563533844749e-12
6.117202375387822411e-01 6.344968107746680464e-02 2.470318987226519207e-12
6.117202375387822411e-01 6.412467768467389195e-02 1.322907563322856363e-12
6.117202375387822411e-01 6.479967429188099315e-02 7.040649458301477574e-13
6.117202375387822411e-01 6.547467089908808047e-02 3.734021301030945146e-13
6.117202375387822411e-01 6.614966750629516778e-02 1.973777898717066494e-13
6.117202375387822411e-01 6.682466411350226898e-02 1.039254324296410452e-13
6.197220236346917543e-01 0.000000000000000000e+00 3.712593422587274621e-14
6.197220236346917543e-01 6.749966072070936064e-04 5.225616387865491689e-13
6.197220236346917543e-01 1.349993214414187213e-03 4.921117737094408712e-12
6.197220236346917543e-01 2.024989821621281036e-03 3.510955075093262959e-11
6.197220236346917543e-01 2.699986428828374425e-03 2.026398876418776315e-10
6.197220236346917543e-01 3.374983036035467815e-03 1.001173071521147090e-09
6.197220236346917543e-01 4.049979643242562072e-03 4.312201915908166980e-09
6.197220236346917543e-01 4.724976250449655461e-03 1.651712104868154158e-08
6.197220236346917543e-01 5.399972857656748851e-03 5.696843295992557428e-08
6.197220236346917543e-01 6.074969464863842240e-03 1.787617326956853155e-07
6.197220236346917543e-01 6.749966072070935630e-03 5.146690590737247055e-07
6.197220236346917543e-01 7.424962679278029887e-03 1.369309081419934767e-06
6.197220236346917543e-01 8.099959286485124144e-03 3.390228770918516310e-06
6.197220236346917543e-01 8.774955893692216666e-03 7.853115671307514490e-06
6.197220236346917543e-01 9.449952500899310923e-03 1.710146272626297765e-05
6.197220236346917543e-01 1.012494910810640344e-02 3.516117381678898285e-05
6.197220236346917543e-01 1.079994571531349770e-02 6.850874013221144789e-05
6.197220236346917543e-01 1.147494232252059196e-02 1.269259108684437222e-04
6.197220236346917543e-01 1.214993892972768448e-02 2.242747818149308026e-04
6.197220236346917543e-01 1.282493553693477874e-02 3.790030937573726777e-04
6.197220236346917543e-01 1.349993214414187126e-02 6.141179103913389911e-04
6.197220236346917543e-01 1.417492875134896552e-02 9.563371990982867145e-04
6.197220236346917543e-01 1.484992535855605977e-02 1.434320264786010822e-03
6.197220236346917543e-01 1.552492196576315230e-02 2.075421079701766924e-03
6.197220236346917543e-01 1.619991857297024829e-02 2.903069396635148645e-03
6.197220236346917543e-01 1.687491518017733907e-02 3.932067725111221095e-03
6.197220236346917543e-01 1.754991178738443333e-02 5.165060715857219820e-03
6.197220236346917543e-01 1.822490839459152759e-02 6.574882382316334616e-03
6.197220236346917543e-01 1.889990500179862185e-02 8.120683884313245962e-03
6.197220236346917543e-01 1.957490160900571610e-02 9.768470659659592159e-03
6.197220236346917543e-01 2.024989821621280689e-02 1.145757132851079815e-02
6.197220236346917543e-01 2.092489482341990115e-02 1.302467820490456687e-02
6.197220236346917543e-01 2.159989143062699540e-02 1.438042485289883765e-02
6.197220236346917543e-01 2.227488803783408966e-02 1.536835414821042210e-02
6.197220236346917543e-01 2.294988464504118392e-02 1.607341068644695461e-02
6.197220236346917543e-01 2.362488125224827470e-02 1.645092874111721976e-02
6.197220236346917543e-01 2.429987785945536896e-02 1.643138505339118705e-02
6.197220236346917543e-01 2.497487446666246322e-02 1.604368298109619395e-02
6.197220236346917543e-01 2.564987107386955748e-02 1.533113443386267989e-02
6.197220236346917543e-01 2.632486768107665173e-02 1.435414092107061522e-02
6.197220236346917543e-01 2.699986428828374252e-02 1.317645016682298179e-02
6.197220236346917543e-01 2.767486089549083678e-02 1.184262260647762563e-02
6.197220236346917543e-01 2.834985750269793103e-02 1.047244381858281580e-02
6.197220236346917543e-01 2.902485410990502529e-02 9.064516959923241482e-03
6.197220236346917543e-01 2.969985071711211955e-02 7.730236704550990171e-03
6.197220236346917543e-01 3.037484732431921380e-02 6.466991031571570937e-03
6.197220236346917543e-01 3.104984393152630459e-02 5.328305840026807856e-03
6.197220236346917543e-01 3.172484053873340232e-02 4.319624960470489806e-03
6.197220236346917543e-01 3.239983714594049657e-02 3.445641319067101020e-03
6.197220236346917543e-01 3.307483375314758389e-02 2.708771600445538351e-03
6.197220236346917543e-01 3.374983036035467815e-02 2.097998878414459450e-03
6.197220236346917543e-01 3.442482696756177241e-02 1.602630131924494619e-03
6.197220236346917543e-01 3.509982357476886666e-02 1.205435967513881655e-03
6.197220236346917543e-01 3.577482018197596092e-02 8.934605077058712687e-04
6.197220236346917543e-01 3.644981678918305518e-02 6.542485154329712215e-04
6.197220236346917543e-01 3.712481339639014943e-02 4.733061623296684227e-04
6.197220236346917543e-01 3.779981000359724369e-02 3.381944169097298239e-04
6.197220236346917543e-01 3.847480661080433795e-02 2.389045347397301857e-04
6.197220236346917543e-01 3.914980321801143220e-02 1.669385991542772648e-04
6.197220236346917543e-01 3.982479982521851952e-02 1.153056590081359386e-04
6.197220236346917543e-01 4.049979643242561378e-02 7.873217908598401603e-05
6.197220236346917543e-01 4.117479303963270804e-02 5.323064543059194447e-05
6.197220236346917543e-01 4.184978964683980229e-02 3.555677612725438022e-05
6.197220236346917543e-01 4.252478625404689655e-02 2.346259966369949822e-05
6.197220236346917543e-01 4.319978286125399081e-02 1.532458380361187924e-05
6.197220236346917543e-01 4.387477946846108506e-02 9.920284537441275197e-06
6.197220236346917543e-01 4.454977607566817932e-02 6.367789686726797791e-06
6.197220236346917543e-01 4.522477268287527358e-02 4.053732600776916756e-06
6.197220236346917543e-01 4.589976929008236783e-02 2.557802208225815023e-06
6.197220236346917543e-01 4.657476589728946209e-02 1.601793002918942745e-06
6.197220236346917543e-01 4.724976250449654941e-02 9.941594441896805327e-07
6.197220236346917543e-01 4.792475911170364367e-02 6.109887965905064455e-07
6.197220236346917543e-01 4.859975571891073792e-02 3.729410552001030288e-07
6.197220236346917543e-01 4.927475232611783218e-02 2.261147719580196743e-07
6.197220236346917543e-01 4.994974893332492644e-02 1.360957057195834650e-07
6.197220236346917543e-01 5.062474554053202069e-02 8.140399540090320917e-08
6.197220236346917543e-01 5.129974214773911495e-02 4.825499399663657350e-08
6.197220236346917543e-01 5.197473875494620921e-02 2.842377661502916552e-08
6.197220236346917543e-01 5.264973536215330346e-02 1.665163302964244867e-08
6.197220236346917543e-01 5.332473196936039772e-02 9.694634485935379635e-09
6.197220236346917543e-01 5.399972857656748504e-02 5.604210743048053452e-09
6.197220236346917543e-01 5.467472518377457930e-02 3.219325283486821004e-09
6.197220236346917543e-01 5.534972179098167355e-02 1.839638352444987650e-09
6.197220236346917543e-01 5.602471839818876781e-02 1.045989595788829395e-09
6.197220236346917543e-01 5.669971500539586207e-02 5.905690205104458525e-10
6.197220236346917543e-01 5.737471161260295632e-02 3.318715010835638218e-10
6.197220236346917543e-01 5.804970821981005058e-02 1.855981245533428200e-10
6.197220236346917543e-01 5.872470482701714484e-02 1.032507896432554027e-10
6.197220236346917543e-01 5.939970143422423909e-02 5.711092756099127011e-11
6.197220236346917543e-01 6.007469804143133335e-02 3.146804247295609233e-11
6.197220236346917543e-01 6.074969464863842761e-02 1.725619336712029781e-11
6.197220236346917543e-01 6.142469125584551493e-02 9.416276997374856119e-12
6.197220236346917543e-01 6.209968786305260918e-02 5.119547958139660750e-12
6.197220236346917543e-01 6.277468447025970344e-02 2.770879916985450236e-12
6.197220236346917543e-01 6.344968107746680464e-02 1.492547837428188061e-12
6.197220236346917543e-01 6.412467768467389195e-02 8.011290085073495093e-13
6.197220236346917543e-01 6.479967429188099315e-02 4.275534285515877458e-13
6.197220236346917543e-01 6.547467089908808047e-02 2.272668755617507671e-13
6.197220236346917543e-01 6.614966750629516778e-02 1.203911654931661172e-13
6.197220236346917543e-01 6.682466411350226898e-02 6.349690566195850751e-14
6.277238097306013787e-01 0.000000000000000000e+00 1.681887456689616391e-14
6.277238097306013787e-01 6.749966072070936064e-04 2.381141985460064997e-13
6.277238097306013787e-01 1.349993214414187213e-03 2.252815121331289699e-12
6.277238097306013787e-01 2.024989821621281036e-03 1.613876213727076294e-11
6.277238097306013787e-01 2.699986428828374425e-03 9.350830553120659349e-11
6.277238097306013787e-01 3.374983036035467815e-03 4.636895241698916664e-10
6.277238097306013787e-01 4.049979643242562072e-03 2.004370465895840409e-09
6.277238097306013787e-01 4.724976250449655461e-03 7.703747833217399278e-09
6.277238097306013787e-01 5.399972857656748851e-03 2.666054830947603179e-08
6.277238097306013787e-01 6.074969464863842240e-03 8.394668398490189819e-08
6.277238097306013787e-01 6.749966072070935630e-03 2.425269753002474251e-07
6.277238097306013787e-01 7.424962679278029887e-03 6.474859640652429843e-07
6.277238097306013787e-01 8.099959286485124144e-03 1.608431934264201367e-06
6.277238097306013787e-01 8.774955893692216666e-03 3.737938452740196227e-06
6.277238097306013787e-01 9.449952500899310923e-03 8.165975376940689246e-06
6.277238097306013787e-01 1.012494910810640344e-02 1.684245521136473614e-05
6.277238097306013787e-01 1.079994571531349770e-02 3.292005939093271328e-05
6.277238097306013787e-01 1.147494232252059196e-02 6.118102132955671475e-05
6.277238097306013787e-01 1.214993892972768448e-02 1.084436965128732070e-04
6.277238097306013787e-01 1.282493553693477874e-02 1.838266866963067763e-04
6.277238097306013787e-01 1.349993214414187126e-02 2.987553055278236304e-04
6.277238097306013787e-01 1.417492875134896552e-02 4.665371230664845160e-04
6.277238097306013787e-01 1.484992535855605977e-02 7.016412908507102964e-04
6.277238097306013787e-01 1.552492196576315230e-02 1.018220400832545777e-03
6.277238097306013787e-01 1.619991857297024829e-02 1.428379836339506784e-03
6.277238097306013787e-01 1.687491518017733907e-02 1.940235267615217319e-03
6.277238097306013787e-01 1.754991178738443333e-02 2.555842909992847578e-03
6.277238097306013787e-01 1.822490839459152759e-02 3.262787946914174741e-03
6.277238097306013787e-01 1.889990500179862185e-02 4.041594842932235213e-03
6.277238097306013787e-01 1.957490160900571610e-02 4.875842064189408152e-03
6.277238097306013787e-01 2.024989821621280689e-02 5.735939489830494536e-03
6.277238097306013787e-01 2.092489482341990115e-02 6.541097086515260291e-03
6.277238097306013787e-01 2.159989143062699540e-02 7.244886704408649326e-03
6.277238097306013787e-01 2.227488803783408966e-02 7.768594779364498479e-03
6.277238097306013787e-01 2.294988464504118392e-02 8.150738821736490738e-03
6.277238097306013787e-01 2.362488125224827470e-02 8.369730905302344079e-03
6.277238097306013787e-01 2.429987785945536896e-02 8.384911389165406598e-03
6.277238097306013787e-01 2.497487446666246322e-02 8.212834989164989954e-03
6.277238097306013787e-01 2.564987107386955748e-02 7.871718052818580877e-03
6.277238097306013787e-01 2.632486768107665173e-02 7.391642065132478755e-03
6.277238097306013787e-01 2.699986428828374252e-02 6.806098750367557161e-03
6.277238097306013787e-01 2.767486089549083678e-02 6.134812398232157224e-03
6.277238097306013787e-01 2.834985750269793103e-02 5.441433112299293856e-03
6.277238097306013787e-01 2.902485410990502529e-02 4.723419136801205315e-03
6.277238097306013787e-01 2.969985071711211955e-02 4.039878755125929019e-03
6.277238097306013787e-01 3.037484732431921380e-02 3.389181454746422167e-03
6.277238097306013787e-01 3.104984393152630459e-02 2.800507552296145706e-03
6.277238097306013787e-01 3.172484053873340232e-02 2.276545208344163580e-03
6.277238097306013787e-01 3.239983714594049657e-02 1.821286273285400038e-03
6.277238097306013787e-01 3.307483375314758389e-02 1.435873806162492284e-03
6.277238097306013787e-01 3.374983036035467815e-02 1.115419612749986257e-03
6.277238097306013787e-01 3.442482696756177241e-02 8.547431000677525176e-04
6.277238097306013787e-01 3.509982357476886666e-02 6.449432010600508053e-04
6.277238097306013787e-01 3.577482018197596092e-02 4.795786555397059956e-04
6.277238097306013787e-01 3.644981678918305518e-02 3.522923952436062705e-04
6.277238097306013787e-01 3.712481339639014943e-02 2.555880721477938222e-04
6.277238097306013787e-01 3.779981000359724369e-02 1.831541842741436484e-04
6.277238097306013787e-01 3.847480661080433795e-02 1.297453741878892364e-04
6.277238097306013787e-01 3.914980321801143220e-02 9.089650665788398759e-05
6.277238097306013787e-01 3.982479982521851952e-02 6.294116775034035800e-05
6.277238097306013787e-01 4.049979643242561378e-02 4.308458925148664419e-05
6.277238097306013787e-01 4.117479303963270804e-02 2.920104932300385898e-05
6.277238097306013787e-01 4.184978964683980229e-02 1.955503491965834292e-05
6.277238097306013787e-01 4.252478625404689655e-02 1.293459746421673701e-05
6.277238097306013787e-01 4.319978286125399081e-02 8.468577282352848594e-06
6.277238097306013787e-01 4.387477946846108506e-02 5.494825121298238037e-06
6.277238097306013787e-01 4.454977607566817932e-02 3.535541181798840223e-06
6.277238097306013787e-01 4.522477268287527358e-02 2.256341309152638861e-06
6.277238097306013787e-01 4.589976929008236783e-02 1.427220765741850421e-06
6.277238097306013787e-01 4.657476589728946209e-02 8.959583310690837073e-07
6.277238097306013787e-01 4.724976250449654941e-02 5.574852932275341952e-07
6.277238097306013787e-01 4.792475911170364367e-02 3.434424557984031135e-07
6.277238097306013787e-01 4.859975571891073792e-02 2.101147934958565443e-07
6.277238097306013787e-01 4.927475232611783218e-02 1.276920767879160435e-07
6.277238097306013787e-01 4.994974893332492644e-02 7.703464677274809252e-08
6.277238097306013787e-01 5.062474554053202069e-02 4.617516831567760768e-08
6.277238097306013787e-01 5.129974214773911495e-02 2.742697979068320820e-08
6.277238097306013787e-01 5.197473875494620921e-02 1.618398622359336500e-08
6.277238097306013787e-01 5.264973536215330346e-02 9.496549963838103232e-09
6.277238097306013787e-01 5.332473196936039772e-02 5.538703306135543258e-09
6.277238097306013787e-01 5.399972857656748504e-02 3.208553523271668082e-09
6.277238097306013787e-01 5.467472518377457930e-02 1.846947376645174668e-09
6.277238097306013787e-01 5.534972179098167355e-02 1.057542100091481934e-09
6.277238097306013787e-01 5.602471839818876781e-02 6.025695370313340191e-10
6.277238097306013787e-01 5.669971500539586207e-02 3.409695916344185166e-10
6.277238097306013787e-01 5.737471161260295632e-02 1.920197730559462229e-10
6.277238097306013787e-01 5.804970821981005058e-02 1.076131492534203701e-10
6.277238097306013787e-01 5.872470482701714484e-02 6.000776416943346944e-11
6.277238097306013787e-01 5.939970143422423909e-02 3.327455744267376883e-11
6.277238097306013787e-01 6.007469804143133335e-02 1.837911428469848798e-11
6.277238097306013787e-01 6.074969464863842761e-02 1.010367189985620243e-11
6.277238097306013787e-01 6.142469125584551493e-02 5.526821700902592023e-12
6.277238097306013787e-01 6.209968786305260918e-02 3.012114951063218101e-12
6.277238097306013787e-01 6.277468447025970344e-02 1.634096556565857287e-12
6.277238097306013787e-01 6.344968107746680464e-02 8.822066625179681826e-13
6.277238097306013787e-01 6.412467768467389195e-02 4.745719031529851543e-13
6.277238097306013787e-01 6.479967429188099315e-02 2.539667469736520090e-13
6.277238097306013787e-01 6.547467089908808047e-02 1.352917843410206354e-13
6.277238097306013787e-01 6.614966750629516778e-02 7.184038863167744732e-14
6.277238097306013787e-01 6.682466411350226898e-02 3.799625254185882610e-14
6.357255958265108919e-01 0.000000000000000000e+00 7.519631986293894305e-15
6.357255958265108919e-01 6.749966072070936064e-04 1.071247090645017923e-13
6.357255958265108919e-01 1.349993214414187213e-03 1.018610831292340413e-12
6.357255958265108919e-01 2.024989821621281036e-03 7.329745136168639035e-12
6.357255958265108919e-01 2.699986428828374425e-03 4.265051182664222173e-11
6.357255958265108919e-01 3.374983036035467815e-03 2.123342033893871128e-10
6.357255958265108919e-01 4.049979643242562072e-03 9.213700001912399120e-10
6.357255958265108919e-01 4.724976250449655461e-03 3.554513188078171067e-09
6.357255958265108919e-01 5.399972857656748851e-03 1.234567697434891392e-08
6.357255958265108919e-01 6.074969464863842240e-03 3.901134136655971234e-08
6.357255958265108919e-01 6.749966072070935630e-03 1.131078025973887986e-07
6.357255958265108919e-01 7.424962679278029887e-03 3.030308574605207155e-07
6.357255958265108919e-01 8.099959286485124144e-03 7.553131374461207149e-07
6.357255958265108919e-01 8.774955893692216666e-03 1.761352882431287953e-06
6.357255958265108919e-01 9.449952500899310923e-03 3.861040535634523542e-06
6.357255958265108919e-01 1.012494910810640344e-02 7.989928490415374105e-06
6.357255958265108919e-01 1.079994571531349770e-02 1.566814756786621426e-05
6.357255958265108919e-01 1.147494232252059196e-02 2.920911320503533984e-05
6.357255958265108919e-01 1.214993892972768448e-02 5.193069243400900157e-05
6.357255958265108919e-01 1.282493553693477874e-02 8.828932406371108152e-05
6.357255958265108919e-01 1.349993214414187126e-02 1.439132930083677478e-04
6.357255958265108919e-01 1.417492875134896552e-02 2.254302498300748286e-04
6.357255958265108919e-01 1.484992535855605977e-02 3.400417135351049901e-04
6.357255958265108919e-01 1.552492196576315230e-02 4.948566398410135124e-04
6.357255958265108919e-01 1.619991857297024829e-02 6.961155439894193457e-04
6.357255958265108919e-01 1.687491518017733907e-02 9.481435917167229614e-04
6.357255958265108919e-01 1.754991178738443333e-02 1.252343822247724064e-03
6.357255958265108919e-01 1.822490839459152759e-02 1.603006036073638353e-03
6.357255958265108919e-01 1.889990500179862185e-02 1.991049311203191632e-03
6.357255958265108919e-01 1.957490160900571610e-02 2.408591791297545574e-03
6.357255958265108919e-01 2.024989821621280689e-02 2.841040672125844102e-03
6.357255958265108919e-01 2.092489482341990115e-02 3.248791835891531778e-03
6.357255958265108919e-01 2.159989143062699540e-02 3.607960654247085227e-03
6.357255958265108919e-01 2.227488803783408966e-02 3.879646161729811450e-03
6.357255958265108919e-01 2.294988464504118392e-02 4.081069917900563386e-03
6.357255958265108919e-01 2.362488125224827470e-02 4.201693536890193162e-03
6.357255958265108919e-01 2.429987785945536896e-02 4.221116494601693386e-03
6.357255958265108919e-01 2.497487446666246322e-02 4.146537581119938247e-03
6.357255958265108919e-01 2.564987107386955748e-02 3.985202486024054525e-03
6.357255958265108919e-01 2.632486768107665173e-02 3.752324635651972488e-03
6.357255958265108919e-01 2.699986428828374252e-02 3.464689896998719622e-03
6.357255958265108919e-01 2.767486089549083678e-02 3.131202823821504534e-03
6.357255958265108919e-01 2.834985750269793103e-02 2.784858919908209801e-03
6.357255958265108919e-01 2.902485410990502529e-02 2.423659904565288441e-03
6.357255958265108919e-01 2.969985071711211955e-02 2.078715609918718905e-03
6.357255958265108919e-01 3.037484732431921380e-02 1.748487770796916920e-03
6.357255958265108919e-01 3.104984393152630459e-02 1.448625814212445989e-03
6.357255958265108919e-01 3.172484053873340232e-02 1.180469519665785843e-03
6.357255958265108919e-01 3.239983714594049657e-02 9.467039724560624182e-04
6.357255958265108919e-01 3.307483375314758389e-02 7.482330178811435637e-04
6.357255958265108919e-01 3.374983036035467815e-02 5.827540930386547946e-04
6.357255958265108919e-01 3.442482696756177241e-02 4.476990420354693681e-04
6.357255958265108919e-01 3.509982357476886666e-02 3.386591119119635265e-04
6.357255958265108919e-01 3.577482018197596092e-02 2.524581755688687433e-04
6.357255958265108919e-01 3.644981678918305518e-02 1.859160762703948393e-04
6.357255958265108919e-01 3.712481339639014943e-02 1.352343819419380105e-04
6.357255958265108919e-01 3.779981000359724369e-02 9.716573657887395328e-05
6.357255958265108919e-01 3.847480661080433795e-02 6.902204944223512746e-05
6.357255958265108919e-01 3.914980321801143220e-02 4.849596267295911198e-05
6.357255958265108919e-01 3.982479982521851952e-02 3.367665509421067632e-05
6.357255958265108919e-01 4.049979643242561378e-02 2.312144568873319083e-05
6.357255958265108919e-01 4.117479303963270804e-02 1.571781815804045737e-05
6.357255958265108919e-01 4.184978964683980229e-02 1.055630608635020693e-05
6.357255958265108919e-01 4.252478625404689655e-02 7.001780423424943996e-06
6.357255958265108919e-01 4.319978286125399081e-02 4.596789968987071852e-06
6.357255958265108919e-01 4.387477946846108506e-02 2.990577270417565358e-06
6.357255958265108919e-01 4.454977607566817932e-02 1.929494403741245347e-06
6.357255958265108919e-01 4.522477268287527358e-02 1.234736240078894101e-06
6.357255958265108919e-01 4.589976929008236783e-02 7.831186746457933192e-07
6.357255958265108919e-01 4.657476589728946209e-02 4.929240451957990293e-07
6.357255958265108919e-01 4.724976250449654941e-02 3.075268950311329750e-07
6.357255958265108919e-01 4.792475911170364367e-02 1.899427989794505913e-07
6.357255958265108919e-01 4.859975571891073792e-02 1.164922232308847008e-07
6.357255958265108919e-01 4.927475232611783218e-02 7.097403171297966419e-08
6.357255958265108919e-01 4.994974893332492644e-02 4.292733837671336345e-08
6.357255958265108919e-01 5.062474554053202069e-02 2.579898161620279302e-08
6.357255958265108919e-01 5.129974214773911495e-02 1.536698663905608065e-08
6.357255958265108919e-01 5.197473875494620921e-02 9.093785641469452342e-09
6.357255958265108919e-01 5.264973536215330346e-02 5.351755413114898481e-09
6.357255958265108919e-01 5.332473196936039772e-02 3.130503539288880630e-09
6.357255958265108919e-01 5.399972857656748504e-02 1.818918549727392201e-09
6.357255958265108919e-01 5.467472518377457930e-02 1.049928605449577215e-09
6.357255958265108919e-01 5.534972179098167355e-02 6.027273409206862318e-10
6.357255958265108919e-01 5.602471839818876781e-02 3.443286874257378798e-10
6.357255958265108919e-01 5.669971500539586207e-02 1.953162236070228232e-10
6.357255958265108919e-01 5.737471161260295632e-02 1.102531451015948206e-10
6.357255958265108919e-01 5.804970821981005058e-02 6.192981711542495457e-11
6.357255958265108919e-01 5.872470482701714484e-02 3.461274931236628989e-11
6.357255958265108919e-01 5.939970143422423909e-02 1.923546505297059036e-11
6.357255958265108919e-01 6.007469804143133335e-02 1.064777769672616129e-11
6.357255958265108919e-01 6.074969464863842761e-02 5.866400517276951091e-12
6.357255958265108919e-01 6.142469125584551493e-02 3.215863470774653568e-12
6.357255958265108919e-01 6.209968786305260918e-02 1.756452961028141704e-12
6.357255958265108919e-01 6.277468447025970344e-02 9.551372243717730066e-13
6.357255958265108919e-01 6.344968107746680464e-02 5.167964358414926154e-13
6.357255958265108919e-01 6.412467768467389195e-02 2.786255668164703284e-13
6.357255958265108919e-01 6.479967429188099315e-02 1.495164094377804037e-13
6.357255958265108919e-01 6.547467089908808047e-02 7.982533175809013013e-14
6.357255958265108919e-01 6.614966750629516778e-02 4.248387616591863592e-14
6.357255958265108919e-01 6.682466411350226898e-02 2.251836099449358676e-14
6.437273819224204052e-01 0.000000000000000000e+00 3.332056488414600791e-15
6.437273819224204052e-01 6.749966072070936064e-04 4.775078041394209096e-14
6.437273819224204052e-01 1.349993214414187213e-03 4.561754784654109702e-13
6.437273819224204052e-01 2.024989821621281036e-03 3.296380412406022075e-12
6.437273819224204052e-01 2.699986428828374425e-03 1.925669353300501132e-11
6.437273819224204052e-01 3.374983036035467815e-03 9.622582059197498892e-11
6.437273819224204052e-01 4.049979643242562072e-03 4.190705336677870421e-10
6.437273819224204052e-01 4.724976250449655461e-03 1.622433676788771750e-09
6.437273819224204052e-01 5.399972857656748851e-03 5.655035592647934952e-09
6.437273819224204052e-01 6.074969464863842240e-03 1.792995805877488061e-08
6.437273819224204052e-01 6.749966072070935630e-03 5.215265773826488109e-08
6.437273819224204052e-01 7.424962679278029887e-03 1.401651194878092320e-07
6.437273819224204052e-01 8.099959286485124144e-03 3.504761417441788248e-07
6.437273819224204052e-01 8.774955893692216666e-03 8.197744226688677605e-07
6.437273819224204052e-01 9.449952500899310923e-03 1.802374885615555728e-06
6.437273819224204052e-01 1.012494910810640344e-02 3.740767571349049183e-06
6.437273819224204052e-01 1.079994571531349770e-02 7.355621111376502292e-06
6.437273819224204052e-01 1.147494232252059196e-02 1.375247170966305296e-05
6.437273819224204052e-01 1.214993892972768448e-02 2.452129320693369573e-05
6.437273819224204052e-01 1.282493553693477874e-02 4.181498900570163139e-05
6.437273819224204052e-01 1.349993214414187126e-02 6.836139943351019833e-05
6.437273819224204052e-01 1.417492875134896552e-02 1.073978264492636678e-04
6.437273819224204052e-01 1.484992535855605977e-02 1.624814816462855365e-04
6.437273819224204052e-01 1.552492196576315230e-02 2.371882981167893584e-04
6.437273819224204052e-01 1.619991857297024829e-02 3.346885250530836167e-04
6.437273819224204052e-01 1.687491518017733907e-02 4.572772122486483642e-04
6.437273819224204052e-01 1.754991178738443333e-02 6.058648670505391255e-04
6.437273819224204052e-01 1.822490839459152759e-02 7.779071841358673519e-04
6.437273819224204052e-01 1.889990500179862185e-02 9.691322356968016388e-04
6.437273819224204052e-01 1.957490160900571610e-02 1.175906040646697379e-03
6.437273819224204052e-01 2.024989821621280689e-02 1.391246492722748515e-03
6.437273819224204052e-01 2.092489482341990115e-02 1.595629276612879621e-03
6.437273819224204052e-01 2.159989143062699540e-02 1.777143374317265894e-03
6.437273819224204052e-01 2.227488803783408966e-02 1.916868066441221189e-03
6.437273819224204052e-01 2.294988464504118392e-02 2.022132552933952800e-03
6.437273819224204052e-01 2.362488125224827470e-02 2.087877920406567937e-03
6.437273819224204052e-01 2.429987785945536896e-02 2.103364845696644586e-03
6.437273819224204052e-01 2.497487446666246322e-02 2.072331302126136348e-03
6.437273819224204052e-01 2.564987107386955748e-02 1.997433714540458333e-03
6.437273819224204052e-01 2.632486768107665173e-02 1.886127963511819404e-03
6.437273819224204052e-01 2.699986428828374252e-02 1.746840591233089117e-03
6.437273819224204052e-01 2.767486089549083678e-02 1.583163405086049618e-03
6.437273819224204052e-01 2.834985750269793103e-02 1.412015314162747221e-03
6.437273819224204052e-01 2.902485410990502529e-02 1.232031117533265640e-03
6.437273819224204052e-01 2.969985071711211955e-02 1.059387848207870002e-03
6.437273819224204052e-01 3.037484732431921380e-02 8.932562983841935882e-04
6.437273819224204052e-01 3.104984393152630459e-02 7.420330774545682738e-04
6.437273819224204052e-01 3.172484053873340232e-02 6.062659623183997001e-04
6.437273819224204052e-01 3.239983714594049657e-02 4.874965099993855736e-04
6.437273819224204052e-01 3.307483375314758389e-02 3.862194065392643666e-04
6.437273819224204052e-01 3.374983036035467815e-02 3.015446894408285901e-04
6.437273819224204052e-01 3.442482696756177241e-02 2.322157965306682989e-04
6.437273819224204052e-01 3.509982357476886666e-02 1.760713216482248482e-04
6.437273819224204052e-01 3.577482018197596092e-02 1.315764923296507095e-04
6.437273819224204052e-01 3.644981678918305518e-02 9.713459376340311858e-05
6.437273819224204052e-01 3.712481339639014943e-02 7.082579944357919371e-05
6.437273819224204052e-01 3.779981000359724369e-02 5.101225212158594325e-05
6.437273819224204052e-01 3.847480661080433795e-02 3.632440635119742108e-05
6.437273819224204052e-01 3.914980321801143220e-02 2.558464162848412976e-05
6.437273819224204052e-01 3.982479982521851952e-02 1.780785735658059121e-05
6.437273819224204052e-01 4.049979643242561378e-02 1.225541035235178282e-05
6.437273819224204052e-01 4.117479303963270804e-02 8.351215042335389380e-06
6.437273819224204052e-01 4.184978964683980229e-02 5.623753258998269736e-06
6.437273819224204052e-01 4.252478625404689655e-02 3.739531839456816226e-06
6.437273819224204052e-01 4.319978286125399081e-02 2.461019984836864203e-06
6.437273819224204052e-01 4.387477946846108506e-02 1.605026058646771661e-06
6.437273819224204052e-01 4.454977607566817932e-02 1.038077686378140295e-06
6.437273819224204052e-01 4.522477268287527358e-02 6.659249574360727364e-07
6.437273819224204052e-01 4.589976929008236783e-02 4.233827484139691806e-07
6.437273819224204052e-01 4.657476589728946209e-02 2.671453822984943943e-07
6.437273819224204052e-01 4.724976250449654941e-02 1.670999840008565379e-07
6.437273819224204052e-01 4.792475911170364367e-02 1.034672441295043440e-07
6.437273819224204052e-01 4.859975571891073792e-02 6.359545890110293987e-08
6.437273819224204052e-01 4.927475232611783218e-02 3.883108215148404571e-08
6.437273819224204052e-01 4.994974893332492644e-02 2.353742132210807068e-08
6.437273819224204052e-01 5.062474554053202069e-02 1.417873119653258572e-08
6.437273819224204052e-01 5.129974214773911495e-02 8.465748907579613647e-09
6.437273819224204052e-01 5.197473875494620921e-02 5.021429088510880074e-09
6.437273819224204052e-01 5.264973536215330346e-02 2.961975236607861383e-09
6.437273819224204052e-01 5.332473196936039772e-02 1.736479511279253918e-09
6.437273819224204052e-01 5.399972857656748504e-02 1.011214950049985482e-09
6.437273819224204052e-01 5.467472518377457930e-02 5.850721846545386057e-10
6.437273819224204052e-01 5.534972179098167355e-02 3.366575810974929772e-10
6.437273819224204052e-01 5.602471839818876781e-02 1.927911664641059177e-10
6.437273819224204052e-01 5.669971500539586207e-02 1.096581520712037253e-10
6.437273819224204052e-01 5.737471161260295632e-02 6.206641027571621082e-11
6.437273819224204052e-01 5.804970821981005058e-02 3.496058606393129380e-11
6.437273819224204052e-01 5.872470482701714484e-02 1.959469808860763059e-11
6.437273819224204052e-01 5.939970143422423909e-02 1.091734015351385405e-11
6.437273819224204052e-01 6.007469804143133335e-02 6.058318620084801512e-12
6.437273819224204052e-01 6.074969464863842761e-02 3.346452361445854330e-12
6.437273819224204052e-01 6.142469125584551493e-02 1.839076477733819666e-12
6.437273819224204052e-01 6.209968786305260918e-02 1.006960715913029188e-12
6.437273819224204052e-01 6.277468447025970344e-02 5.489467596543657579e-13
6.437273819224204052e-01 6.344968107746680464e-02 2.977486159744404172e-13
6.437273819224204052e-01 6.412467768467389195e-02 1.609148615496354606e-13
6.437273819224204052e-01 6.479967429188099315e-02 8.658724480567143418e-14
6.437273819224204052e-01 6.547467089908808047e-02 4.634273306915558733e-14
6.437273819224204052e-01 6.614966750629516778e-02 2.472410533873519741e-14
6.437273819224204052e-01 6.682466411350226898e-02 1.313516877518442408e-14
6.517291680183299185e-01 0.000000000000000000e+00 1.462944077443667363e-15
6.517291680183299185e-01 6.749966072070936064e-04 2.108968249565114424e-14
6.517291680183299185e-01 1.349993214414187213e-03 2.024269643037154048e-13
6.517291680183299185e-01 2.024989821621281036e-03 1.468787903295932497e-12
6.517291680183299185e-01 2.699986428828374425e-03 8.614727060874193781e-12
6.517291680183299185e-01 3.374983036035467815e-03 4.320805858460497566e-11
6.517291680183299185e-01 4.049979643242562072e-03 1.888578459774395196e-10
6.517291680183299185e-01 4.724976250449655461e-03 7.337656069335302413e-10
6.517291680183299185e-01 5.399972857656748851e-03 2.566301920048737059e-09
6.517291680183299185e-01 6.074969464863842240e-03 8.163380720966919844e-09
6.517291680183299185e-01 6.749966072070935630e-03 2.382388063115833901e-08
6.517291680183299185e-01 7.424962679278029887e-03 6.423906475499305441e-08
6.517291680183299185e-01 8.099959286485124144e-03 1.611365215296346456e-07
6.517291680183299185e-01 8.774955893692216666e-03 3.781008087695873455e-07
6.517291680183299185e-01 9.449952500899310923e-03 8.338376256901786133e-07
6.517291680183299185e-01 1.012494910810640344e-02 1.735752598212730382e-06
6.517291680183299185e-01 1.079994571531349770e-02 3.423743636885121728e-06
6.517291680183299185e-01 1.147494232252059196e-02 6.420767240055618051e-06
6.517291680183299185e-01 1.214993892972768448e-02 1.148369033186223425e-05
6.517291680183299185e-01 1.282493553693477874e-02 1.964193665202742048e-05
6.517291680183299185e-01 1.349993214414187126e-02 3.220945798440136884e-05
6.517291680183299185e-01 1.417492875134896552e-02 5.075386502313770069e-05
6.517291680183299185e-01 1.484992535855605977e-02 7.701549002494085204e-05
6.517291680183299185e-01 1.552492196576315230e-02 1.127581789580651300e-04
6.517291680183299185e-01 1.619991857297024829e-02 1.595612227874657887e-04
6.517291680183299185e-01 1.687491518017733907e-02 2.186170989271835540e-04
6.517291680183299185e-01 1.754991178738443333e-02 2.904589970686656986e-04
6.517291680183299185e-01 1.822490839459152759e-02 3.739952552385464031e-04
6.517291680183299185e-01 1.889990500179862185e-02 4.672212824519905933e-04
6.517291680183299185e-01 1.957490160900571610e-02 5.684401029825123007e-04
6.517291680183299185e-01 2.024989821621280689e-02 6.743636452963384801e-04
6.517291680183299185e-01 2.092489482341990115e-02 7.756300559726921106e-04
6.517291680183299185e-01 2.159989143062699540e-02 8.662472050166711767e-04
6.517291680183299185e-01 2.227488803783408966e-02 9.370818304770071319e-04
6.517291680183299185e-01 2.294988464504118392e-02 9.912256184060352394e-04
6.517291680183299185e-01 2.362488125224827470e-02 1.026171530866491158e-03
6.517291680183299185e-01 2.429987785945536896e-02 1.036352411104418669e-03
6.517291680183299185e-01 2.497487446666246322e-02 1.023737004659201451e-03
6.517291680183299185e-01 2.564987107386955748e-02 9.892017011670045483e-04
6.517291680183299185e-01 2.632486768107665173e-02 9.363513110767193769e-04
6.517291680183299185e-01 2.699986428828374252e-02 8.694070893918545880e-04
6.517291680183299185e-01 2.767486089549083678e-02 7.897366683129920534e-04
6.517291680183299185e-01 2.834985750269793103e-02 7.061075484227236640e-04
6.517291680183299185e-01 2.902485410990502529e-02 6.175945145894116192e-04
6.517291680183299185e-01 2.969985071711211955e-02 5.324513457084135851e-04
6.517291680183299185e-01 3.037484732431921380e-02 4.500679682653766357e-04
6.517291680183299185e-01 3.104984393152630459e-02 3.748600774783338333e-04
6.517291680183299185e-01 3.172484053873340232e-02 3.070596795212236210e-04
6.517291680183299185e-01 3.239983714594049657e-02 2.475725967761981138e-04
6.517291680183299185e-01 3.307483375314758389e-02 1.966832334279332468e-04
6.517291680183299185e-01 3.374983036035467815e-02 1.540025122144479197e-04
6.517291680183299185e-01 3.442482696756177241e-02 1.189258738387516471e-04
6.517291680183299185e-01 3.509982357476886666e-02 9.041818189651361262e-05
6.517291680183299185e-01 3.577482018197596092e-02 6.775690895757200414e-05
6.517291680183299185e-01 3.644981678918305518e-02 5.015899348655652079e-05
6.517291680183299185e-01 3.712481339639014943e-02 3.666986376191880580e-05
6.517291680183299185e-01 3.779981000359724369e-02 2.648134507412205731e-05
6.517291680183299185e-01 3.847480661080433795e-02 1.890722410050822461e-05
6.517291680183299185e-01 3.914980321801143220e-02 1.335216615548805359e-05
6.517291680183299185e-01 3.982479982521851952e-02 9.317612501782117910e-06
6.517291680183299185e-01 4.049979643242561378e-02 6.429259853714615820e-06
6.517291680183299185e-01 4.117479303963270804e-02 4.392447268678151959e-06
6.517291680183299185e-01 4.184978964683980229e-02 2.965986550058119778e-06
6.517291680183299185e-01 4.252478625404689655e-02 1.977501764981363650e-06
6.517291680183299185e-01 4.319978286125399081e-02 1.304790368465516375e-06
6.517291680183299185e-01 4.387477946846108506e-02 8.532379544149392844e-07
6.517291680183299185e-01 4.454977607566817932e-02 5.532850318184220545e-07
6.517291680183299185e-01 4.522477268287527358e-02 3.558648535069383532e-07
6.517291680183299185e-01 4.589976929008236783e-02 2.267998140067216362e-07
6.517291680183299185e-01 4.657476589728946209e-02 1.434358380211050793e-07
6.517291680183299185e-01 4.724976250449654941e-02 8.993125635070382935e-08
6.517291680183299185e-01 4.792475911170364367e-02 5.580556338636693856e-08
6.517291680183299185e-01 4.859975571891073792e-02 3.438240342183801417e-08
6.517291680183299185e-01 4.927475232611783218e-02 2.104464987096058391e-08
6.517291680183299185e-01 4.994974893332492644e-02 1.278470051090035664e-08
6.517291680183299185e-01 5.062474554053202069e-02 7.718263189328995765e-09
6.517291680183299185e-01 5.129974214773911495e-02 4.618858733026680166e-09
6.517291680183299185e-01 5.197473875494620921e-02 2.745568709501105766e-09
6.517291680183299185e-01 5.264973536215330346e-02 1.623005611145180117e-09
6.517291680183299185e-01 5.332473196936039772e-02 9.536616583926031378e-10
6.517291680183299185e-01 5.399972857656748504e-02 5.566433373823757254e-10
6.517291680183299185e-01 5.467472518377457930e-02 3.227594017293248766e-10
6.517291680183299185e-01 5.534972179098167355e-02 1.861284307005837665e-10
6.517291680183299185e-01 5.602471839818876781e-02 1.068222688309844186e-10
6.517291680183299185e-01 5.669971500539586207e-02 6.089615234374222490e-11
6.517291680183299185e-01 5.737471161260295632e-02 3.454199311193087318e-11
6.517291680183299185e-01 5.804970821981005058e-02 1.949869930431993712e-11
6.517291680183299185e-01 5.872470482701714484e-02 1.095320871836304043e-11
6.517291680183299185e-01 5.939970143422423909e-02 6.116650024099129033e-12
6.517291680183299185e-01 6.007469804143133335e-02 3.402029346326324719e-12
6.517291680183299185e-01 6.074969464863842761e-02 1.883576835437975381e-12
6.517291680183299185e-01 6.142469125584551493e-02 1.037473792798465818e-12
6.517291680183299185e-01 6.209968786305260918e-02 5.693084291177736751e-13
6.517291680183299185e-01 6.277468447025970344e-02 3.110629624752984129e-13
6.517291680183299185e-01 6.344968107746680464e-02 1.690868618849435252e-13
6.517291680183299185e-01 6.412467768467389195e-02 9.159128763233795751e-14
6.517291680183299185e-01 6.479967429188099315e-02 4.940083411676777591e-14
6.517291680183299185e-01 6.547467089908808047e-02 2.651175012483743007e-14
6.517291680183299185e-01 6.614966750629516778e-02 1.417371412932479637e-14
6.517291680183299185e-01 6.682466411350226898e-02 7.544913162321205058e-15
6.597309541142394318e-01 0.000000000000000000e+00 6.315519988565034326e-16
6.597309541142394318e-01 6.749966072070936064e-04 9.162515508181500935e-15
6.597309541142394318e-01 1.349993214414187213e-03 8.838601534742681983e-14
6.597309541142394318e-01 2.024989821621281036e-03 6.441855178314796876e-13
6.597309541142394318e-01 2.699986428828374425e-03 3.794188394786287765e-12
6.597309541142394318e-01 3.374983036035467815e-03 1.910799337325051783e-11
6.597309541142394318e-01 4.049979643242562072e-03 8.384638576770389715e-11
6.597309541142394318e-01 4.724976250449655461e-03 3.270267851121038134e-10
6.597309541142394318e-01 5.399972857656748851e-03 1.148051069604669282e-09
6.597309541142394318e-01 6.074969464863842240e-03 3.665487931247321783e-09
6.597309541142394318e-01 6.749966072070935630e-03 1.073561499827116838e-08
6.597309541142394318e-01 7.424962679278029887e-03 2.905092295498432332e-08
6.597309541142394318e-01 8.099959286485124144e-03 7.313324637557337928e-08
6.597309541142394318e-01 8.774955893692216666e-03 1.722151743076211705e-07
6.597309541142394318e-01 9.449952500899310923e-03 3.811852340642291421e-07
6.597309541142394318e-01 1.012494910810640344e-02 7.963850231154501652e-07
6.597309541142394318e-01 1.079994571531349770e-02 1.576360164139417998e-06
6.597309541142394318e-01 1.147494232252059196e-02 2.966424944055971035e-06
6.597309541142394318e-01 1.214993892972768448e-02 5.323403256413991259e-06
6.597309541142394318e-01 1.282493553693477874e-02 9.136026676612769108e-06
6.597309541142394318e-01 1.349993214414187126e-02 1.502931253780538210e-05
6.597309541142394318e-01 1.417492875134896552e-02 2.375733343048764014e-05
6.597309541142394318e-01 1.484992535855605977e-02 3.615870463446572031e-05
6.597309541142394318e-01 1.552492196576315230e-02 5.309743679828327653e-05
6.597309541142394318e-01 1.619991857297024829e-02 7.536484516864422280e-05
6.597309541142394318e-01 1.687491518017733907e-02 1.035644384970092107e-04
6.597309541142394318e-01 1.754991178738443333e-02 1.379837553328656409e-04
6.597309541142394318e-01 1.822490839459152759e-02 1.781648496955230590e-04
6.597309541142394318e-01 1.889990500179862185e-02 2.231929884958649285e-04
6.597309541142394318e-01 1.957490160900571610e-02 2.723011055364650589e-04
6.597309541142394318e-01 2.024989821621280689e-02 3.239164567372116842e-04
6.597309541142394318e-01 2.092489482341990115e-02 3.735888944249924595e-04
6.597309541142394318e-01 2.159989143062699540e-02 4.183497024913601561e-04
6.597309541142394318e-01 2.227488803783408966e-02 4.538349640976543226e-04
6.597309541142394318e-01 2.294988464504118392e-02 4.812923133976416859e-04
6.597309541142394318e-01 2.362488125224827470e-02 4.996207277322986745e-04
6.597309541142394318e-01 2.429987785945536896e-02 5.059324189385626131e-04
6.597309541142394318e-01 2.497487446666246322e-02 5.011316393791546931e-04
6.597309541142394318e-01 2.564987107386955748e-02 4.854346160648624012e-04
6.597309541142394318e-01 2.632486768107665173e-02 4.606383584452282279e-04
6.597309541142394318e-01 2.699986428828374252e-02 4.288481405082825377e-04
6.597309541142394318e-01 2.767486089549083678e-02 3.905718710043632911e-04
6.597309541142394318e-01 2.834985750269793103e-02 3.501805209028248465e-04
6.597309541142394318e-01 2.902485410990502529e-02 3.070909555242215842e-04
6.597309541142394318e-01 2.969985071711211955e-02 2.654818952845829343e-04
6.597309541142394318e-01 3.037484732431921380e-02 2.249786743004742622e-04
6.597309541142394318e-01 3.104984393152630459e-02 1.878826424483568032e-04
6.597309541142394318e-01 3.172484053873340232e-02 1.542964641403431582e-04
6.597309541142394318e-01 3.239983714594049657e-02 1.247241185099698705e-04
6.597309541142394318e-01 3.307483375314758389e-02 9.933143285805913080e-05
6.597309541142394318e-01 3.374983036035467815e-02 7.797497742317979676e-05
6.597309541142394318e-01 3.442482696756177241e-02 6.036833917228299410e-05
6.597309541142394318e-01 3.509982357476886666e-02 4.601171217862740851e-05
6.597309541142394318e-01 3.577482018197596092e-02 3.456606629798243810e-05
6.597309541142394318e-01 3.644981678918305518e-02 2.565228567401474889e-05
6.597309541142394318e-01 3.712481339639014943e-02 1.879937098165742254e-05
6.597309541142394318e-01 3.779981000359724369e-02 1.360995763237575797e-05
6.597309541142394318e-01 3.847480661080433795e-02 9.741700755502648548e-06
6.597309541142394318e-01 3.914980321801143220e-02 6.897039184747482054e-06
6.597309541142394318e-01 3.982479982521851952e-02 4.824714330610355682e-06
6.597309541142394318e-01 4.049979643242561378e-02 3.337038907284455456e-06
6.597309541142394318e-01 4.117479303963270804e-02 2.285183944134421103e-06
6.597309541142394318e-01 4.184978964683980229e-02 1.546776072851692664e-06
6.597309541142394318e-01 4.252478625404689655e-02 1.033625522485717472e-06
6.597309541142394318e-01 4.319978286125399081e-02 6.834655438848673120e-07
6.597309541142394318e-01 4.387477946846108506e-02 4.479067966327639622e-07
6.597309541142394318e-01 4.454977607566817932e-02 2.910538927378009933e-07
6.597309541142394318e-01 4.522477268287527358e-02 1.875861358352878128e-07
6.597309541142394318e-01 4.589976929008236783e-02 1.198149407012012818e-07
6.597309541142394318e-01 4.657476589728946209e-02 7.595114844141920036e-08
6.597309541142394318e-01 4.724976250449654941e-02 4.773520912469886774e-08
6.597309541142394318e-01 4.792475911170364367e-02 2.969048866216193159e-08
6.597309541142394318e-01 4.859975571891073792e-02 1.833657185556799162e-08
6.597309541142394318e-01 4.927475232611783218e-02 1.125012163919514322e-08
6.597309541142394318e-01 4.994974893332492644e-02 6.851958857221910472e-09
6.597309541142394318e-01 5.062474554053202069e-02 4.147147973663568404e-09
6.597309541142394318e-01 5.129974214773911495e-02 2.488303058327253614e-09
6.597309541142394318e-01 5.197473875494620921e-02 1.482854277897164341e-09
6.597309541142394318e-01 5.264973536215330346e-02 8.787645892391613904e-10
6.597309541142394318e-01 5.332473196936039772e-02 5.176457845509316140e-10
6.597309541142394318e-01 5.399972857656748504e-02 3.028894185911247600e-10
6.597309541142394318e-01 5.467472518377457930e-02 1.760496879416082378e-10
6.597309541142394318e-01 5.534972179098167355e-02 1.017723268471463612e-10
6.597309541142394318e-01 5.602471839818876781e-02 5.854945442763928617e-11
6.597309541142394318e-01 5.669971500539586207e-02 3.345971693521510922e-11
6.597309541142394318e-01 5.737471161260295632e-02 1.902446105587663772e-11
6.597309541142394318e-01 5.804970821981005058e-02 1.076477673625020626e-11
6.597309541142394318e-01 5.872470482701714484e-02 6.062018080571364098e-12
6.597309541142394318e-01 5.939970143422423909e-02 3.393462275582199101e-12
6.597309541142394318e-01 6.007469804143133335e-02 1.892030656641639871e-12
6.597309541142394318e-01 6.074969464863842761e-02 1.050178835339408289e-12
6.597309541142394318e-01 6.142469125584551493e-02 5.798530626345811839e-13
6.597309541142394318e-01 6.209968786305260918e-02 3.189404291158406463e-13
6.597309541142394318e-01 6.277468447025970344e-02 1.746893959476683746e-13
6.597309541142394318e-01 6.344968107746680464e-02 9.515661791019242530e-14
6.597309541142394318e-01 6.412467768467389195e-02 5.165092363558548121e-14
6.597309541142394318e-01 6.479967429188099315e-02 2.791571313696704873e-14
6.597309541142394318e-01 6.547467089908808047e-02 1.501795322838196702e-14
6.597309541142394318e-01 6.614966750629516778e-02 8.047297458378225133e-15
6.597309541142394318e-01 6.682466411350226898e-02 4.292847702307709978e-15
6.677327402101489451e-01 0.000000000000000000e+00 2.705786575705868261e-16
6.677327402101489451e-01 6.749966072070936064e-04 3.949153105714230049e-15
6.677327402101489451e-01 1.349993214414187213e-03 3.827616300767115341e-14
6.677327402101489451e-01 2.024989821621281036e-03 2.801315503985387645e-13
6.677327402101489451e-01 2.699986428828374425e-03 1.656554244910383009e-12
6.677327402101489451e-01 3.374983036035467815e-03 8.374030415092034113e-12
6.677327402101489451e-01 4.049979643242562072e-03 3.687794123902614236e-11
6.677327402101489451e-01 4.724976250449655461e-03 1.443332069720322260e-10
6.677327402101489451e-01 5.399972857656748851e-03 5.083452396030003516e-10
6.677327402101489451e-01 6.074969464863842240e-03 1.628182003697838419e-09
6.677327402101489451e-01 6.749966072070935630e-03 4.783862379171543373e-09
6.677327402101489451e-01 7.424962679278029887e-03 1.298496967809574990e-08
6.677327402101489451e-01 8.099959286485124144e-03 3.278725217474248869e-08
6.677327402101489451e-01 8.774955893692216666e-03 7.743904259093366353e-08
6.677327402101489451e-01 9.449952500899310923e-03 1.719098657657238414e-07
6.677327402101489451e-01 1.012494910810640344e-02 3.602168333811455879e-07
6.677327402101489451e-01 1.079994571531349770e-02 7.151403288891223406e-07
6.677327402101489451e-01 1.147494232252059196e-02 1.349667123831310991e-06
6.677327402101489451e-01 1.214993892972768448e-02 2.429002887582713295e-06
6.677327402101489451e-01 1.282493553693477874e-02 4.180476208648941718e-06
6.677327402101489451e-01 1.349993214414187126e-02 6.897603539736295311e-06
6.677327402101489451e-01 1.417492875134896552e-02 1.093568860546013141e-05
6.677327402101489451e-01 1.484992535855605977e-02 1.669561885794854474e-05
6.677327402101489451e-01 1.552492196576315230e-02 2.459244171905733189e-05
6.677327402101489451e-01 1.619991857297024829e-02 3.501139129771090882e-05
6.677327402101489451e-01 1.687491518017733907e-02 4.825745548664287822e-05
6.677327402101489451e-01 1.754991178738443333e-02 6.449413989075385698e-05
6.677327402101489451e-01 1.822490839459152759e-02 8.353298615420714872e-05
6.677327402101489451e-01 1.889990500179862185e-02 1.049615181188173134e-04
6.677327402101489451e-01 1.957490160900571610e-02 1.284432145626841380e-04
6.677327402101489451e-01 2.024989821621280689e-02 1.532590615646221789e-04
6.677327402101489451e-01 2.092489482341990115e-02 1.773003027660631969e-04
6.677327402101489451e-01 2.159989143062699540e-02 1.991396812868504536e-04
6.677327402101489451e-01 2.227488803783408966e-02 2.167232775755931445e-04
6.677327402101489451e-01 2.294988464504118392e-02 2.305149093448367848e-04
6.677327402101489451e-01 2.362488125224827470e-02 2.400034675315806151e-04
6.677327402101489451e-01 2.429987785945536896e-02 2.437431048159384949e-04
6.677327402101489451e-01 2.497487446666246322e-02 2.421931904268441915e-04
6.677327402101489451e-01 2.564987107386955748e-02 2.353312273216693555e-04
6.677327402101489451e-01 2.632486768107665173e-02 2.239855658640530476e-04
6.677327402101489451e-01 2.699986428828374252e-02 2.091903668337120555e-04
6.677327402101489451e-01 2.767486089549083678e-02 1.910779803403107207e-04
6.677327402101489451e-01 2.834985750269793103e-02 1.718410472612170721e-04
6.677327402101489451e-01 2.902485410990502529e-02 1.511389576117940490e-04
6.677327402101489451e-01 2.969985071711211955e-02 1.310547595879726760e-04
6.677327402101489451e-01 3.037484732431921380e-02 1.113830494268710575e-04
6.677327402101489451e-01 3.104984393152630459e-02 9.327373009020625415e-05
6.677327402101489451e-01 3.172484053873340232e-02 7.679620130568520309e-05
6.677327402101489451e-01 3.239983714594049657e-02 6.224711946441763570e-05
6.677327402101489451e-01 3.307483375314758389e-02 4.970389282740490523e-05
6.677327402101489451e-01 3.374983036035467815e-02 3.912331465363289961e-05
6.677327402101489451e-01 3.442482696756177241e-02 3.036559274041744641e-05
6.677327402101489451e-01 3.509982357476886666e-02 2.320172923273090587e-05
6.677327402101489451e-01 3.577482018197596092e-02 1.747519385435698959e-05
6.677327402101489451e-01 3.644981678918305518e-02 1.300120689410131949e-05
6.677327402101489451e-01 3.712481339639014943e-02 9.550986856812166827e-06
6.677327402101489451e-01 3.779981000359724369e-02 6.931224687964036254e-06
6.677327402101489451e-01 3.847480661080433795e-02 4.973044764678467287e-06
6.677327402101489451e-01 3.914980321801143220e-02 3.529257308376407851e-06
6.677327402101489451e-01 3.982479982521851952e-02 2.474567918715380179e-06
6.677327402101489451e-01 4.049979643242561378e-02 1.715791411017888936e-06
6.677327402101489451e-01 4.117479303963270804e-02 1.177878633693781474e-06
6.677327402101489451e-01 4.184978964683980229e-02 7.992325320487689447e-07
6.677327402101489451e-01 4.252478625404689655e-02 5.353154728949665328e-07
6.677327402101489451e-01 4.319978286125399081e-02 3.547741619477875157e-07
6.677327402101489451e-01 4.387477946846108506e-02 2.330456408285783481e-07
6.677327402101489451e-01 4.454977607566817932e-02 1.518032027738865876e-07
6.677327402101489451e-01 4.522477268287527358e-02 9.807996337857420270e-08
6.677327402101489451e-01 4.589976929008236783e-02 6.279735854718188573e-08
6.677327402101489451e-01 4.657476589728946209e-02 3.990323357732285514e-08
6.677327402101489451e-01 4.724976250449654941e-02 2.514132048732654533e-08
6.677327402101489451e-01 4.792475911170364367e-02 1.567403968705240625e-08
6.677327402101489451e-01 4.859975571891073792e-02 9.702849554273281334e-09
6.677327402101489451e-01 4.927475232611783218e-02 5.966911241760537061e-09
6.677327402101489451e-01 4.994974893332492644e-02 3.642488294538790825e-09
6.677327402101489451e-01 5.062474554053202069e-02 2.209705651785149308e-09
6.677327402101489451e-01 5.129974214773911495e-02 1.328987510184942748e-09
6.677327402101489451e-01 5.197473875494620921e-02 7.937729729075295502e-10
6.677327402101489451e-01 5.264973536215330346e-02 4.714570007594065188e-10
6.677327402101489451e-01 5.332473196936039772e-02 2.783416344404934687e-10
6.677327402101489451e-01 5.399972857656748504e-02 1.632368297511825358e-10
6.677327402101489451e-01 5.467472518377457930e-02 9.509549000409913951e-11
6.677327402101489451e-01 5.534972179098167355e-02 5.510080277729225119e-11
6.677327402101489451e-01 5.602471839818876781e-02 3.177280011278470457e-11
6.677327402101489451e-01 5.669971500539586207e-02 1.820028791631560180e-11
6.677327402101489451e-01 5.737471161260295632e-02 1.037068589879305682e-11
6.677327402101489451e-01 5.804970821981005058e-02 5.880353047207698588e-12
6.677327402101489451e-01 5.872470482701714484e-02 3.318517443345556157e-12
6.677327402101489451e-01 5.939970143422423909e-02 1.861486482631510132e-12
6.677327402101489451e-01 6.007469804143133335e-02 1.039941094831635722e-12
6.677327402101489451e-01 6.074969464863842761e-02 5.783848643770624244e-13
6.677327402101489451e-01 6.142469125584551493e-02 3.199471839235444260e-13
6.677327402101489451e-01 6.209968786305260918e-02 1.763080349583472502e-13
6.677327402101489451e-01 6.277468447025970344e-02 9.675541022890673710e-14
6.677327402101489451e-01 6.344968107746680464e-02 5.281540330606505934e-14
6.677327402101489451e-01 6.412467768467389195e-02 2.872952558058426949e-14
6.677327402101489451e-01 6.479967429188099315e-02 1.556268588488506022e-14
6.677327402101489451e-01 6.547467089908808047e-02 8.394358707591128451e-15
6.677327402101489451e-01 6.614966750629516778e-02 4.508091428039142640e-15
6.677327402101489451e-01 6.682466411350226898e-02 2.410237342076712600e-15
6.757345263060584584e-01 0.000000000000000000e+00 1.149556363041059679e-16
6.757345263060584584e-01 6.749966072070936064e-04 1.688006835070337765e-15
6.757345263060584584e-01 1.349993214414187213e-03 1.643691036150786170e-14
6.757345263060584584e-01 2.024989821621281036e-03 1.207951819507189346e-13
6.757345263060584584e-01 2.699986428828374425e-03 7.170337013076582865e-13
6.757345263060584584e-01 3.374983036035467815e-03 3.637904636853193561e-12
6.757345263060584584e-01 4.049979643242562072e-03 1.607714981982073735e-11
6.757345263060584584e-01 4.724976250449655461e-03 6.314377863984333016e-11
6.757345263060584584e-01 5.399972857656748851e-03 2.231663564348764358e-10
6.757345263060584584e-01 6.074969464863842240e-03 7.172010884679018191e-10
6.757345263060584584e-01 6.749966072070935630e-03 2.114405221017597742e-09
6.757345263060584584e-01 7.424962679278029887e-03 5.758002538994046955e-09
6.757345263060584584e-01 8.099959286485124144e-03 1.458653567139517401e-08
6.757345263060584584e-01 8.774955893692216666e-03 3.456012655943198938e-08
6.757345263060584584e-01 9.449952500899310923e-03 7.696502266345539241e-08
6.757345263060584584e-01 1.012494910810640344e-02 1.617735403137183477e-07
6.757345263060584584e-01 1.079994571531349770e-02 3.221648790360493891e-07
6.757345263060584584e-01 1.147494232252059196e-02 6.099184184564109751e-07
6.757345263060584584e-01 1.214993892972768448e-02 1.101009460163651778e-06
6.757345263060584584e-01 1.282493553693477874e-02 1.900458521138594542e-06
6.757345263060584584e-01 1.349993214414187126e-02 3.144740777740407322e-06
6.757345263060584584e-01 1.417492875134896552e-02 5.000264450294643598e-06
6.757345263060584584e-01 1.484992535855605977e-02 7.655543872210831288e-06
6.757345263060584584e-01 1.552492196576315230e-02 1.130862103288182195e-05
6.757345263060584584e-01 1.619991857297024829e-02 1.614557066063997058e-05
6.757345263060584584e-01 1.687491518017733907e-02 2.231697722921786644e-05
6.757345263060584584e-01 1.754991178738443333e-02 2.991185375024026853e-05
6.757345263060584584e-01 1.822490839459152759e-02 3.885181123451467448e-05
6.757345263060584584e-01 1.889990500179862185e-02 4.895476334594227547e-05
6.757345263060584584e-01 1.957490160900571610e-02 6.007273270746927928e-05
6.757345263060584584e-01 2.024989821621280689e-02 7.187141127490257906e-05
6.757345263060584584e-01 2.092489482341990115e-02 8.337450464180941074e-05
6.757345263060584584e-01 2.159989143062699540e-02 9.387985250307457599e-05
6.757345263060584584e-01 2.227488803783408966e-02 1.024380702229909124e-04
6.757345263060584584e-01 2.294988464504118392e-02 1.092245340578996526e-04
6.757345263060584584e-01 2.362488125224827470e-02 1.140087962906386756e-04
6.757345263060584584e-01 2.429987785945536896e-02 1.160751674795324287e-04
6.757345263060584584e-01 2.497487446666246322e-02 1.156315451235865205e-04
6.757345263060584584e-01 2.564987107386955748e-02 1.126352014848315129e-04
6.757345263060584584e-01 2.632486768107665173e-02 1.074669007282408177e-04
6.757345263060584584e-01 2.699986428828374252e-02 1.006237542552339693e-04
6.757345263060584584e-01 2.767486089549083678e-02 9.213782555635320745e-05
6.757345263060584584e-01 2.834985750269793103e-02 8.307233882142291094e-05
6.757345263060584584e-01 2.902485410990502529e-02 7.324103659736737456e-05
6.757345263060584584e-01 2.969985071711211955e-02 6.366334303216388923e-05
6.757345263060584584e-01 3.037484732431921380e-02 5.424879387865935731e-05
6.757345263060584584e-01 3.104984393152630459e-02 4.555585530585831065e-05
6.757345263060584584e-01 3.172484053873340232e-02 3.760782679810083690e-05
6.757345263060584584e-01 3.239983714594049657e-02 3.056670199036186830e-05
6.757345263060584584e-01 3.307483375314758389e-02 2.447068278119292730e-05
6.757345263060584584e-01 3.374983036035467815e-02 1.931290627291534624e-05
6.757345263060584584e-01 3.442482696756177241e-02 1.503141353692732125e-05
6.757345263060584584e-01 3.509982357476886666e-02 1.151661517697633505e-05
6.757345263060584584e-01 3.577482018197596092e-02 8.698548625451114834e-06
6.757345263060584584e-01 3.644981678918305518e-02 6.489940573357556336e-06
6.757345263060584584e-01 3.712481339639014943e-02 4.780630031600087910e-06
6.757345263060584584e-01 3.779981000359724369e-02 3.478923535174204804e-06
6.757345263060584584e-01 3.847480661080433795e-02 2.503080310715587996e-06
6.757345263060584584e-01 3.914980321801143220e-02 1.781248286123352583e-06
6.757345263060584584e-01 3.982479982521851952e-02 1.252201287015889027e-06
6.757345263060584584e-01 4.049979643242561378e-02 8.705652667438287316e-07
6.757345263060584584e-01 4.117479303963270804e-02 5.992628647717159360e-07
6.757345263060584584e-01 4.184978964683980229e-02 4.078252515099468136e-07
6.757345263060584584e-01 4.252478625404689655e-02 2.739308398583982678e-07
6.757345263060584584e-01 4.319978286125399081e-02 1.820460008151397623e-07
6.757345263060584584e-01 4.387477946846108506e-02 1.199144538015140582e-07
6.757345263060584584e-01 4.454977607566817932e-02 7.832466879276851764e-08
6.757345263060584584e-01 4.522477268287527358e-02 5.074427184168841221e-08
6.757345263060584584e-01 4.589976929008236783e-02 3.257872225194480922e-08
6.757345263060584584e-01 4.657476589728946209e-02 2.075823474354587451e-08
6.757345263060584584e-01 4.724976250449654941e-02 1.311398933253380500e-08
6.757345263060584584e-01 4.792475911170364367e-02 8.195647618589105398e-09
6.757345263060584584e-01 4.859975571891073792e-02 5.085823292339314020e-09
6.757345263060584584e-01 4.927475232611783218e-02 3.135309560269697385e-09
6.757345263060584584e-01 4.994974893332492644e-02 1.918699817042153117e-09
6.757345263060584584e-01 5.062474554053202069e-02 1.166825042580841999e-09
6.757345263060584584e-01 5.129974214773911495e-02 7.034482099316998765e-10
6.757345263060584584e-01 5.197473875494620921e-02 4.211200893526817232e-10
6.757345263060584584e-01 5.264973536215330346e-02 2.506830546171974271e-10
6.757345263060584584e-01 5.332473196936039772e-02 1.483278654227597796e-10
6.757345263060584584e-01 5.399972857656748504e-02 8.718359299794571251e-11
6.757345263060584584e-01 5.467472518377457930e-02 5.089982851163799941e-11
6.757345263060584584e-01 5.534972179098167355e-02 2.955661967480457893e-11
6.757345263060584584e-01 5.602471839818876781e-02 1.707980562282597629e-11
6.757345263060584584e-01 5.669971500539586207e-02 9.805760987430010117e-12
6.757345263060584584e-01 5.737471161260295632e-02 5.600009664538180999e-12
6.757345263060584584e-01 5.804970821981005058e-02 3.182440309185915514e-12
6.757345263060584584e-01 5.872470482701714484e-02 1.799813248994053096e-12
6.757345263060584584e-01 5.939970143422423909e-02 1.011759104322796816e-12
6.757345263060584584e-01 6.007469804143133335e-02 5.664466736926759524e-13
6.757345263060584584e-01 6.074969464863842761e-02 3.157360018141414687e-13
6.757345263060584584e-01 6.142469125584551493e-02 1.750417425940121417e-13
6.757345263060584584e-01 6.209968786305260918e-02 9.667069502276275271e-14
6.757345263060584584e-01 6.277468447025970344e-02 5.317316365263780468e-14
6.757345263060584584e-01 6.344968107746680464e-02 2.908995093687491010e-14
6.757345263060584584e-01 6.412467768467389195e-02 1.585902932540070839e-14
6.757345263060584584e-01 6.479967429188099315e-02 8.609887430381744421e-15
6.757345263060584584e-01 6.547467089908808047e-02 4.655417206233231710e-15
6.757345263060584584e-01 6.614966750629516778e-02 2.505865724478212897e-15
6.757345263060584584e-01 6.682466411350226898e-02 1.342539886097578209e-15
6.837363124019679717e-01 0.000000000000000000e+00 4.827138673988895430e-17
6.837363124019679717e-01 6.749966072070936064e-04 7.131501306395521546e-16
6.837363124019679717e-01 1.349993214414187213e-03 6.976012671552964834e-15
6.837363124019679717e-01 2.024989821621281036e-03 5.148876645234585433e-14
6.837363124019679717e-01 2.699986428828374425e-03 3.068590853134936004e-13
6.837363124019679717e-01 3.374983036035467815e-03 1.562955069302539501e-12
6.837363124019679717e-01 4.049979643242562072e-03 6.932748709975061456e-12
6.837363124019679717e-01 4.724976250449655461e-03 2.732647486056921945e-11
6.837363124019679717e-01 5.399972857656748851e-03 9.692758780092761048e-11
6.837363124019679717e-01 6.074969464863842240e-03 3.126101210453047134e-10
6.837363124019679717e-01 6.749966072070935630e-03 9.249508518049153943e-10
6.837363124019679717e-01 7.424962679278029887e-03 2.527526961121265613e-09
6.837363124019679717e-01 8.099959286485124144e-03 6.424878402691848117e-09
6.837363124019679717e-01 8.774955893692216666e-03 1.527339471417473466e-08
6.837363124019679717e-01 9.449952500899310923e-03 3.412560242060830132e-08
6.837363124019679717e-01 1.012494910810640344e-02 7.196376004176281188e-08
6.837363124019679717e-01 1.079994571531349770e-02 1.437745203560278873e-07
6.837363124019679717e-01 1.147494232252059196e-02 2.730630558040503157e-07
6.837363124019679717e-01 1.214993892972768448e-02 4.944703417218374273e-07
6.837363124019679717e-01 1.282493553693477874e-02 8.562179605772030695e-07
6.837363124019679717e-01 1.349993214414187126e-02 1.421131582247763532e-06
6.837363124019679717e-01 1.417492875134896552e-02 2.266448928700250659e-06
6.837363124019679717e-01 1.484992535855605977e-02 3.480464722259367525e-06
6.837363124019679717e-01 1.552492196576315230e-02 5.156459518986765852e-06
6.837363124019679717e-01 1.619991857297024829e-02 7.383336105326609231e-06
6.837363124019679717e-01 1.687491518017733907e-02 1.023466730287907853e-05
6.837363124019679717e-01 1.754991178738443333e-02 1.375570858170900720e-05
6.837363124019679717e-01 1.822490839459152759e-02 1.791548162917784473e-05
6.837363124019679717e-01 1.889990500179862185e-02 2.263444122520604713e-05
6.837363124019679717e-01 1.957490160900571610e-02 2.784859135515999832e-05
6.837363124019679717e-01 2.024989821621280689e-02 3.340644249022811169e-05
6.837363124019679717e-01 2.092489482341990115e-02 3.885937440896650575e-05
6.837363124019679717e-01 2.159989143062699540e-02 4.387822512991305945e-05
6.837363124019679717e-01 2.227488803783408966e-02 4.801748688735919720e-05
6.837363124019679717e-01 2.294988464504118392e-02 5.133659949769107055e-05
6.837363124019679717e-01 2.362488125224827470e-02 5.373085932578078284e-05
6.837363124019679717e-01 2.429987785945536896e-02 5.484921426889477133e-05
6.837363124019679717e-01 2.497487446666246322e-02 5.479402820726660486e-05
6.837363124019679717e-01 2.564987107386955748e-02 5.351609547801612567e-05
6.837363124019679717e-01 2.632486768107665173e-02 5.119438142414142165e-05
6.837363124019679717e-01 2.699986428828374252e-02 4.806806652089739358e-05
6.837363124019679717e-01 2.767486089549083678e-02 4.412615199399232715e-05
6.837363124019679717e-01 2.834985750269793103e-02 3.989015659051309103e-05
6.837363124019679717e-01 2.902485410990502529e-02 3.525667811574873672e-05
6.837363124019679717e-01 2.969985071711211955e-02 3.072341197899889969e-05
6.837363124019679717e-01 3.037484732431921380e-02 2.624766954230671329e-05
6.837363124019679717e-01 3.104984393152630459e-02 2.209909338041030362e-05
6.837363124019679717e-01 3.172484053873340232e-02 1.828919382285946229e-05
6.837363124019679717e-01 3.239983714594049657e-02 1.490356692366087659e-05
6.837363124019679717e-01 3.307483375314758389e-02 1.196110303312454266e-05
6.837363124019679717e-01 3.374983036035467815e-02 9.464508611617070889e-06
6.837363124019679717e-01 3.442482696756177241e-02 7.384913095998376534e-06
6.837363124019679717e-01 3.509982357476886666e-02 5.672141172402720264e-06
6.837363124019679717e-01 3.577482018197596092e-02 4.295118305207352377e-06
6.837363124019679717e-01 3.644981678918305518e-02 3.212483022223383957e-06
6.837363124019679717e-01 3.712481339639014943e-02 2.372053073679804972e-06
6.837363124019679717e-01 3.779981000359724369e-02 1.730187923711178914e-06
6.837363124019679717e-01 3.847480661080433795e-02 1.247626364270532425e-06
6.837363124019679717e-01 3.914980321801143220e-02 8.898502207537929316e-07
6.837363124019679717e-01 3.982479982521851952e-02 6.269422510839572048e-07
6.837363124019679717e-01 4.049979643242561378e-02 4.368558971074937763e-07
6.837363124019679717e-01 4.117479303963270804e-02 3.013954433968433256e-07
6.837363124019679717e-01 4.184978964683980229e-02 2.056009741145557277e-07
6.837363124019679717e-01 4.252478625404689655e-02 1.384047064998101008e-07
6.837363124019679717e-01 4.319978286125399081e-02 9.218857051729010925e-08
6.837363124019679717e-01 4.387477946846108506e-02 6.086357239460979758e-08
6.837363124019679717e-01 4.454977607566817932e-02 3.984560539667726332e-08
6.837363124019679717e-01 4.522477268287527358e-02 2.587312990870602915e-08
6.837363124019679717e-01 4.589976929008236783e-02 1.664788331633585304e-08
6.837363124019679717e-01 4.657476589728946209e-02 1.063131510124137697e-08
6.837363124019679717e-01 4.724976250449654941e-02 6.731863731386924040e-09
6.837363124019679717e-01 4.792475911170364367e-02 4.217745496708034628e-09
6.837363124019679717e-01 4.859975571891073792e-02 2.623703546434030833e-09
6.837363124019679717e-01 4.927475232611783218e-02 1.621391886705987163e-09
6.837363124019679717e-01 4.994974893332492644e-02 9.946266816533845353e-10
6.837363124019679717e-01 5.062474554053202069e-02 6.063334955642614322e-10
6.837363124019679717e-01 5.129974214773911495e-02 3.665092468901655053e-10
6.837363124019679717e-01 5.197473875494620921e-02 2.199665582483744539e-10
6.837363124019679717e-01 5.264973536215330346e-02 1.312734726348739321e-10
6.837363124019679717e-01 5.332473196936039772e-02 7.786682023307584240e-11
6.837363124019679717e-01 5.399972857656748504e-02 4.588865497149033648e-11
6.837363124019679717e-01 5.467472518377457930e-02 2.685989270136771821e-11
6.837363124019679717e-01 5.534972179098167355e-02 1.563665055256095515e-11
6.837363124019679717e-01 5.602471839818876781e-02 9.058117748022845771e-12
6.837363124019679717e-01 5.669971500539586207e-02 5.213439113617467633e-12
6.837363124019679717e-01 5.737471161260295632e-02 2.984629455361087263e-12
6.837363124019679717e-01 5.804970821981005058e-02 1.700370202394729341e-12
6.837363124019679717e-01 5.872470482701714484e-02 9.642410078037716543e-13
6.837363124019679717e-01 5.939970143422423909e-02 5.434350070864914430e-13
6.837363124019679717e-01 6.007469804143133335e-02 3.050295272788443610e-13
6.837363124019679717e-01 6.074969464863842761e-02 1.704550079326311300e-13
6.837363124019679717e-01 6.142469125584551493e-02 9.473946553548565865e-14
6.837363124019679717e-01 6.209968786305260918e-02 5.245185054627442100e-14
6.837363124019679717e-01 6.277468447025970344e-02 2.892541178274584068e-14
6.837363124019679717e-01 6.344968107746680464e-02 1.586455878596268186e-14
6.837363124019679717e-01 6.412467768467389195e-02 8.670202692491359077e-15
6.837363124019679717e-01 6.479967429188099315e-02 4.718237664485719047e-15
6.837363124019679717e-01 6.547467089908808047e-02 2.556931833568105816e-15
6.837363124019679717e-01 6.614966750629516778e-02 1.380059600055325043e-15
6.837363124019679717e-01 6.682466411350226898e-02 7.410810579775119135e-16
6.917380984978774849e-01 0.000000000000000000e+00 2.014465900874125402e-17
6.917380984978774849e-01 6.749966072070936064e-04 2.994139386412712016e-16
6.917380984978774849e-01 1.349993214414187213e-03 2.942722662826102609e-15
6.917380984978774849e-01 2.024989821621281036e-03 2.180843542599705142e-14
6.917380984978774849e-01 2.699986428828374425e-03 1.304564034311552262e-13
6.917380984978774849e-01 3.374983036035467815e-03 6.668596233144267760e-13
6.917380984978774849e-01 4.049979643242562072e-03 2.968422214913314434e-12
6.917380984978774849e-01 4.724976250449655461e-03 1.173961970495522692e-11
6.917380984978774849e-01 5.399972857656748851e-03 4.177586835128934642e-11
6.917380984978774849e-01 6.074969464863842240e-03 1.351680749286459436e-10
6.917380984978774849e-01 6.749966072070935630e-03 4.012019280438157017e-10
6.917380984978774849e-01 7.424962679278029887e-03 1.099821363231804054e-09
6.917380984978774849e-01 8.099959286485124144e-03 2.804484695713083605e-09
6.917380984978774849e-01 8.774955893692216666e-03 6.687788225117686268e-09
6.917380984978774849e-01 9.449952500899310923e-03 1.498712525953059786e-08
6.917380984978774849e-01 1.012494910810640344e-02 3.169909898715287919e-08
6.917380984978774849e-01 1.079994571531349770e-02 6.351775000498218802e-08
6.917380984978774849e-01 1.147494232252059196e-02 1.209865289098585772e-07
6.917380984978774849e-01 1.214993892972768448e-02 2.197401191542106488e-07
6.917380984978774849e-01 1.282493553693477874e-02 3.816082624753704367e-07
6.917380984978774849e-01 1.349993214414187126e-02 6.352840285126447298e-07
6.917380984978774849e-01 1.417492875134896552e-02 1.016108484884479815e-06
6.917380984978774849e-01 1.484992535855605977e-02 1.564694645884685447e-06
6.917380984978774849e-01 1.552492196576315230e-02 2.324546400545983155e-06
6.917380984978774849e-01 1.619991857297024829e-02 3.337619230152646042e-06
6.917380984978774849e-01 1.687491518017733907e-02 4.639523399091024779e-06
6.917380984978774849e-01 1.754991178738443333e-02 6.253455786293268907e-06
6.917380984978774849e-01 1.822490839459152759e-02 8.168393357376888949e-06
6.917380984978774849e-01 1.889990500179862185e-02 1.034951286567142030e-05
6.917380984978774849e-01 1.957490160900571610e-02 1.277018436303789569e-05
6.917380984978774849e-01 2.024989821621280689e-02 1.536229342929439483e-05
6.917380984978774849e-01 2.092489482341990115e-02 1.792107506661060509e-05
6.917380984978774849e-01 2.159989143062699540e-02 2.029192203849273618e-05
6.917380984978774849e-01 2.227488803783408966e-02 2.227382295997341370e-05
6.917380984978774849e-01 2.294988464504118392e-02 2.388154379417099923e-05
6.917380984978774849e-01 2.362488125224827470e-02 2.506732659742881840e-05
6.917380984978774849e-01 2.429987785945536896e-02 2.566066012803018233e-05
6.917380984978774849e-01 2.497487446666246322e-02 2.570922093277011597e-05
6.917380984978774849e-01 2.564987107386955748e-02 2.518087094619893927e-05
6.917380984978774849e-01 2.632486768107665173e-02 2.415527793873580313e-05
6.917380984978774849e-01 2.699986428828374252e-02 2.274595739541586197e-05
6.917380984978774849e-01 2.767486089549083678e-02 2.093852456712518237e-05
6.917380984978774849e-01 2.834985750269793103e-02 1.898091003973954735e-05
6.917380984978774849e-01 2.902485410990502529e-02 1.682104043506371785e-05
6.917380984978774849e-01 2.969985071711211955e-02 1.469682253272290666e-05
6.917380984978774849e-01 3.037484732431921380e-02 1.259004228056962437e-05
6.917380984978774849e-01 3.104984393152630459e-02 1.062846269642971439e-05
6.917380984978774849e-01 3.172484053873340232e-02 8.819219420187577056e-06
6.917380984978774849e-01 3.239983714594049657e-02 7.205968845248753755e-06
6.917380984978774849e-01 3.307483375314758389e-02 5.797644923788789047e-06
6.917380984978774849e-01 3.374983036035467815e-02 4.598861820006681521e-06
6.917380984978774849e-01 3.442482696756177241e-02 3.596876599054775241e-06
6.917380984978774849e-01 3.509982357476886666e-02 2.769237133911291847e-06
6.917380984978774849e-01 3.577482018197596092e-02 2.101989580162916890e-06
6.917380984978774849e-01 3.644981678918305518e-02 1.576031564080613363e-06
6.917380984978774849e-01 3.712481339639014943e-02 1.166491269037425472e-06
6.917380984978774849e-01 3.779981000359724369e-02 8.530341936434637976e-07
6.917380984978774849e-01 3.847480661080433795e-02 6.167152439308554155e-07
6.917380984978774849e-01 3.914980321801143220e-02 4.409369010895206999e-07
6.917380984978774849e-01 3.982479982521851952e-02 3.114354740801987550e-07
6.917380984978774849e-01 4.049979643242561378e-02 2.175433521614678899e-07
6.917380984978774849e-01 4.117479303963270804e-02 1.504541478153196985e-07
6.917380984978774849e-01 4.184978964683980229e-02 1.028985617506144154e-07
6.917380984978774849e-01 4.252478625404689655e-02 6.943047981223159028e-08
6.917380984978774849e-01 4.319978286125399081e-02 4.635838765413530675e-08
6.917380984978774849e-01 4.387477946846108506e-02 3.067894385924874192e-08
6.917380984978774849e-01 4.454977607566817932e-02 2.013163809582021665e-08
6.917380984978774849e-01 4.522477268287527358e-02 1.310324460298304836e-08
6.917380984978774849e-01 4.589976929008236783e-02 8.450855550094088633e-09
6.917380984978774849e-01 4.657476589728946209e-02 5.409120620246218480e-09
6.917380984978774849e-01 4.724976250449654941e-02 3.433082801119653853e-09
6.917380984978774849e-01 4.792475911170364367e-02 2.155935330649945567e-09
6.917380984978774849e-01 4.859975571891073792e-02 1.344280156239165364e-09
6.917380984978774849e-01 4.927475232611783218e-02 8.326955411850843073e-10
6.917380984978774849e-01 4.994974893332492644e-02 5.119967154947329372e-10
6.917380984978774849e-01 5.062474554053202069e-02 3.128381927122963074e-10
6.917380984978774849e-01 5.129974214773911495e-02 1.895552290033131376e-10
6.917380984978774849e-01 5.197473875494620921e-02 1.140265935904875304e-10
6.917380984978774849e-01 5.264973536215330346e-02 6.819994045387374230e-11
6.917380984978774849e-01 5.332473196936039772e-02 4.054065865618051287e-11
6.917380984978774849e-01 5.399972857656748504e-02 2.394367168058874004e-11
6.917380984978774849e-01 5.467472518377457930e-02 1.404286577096494502e-11
6.917380984978774849e-01 5.534972179098167355e-02 8.191803320914648045e-12
6.917380984978774849e-01 5.602471839818876781e-02 4.755188725823364321e-12
6.917380984978774849e-01 5.669971500539586207e-02 2.742723027150104924e-12
6.917380984978774849e-01 5.737471161260295632e-02 1.573373948904516457e-12
6.917380984978774849e-01 5.804970821981005058e-02 8.981803797472854914e-13
6.917380984978774849e-01 5.872470482701714484e-02 5.104229671635021761e-13
6.917380984978774849e-01 5.939970143422423909e-02 2.882796535790262926e-13
6.917380984978774849e-01 6.007469804143133335e-02 1.621501756495950181e-13
6.917380984978774849e-01 6.074969464863842761e-02 9.080233192464330954e-14
6.917380984978774849e-01 6.142469125584551493e-02 5.057292100576770642e-14
6.917380984978774849e-01 6.209968786305260918e-02 2.805549698379370366e-14
6.917380984978774849e-01 6.277468447025970344e-02 1.550452497153838727e-14
6.917380984978774849e-01 6.344968107746680464e-02 8.521120152055051958e-15
6.917380984978774849e-01 6.412467768467389195e-02 4.666519703846717700e-15
6.917380984978774849e-01 6.479967429188099315e-02 2.545398394739560529e-15
6.917380984978774849e-01 6.547467089908808047e-02 1.382524009710455604e-15
6.917380984978774849e-01 6.614966750629516778e-02 7.482037740931014630e-16
6.917380984978774849e-01 6.682466411350226898e-02 4.026871040710525051e-16
6.997398845937871092e-01 0.000000000000000000e+00 8.324386508266313017e-18
6.997398845937871092e-01 6.749966072070936064e-04 1.245094880672714737e-16
6.997398845937871092e-01 1.349993214414187213e-03 1.229708451576096660e-15
6.997398845937871092e-01 2.024989821621281036e-03 9.154074005790006464e-15
6.997398845937871092e-01 2.699986428828374425e-03 5.498490878283606790e-14
6.997398845937871092e-01 3.374983036035467815e-03 2.821759161385237411e-13
6.997398845937871092e-01 4.049979643242562072e-03 1.260705942776037912e-12
6.997398845937871092e-01 4.724976250449655461e-03 5.004382376336876024e-12
6.997398845937871092e-01 5.399972857656748851e-03 1.787195160422499715e-11
6.997398845937871092e-01 6.074969464863842240e-03 5.802816883473056907e-11
6.997398845937871092e-01 6.749966072070935630e-03 1.728175743819414578e-10
6.997398845937871092e-01 7.424962679278029887e-03 4.753149513051203093e-10
6.997398845937871092e-01 8.099959286485124144e-03 1.216056339617641416e-09
6.997398845937871092e-01 8.774955893692216666e-03 2.909332918514782427e-09
6.997398845937871092e-01 9.449952500899310923e-03 6.540173247460327187e-09
6.997398845937871092e-01 1.012494910810640344e-02 1.387519970675212575e-08
6.997398845937871092e-01 1.079994571531349770e-02 2.788647867627814195e-08
6.997398845937871092e-01 1.147494232252059196e-02 5.327589231887086554e-08
6.997398845937871092e-01 1.214993892972768448e-02 9.704215115443801662e-08
6.997398845937871092e-01 1.282493553693477874e-02 1.690173443706317477e-07
6.997398845937871092e-01 1.349993214414187126e-02 2.821736925159730220e-07
6.997398845937871092e-01 1.417492875134896552e-02 4.526396152247837391e-07
6.997398845937871092e-01 1.484992535855605977e-02 6.990622635360876993e-07
6.997398845937871092e-01 1.552492196576315230e-02 1.041520166186229502e-06
6.997398845937871092e-01 1.619991857297024829e-02 1.499700763017099826e-06
6.997398845937871092e-01 1.687491518017733907e-02 2.090485151297940623e-06
6.997398845937871092e-01 1.754991178738443333e-02 2.825387471976883159e-06
6.997398845937871092e-01 1.822490839459152759e-02 3.700310837429920669e-06
6.997398845937871092e-01 1.889990500179862185e-02 4.700767352075288631e-06
6.997398845937871092e-01 1.957490160900571610e-02 5.815442012585445224e-06
6.997398845937871092e-01 2.024989821621280689e-02 7.013857187025098970e-06
6.997398845937871092e-01 2.092489482341990115e-02 8.204016820720614296e-06
6.997398845937871092e-01 2.159989143062699540e-02 9.312752077727189351e-06
6.997398845937871092e-01 2.227488803783408966e-02 1.025049309803077747e-05
6.997398845937871092e-01 2.294988464504118392e-02 1.101841933322405035e-05
6.997398845937871092e-01 2.362488125224827470e-02 1.159554822697392061e-05
6.997398845937871092e-01 2.429987785945536896e-02 1.190041217545133159e-05
6.997398845937871092e-01 2.497487446666246322e-02 1.195429884702014815e-05
6.997398845937871092e-01 2.564987107386955748e-02 1.173802024114663595e-05
6.997398845937871092e-01 2.632486768107665173e-02 1.128803153632535744e-05
6.997398845937871092e-01 2.699986428828374252e-02 1.065702357745924440e-05
6.997398845937871092e-01 2.767486089549083678e-02 9.834273091332265533e-06
6.997398845937871092e-01 2.834985750269793103e-02 8.938153585249603573e-06
6.997398845937871092e-01 2.902485410990502529e-02 7.941233844031528089e-06
6.997398845937871092e-01 2.969985071711211955e-02 6.955902443894893953e-06
6.997398845937871092e-01 3.037484732431921380e-02 5.973806355545145913e-06
6.997398845937871092e-01 3.104984393152630459e-02 5.055135142941947113e-06
6.997398845937871092e-01 3.172484053873340232e-02 4.204909546282252420e-06
6.997398845937871092e-01 3.239983714594049657e-02 3.444348276585446298e-06
6.997398845937871092e-01 3.307483375314758389e-02 2.778132774966110758e-06
6.997398845937871092e-01 3.374983036035467815e-02 2.209647442486020651e-06
6.997398845937871092e-01 3.442482696756177241e-02 1.732603041360969082e-06
6.997398845937871092e-01 3.509982357476886666e-02 1.337459579067713000e-06
6.997398845937871092e-01 3.577482018197596092e-02 1.017841489706532484e-06
6.997398845937871092e-01 3.644981678918305518e-02 7.651353292701996234e-07
6.997398845937871092e-01 3.712481339639014943e-02 5.677139584070375573e-07
6.997398845937871092e-01 3.779981000359724369e-02 4.161875189959695754e-07
6.997398845937871092e-01 3.847480661080433795e-02 3.016741789930734338e-07
6.997398845937871092e-01 3.914980321801143220e-02 2.162508640785282177e-07
6.997398845937871092e-01 3.982479982521851952e-02 1.531445717473150851e-07
6.997398845937871092e-01 4.049979643242561378e-02 1.072549035264427512e-07
6.997398845937871092e-01 4.117479303963270804e-02 7.436928265457736012e-08
6.997398845937871092e-01 4.184978964683980229e-02 5.099999503648165789e-08
6.997398845937871092e-01 4.252478625404689655e-02 3.449825946415131966e-08
6.997398845937871092e-01 4.319978286125399081e-02 2.309491751443277092e-08
6.997398845937871092e-01 4.387477946846108506e-02 1.532276669441258790e-08
6.997398845937871092e-01 4.454977607566817932e-02 1.008013869984908699e-08
6.997398845937871092e-01 4.522477268287527358e-02 6.577195530931414195e-09
6.997398845937871092e-01 4.589976929008236783e-02 4.252367070552720271e-09
6.997398845937871092e-01 4.657476589728946209e-02 2.728396412601029464e-09
6.997398845937871092e-01 4.724976250449654941e-02 1.735994601920945135e-09
6.997398845937871092e-01 4.792475911170364367e-02 1.092794806123808106e-09
6.997398845937871092e-01 4.859975571891073792e-02 6.829946333626347566e-10
6.997398845937871092e-01 4.927475232611783218e-02 4.240378880134617820e-10
6.997398845937871092e-01 4.994974893332492644e-02 2.613095851618989559e-10
6.997398845937871092e-01 5.062474554053202069e-02 1.600104041823766772e-10
6.997398845937871092e-01 5.129974214773911495e-02 9.717147762705588764e-11
6.997398845937871092e-01 5.197473875494620921e-02 5.858082864496102708e-11
6.997398845937871092e-01 5.264973536215330346e-02 3.511334663535355890e-11
6.997398845937871092e-01 5.332473196936039772e-02 2.092037859260740867e-11
6.997398845937871092e-01 5.399972857656748504e-02 1.238566098491391364e-11
6.997398845937871092e-01 5.467472518377457930e-02 7.281474978226744849e-12
6.997398845937871092e-01 5.534972179098167355e-02 4.257257970364217737e-12
6.997398845937871092e-01 5.602471839818876781e-02 2.476885186325993229e-12
6.997398845937871092e-01 5.669971500539586207e-02 1.431942748050437712e-12
6.997398845937871092e-01 5.737471161260295632e-02 8.232634249351988263e-13
6.997398845937871092e-01 5.804970821981005058e-02 4.710148717093215542e-13
6.997398845937871092e-01 5.872470482701714484e-02 2.682701677598747764e-13
6.997398845937871092e-01 5.939970143422423909e-02 1.518399596705455280e-13
6.997398845937871092e-01 6.007469804143133335e-02 8.559393251225289051e-14
6.997398845937871092e-01 6.074969464863842761e-02 4.803850283308303506e-14
6.997398845937871092e-01 6.142469125584551493e-02 2.681224885126718395e-14
6.997398845937871092e-01 6.209968786305260918e-02 1.490553846410866044e-14
6.997398845937871092e-01 6.277468447025970344e-02 8.255504186644338133e-15
6.997398845937871092e-01 6.344968107746680464e-02 4.546810601702896001e-15
6.997398845937871092e-01 6.412467768467389195e-02 2.495369948417920687e-15
6.997398845937871092e-01 6.479967429188099315e-02 1.364130871600736810e-15
6.997398845937871092e-01 6.547467089908808047e-02 7.425346653416456062e-16
6.997398845937871092e-01 6.614966750629516778e-02 4.028957872556177137e-16
6.997398845937871092e-01 6.682466411350226898e-02 2.173138528724316085e-16
7.077416706896966225e-01 0.000000000000000000e+00 3.397474901990652430e-18
7.077416706896966225e-01 6.749966072070936064e-04 5.112917268835335952e-17
7.077416706896966225e-01 1.349993214414187213e-03 5.073773987138124338e-16
7.077416706896966225e-01 2.024989821621281036e-03 3.792629179822404148e-15
7.077416706896966225e-01 2.699986428828374425e-03 2.287260167366560771e-14
7.077416706896966225e-01 3.374983036035467815e-03 1.178526777879613151e-13
7.077416706896966225e-01 4.049979643242562072e-03 5.285942477561894888e-13
7.077416706896966225e-01 4.724976250449655461e-03 2.106072812455509295e-12
7.077416706896966225e-01 5.399972857656748851e-03 7.549248517660062034e-12
7.077416706896966225e-01 6.074969464863842240e-03 2.460125021991998794e-11
7.077416706896966225e-01 6.749966072070935630e-03 7.352302910106193418e-11
7.077416706896966225e-01 7.424962679278029887e-03 2.029105180130109327e-10
7.077416706896966225e-01 8.099959286485124144e-03 5.208409658969682796e-10
7.077416706896966225e-01 8.774955893692216666e-03 1.250158669115621526e-09
7.077416706896966225e-01 9.449952500899310923e-03 2.819594496271778659e-09
7.077416706896966225e-01 1.012494910810640344e-02 6.001718292898039957e-09
7.077416706896966225e-01 1.079994571531349770e-02 1.210116745678743539e-08
7.077416706896966225e-01 1.147494232252059196e-02 2.319119954517464414e-08
7.077416706896966225e-01 1.214993892972768448e-02 4.237767853711116283e-08
7.077416706896966225e-01 1.282493553693477874e-02 7.404028789357206288e-08
7.077416706896966225e-01 1.349993214414187126e-02 1.239972445968325240e-07
7.077416706896966225e-01 1.417492875134896552e-02 1.995212201280404725e-07
7.077416706896966225e-01 1.484992535855605977e-02 3.091041591182815145e-07
7.077416706896966225e-01 1.552492196576315230e-02 4.619694588157982825e-07
7.077416706896966225e-01 1.619991857297024829e-02 6.672328972100248370e-07
7.077416706896966225e-01 1.687491518017733907e-02 9.329259389107782767e-07
7.077416706896966225e-01 1.754991178738443333e-02 1.264748849845521840e-06
7.077416706896966225e-01 1.822490839459152759e-02 1.661632214917656723e-06
7.077416706896966225e-01 1.889990500179862185e-02 2.117249134912178640e-06
7.077416706896966225e-01 1.957490160900571610e-02 2.626869685154450355e-06
7.077416706896966225e-01 2.024989821621280689e-02 3.177329213211168742e-06
7.077416706896966225e-01 2.092489482341990115e-02 3.727201491259550038e-06
7.077416706896966225e-01 2.159989143062699540e-02 4.242814896536262586e-06
7.077416706896966225e-01 2.227488803783408966e-02 4.683788632578768509e-06
7.077416706896966225e-01 2.294988464504118392e-02 5.048429571860042985e-06
7.077416706896966225e-01 2.362488125224827470e-02 5.327491524737299390e-06
7.077416706896966225e-01 2.429987785945536896e-02 5.482345669715048670e-06
7.077416706896966225e-01 2.497487446666246322e-02 5.522694869527502893e-06
7.077416706896966225e-01 2.564987107386955748e-02 5.436750801684089983e-06
7.077416706896966225e-01 2.632486768107665173e-02 5.241646030464949335e-06
7.077416706896966225e-01 2.699986428828374252e-02 4.962001795892289854e-06
7.077416706896966225e-01 2.767486089549083678e-02 4.590391123741573331e-06
7.077416706896966225e-01 2.834985750269793103e-02 4.182789348002752757e-06
7.077416706896966225e-01 2.902485410990502529e-02 3.725664882397182271e-06
7.077416706896966225e-01 2.969985071711211955e-02 3.271530828418890780e-06
7.077416706896966225e-01 3.037484732431921380e-02 2.816931959423383991e-06
7.077416706896966225e-01 3.104984393152630459e-02 2.389752255650684882e-06
7.077416706896966225e-01 3.172484053873340232e-02 1.992856692208504396e-06
7.077416706896966225e-01 3.239983714594049657e-02 1.636543163109760754e-06
7.077416706896966225e-01 3.307483375314758389e-02 1.323201008210886581e-06
7.077416706896966225e-01 3.374983036035467815e-02 1.055005619799872070e-06
7.077416706896966225e-01 3.442482696756177241e-02 8.291682036304321161e-07
7.077416706896966225e-01 3.509982357476886666e-02 6.416281115216471850e-07
7.077416706896966225e-01 3.577482018197596092e-02 4.894576711270716831e-07
7.077416706896966225e-01 3.644981678918305518e-02 3.687754099711753862e-07
7.077416706896966225e-01 3.712481339639014943e-02 2.742668619413327833e-07
7.077416706896966225e-01 3.779981000359724369e-02 2.015368452309456575e-07
7.077416706896966225e-01 3.847480661080433795e-02 1.464282209131676089e-07
7.077416706896966225e-01 3.914980321801143220e-02 1.052049371812815723e-07
7.077416706896966225e-01 3.982479982521851952e-02 7.468241928453773413e-08
7.077416706896966225e-01 4.049979643242561378e-02 5.242789437523080856e-08
7.077416706896966225e-01 4.117479303963270804e-02 3.643831087728481300e-08
7.077416706896966225e-01 4.184978964683980229e-02 2.504811028713024173e-08
7.077416706896966225e-01 4.252478625404689655e-02 1.698012733527574561e-08
7.077416706896966225e-01 4.319978286125399081e-02 1.139318723429845015e-08
7.077416706896966225e-01 4.387477946846108506e-02 7.576229139809974177e-09
7.077416706896966225e-01 4.454977607566817932e-02 4.995686291643294333e-09
7.077416706896966225e-01 4.522477268287527358e-02 3.267408490134712655e-09
7.077416706896966225e-01 4.589976929008236783e-02 2.117345251886623273e-09
7.077416706896966225e-01 4.657476589728946209e-02 1.361457354545801408e-09
7.077416706896966225e-01 4.724976250449654941e-02 8.682633300566919657e-10
7.077416706896966225e-01 4.792475911170364367e-02 5.478168494990010069e-10
7.077416706896966225e-01 4.859975571891073792e-02 3.431498134375941191e-10
7.077416706896966225e-01 4.927475232611783218e-02 2.135386190407933984e-10
7.077416706896966225e-01 4.994974893332492644e-02 1.319058848029755651e-10
7.077416706896966225e-01 5.062474554053202069e-02 8.096532871609175267e-11
7.077416706896966225e-01 5.129974214773911495e-02 4.928971938974498128e-11
7.077416706896966225e-01 5.197473875494620921e-02 2.978447053403784738e-11
7.077416706896966225e-01 5.264973536215330346e-02 1.789312020477487475e-11
7.077416706896966225e-01 5.332473196936039772e-02 1.068507022028617633e-11
7.077416706896966225e-01 5.399972857656748504e-02 6.340979957824565037e-12
7.077416706896966225e-01 5.467472518377457930e-02 3.736509537390056806e-12
7.077416706896966225e-01 5.534972179098167355e-02 2.189881283184976278e-12
7.077416706896966225e-01 5.602471839818876781e-02 1.277164643672530615e-12
7.077416706896966225e-01 5.669971500539586207e-02 7.401606086925904309e-13
7.077416706896966225e-01 5.737471161260295632e-02 4.265494202633633346e-13
7.077416706896966225e-01 5.804970821981005058e-02 2.446216874638242641e-13
7.077416706896966225e-01 5.872470482701714484e-02 1.396735077742742290e-13
7.077416706896966225e-01 5.939970143422423909e-02 7.923974878761086340e-14
7.077416706896966225e-01 6.007469804143133335e-02 4.477286797280397859e-14
7.077416706896966225e-01 6.074969464863842761e-02 2.518680200416772828e-14
7.077416706896966225e-01 6.142469125584551493e-02 1.409013065965964116e-14
7.077416706896966225e-01 6.209968786305260918e-02 7.850682898341058128e-15
7.077416706896966225e-01 6.277468447025970344e-02 4.358221148133349833e-15
7.077416706896966225e-01 6.344968107746680464e-02 2.405649947637905470e-15
7.077416706896966225e-01 6.412467768467389195e-02 1.323151178915713445e-15
7.077416706896966225e-01 6.479967429188099315e-02 7.249372281680814771e-16
7.077416706896966225e-01 6.547467089908808047e-02 3.954320440542783191e-16
7.077416706896966225e-01 6.614966750629516778e-02 2.150714431039710130e-16
7.077416706896966225e-01 6.682466411350226898e-02 1.162478356646836339e-16
7.157434567856061358e-01 0.000000000000000000e+00 1.377389159788147502e-18
7.157434567856061358e-01 6.749966072070936064e-04 2.085072979749357575e-17
7.157434567856061358e-01 1.349993214414187213e-03 2.078643396200573693e-16
7.157434567856061358e-01 2.024989821621281036e-03 1.560058040842788334e-15
7.157434567856061358e-01 2.699986428828374425e-03 9.443771442345799147e-15
7.157434567856061358e-01 3.374983036035467815e-03 4.883729242775570964e-14
7.157434567856061358e-01 4.049979643242562072e-03 2.198078194849365976e-13
7.157434567856061358e-01 4.724976250449655461e-03 8.787920772518453541e-13
7.157434567856061358e-01 5.399972857656748851e-03 3.160135091869526145e-12
7.157434567856061358e-01 6.074969464863842240e-03 1.033124025737593403e-11
7.157434567856061358e-01 6.749966072070935630e-03 3.097258548546032369e-11
7.157434567856061358e-01 7.424962679278029887e-03 8.574810685901550494e-11
7.157434567856061358e-01 8.099959286485124144e-03 2.207822918036344221e-10
7.157434567856061358e-01 8.774955893692216666e-03 5.316044069065992850e-10
7.157434567856061358e-01 9.449952500899310923e-03 1.202748555124213042e-09
7.157434567856061358e-01 1.012494910810640344e-02 2.568018567795924348e-09
7.157434567856061358e-01 1.079994571531349770e-02 5.194116699866336745e-09
7.157434567856061358e-01 1.147494232252059196e-02 9.985239264728780378e-09
7.157434567856061358e-01 1.214993892972768448e-02 1.830180511102297885e-08
7.157434567856061358e-01 1.282493553693477874e-02 3.207216261924532953e-08
7.157434567856061358e-01 1.349993214414187126e-02 5.387247534940627564e-08
7.157434567856061358e-01 1.417492875134896552e-02 8.694164074010820932e-08
7.157434567856061358e-01 1.484992535855605977e-02 1.350865062540895077e-07
7.157434567856061358e-01 1.552492196576315230e-02 2.024804298626568588e-07
7.157434567856061358e-01 1.619991857297024829e-02 2.933020593280790120e-07
7.157434567856061358e-01 1.687491518017733907e-02 4.112703210041874158e-07
7.157434567856061358e-01 1.754991178738443333e-02 5.591116139520482606e-07
7.157434567856061358e-01 1.822490839459152759e-02 7.366060746719681534e-07
7.157434567856061358e-01 1.889990500179862185e-02 9.412921370771927096e-07
7.157434567856061358e-01 1.957490160900571610e-02 1.171297710048904153e-06
7.157434567856061358e-01 2.024989821621280689e-02 1.420942040360022731e-06
7.157434567856061358e-01 2.092489482341990115e-02 1.671958893793611114e-06
7.157434567856061358e-01 2.159989143062699540e-02 1.908892098547621600e-06
7.157434567856061358e-01 2.227488803783408966e-02 2.113920496548027794e-06
7.157434567856061358e-01 2.294988464504118392e-02 2.284987161895552318e-06
7.157434567856061358e-01 2.362488125224827470e-02 2.418025791881525438e-06
7.157434567856061358e-01 2.429987785945536896e-02 2.494911304797749986e-06
7.157434567856061358e-01 2.497487446666246322e-02 2.520347307327232979e-06
7.157434567856061358e-01 2.564987107386955748e-02 2.488050557792091482e-06
7.157434567856061358e-01 2.632486768107665173e-02 2.405260901601153701e-06
7.157434567856061358e-01 2.699986428828374252e-02 2.283313411208420359e-06
7.157434567856061358e-01 2.767486089549083678e-02 2.118160516053597944e-06
7.157434567856061358e-01 2.834985750269793103e-02 1.935332142770997599e-06
7.157434567856061358e-01 2.902485410990502529e-02 1.728806316890960616e-06
7.157434567856061358e-01 2.969985071711211955e-02 1.522223711451413236e-06
7.157434567856061358e-01 3.037484732431921380e-02 1.314362443149031311e-06
7.157434567856061358e-01 3.104984393152630459e-02 1.118116690207300428e-06
7.157434567856061358e-01 3.172484053873340232e-02 9.350250311128760373e-07
7.157434567856061358e-01 3.239983714594049657e-02 7.699956787522345335e-07
7.157434567856061358e-01 3.307483375314758389e-02 6.242612048208645851e-07
7.157434567856061358e-01 3.374983036035467815e-02 4.991572061942020036e-07
7.157434567856061358e-01 3.442482696756177241e-02 3.934017700306390650e-07
7.157434567856061358e-01 3.509982357476886666e-02 3.052973765253054534e-07
7.157434567856061358e-01 3.577482018197596092e-02 2.335174511699769940e-07
7.157434567856061358e-01 3.644981678918305518e-02 1.763830164535656858e-07
7.157434567856061358e-01 3.712481339639014943e-02 1.315156044087523096e-07
7.157434567856061358e-01 3.779981000359724369e-02 9.688525506866788461e-08
7.157434567856061358e-01 3.847480661080433795e-02 7.057127076084009593e-08
7.157434567856061358e-01 3.914980321801143220e-02 5.082749172849908064e-08
7.157434567856061358e-01 3.982479982521851952e-02 3.617269983415074317e-08
7.157434567856061358e-01 4.049979643242561378e-02 2.545771836969835415e-08
7.157434567856061358e-01 4.117479303963270804e-02 1.773702100946533380e-08
7.157434567856061358e-01 4.184978964683980229e-02 1.222396401161659290e-08
7.157434567856061358e-01 4.252478625404689655e-02 8.305840477706462254e-09
7.157434567856061358e-01 4.319978286125399081e-02 5.586038008579836666e-09
7.157434567856061358e-01 4.387477946846108506e-02 3.723180968027419021e-09
7.157434567856061358e-01 4.454977607566817932e-02 2.460664927470864568e-09
7.157434567856061358e-01 4.522477268287527358e-02 1.613097664974904356e-09
7.157434567856061358e-01 4.589976929008236783e-02 1.047745822263348774e-09
7.157434567856061358e-01 4.657476589728946209e-02 6.752248451267298028e-10
7.157434567856061358e-01 4.724976250449654941e-02 4.316472906376492129e-10
7.157434567856061358e-01 4.792475911170364367e-02 2.729716539253843541e-10
7.157434567856061358e-01 4.859975571891073792e-02 1.713789432161515200e-10
7.157434567856061358e-01 4.927475232611783218e-02 1.068837325634186092e-10
7.157434567856061358e-01 4.994974893332492644e-02 6.616614702208879341e-11
7.157434567856061358e-01 5.062474554053202069e-02 4.070037191072612579e-11
7.157434567856061358e-01 5.129974214773911495e-02 2.483306330451440352e-11
7.157434567856061358e-01 5.197473875494620921e-02 1.503728405684107269e-11
7.157434567856061358e-01 5.264973536215330346e-02 9.053231733886891624e-12
7.157434567856061358e-01 5.332473196936039772e-02 5.417916630694009294e-12
7.157434567856061358e-01 5.399972857656748504e-02 3.222393290033273992e-12
7.157434567856061358e-01 5.467472518377457930e-02 1.902912900609017456e-12
7.157434567856061358e-01 5.534972179098167355e-02 1.117667995958532932e-12
7.157434567856061358e-01 5.602471839818876781e-02 6.532279999401900465e-13
7.157434567856061358e-01 5.669971500539586207e-02 3.793928422545087350e-13
7.157434567856061358e-01 5.737471161260295632e-02 2.190992627829986105e-13
7.157434567856061358e-01 5.804970821981005058e-02 1.259089130946416782e-13
7.157434567856061358e-01 5.872470482701714484e-02 7.204296966717839454e-14
7.157434567856061358e-01 5.939970143422423909e-02 4.095274131139565142e-14
7.157434567856061358e-01 6.007469804143133335e-02 2.318888333456260505e-14
7.157434567856061358e-01 6.074969464863842761e-02 1.307236010000822394e-14
7.157434567856061358e-01 6.142469125584551493e-02 7.329029979056609033e-15
7.157434567856061358e-01 6.209968786305260918e-02 4.092034152801796879e-15
7.157434567856061358e-01 6.277468447025970344e-02 2.276534413010658784e-15
7.157434567856061358e-01 6.344968107746680464e-02 1.259245629895007444e-15
7.157434567856061358e-01 6.412467768467389195e-02 6.940268327679608019e-16
7.157434567856061358e-01 6.479967429188099315e-02 3.810607782068647616e-16
7.157434567856061358e-01 6.547467089908808047e-02 2.083034858023630645e-16
7.157434567856061358e-01 6.614966750629516778e-02 1.135397135792033746e-16
7.157434567856061358e-01 6.682466411350226898e-02 6.153229454935061512e-17
7.237452428815156491e-01 0.000000000000000000e+00 5.542060280288071511e-19
7.237452428815156491e-01 6.749966072070936064e-04 8.440879015083803726e-18
7.237452428815156491e-01 1.349993214414187213e-03 8.454458566769725856e-17
7.237452428815156491e-01 2.024989821621281036e-03 6.371516990239470356e-16
7.237452428815156491e-01 2.699986428828374425e-03 3.872159091569101492e-15
7.237452428815156491e-01 3.374983036035467815e-03 2.009810438945336330e-14
7.237452428815156491e-01 4.049979643242562072e-03 9.077970685510428965e-14
7.237452428815156491e-01 4.724976250449655461e-03 3.642009447568228882e-13
7.237452428815156491e-01 5.399972857656748851e-03 1.314242451640210159e-12
7.237452428815156491e-01 6.074969464863842240e-03 4.311515616239693729e-12
7.237452428815156491e-01 6.749966072070935630e-03 1.296952118081863776e-11
7.237452428815156491e-01 7.424962679278029887e-03 3.602789314114389183e-11
7.237452428815156491e-01 8.099959286485124144e-03 9.306945277356080247e-11
7.237452428815156491e-01 8.774955893692216666e-03 2.248228724183957434e-10
7.237452428815156491e-01 9.449952500899310923e-03 5.102834760668047973e-10
7.237452428815156491e-01 1.012494910810640344e-02 1.092898970088775487e-09
7.237452428815156491e-01 1.079994571531349770e-02 2.217327580892709248e-09
7.237452428815156491e-01 1.147494232252059196e-02 4.275457352245424395e-09
7.237452428815156491e-01 1.214993892972768448e-02 7.859700175331402172e-09
7.237452428815156491e-01 1.282493553693477874e-02 1.381234335938639491e-08
7.237452428815156491e-01 1.349993214414187126e-02 2.326478133940850067e-08
7.237452428815156491e-01 1.417492875134896552e-02 3.764850966501256234e-08
7.237452428815156491e-01 1.484992535855605977e-02 5.865599246910673496e-08
7.237452428815156491e-01 1.552492196576315230e-02 8.815691898726618034e-08
7.237452428815156491e-01 1.619991857297024829e-02 1.280504924696075297e-07
7.237452428815156491e-01 1.687491518017733907e-02 1.800442240612611676e-07
7.237452428815156491e-01 1.754991178738443333e-02 2.454367045943141171e-07
7.237452428815156491e-01 1.822490839459152759e-02 3.242203029194590928e-07
7.237452428815156491e-01 1.889990500179862185e-02 4.154009501396735947e-07
7.237452428815156491e-01 1.957490160900571610e-02 5.182595312439593881e-07
7.237452428815156491e-01 2.024989821621280689e-02 6.302969833315267769e-07
7.237452428815156491e-01 2.092489482341990115e-02 7.435231917780384193e-07
7.237452428815156491e-01 2.159989143062699540e-02 8.509933007829809828e-07
7.237452428815156491e-01 2.227488803783408966e-02 9.449112661276385961e-07
7.237452428815156491e-01 2.294988464504118392e-02 1.023961964219512978e-06
7.237452428815156491e-01 2.362488125224827470e-02 1.086448749534943240e-06
7.237452428815156491e-01 2.429987785945536896e-02 1.123947713033663119e-06
7.237452428815156491e-01 2.497487446666246322e-02 1.138528112443570083e-06
7.237452428815156491e-01 2.564987107386955748e-02 1.126896140990167896e-06
7.237452428815156491e-01 2.632486768107665173e-02 1.092317470681945760e-06
7.237452428815156491e-01 2.699986428828374252e-02 1.039790877853374498e-06
7.237452428815156491e-01 2.767486089549083678e-02 9.671254758080133178e-07
7.237452428815156491e-01 2.834985750269793103e-02 8.859289087455390263e-07
7.237452428815156491e-01 2.902485410990502529e-02 7.935324997991541436e-07
7.237452428815156491e-01 2.969985071711211955e-02 7.005386186453277353e-07
7.237452428815156491e-01 3.037484732431921380e-02 6.064671765254794180e-07
7.237452428815156491e-01 3.104984393152630459e-02 5.172141356666050050e-07
7.237452428815156491e-01 3.172484053873340232e-02 4.336576571804397802e-07
7.237452428815156491e-01 3.239983714594049657e-02 3.580383355758569280e-07
7.237452428815156491e-01 3.307483375314758389e-02 2.909935597310645878e-07
7.237452428815156491e-01 3.374983036035467815e-02 2.332735697696531257e-07
7.237452428815156491e-01 3.442482696756177241e-02 1.842947191579728986e-07
7.237452428815156491e-01 3.509982357476886666e-02 1.433932863208507045e-07
7.237452428815156491e-01 3.577482018197596092e-02 1.099828411278973612e-07
7.237452428815156491e-01 3.644981678918305518e-02 8.330054671898577899e-08
7.237452428815156491e-01 3.712481339639014943e-02 6.228470447378704838e-08
7.237452428815156491e-01 3.779981000359724369e-02 4.600999895453168439e-08
7.237452428815156491e-01 3.847480661080433795e-02 3.360261609353130029e-08
7.237452428815156491e-01 3.914980321801143220e-02 2.426085307889349652e-08
7.237452428815156491e-01 3.982479982521851952e-02 1.730874847594425825e-08
7.237452428815156491e-01 4.049979643242561378e-02 1.221111296352147784e-08
7.237452428815156491e-01 4.117479303963270804e-02 8.528812942346184386e-09
7.237452428815156491e-01 4.184978964683980229e-02 5.893505426321356963e-09
7.237452428815156491e-01 4.252478625404689655e-02 4.014453888027866266e-09
7.237452428815156491e-01 4.319978286125399081e-02 2.706935823169830298e-09
7.237452428815156491e-01 4.387477946846108506e-02 1.808826195796804633e-09
7.237452428815156491e-01 4.454977607566817932e-02 1.198514565759168993e-09
7.237452428815156491e-01 4.522477268287527358e-02 7.876879074633765072e-10
7.237452428815156491e-01 4.589976929008236783e-02 5.129128599310239541e-10
7.237452428815156491e-01 4.657476589728946209e-02 3.313788051614261048e-10
7.237452428815156491e-01 4.724976250449654941e-02 2.124013654351820637e-10
7.237452428815156491e-01 4.792475911170364367e-02 1.346672916936749077e-10
7.237452428815156491e-01 4.859975571891073792e-02 8.476242941532155629e-11
7.237452428815156491e-01 4.927475232611783218e-02 5.300045246966923598e-11
7.237452428815156491e-01 4.994974893332492644e-02 3.289698827269367644e-11
7.237452428815156491e-01 5.062474554053202069e-02 2.028822488652531321e-11
7.237452428815156491e-01 5.129974214773911495e-02 1.241139841940700789e-11
7.237452428815156491e-01 5.197473875494620921e-02 7.532963439418030507e-12
7.237452428815156491e-01 5.264973536215330346e-02 4.545966678107192056e-12
7.237452428815156491e-01 5.332473196936039772e-02 2.726875158530944097e-12
7.237452428815156491e-01 5.399972857656748504e-02 1.625743365466516276e-12
7.237452428815156491e-01 5.467472518377457930e-02 9.622665558293194165e-13
7.237452428815156491e-01 5.534972179098167355e-02 5.664771576550745145e-13
7.237452428815156491e-01 5.602471839818876781e-02 3.318482896163907874e-13
7.237452428815156491e-01 5.669971500539586207e-02 1.931983779949663368e-13
7.237452428815156491e-01 5.737471161260295632e-02 1.118231162464156141e-13
7.237452428815156491e-01 5.804970821981005058e-02 6.440319608834245107e-14
7.237452428815156491e-01 5.872470482701714484e-02 3.692982855431542361e-14
7.237452428815156491e-01 5.939970143422423909e-02 2.103695387774193978e-14
7.237452428815156491e-01 6.007469804143133335e-02 1.193701560005555953e-14
7.237452428815156491e-01 6.074969464863842761e-02 6.743450304042929000e-15
7.237452428815156491e-01 6.142469125584551493e-02 3.788772253142383064e-15
7.237452428815156491e-01 6.209968786305260918e-02 2.119860821190417086e-15
7.237452428815156491e-01 6.277468447025970344e-02 1.181923379715817067e-15
7.237452428815156491e-01 6.344968107746680464e-02 6.551924097076308554e-16
7.237452428815156491e-01 6.412467768467389195e-02 3.618605776347698565e-16
7.237452428815156491e-01 6.479967429188099315e-02 1.991124922075283058e-16
7.237452428815156491e-01 6.547467089908808047e-02 1.090572562584294148e-16
7.237452428815156491e-01 6.614966750629516778e-02 5.955939032917363457e-17
7.237452428815156491e-01 6.682466411350226898e-02 3.235659640652120786e-17
7.317470289774251624e-01 0.000000000000000000e+00 2.216935966573534535e-19
7.317470289774251624e-01 6.749966072070936064e-04 3.396818042543630286e-18
7.317470289774251624e-01 1.349993214414187213e-03 3.418018596026974161e-17
7.317470289774251624e-01 2.024989821621281036e-03 2.586164851688411238e-16
7.317470289774251624e-01 2.699986428828374425e-03 1.577717482997785220e-15
7.317470289774251624e-01 3.374983036035467815e-03 8.218269506152541772e-15
7.317470289774251624e-01 4.049979643242562072e-03 3.725018053836189056e-14
7.317470289774251624e-01 4.724976250449655461e-03 1.499385013040431248e-13
7.317470289774251624e-01 5.399972857656748851e-03 5.428425451016898527e-13
7.317470289774251624e-01 6.074969464863842240e-03 1.786597995103609314e-12
7.317470289774251624e-01 6.749966072070935630e-03 5.390989902173745606e-12
7.317470289774251624e-01 7.424962679278029887e-03 1.502217251834513471e-11
7.317470289774251624e-01 8.099959286485124144e-03 3.892348628132262292e-11
7.317470289774251624e-01 8.774955893692216666e-03 9.431198254422011832e-11
7.317470289774251624e-01 9.449952500899310923e-03 2.146920946178110578e-10
7.317470289774251624e-01 1.012494910810640344e-02 4.611750786019682503e-10
7.317470289774251624e-01 1.079994571531349770e-02 9.383745526750416546e-10
7.317470289774251624e-01 1.147494232252059196e-02 1.814804323203999721e-09
7.317470289774251624e-01 1.214993892972768448e-02 3.346290376905705583e-09
7.317470289774251624e-01 1.282493553693477874e-02 5.898667518107772212e-09
7.317470289774251624e-01 1.349993214414187126e-02 9.965870847248144533e-09
7.317470289774251624e-01 1.417492875134896552e-02 1.617445365715006943e-08
7.317470289774251624e-01 1.484992535855605977e-02 2.527308475681982665e-08
7.317470289774251624e-01 1.552492196576315230e-02 3.809485742229204985e-08
7.317470289774251624e-01 1.619991857297024829e-02 5.549125753435664705e-08
7.317470289774251624e-01 1.687491518017733907e-02 7.824346775792875509e-08
7.317470289774251624e-01 1.754991178738443333e-02 1.069570795760722871e-07
7.317470289774251624e-01 1.822490839459152759e-02 1.416907203705068073e-07
7.317470289774251624e-01 1.889990500179862185e-02 1.820385202815936008e-07
7.317470289774251624e-01 1.957490160900571610e-02 2.277238083994948573e-07
7.317470289774251624e-01 2.024989821621280689e-02 2.777212233573459594e-07
7.317470289774251624e-01 2.092489482341990115e-02 3.285384512787719317e-07
7.317470289774251624e-01 2.159989143062699540e-02 3.770651497496586283e-07
7.317470289774251624e-01 2.227488803783408966e-02 4.199204229700145737e-07
7.317470289774251624e-01 2.294988464504118392e-02 4.563038709190516977e-07
7.317470289774251624e-01 2.362488125224827470e-02 4.854954169825393137e-07
7.317470289774251624e-01 2.429987785945536896e-02 5.035882487155056404e-07
7.317470289774251624e-01 2.497487446666246322e-02 5.115576150676380031e-07
7.317470289774251624e-01 2.564987107386955748e-02 5.076755348334812700e-07
7.317470289774251624e-01 2.632486768107665173e-02 4.933786056314039917e-07
7.317470289774251624e-01 2.699986428828374252e-02 4.708968743239929122e-07
7.317470289774251624e-01 2.767486089549083678e-02 4.390915690221064187e-07
7.317470289774251624e-01 2.834985750269793103e-02 4.031831514026752111e-07
7.317470289774251624e-01 2.902485410990502529e-02 3.620415133940781220e-07
7.317470289774251624e-01 2.969985071711211955e-02 3.203721324038391115e-07
7.317470289774251624e-01 3.037484732431921380e-02 2.780444362000594593e-07
7.317470289774251624e-01 3.104984393152630459e-02 2.376993628598617967e-07
7.317470289774251624e-01 3.172484053873340232e-02 1.997901030351065187e-07
7.317470289774251624e-01 3.239983714594049657e-02 1.653604272682999692e-07
7.317470289774251624e-01 3.307483375314758389e-02 1.347162153152884923e-07
7.317470289774251624e-01 3.374983036035467815e-02 1.082568497893629830e-07
7.317470289774251624e-01 3.442482696756177241e-02 8.572079103890447471e-08
7.317470289774251624e-01 3.509982357476886666e-02 6.685478133285426087e-08
7.317470289774251624e-01 3.577482018197596092e-02 5.139576570042731377e-08
7.317470289774251624e-01 3.644981678918305518e-02 3.901166379678010440e-08
7.317470289774251624e-01 3.712481339639014943e-02 2.923536844860443304e-08
7.317470289774251624e-01 3.779981000359724369e-02 2.164632408641135134e-08
7.317470289774251624e-01 3.847480661080433795e-02 1.584554027130951089e-08
7.317470289774251624e-01 3.914980321801143220e-02 1.146715828229390473e-08
7.317470289774251624e-01 3.982479982521851952e-02 8.201340338463381727e-09
7.317470289774251624e-01 4.049979643242561378e-02 5.800242323157593880e-09
7.317470289774251624e-01 4.117479303963270804e-02 4.061115774821100717e-09
7.317470289774251624e-01 4.184978964683980229e-02 2.813308368699356151e-09
7.317470289774251624e-01 4.252478625404689655e-02 1.921031541680561104e-09
7.317470289774251624e-01 4.319978286125399081e-02 1.298576014877806821e-09
7.317470289774251624e-01 4.387477946846108506e-02 8.698656941659847752e-10
7.317470289774251624e-01 4.454977607566817932e-02 5.777467042440201990e-10
7.317470289774251624e-01 4.522477268287527358e-02 3.806053908275644043e-10
7.317470289774251624e-01 4.589976929008236783e-02 2.484050159668883125e-10
7.317470289774251624e-01 4.657476589728946209e-02 1.608615571914868460e-10
7.317470289774251624e-01 4.724976250449654941e-02 1.033569277646527592e-10
7.317470289774251624e-01 4.792475911170364367e-02 6.568508204404449772e-11
7.317470289774251624e-01 4.859975571891073792e-02 4.144023866718555122e-11
7.317470289774251624e-01 4.927475232611783218e-02 2.597155256530982531e-11
7.317470289774251624e-01 4.994974893332492644e-02 1.615760650723149428e-11
7.317470289774251624e-01 5.062474554053202069e-02 9.987969273488400825e-12
7.317470289774251624e-01 5.129974214773911495e-02 6.124778505731145534e-12
7.317470289774251624e-01 5.197473875494620921e-02 3.726605117408819352e-12
7.317470289774251624e-01 5.264973536215330346e-02 2.254601926781438873e-12
7.317470289774251624e-01 5.332473196936039772e-02 1.355850752069047255e-12
7.317470289774251624e-01 5.399972857656748504e-02 8.104272741294879806e-13
7.317470289774251624e-01 5.467472518377457930e-02 4.807771867450037088e-13
7.317470289774251624e-01 5.534972179098167355e-02 2.836507754405085134e-13
7.317470289774251624e-01 5.602471839818876781e-02 1.665354584763489624e-13
7.317470289774251624e-01 5.669971500539586207e-02 9.717591706597670889e-14
7.317470289774251624e-01 5.737471161260295632e-02 5.637558563109913870e-14
7.317470289774251624e-01 5.804970821981005058e-02 3.254344252619476502e-14
7.317470289774251624e-01 5.872470482701714484e-02 1.870604953448286895e-14
7.317470289774251624e-01 5.939970143422423909e-02 1.068124331964139979e-14
7.317470289774251624e-01 6.007469804143133335e-02 6.074932241172830156e-15
7.317470289774251624e-01 6.074969464863842761e-02 3.439913193038918745e-15
7.317470289774251624e-01 6.142469125584551493e-02 1.937484207690184219e-15
7.317470289774251624e-01 6.209968786305260918e-02 1.086614048385242729e-15
7.317470289774251624e-01 6.277468447025970344e-02 6.073128512871574994e-16
7.317470289774251624e-01 6.344968107746680464e-02 3.374569078290222277e-16
7.317470289774251624e-01 6.412467768467389195e-02 1.868181577031493664e-16
7.317470289774251624e-01 6.479967429188099315e-02 1.030464040646020305e-16
7.317470289774251624e-01 6.547467089908808047e-02 5.657398404277135078e-17
7.317470289774251624e-01 6.614966750629516778e-02 3.097101220439908657e-17
7.317470289774251624e-01 6.682466411350226898e-02 1.687322548112681982e-17
7.397488150733346757e-01 0.000000000000000000e+00 8.807741751806419706e-20
7.397488150733346757e-01 6.749966072070936064e-04 1.357593449393974252e-18
7.397488150733346757e-01 1.349993214414187213e-03 1.372400712747879906e-17
7.397488150733346757e-01 2.024989821621281036e-03 1.042663852698831343e-16
7.397488150733346757e-01 2.699986428828374425e-03 6.385744077712085413e-16
7.397488150733346757e-01 3.374983036035467815e-03 3.338458926168820507e-15
7.397488150733346757e-01 4.049979643242562072e-03 1.518670951063013923e-14
7.397488150733346757e-01 4.724976250449655461e-03 6.134964847421426570e-14
7.397488150733346757e-01 5.399972857656748851e-03 2.228801285542178086e-13
7.397488150733346757e-01 6.074969464863842240e-03 7.360160831642922189e-13
7.397488150733346757e-01 6.749966072070935630e-03 2.228284638902655702e-12
7.397488150733346757e-01 7.424962679278029887e-03 6.229848603131346084e-12
7.397488150733346757e-01 8.099959286485124144e-03 1.619300394960374982e-11
7.397488150733346757e-01 8.774955893692216666e-03 3.935990461514295330e-11
7.397488150733346757e-01 9.449952500899310923e-03 8.988402526986261583e-11
7.397488150733346757e-01 1.012494910810640344e-02 1.936649773378737381e-10
7.397488150733346757e-01 1.079994571531349770e-02 3.952252000555015539e-10
7.397488150733346757e-01 1.147494232252059196e-02 7.665988554097881569e-10
7.397488150733346757e-01 1.214993892972768448e-02 1.417616702820324095e-09
7.397488150733346757e-01 1.282493553693477874e-02 2.506161648828125437e-09
7.397488150733346757e-01 1.349993214414187126e-02 4.246139933828762505e-09
7.397488150733346757e-01 1.417492875134896552e-02 6.911186408149575803e-09
7.397488150733346757e-01 1.484992535855605977e-02 1.082889092439053592e-08
7.397488150733346757e-01 1.552492196576315230e-02 1.636762936056042449e-08
7.397488150733346757e-01 1.619991857297024829e-02 2.390731954060408062e-08
7.397488150733346757e-01 1.687491518017733907e-02 3.380090886971961617e-08
7.397488150733346757e-01 1.754991178738443333e-02 4.632861006650867519e-08
7.397488150733346757e-01 1.822490839459152759e-02 6.153567490598311634e-08
7.397488150733346757e-01 1.889990500179862185e-02 7.926823262931187641e-08
7.397488150733346757e-01 1.957490160900571610e-02 9.942049386845856744e-08
7.397488150733346757e-01 2.024989821621280689e-02 1.215576597975673244e-07
7.397488150733346757e-01 2.092489482341990115e-02 1.441743936547320373e-07
7.397488150733346757e-01 2.159989143062699540e-02 1.658837286681266163e-07
7.397488150733346757e-01 2.227488803783408966e-02 1.852337462628583131e-07
7.397488150733346757e-01 2.294988464504118392e-02 2.017817966772824370e-07
7.397488150733346757e-01 2.362488125224827470e-02 2.152387949246114042e-07
7.397488150733346757e-01 2.429987785945536896e-02 2.238201129944682542e-07
7.397488150733346757e-01 2.497487446666246322e-02 2.279577445407272848e-07
7.397488150733346757e-01 2.564987107386955748e-02 2.267994549881990056e-07
7.397488150733346757e-01 2.632486768107665173e-02 2.209562233276950228e-07
7.397488150733346757e-01 2.699986428828374252e-02 2.114453366613458019e-07
7.397488150733346757e-01 2.767486089549083678e-02 1.976721314979166947e-07
7.397488150733346757e-01 2.834985750269793103e-02 1.819759991126841389e-07
7.397488150733346757e-01 2.902485410990502529e-02 1.638525092850285162e-07
7.397488150733346757e-01 2.969985071711211955e-02 1.453676190666838626e-07
7.397488150733346757e-01 3.037484732431921380e-02 1.264913209884566786e-07
7.397488150733346757e-01 3.104984393152630459e-02 1.084131836545856139e-07
7.397488150733346757e-01 3.172484053873340232e-02 9.135892295195454717e-08
7.397488150733346757e-01 3.239983714594049657e-02 7.580787498223044930e-08
7.397488150733346757e-01 3.307483375314758389e-02 6.191123371460137333e-08
7.397488150733346757e-01 3.374983036035467815e-02 4.987797553466421670e-08
7.397488150733346757e-01 3.442482696756177241e-02 3.959099046250337235e-08
7.397488150733346757e-01 3.509982357476886666e-02 3.095632343564808626e-08
7.397488150733346757e-01 3.577482018197596092e-02 2.386003524526873739e-08
7.397488150733346757e-01 3.644981678918305518e-02 1.815606377512643851e-08
7.397488150733346757e-01 3.712481339639014943e-02 1.364071345383475473e-08
7.397488150733346757e-01 3.779981000359724369e-02 1.012567861789988002e-08
7.397488150733346757e-01 3.847480661080433795e-02 7.431250917594122772e-09
7.397488150733346757e-01 3.914980321801143220e-02 5.390946473716777338e-09
7.397488150733346757e-01 3.982479982521851952e-02 3.865232854055271956e-09
7.397488150733346757e-01 4.049979643242561378e-02 2.740371660262786255e-09
7.397488150733346757e-01 4.117479303963270804e-02 1.923394035402118756e-09
7.397488150733346757e-01 4.184978964683980229e-02 1.335723503822465194e-09
7.397488150733346757e-01 4.252478625404689655e-02 9.142392330887777323e-10
7.397488150733346757e-01 4.319978286125399081e-02 6.194107429561824391e-10
7.397488150733346757e-01 4.387477946846108506e-02 4.158581622680894542e-10
7.397488150733346757e-01 4.454977607566817932e-02 2.768308049738721899e-10
7.397488150733346757e-01 4.522477268287527358e-02 1.827812974042354947e-10
7.397488150733346757e-01 4.589976929008236783e-02 1.195553698229867624e-10
7.397488150733346757e-01 4.657476589728946209e-02 7.759280009365686683e-11
7.397488150733346757e-01 4.724976250449654941e-02 4.996944896471078347e-11
7.397488150733346757e-01 4.792475911170364367e-02 3.182728735231348308e-11
7.397488150733346757e-01 4.859975571891073792e-02 2.012305241962446112e-11
7.397488150733346757e-01 4.927475232611783218e-02 1.263888199852282375e-11
7.397488150733346757e-01 4.994974893332492644e-02 7.879991936216168976e-12
7.397488150733346757e-01 5.062474554053202069e-02 4.881179527877842268e-12
7.397488150733346757e-01 5.129974214773911495e-02 2.999518226247754609e-12
7.397488150733346757e-01 5.197473875494620921e-02 1.828836626154979790e-12
7.397488150733346757e-01 5.264973536215330346e-02 1.108685647127120860e-12
7.397488150733346757e-01 5.332473196936039772e-02 6.680803276323353917e-13
7.397488150733346757e-01 5.399972857656748504e-02 4.001774383447398761e-13
7.397488150733346757e-01 5.467472518377457930e-02 2.379365136129762601e-13
7.397488150733346757e-01 5.534972179098167355e-02 1.406985162597290940e-13
7.397488150733346757e-01 5.602471839818876781e-02 8.279548033832902937e-14
7.397488150733346757e-01 5.669971500539586207e-02 4.842486304748425669e-14
7.397488150733346757e-01 5.737471161260295632e-02 2.815677046499400160e-14
7.397488150733346757e-01 5.804970821981005058e-02 1.628948831885095138e-14
7.397488150733346757e-01 5.872470482701714484e-02 9.384407218149140116e-15
7.397488150733346757e-01 5.939970143422423909e-02 5.370472115034280237e-15
7.397488150733346757e-01 6.007469804143133335e-02 3.061168254323240885e-15
7.397488150733346757e-01 6.074969464863842761e-02 1.737170684761950828e-15
7.397488150733346757e-01 6.142469125584551493e-02 9.806558764890784939e-16
7.397488150733346757e-01 6.209968786305260918e-02 5.511784321225511599e-16
7.397488150733346757e-01 6.277468447025970344e-02 3.087182980875889875e-16
7.397488150733346757e-01 6.344968107746680464e-02 1.719214796036371299e-16
7.397488150733346757e-01 6.412467768467389195e-02 9.537967054999046455e-17
7.397488150733346757e-01 6.479967429188099315e-02 5.272377586904329883e-17
7.397488150733346757e-01 6.547467089908808047e-02 2.900907601182917586e-17
7.397488150733346757e-01 6.614966750629516778e-02 1.591556476396297375e-17
7.397488150733346757e-01 6.682466411350226898e-02 8.693543098988329253e-18
7.477506011692441890e-01 0.000000000000000000e+00 3.473953873707199541e-20
7.477506011692441890e-01 6.749966072070936064e-04 5.388462788498855553e-19
7.477506011692441890e-01 1.349993214414187213e-03 5.473749734577210379e-18
7.477506011692441890e-01 2.024989821621281036e-03 4.176535893056002079e-17
7.477506011692441890e-01 2.699986428828374425e-03 2.568265212406206996e-16
7.477506011692441890e-01 3.374983036035467815e-03 1.347783816036772164e-15
7.477506011692441890e-01 4.049979643242562072e-03 6.153052418862117471e-15
7.477506011692441890e-01 4.724976250449655461e-03 2.494327540169484177e-14
7.477506011692441890e-01 5.399972857656748851e-03 9.093831444773422812e-14
7.477506011692441890e-01 6.074969464863842240e-03 3.012937366020760159e-13
7.477506011692441890e-01 6.749966072070935630e-03 9.150797706394360620e-13
7.477506011692441890e-01 7.424962679278029887e-03 2.566520370203068221e-12
7.477506011692441890e-01 8.099959286485124144e-03 6.692482953503035033e-12
7.477506011692441890e-01 8.774955893692216666e-03 1.631768065599272842e-11
7.477506011692441890e-01 9.449952500899310923e-03 3.737629527816218777e-11
7.477506011692441890e-01 1.012494910810640344e-02 8.077869103956800847e-11
7.477506011692441890e-01 1.079994571531349770e-02 1.653437873831059507e-10
7.477506011692441890e-01 1.147494232252059196e-02 3.216579821510601780e-10
7.477506011692441890e-01 1.214993892972768448e-02 5.964807810335093934e-10
7.477506011692441890e-01 1.282493553693477874e-02 1.057428796588809897e-09
7.477506011692441890e-01 1.349993214414187126e-02 1.796666603089874358e-09
7.477506011692441890e-01 1.417492875134896552e-02 2.932597491627427161e-09
7.477506011692441890e-01 1.484992535855605977e-02 4.608130772401013950e-09
7.477506011692441890e-01 1.552492196576315230e-02 6.984187023439156025e-09
7.477506011692441890e-01 1.619991857297024829e-02 1.022917804657637041e-08
7.477506011692441890e-01 1.687491518017733907e-02 1.450178946145130772e-08
7.477506011692441890e-01 1.754991178738443333e-02 1.993152608437505012e-08
7.477506011692441890e-01 1.822490839459152759e-02 2.654895731896271815e-08
7.477506011692441890e-01 1.889990500179862185e-02 3.429408420810855999e-08
7.477506011692441890e-01 1.957490160900571610e-02 4.313343654881850736e-08
7.477506011692441890e-01 2.024989821621280689e-02 5.288571091506830920e-08
7.477506011692441890e-01 2.092489482341990115e-02 6.290105934654091609e-08
7.477506011692441890e-01 2.159989143062699540e-02 7.256787141071576790e-08
7.477506011692441890e-01 2.227488803783408966e-02 8.126180352046711376e-08
7.477506011692441890e-01 2.294988464504118392e-02 8.875369293018713414e-08
7.477506011692441890e-01 2.362488125224827470e-02 9.492522759660917930e-08
7.477506011692441890e-01 2.429987785945536896e-02 9.896763695121022391e-08
7.477506011692441890e-01 2.497487446666246322e-02 1.010759096651061111e-07
7.477506011692441890e-01 2.564987107386955748e-02 1.008217396985960156e-07
7.477506011692441890e-01 2.632486768107665173e-02 9.847281536632400334e-08
7.477506011692441890e-01 2.699986428828374252e-02 9.448242974762355223e-08
7.477506011692441890e-01 2.767486089549083678e-02 8.854452854964681128e-08
7.477506011692441890e-01 2.834985750269793103e-02 8.171312963038881592e-08
7.477506011692441890e-01 2.902485410990502529e-02 7.376371779174217389e-08
7.477506011692441890e-01 2.969985071711211955e-02 6.560464634238760216e-08
7.477506011692441890e-01 3.037484732431921380e-02 5.722864945645607592e-08
7.477506011692441890e-01 3.104984393152630459e-02 4.916689523446612050e-08
7.477506011692441890e-01 3.172484053873340232e-02 4.153600701772137955e-08
7.477506011692441890e-01 3.239983714594049657e-02 3.454904175439522065e-08
7.477506011692441890e-01 3.307483375314758389e-02 2.828181674071250712e-08
7.477506011692441890e-01 3.374983036035467815e-02 2.283950167381009168e-08
7.477506011692441890e-01 3.442482696756177241e-02 1.817038017050099104e-08
7.477506011692441890e-01 3.509982357476886666e-02 1.424152208108718624e-08
7.477506011692441890e-01 3.577482018197596092e-02 1.100265802228872521e-08
7.477506011692441890e-01 3.644981678918305518e-02 8.391245584700810870e-09
7.477506011692441890e-01 3.712481339639014943e-02 6.318869729092498862e-09
7.477506011692441890e-01 3.779981000359724369e-02 4.701482397646959970e-09
7.477506011692441890e-01 3.847480661080433795e-02 3.458460817583162298e-09
7.477506011692441890e-01 3.914980321801143220e-02 2.514673317660418347e-09
7.477506011692441890e-01 3.982479982521851952e-02 1.807287701119009066e-09
7.477506011692441890e-01 4.049979643242561378e-02 1.284290330285429982e-09
7.477506011692441890e-01 4.117479303963270804e-02 9.034808687022495872e-10
7.477506011692441890e-01 4.184978964683980229e-02 6.288827288097829123e-10
7.477506011692441890e-01 4.252478625404689655e-02 4.314308335275060395e-10
7.477506011692441890e-01 4.319978286125399081e-02 2.929990359533021474e-10
7.477506011692441890e-01 4.387477946846108506e-02 1.971851825455395376e-10
7.477506011692441890e-01 4.454977607566817932e-02 1.315812786855448808e-10
7.477506011692441890e-01 4.522477268287527358e-02 8.708724556188796954e-11
7.477506011692441890e-01 4.589976929008236783e-02 5.709717909900331718e-11
7.477506011692441890e-01 4.657476589728946209e-02 3.714348586876000526e-11
7.477506011692441890e-01 4.724976250449654941e-02 2.397714763541211467e-11
7.477506011692441890e-01 4.792475911170364367e-02 1.530687186885353233e-11
7.477506011692441890e-01 4.859975571891073792e-02 9.700348623088288239e-12
7.477506011692441890e-01 4.927475232611783218e-02 6.106568836105960789e-12
7.477506011692441890e-01 4.994974893332492644e-02 3.816161591432911684e-12
7.477506011692441890e-01 5.062474554053202069e-02 2.369400775807006397e-12
7.477506011692441890e-01 5.129974214773911495e-02 1.459500907267453670e-12
7.477506011692441890e-01 5.197473875494620921e-02 8.919717705936967242e-13
7.477506011692441890e-01 5.264973536215330346e-02 5.419930880233220557e-13
7.477506011692441890e-01 5.332473196936039772e-02 3.273496868431278531e-13
7.477506011692441890e-01 5.399972857656748504e-02 1.965380421303633417e-13
7.477506011692441890e-01 5.467472518377457930e-02 1.171220891426898987e-13
7.477506011692441890e-01 5.534972179098167355e-02 6.941544332577982838e-14
7.477506011692441890e-01 5.602471839818876781e-02 4.094134269823240399e-14
7.477506011692441890e-01 5.669971500539586207e-02 2.400141309910631199e-14
7.477506011692441890e-01 5.737471161260295632e-02 1.398650131164790296e-14
7.477506011692441890e-01 5.804970821981005058e-02 8.109023411951828398e-15
7.477506011692441890e-01 5.872470482701714484e-02 4.681207224309308004e-15
7.477506011692441890e-01 5.939970143422423909e-02 2.684658465913431513e-15
7.477506011692441890e-01 6.007469804143133335e-02 1.533450728011295035e-15
7.477506011692441890e-01 6.074969464863842761e-02 8.720310970177167625e-16
7.477506011692441890e-01 6.142469125584551493e-02 4.933356126112088247e-16
7.477506011692441890e-01 6.209968786305260918e-02 2.778479155454114281e-16
7.477506011692441890e-01 6.277468447025970344e-02 1.559359432760462706e-16
7.477506011692441890e-01 6.344968107746680464e-02 8.701824138496792864e-17
7.477506011692441890e-01 6.412467768467389195e-02 4.837176652563203712e-17
7.477506011692441890e-01 6.479967429188099315e-02 2.679208047232566130e-17
7.477506011692441890e-01 6.547467089908808047e-02 1.476998214607542639e-17
7.477506011692441890e-01 6.614966750629516778e-02 8.118595261862900010e-18
7.477506011692441890e-01 6.682466411350226898e-02 4.443616453539245454e-18
7.557523872651537022e-01 0.000000000000000000e+00 1.360632637998466655e-20
7.557523872651537022e-01 6.749966072070936064e-04 2.123046937842769494e-19
7.557523872651537022e-01 1.349993214414187213e-03 2.166355564495230020e-18
7.557523872651537022e-01 2.024989821621281036e-03 1.659582071615970162e-17
7.557523872651537022e-01 2.699986428828374425e-03 1.024444884767100967e-16
7.557523872651537022e-01 3.374983036035467815e-03 5.395603892840047607e-16
7.557523872651537022e-01 4.049979643242562072e-03 2.471962208022241732e-15
7.557523872651537022e-01 4.724976250449655461e-03 1.005544237275129157e-14
7.557523872651537022e-01 5.399972857656748851e-03 3.678059707509025779e-14
7.557523872651537022e-01 6.074969464863842240e-03 1.222587589367197275e-13
7.557523872651537022e-01 6.749966072070935630e-03 3.725268170933168331e-13
7.557523872651537022e-01 7.424962679278029887e-03 1.048157910342462804e-12
7.557523872651537022e-01 8.099959286485124144e-03 2.741686204396919775e-12
7.557523872651537022e-01 8.774955893692216666e-03 6.705570061397172866e-12
7.557523872651537022e-01 9.449952500899310923e-03 1.540768651926952836e-11
7.557523872651537022e-01 1.012494910810640344e-02 3.340158210777109158e-11
7.557523872651537022e-01 1.079994571531349770e-02 6.858151774387049744e-11
7.557523872651537022e-01 1.147494232252059196e-02 1.338236781609791441e-10
7.557523872651537022e-01 1.214993892972768448e-02 2.489379046796507277e-10
7.557523872651537022e-01 1.282493553693477874e-02 4.426725794438110436e-10
7.557523872651537022e-01 1.349993214414187126e-02 7.544520994813285593e-10
7.557523872651537022e-01 1.417492875134896552e-02 1.235207981796258491e-09
7.557523872651537022e-01 1.484992535855605977e-02 1.946861625857376569e-09
7.557523872651537022e-01 1.552492196576315230e-02 2.959682961560497538e-09
7.557523872651537022e-01 1.619991857297024829e-02 4.347584544769666880e-09
7.557523872651537022e-01 1.687491518017733907e-02 6.181514323926504669e-09
7.557523872651537022e-01 1.754991178738443333e-02 8.520442756075925367e-09
7.557523872651537022e-01 1.822490839459152759e-02 1.138216606788499623e-08
7.557523872651537022e-01 1.889990500179862185e-02 1.474439117875215553e-08
7.557523872651537022e-01 1.957490160900571610e-02 1.859533021619443760e-08
7.557523872651537022e-01 2.024989821621280689e-02 2.286286406397383819e-08
7.557523872651537022e-01 2.092489482341990115e-02 2.726779030112423511e-08
7.557523872651537022e-01 2.159989143062699540e-02 3.154179370423950666e-08
7.557523872651537022e-01 2.227488803783408966e-02 3.542038235220574740e-08
7.557523872651537022e-01 2.294988464504118392e-02 3.878618357510454990e-08
7.557523872651537022e-01 2.362488125224827470e-02 4.159216446882466184e-08
7.557523872651537022e-01 2.429987785945536896e-02 4.347151491384848541e-08
7.557523872651537022e-01 2.497487446666246322e-02 4.451529842937643378e-08
7.557523872651537022e-01 2.564987107386955748e-02 4.451608320767236465e-08
7.557523872651537022e-01 2.632486768107665173e-02 4.358692097554718097e-08
7.557523872651537022e-01 2.699986428828374252e-02 4.192816979926942862e-08
7.557523872651537022e-01 2.767486089549083678e-02 3.938975250619721021e-08
7.557523872651537022e-01 2.834985750269793103e-02 3.643864971239325876e-08
7.557523872651537022e-01 2.902485410990502529e-02 3.297782606474902161e-08
7.557523872651537022e-01 2.969985071711211955e-02 2.940145756893256856e-08
7.557523872651537022e-01 3.037484732431921380e-02 2.571227537258947516e-08
7.557523872651537022e-01 3.104984393152630459e-02 2.214376047306560071e-08
7.557523872651537022e-01 3.172484053873340232e-02 1.875306440128713597e-08
7.557523872651537022e-01 3.239983714594049657e-02 1.563884845998341895e-08
7.557523872651537022e-01 3.307483375314758389e-02 1.283412887019036522e-08
7.557523872651537022e-01 3.374983036035467815e-02 1.039136086286167443e-08
7.557523872651537022e-01 3.442482696756177241e-02 8.287502998858854607e-09
7.557523872651537022e-01 3.509982357476886666e-02 6.512232521673938126e-09
7.557523872651537022e-01 3.577482018197596092e-02 5.043933485601142848e-09
7.557523872651537022e-01 3.644981678918305518e-02 3.856037516685140665e-09
7.557523872651537022e-01 3.712481339639014943e-02 2.910814034557893558e-09
7.557523872651537022e-01 3.779981000359724369e-02 2.171108766216244746e-09
7.557523872651537022e-01 3.847480661080433795e-02 1.600993654636693090e-09
7.557523872651537022e-01 3.914980321801143220e-02 1.166815892323305911e-09
7.557523872651537022e-01 3.982479982521851952e-02 8.406551272265342221e-10
7.557523872651537022e-01 4.049979643242561378e-02 5.988538417307999503e-10
7.557523872651537022e-01 4.117479303963270804e-02 4.223022527578869812e-10
7.557523872651537022e-01 4.184978964683980229e-02 2.946537341459893732e-10
7.557523872651537022e-01 4.252478625404689655e-02 2.026081097503775124e-10
7.557523872651537022e-01 4.319978286125399081e-02 1.379140526496690796e-10
7.557523872651537022e-01 4.387477946846108506e-02 9.302633604519309569e-11
7.557523872651537022e-01 4.454977607566817932e-02 6.221629516836657109e-11
7.557523872651537022e-01 4.522477268287527358e-02 4.127056493008019982e-11
7.557523872651537022e-01 4.589976929008236783e-02 2.711753066709582341e-11
7.557523872651537022e-01 4.657476589728946209e-02 1.768043320451792990e-11
7.557523872651537022e-01 4.724976250449654941e-02 1.143967778471730456e-11
7.557523872651537022e-01 4.792475911170364367e-02 7.318902366370752494e-12
7.557523872651537022e-01 4.859975571891073792e-02 4.648139543768460065e-12
7.557523872651537022e-01 4.927475232611783218e-02 2.932368287271088848e-12
7.557523872651537022e-01 4.994974893332492644e-02 1.836431096654781346e-12
7.557523872651537022e-01 5.062474554053202069e-02 1.142565145570882690e-12
7.557523872651537022e-01 5.129974214773911495e-02 7.053717433360306864e-13
7.557523872651537022e-01 5.197473875494620921e-02 4.319975237237719035e-13
7.557523872651537022e-01 5.264973536215330346e-02 2.630613326102680766e-13
7.557523872651537022e-01 5.332473196936039772e-02 1.592240090971513946e-13
7.557523872651537022e-01 5.399972857656748504e-02 9.580768657148497941e-14
7.557523872651537022e-01 5.467472518377457930e-02 5.721548280624680697e-14
7.557523872651537022e-01 5.534972179098167355e-02 3.398153231356426386e-14
7.557523872651537022e-01 5.602471839818876781e-02 2.008424324617198239e-14
7.557523872651537022e-01 5.669971500539586207e-02 1.179957585413817330e-14
7.557523872651537022e-01 5.737471161260295632e-02 6.889805322764722278e-15
7.557523872651537022e-01 5.804970821981005058e-02 4.002788522334141578e-15
7.557523872651537022e-01 5.872470482701714484e-02 2.315775190437482942e-15
7.557523872651537022e-01 5.939970143422423909e-02 1.331132128921980955e-15
7.557523872651537022e-01 6.007469804143133335e-02 7.620179507822388907e-16
7.557523872651537022e-01 6.074969464863842761e-02 4.343002208616398186e-16
7.557523872651537022e-01 6.142469125584551493e-02 2.462522960836714773e-16
7.557523872651537022e-01 6.209968786305260918e-02 1.389896102712630974e-16
7.557523872651537022e-01 6.277468447025970344e-02 7.817004105487540411e-17
7.557523872651537022e-01 6.344968107746680464e-02 4.371892701368992604e-17
7.557523872651537022e-01 6.412467768467389195e-02 2.435366039003832888e-17
7.557523872651537022e-01 6.479967429188099315e-02 1.351847537451074641e-17
7.557523872651537022e-01 6.547467089908808047e-02 7.468613393333994774e-18
7.557523872651537022e-01 6.614966750629516778e-02 4.114081126453223247e-18
7.557523872651537022e-01 6.682466411350226898e-02 2.256778425862390194e-18
7.637541733610632155e-01 0.000000000000000000e+00 5.305416229362537304e-21
7.637541733610632155e-01 6.749966072070936064e-04 8.328732617229314951e-20
7.637541733610632155e-01 1.349993214414187213e-03 8.536078950320224379e-19
7.637541733610632155e-01 2.024989821621281036e-03 6.565638922444437576e-18
7.637541733610632155e-01 2.699986428828374425e-03 4.068259185400954320e-17
7.637541733610632155e-01 3.374983036035467815e-03 2.150408078285710857e-16
7.637541733610632155e-01 4.049979643242562072e-03 9.886259672101484330e-16
7.637541733610632155e-01 4.724976250449655461e-03 4.034874937453978177e-15
7.637541733610632155e-01 5.399972857656748851e-03 1.480730457571567255e-14
7.637541733610632155e-01 6.074969464863842240e-03 4.938023099699047311e-14
7.637541733610632155e-01 6.749966072070935630e-03 1.509566117905666678e-13
7.637541733610632155e-01 7.424962679278029887e-03 4.260906914216409668e-13
7.637541733610632155e-01 8.099959286485124144e-03 1.118074238465767821e-12
7.637541733610632155e-01 8.774955893692216666e-03 2.742844743083756267e-12
7.637541733610632155e-01 9.449952500899310923e-03 6.321421931484927818e-12
7.637541733610632155e-01 1.012494910810640344e-02 1.374425028488187712e-11
7.637541733610632155e-01 1.079994571531349770e-02 2.830063723869377519e-11
7.637541733610632155e-01 1.147494232252059196e-02 5.538160573358600782e-11
7.637541733610632155e-01 1.214993892972768448e-02 1.033119060766692302e-10
7.637541733610632155e-01 1.282493553693477874e-02 1.842248210293533530e-10
7.637541733610632155e-01 1.349993214414187126e-02 3.148342062585606827e-10
7.637541733610632155e-01 1.417492875134896552e-02 5.168575238864825970e-10
7.637541733610632155e-01 1.484992535855605977e-02 8.168221513076179079e-10
7.637541733610632155e-01 1.552492196576315230e-02 1.245121362648434415e-09
7.637541733610632155e-01 1.619991857297024829e-02 1.834067377447700272e-09
7.637541733610632155e-01 1.687491518017733907e-02 2.614743838423330218e-09
7.637541733610632155e-01 1.754991178738443333e-02 3.613732871475060992e-09
7.637541733610632155e-01 1.822490839459152759e-02 4.840142762868911850e-09
7.637541733610632155e-01 1.889990500179862185e-02 6.286201512806199858e-09
7.637541733610632155e-01 1.957490160900571610e-02 7.948723100409374978e-09
7.637541733610632155e-01 2.024989821621280689e-02 9.797736687412094378e-09
7.637541733610632155e-01 2.092489482341990115e-02 1.171694400308877875e-08
7.637541733610632155e-01 2.159989143062699540e-02 1.358949672309885446e-08
7.637541733610632155e-01 2.227488803783408966e-02 1.530376893078078692e-08
7.637541733610632155e-01 2.294988464504118392e-02 1.680145643293337480e-08
7.637541733610632155e-01 2.362488125224827470e-02 1.806434933130258828e-08
7.637541733610632155e-01 2.429987785945536896e-02 1.893011612143535033e-08
7.637541733610632155e-01 2.497487446666246322e-02 1.943724022935155881e-08
7.637541733610632155e-01 2.564987107386955748e-02 1.948919854391726080e-08
7.637541733610632155e-01 2.632486768107665173e-02 1.913319969436077141e-08
7.637541733610632155e-01 2.699986428828374252e-02 1.845599608523227872e-08
7.637541733610632155e-01 2.767486089549083678e-02 1.738576598963590255e-08
7.637541733610632155e-01 2.834985750269793103e-02 1.612661552743844212e-08
7.637541733610632155e-01 2.902485410990502529e-02 1.463558235256275397e-08
7.637541733610632155e-01 2.969985071711211955e-02 1.308295154396720539e-08
7.637541733610632155e-01 3.037484732431921380e-02 1.147204428489236269e-08
7.637541733610632155e-01 3.104984393152630459e-02 9.905822789353078011e-09
7.637541733610632155e-01 3.172484053873340232e-02 8.411605102320131768e-09
7.637541733610632155e-01 3.239983714594049657e-02 7.032698101634800613e-09
7.637541733610632155e-01 3.307483375314758389e-02 5.786914497655903334e-09
7.637541733610632155e-01 3.374983036035467815e-02 4.697835755347904508e-09
7.637541733610632155e-01 3.442482696756177241e-02 3.756117351632426085e-09
7.637541733610632155e-01 3.509982357476886666e-02 2.959174572491054122e-09
7.637541733610632155e-01 3.577482018197596092e-02 2.297654911207129458e-09
7.637541733610632155e-01 3.644981678918305518e-02 1.760788248040669419e-09
7.637541733610632155e-01 3.712481339639014943e-02 1.332417837370407856e-09
7.637541733610632155e-01 3.779981000359724369e-02 9.962496614763286752e-10
7.637541733610632155e-01 3.847480661080433795e-02 7.363366422366015472e-10
7.637541733610632155e-01 3.914980321801143220e-02 5.378814818574839899e-10
7.637541733610632155e-01 3.982479982521851952e-02 3.884202221844499806e-10
7.637541733610632155e-01 4.049979643242561378e-02 2.773343955748595041e-10
7.637541733610632155e-01 4.117479303963270804e-02 1.960241753351494651e-10
7.637541733610632155e-01 4.184978964683980229e-02 1.371034071229380699e-10
7.637541733610632155e-01 4.252478625404689655e-02 9.449049661532333724e-11
7.637541733610632155e-01 4.319978286125399081e-02 6.446573908196956675e-11
7.637541733610632155e-01 4.387477946846108506e-02 4.358259657867810721e-11
7.637541733610632155e-01 4.454977607566817932e-02 2.921381431621211634e-11
7.637541733610632155e-01 4.522477268287527358e-02 1.942028876080741796e-11
7.637541733610632155e-01 4.589976929008236783e-02 1.278963754495741915e-11
7.637541733610632155e-01 4.657476589728946209e-02 8.357843474174702198e-12
7.637541733610632155e-01 4.724976250449654941e-02 5.420860724683225369e-12
7.637541733610632155e-01 4.792475911170364367e-02 3.476457933479864592e-12
7.637541733610632155e-01 4.859975571891073792e-02 2.213079031966386215e-12
7.637541733610632155e-01 4.927475232611783218e-02 1.399364596065454869e-12
7.637541733610632155e-01 4.994974893332492644e-02 8.783749310737810870e-13
7.637541733610632155e-01 5.062474554053202069e-02 5.476951883208888372e-13
7.637541733610632155e-01 5.129974214773911495e-02 3.389151463751788000e-13
7.637541733610632155e-01 5.197473875494620921e-02 2.080374389398067100e-13
7.637541733610632155e-01 5.264973536215330346e-02 1.269695358394425426e-13
7.637541733610632155e-01 5.332473196936039772e-02 7.702247912864459472e-14
7.637541733610632155e-01 5.399972857656748504e-02 4.645254466071030261e-14
7.637541733610632155e-01 5.467472518377457930e-02 2.780331191311464118e-14
7.637541733610632155e-01 5.534972179098167355e-02 1.654964472850150388e-14
7.637541733610632155e-01 5.602471839818876781e-02 9.803233672078433794e-15
7.637541733610632155e-01 5.669971500539586207e-02 5.772436254982349496e-15
7.637541733610632155e-01 5.737471161260295632e-02 3.377582288246809820e-15
7.637541733610632155e-01 5.804970821981005058e-02 1.966435122689846626e-15
7.637541733610632155e-01 5.872470482701714484e-02 1.140012771613136197e-15
7.637541733610632155e-01 5.939970143422423909e-02 6.567036574117152568e-16
7.637541733610632155e-01 6.007469804143133335e-02 3.767077414253910680e-16
7.637541733610632155e-01 6.074969464863842761e-02 2.151338887424712319e-16
7.637541733610632155e-01 6.142469125584551493e-02 1.222471280156223784e-16
7.637541733610632155e-01 6.209968786305260918e-02 6.914138471007593942e-17
7.637541733610632155e-01 6.277468447025970344e-02 3.896378240288705555e-17
7.637541733610632155e-01 6.344968107746680464e-02 2.183679141196954896e-17
7.637541733610632155e-01 6.412467768467389195e-02 1.218783301783878902e-17
7.637541733610632155e-01 6.479967429188099315e-02 6.779100193610774848e-18
7.637541733610632155e-01 6.547467089908808047e-02 3.752599847035590646e-18
7.637541733610632155e-01 6.614966750629516778e-02 2.071135326138120742e-18
7.637541733610632155e-01 6.682466411350226898e-02 1.138469216897349672e-18
7.717559594569727288e-01 0.000000000000000000e+00 2.054811558923193452e-21
7.717559594569727288e-01 6.749966072070936064e-04 3.245571672794550853e-20
7.717559594569727288e-01 1.349993214414187213e-03 3.341533820921544061e-19
7.717559594569727288e-01 2.024989821621281036e-03 2.581000562792075166e-18
7.717559594569727288e-01 2.699986428828374425e-03 1.605430705997245757e-17
7.717559594569727288e-01 3.374983036035467815e-03 8.517709001503955130e-17
7.717559594569727288e-01 4.049979643242562072e-03 3.929952756398897878e-16
7.717559594569727288e-01 4.724976250449655461e-03 1.609507036766802439e-15
7.717559594569727288e-01 5.399972857656748851e-03 5.926724789939683812e-15
7.717559594569727288e-01 6.074969464863842240e-03 1.982903943734364832e-14
7.717559594569727288e-01 6.749966072070935630e-03 6.081619131115836892e-14
7.717559594569727288e-01 7.424962679278029887e-03 1.722085713135325939e-13
7.717559594569727288e-01 8.099959286485124144e-03 4.533253749787966345e-13
7.717559594569727288e-01 8.774955893692216666e-03 1.115533402030321616e-12
7.717559594569727288e-01 9.449952500899310923e-03 2.578996573875394500e-12
7.717559594569727288e-01 1.012494910810640344e-02 5.625120470323166091e-12
7.717559594569727288e-01 1.079994571531349770e-02 1.161920452311240595e-11
7.717559594569727288e-01 1.147494232252059196e-02 2.280645763920033517e-11
7.717559594569727288e-01 1.214993892972768448e-02 4.266951523693894354e-11
7.717559594569727288e-01 1.282493553693477874e-02 7.630839060758334719e-11
7.717559594569727288e-01 1.349993214414187126e-02 1.307800382963677457e-10
7.717559594569727288e-01 1.417492875134896552e-02 2.152946488703148844e-10
7.717559594569727288e-01 1.484992535855605977e-02 3.411912517956722351e-10
7.717559594569727288e-01 1.552492196576315230e-02 5.214823652650867069e-10
7.717559594569727288e-01 1.619991857297024829e-02 7.701873790019408477e-10
7.717559594569727288e-01 1.687491518017733907e-02 1.100994553276592008e-09
7.717559594569727288e-01 1.754991178738443333e-02 1.525717635216938550e-09
7.717559594569727288e-01 1.822490839459152759e-02 2.048920865077589562e-09
7.717559594569727288e-01 1.889990500179862185e-02 2.667925842982544027e-09
7.717559594569727288e-01 1.957490160900571610e-02 3.382471585085296934e-09
7.717559594569727288e-01 2.024989821621280689e-02 4.180365404855479773e-09
7.717559594569727288e-01 2.092489482341990115e-02 5.012626310923590778e-09
7.717559594569727288e-01 2.159989143062699540e-02 5.829059941861034650e-09
7.717559594569727288e-01 2.227488803783408966e-02 6.582845084707639418e-09
7.717559594569727288e-01 2.294988464504118392e-02 7.245817673370754656e-09
7.717559594569727288e-01 2.362488125224827470e-02 7.810811819338476034e-09
7.717559594569727288e-01 2.429987785945536896e-02 8.205039372266462796e-09
7.717559594569727288e-01 2.497487446666246322e-02 8.446445264874476403e-09
7.717559594569727288e-01 2.564987107386955748e-02 8.489579031171704214e-09
7.717559594569727288e-01 2.632486768107665173e-02 8.354388386558281589e-09
7.717559594569727288e-01 2.699986428828374252e-02 8.079050101799879008e-09
7.717559594569727288e-01 2.767486089549083678e-02 7.628909087334330398e-09
7.717559594569727288e-01 2.834985750269793103e-02 7.093101622176680308e-09
7.717559594569727288e-01 2.902485410990502529e-02 6.453412367005071370e-09
7.717559594569727288e-01 2.969985071711211955e-02 5.782813224644273463e-09
7.717559594569727288e-01 3.037484732431921380e-02 5.083287394766761337e-09
7.717559594569727288e-01 3.104984393152630459e-02 4.399638565087083958e-09
7.717559594569727288e-01 3.172484053873340232e-02 3.745028024808921312e-09
7.717559594569727288e-01 3.239983714594049657e-02 3.138508914962279713e-09
7.717559594569727288e-01 3.307483375314758389e-02 2.588741513117324646e-09
7.717559594569727288e-01 3.374983036035467815e-02 2.106468750018054541e-09
7.717559594569727288e-01 3.442482696756177241e-02 1.687896015227138486e-09
7.717559594569727288e-01 3.509982357476886666e-02 1.332932658080914227e-09
7.717559594569727288e-01 3.577482018197596092e-02 1.037503864259377983e-09
7.717559594569727288e-01 3.644981678918305518e-02 7.969547430269168476e-10
7.717559594569727288e-01 3.712481339639014943e-02 6.045268227870441220e-10
7.717559594569727288e-01 3.779981000359724369e-02 4.531172019514460057e-10
7.717559594569727288e-01 3.847480661080433795e-02 3.356991199499070769e-10
7.717559594569727288e-01 3.914980321801143220e-02 2.458278853399485421e-10
7.717559594569727288e-01 3.982479982521851952e-02 1.779611144725430633e-10
7.717559594569727288e-01 4.049979643242561378e-02 1.273780294987430412e-10
7.717559594569727288e-01 4.117479303963270804e-02 9.025416104888050940e-11
7.717559594569727288e-01 4.184978964683980229e-02 6.328268356563045003e-11
7.717559594569727288e-01 4.252478625404689655e-02 4.372548927945522235e-11
7.717559594569727288e-01 4.319978286125399081e-02 2.990668110779512086e-11
7.717559594569727288e-01 4.387477946846108506e-02 2.026850101892754889e-11
7.717559594569727288e-01 4.454977607566817932e-02 1.361914883186677474e-11
7.717559594569727288e-01 4.522477268287527358e-02 9.075046290693306184e-12
7.717559594569727288e-01 4.589976929008236783e-02 5.991130660377279780e-12
7.717559594569727288e-01 4.657476589728946209e-02 3.924635270778957742e-12
7.717559594569727288e-01 4.724976250449654941e-02 2.551787485682208947e-12
7.717559594569727288e-01 4.792475911170364367e-02 1.640554300053150161e-12
7.717559594569727288e-01 4.859975571891073792e-02 1.046915975128470928e-12
7.717559594569727288e-01 4.927475232611783218e-02 6.636001490477037814e-13
7.717559594569727288e-01 4.994974893332492644e-02 4.175319437487577652e-13
7.717559594569727288e-01 5.062474554053202069e-02 2.609272294712036760e-13
7.717559594569727288e-01 5.129974214773911495e-02 1.618374971855564529e-13
7.717559594569727288e-01 5.197473875494620921e-02 9.956106026503644364e-14
7.717559594569727288e-01 5.264973536215330346e-02 6.089691120805929205e-14
7.717559594569727288e-01 5.332473196936039772e-02 3.702091084835373696e-14
7.717559594569727288e-01 5.399972857656748504e-02 2.237616235160249509e-14
7.717559594569727288e-01 5.467472518377457930e-02 1.342114097385455979e-14
7.717559594569727288e-01 5.534972179098167355e-02 8.005543053580953380e-15
7.717559594569727288e-01 5.602471839818876781e-02 4.752110844161812085e-15
7.717559594569727288e-01 5.669971500539586207e-02 2.804073290807526168e-15
7.717559594569727288e-01 5.737471161260295632e-02 1.644236550050986547e-15
7.717559594569727288e-01 5.804970821981005058e-02 9.592586049817118240e-16
7.717559594569727288e-01 5.872470482701714484e-02 5.572932995551719131e-16
7.717559594569727288e-01 5.939970143422423909e-02 3.217221922063201300e-16
7.717559594569727288e-01 6.007469804143133335e-02 1.849401729614201727e-16
7.717559594569727288e-01 6.074969464863842761e-02 1.058406062309149150e-16
7.717559594569727288e-01 6.142469125584551493e-02 6.027380229858374119e-17
7.717559594569727288e-01 6.209968786305260918e-02 3.416162074874673766e-17
7.717559594569727288e-01 6.277468447025970344e-02 1.929390451477799053e-17
7.717559594569727288e-01 6.344968107746680464e-02 1.083641565462460727e-17
7.717559594569727288e-01 6.412467768467389195e-02 6.061133269576710028e-18
7.717559594569727288e-01 6.479967429188099315e-02 3.378683842461586493e-18
7.717559594569727288e-01 6.547467089908808047e-02 1.874159742813151303e-18
7.717559594569727288e-01 6.614966750629516778e-02 1.036552916535946617e-18
7.717559594569727288e-01 6.682466411350226898e-02 5.710025543630691344e-19
7.797577455528823531e-01 0.000000000000000000e+00 7.915671843331558049e-22
7.797577455528823531e-01 6.749966072070936064e-04 1.257834985419169986e-20
7.797577455528823531e-01 1.349993214414187213e-03 1.300853760675683418e-19
7.797577455528823531e-01 2.024989821621281036e-03 1.008882681185628325e-18
7.797577455528823531e-01 2.699986428828374425e-03 6.298807036906612856e-18
7.797577455528823531e-01 3.374983036035467815e-03 3.354068236572404012e-17
7.797577455528823531e-01 4.049979643242562072e-03 1.553060021809537445e-16
7.797577455528823531e-01 4.724976250449655461e-03 6.382479478130648168e-16
7.797577455528823531e-01 5.399972857656748851e-03 2.358057273594365435e-15
7.797577455528823531e-01 6.074969464863842240e-03 7.915396697657624072e-15
7.797577455528823531e-01 6.749966072070935630e-03 2.435363885002819514e-14
7.797577455528823531e-01 7.424962679278029887e-03 6.917431589168037572e-14
7.797577455528823531e-01 8.099959286485124144e-03 1.826585662022732200e-13
7.797577455528823531e-01 8.774955893692216666e-03 4.508621970492401286e-13
7.797577455528823531e-01 9.449952500899310923e-03 1.045472124851079825e-12
7.797577455528823531e-01 1.012494910810640344e-02 2.287037177569529037e-12
7.797577455528823531e-01 1.079994571531349770e-02 4.737934524180027707e-12
7.797577455528823531e-01 1.147494232252059196e-02 9.327006672880441725e-12
7.797577455528823531e-01 1.214993892972768448e-02 1.750217765405985041e-11
7.797577455528823531e-01 1.282493553693477874e-02 3.139004372694441034e-11
7.797577455528823531e-01 1.349993214414187126e-02 5.395326127099382999e-11
7.797577455528823531e-01 1.417492875134896552e-02 8.907434343056383475e-11
7.797577455528823531e-01 1.484992535855605977e-02 1.415563846553375434e-10
7.797577455528823531e-01 1.552492196576315230e-02 2.169755075134375535e-10
7.797577455528823531e-01 1.619991857297024829e-02 3.213444505238901578e-10
7.797577455528823531e-01 1.687491518017733907e-02 4.606323157268120311e-10
7.797577455528823531e-01 1.754991178738443333e-02 6.401085627093768169e-10
7.797577455528823531e-01 1.822490839459152759e-02 8.620229118904047859e-10
7.797577455528823531e-01 1.889990500179862185e-02 1.125524110539906332e-09
7.797577455528823531e-01 1.957490160900571610e-02 1.430802974221753923e-09
7.797577455528823531e-01 2.024989821621280689e-02 1.773010055979401903e-09
7.797577455528823531e-01 2.092489482341990115e-02 2.131783062891013030e-09
7.797577455528823531e-01 2.159989143062699540e-02 2.485491934454685630e-09
7.797577455528823531e-01 2.227488803783408966e-02 2.814849112067319999e-09
7.797577455528823531e-01 2.294988464504118392e-02 3.106571024512560530e-09
7.797577455528823531e-01 2.362488125224827470e-02 3.357898176967931326e-09
7.797577455528823531e-01 2.429987785945536896e-02 3.536977491230063591e-09
7.797577455528823531e-01 2.497487446666246322e-02 3.651212033595290896e-09
7.797577455528823531e-01 2.564987107386955748e-02 3.679738789646355617e-09
7.797577455528823531e-01 2.632486768107665173e-02 3.630242401499954323e-09
7.797577455528823531e-01 2.699986428828374252e-02 3.519737375229668432e-09
7.797577455528823531e-01 2.767486089549083678e-02 3.331918133835002003e-09
7.797577455528823531e-01 2.834985750269793103e-02 3.105500520958279970e-09
7.797577455528823531e-01 2.902485410990502529e-02 2.832652485444777436e-09
7.797577455528823531e-01 2.969985071711211955e-02 2.544308680735840629e-09
7.797577455528823531e-01 3.037484732431921380e-02 2.242055118718110952e-09
7.797577455528823531e-01 3.104984393152630459e-02 1.945122248354740547e-09
7.797577455528823531e-01 3.172484053873340232e-02 1.659649464566420820e-09
7.797577455528823531e-01 3.239983714594049657e-02 1.394117568454455078e-09
7.797577455528823531e-01 3.307483375314758389e-02 1.152759864653560191e-09
7.797577455528823531e-01 3.374983036035467815e-02 9.403332800162685020e-10
7.797577455528823531e-01 3.442482696756177241e-02 7.552596283302365080e-10
7.797577455528823531e-01 3.509982357476886666e-02 5.979076462203471161e-10
7.797577455528823531e-01 3.577482018197596092e-02 4.665104988235785931e-10
7.797577455528823531e-01 3.644981678918305518e-02 3.591900384934816444e-10
7.797577455528823531e-01 3.712481339639014943e-02 2.731100720193858473e-10
7.797577455528823531e-01 3.779981000359724369e-02 2.051938591778764303e-10
7.797577455528823531e-01 3.847480661080433795e-02 1.523768157743982933e-10
7.797577455528823531e-01 3.914980321801143220e-02 1.118356447084688122e-10
7.797577455528823531e-01 3.982479982521851952e-02 8.114505194715519074e-11
7.797577455528823531e-01 4.049979643242561378e-02 5.821129944326365823e-11
7.797577455528823531e-01 4.117479303963270804e-02 4.133661886306526058e-11
7.797577455528823531e-01 4.184978964683980229e-02 2.905025984706007627e-11
7.797577455528823531e-01 4.252478625404689655e-02 2.011710889035072072e-11
7.797577455528823531e-01 4.319978286125399081e-02 1.379112940289334458e-11
7.797577455528823531e-01 4.387477946846108506e-02 9.368022720095921464e-12
7.797577455528823531e-01 4.454977607566817932e-02 6.308556902499593760e-12
7.797577455528823531e-01 4.522477268287527358e-02 4.212687159549338383e-12
7.797577455528823531e-01 4.589976929008236783e-02 2.787226379589473856e-12
7.797577455528823531e-01 4.657476589728946209e-02 1.829784139424380230e-12
7.797577455528823531e-01 4.724976250449654941e-02 1.192270626099175092e-12
7.797577455528823531e-01 4.792475911170364367e-02 7.682114703084455890e-13
7.797577455528823531e-01 4.859975571891073792e-02 4.912613566032920953e-13
7.797577455528823531e-01 4.927475232611783218e-02 3.120473706447513655e-13
7.797577455528823531e-01 4.994974893332492644e-02 1.967378926677258517e-13
7.797577455528823531e-01 5.062474554053202069e-02 1.232183122123916277e-13
7.797577455528823531e-01 5.129974214773911495e-02 7.659998784372571955e-14
7.797577455528823531e-01 5.197473875494620921e-02 4.722662948868683422e-14
7.797577455528823531e-01 5.264973536215330346e-02 2.895126229957607462e-14
7.797577455528823531e-01 5.332473196936039772e-02 1.764073324767721485e-14
7.797577455528823531e-01 5.399972857656748504e-02 1.068771171518297073e-14
7.797577455528823531e-01 5.467472518377457930e-02 6.425148367613646247e-15
7.797577455528823531e-01 5.534972179098167355e-02 3.841204080621574503e-15
7.797577455528823531e-01 5.602471839818876781e-02 2.285120965937091585e-15
7.797577455528823531e-01 5.669971500539586207e-02 1.351467416082992151e-15
7.797577455528823531e-01 5.737471161260295632e-02 7.942304520352300818e-16
7.797577455528823531e-01 5.804970821981005058e-02 4.644179223260546325e-16
7.797577455528823531e-01 5.872470482701714484e-02 2.704197771488655913e-16
7.797577455528823531e-01 5.939970143422423909e-02 1.564819871929523529e-16
7.797577455528823531e-01 6.007469804143133335e-02 9.015737316262484350e-17
7.797577455528823531e-01 6.074969464863842761e-02 5.171344042823175256e-17
7.797577455528823531e-01 6.142469125584551493e-02 2.951795468375482901e-17
7.797577455528823531e-01 6.209968786305260918e-02 1.676714141770288542e-17
7.797577455528823531e-01 6.277468447025970344e-02 9.491055384497201519e-18
7.797577455528823531e-01 6.344968107746680464e-02 5.343092038765984353e-18
7.797577455528823531e-01 6.412467768467389195e-02 2.995394486702409239e-18
7.797577455528823531e-01 6.479967429188099315e-02 1.673614450544421232e-18
7.797577455528823531e-01 6.547467089908808047e-02 9.303700663335209452e-19
7.797577455528823531e-01 6.614966750629516778e-02 5.156331125841206025e-19
7.797577455528823531e-01 6.682466411350226898e-02 2.846339853255809610e-19
7.877595316487918664e-01 0.000000000000000000e+00 3.039259103624864155e-22
7.877595316487918664e-01 6.749966072070936064e-04 4.859510773409051514e-21
7.877595316487918664e-01 1.349993214414187213e-03 5.048162526087171301e-20
7.877595316487918664e-01 2.024989821621281036e-03 3.930484744001241515e-19
7.877595316487918664e-01 2.699986428828374425e-03 2.462831727225942355e-18
7.877595316487918664e-01 3.374983036035467815e-03 1.316081503215315131e-17
7.877595316487918664e-01 4.049979643242562072e-03 6.114477821610963432e-17
7.877595316487918664e-01 4.724976250449655461e-03 2.521149193672007001e-16
7.877595316487918664e-01 5.399972857656748851e-03 9.345010150591041353e-16
7.877595316487918664e-01 6.074969464863842240e-03 3.146627501782192655e-15
7.877595316487918664e-01 6.749966072070935630e-03 9.711863165867982299e-15
7.877595316487918664e-01 7.424962679278029887e-03 2.766807090667785961e-14
7.877595316487918664e-01 8.099959286485124144e-03 7.327739246106112250e-14
7.877595316487918664e-01 8.774955893692216666e-03 1.814006159258868635e-13
7.877595316487918664e-01 9.449952500899310923e-03 4.218438608822071414e-13
7.877595316487918664e-01 1.012494910810640344e-02 9.254347230173901697e-13
7.877595316487918664e-01 1.079994571531349770e-02 1.922555236572200940e-12
7.877595316487918664e-01 1.147494232252059196e-02 3.795417634055072899e-12
7.877595316487918664e-01 1.214993892972768448e-02 7.141821871879973107e-12
7.877595316487918664e-01 1.282493553693477874e-02 1.284578483927672396e-11
7.877595316487918664e-01 1.349993214414187126e-02 2.214125329143717521e-11
7.877595316487918664e-01 1.417492875134896552e-02 3.665646889266478829e-11
7.877595316487918664e-01 1.484992535855605977e-02 5.841746574071031203e-11
7.877595316487918664e-01 1.552492196576315230e-02 8.978533288647006353e-11
7.877595316487918664e-01 1.619991857297024829e-02 1.333409010357979455e-10
7.877595316487918664e-01 1.687491518017733907e-02 1.916598853883772906e-10
7.877595316487918664e-01 1.754991178738443333e-02 2.670564302629940371e-10
7.877595316487918664e-01 1.822490839459152759e-02 3.606177771233913532e-10
7.877595316487918664e-01 1.889990500179862185e-02 4.721297215914619935e-10
7.877595316487918664e-01 1.957490160900571610e-02 6.017938772864905211e-10
7.877595316487918664e-01 2.024989821621280689e-02 7.476493706401719131e-10
7.877595316487918664e-01 2.092489482341990115e-02 9.013224036802445071e-10
7.877595316487918664e-01 2.159989143062699540e-02 1.053554843646676394e-09
7.877595316487918664e-01 2.227488803783408966e-02 1.196415439468794996e-09
7.877595316487918664e-01 2.294988464504118392e-02 1.323754974766368665e-09
7.877595316487918664e-01 2.362488125224827470e-02 1.434510090221023931e-09
7.877595316487918664e-01 2.429987785945536896e-02 1.514863090370848221e-09
7.877595316487918664e-01 2.497487446666246322e-02 1.567854959391529341e-09
7.877595316487918664e-01 2.564987107386955748e-02 1.584014094492431156e-09
7.877595316487918664e-01 2.632486768107665173e-02 1.566679292276422710e-09
7.877595316487918664e-01 2.699986428828374252e-02 1.522902089656121568e-09
7.877595316487918664e-01 2.767486089549083678e-02 1.445231503814397237e-09
7.877595316487918664e-01 2.834985750269793103e-02 1.350354078244828385e-09
7.877595316487918664e-01 2.902485410990502529e-02 1.234910714001571297e-09
7.877595316487918664e-01 2.969985071711211955e-02 1.111999857242309171e-09
7.877595316487918664e-01 3.037484732431921380e-02 9.823910911714931488e-10
7.877595316487918664e-01 3.104984393152630459e-02 8.543999132082202940e-10
7.877595316487918664e-01 3.172484053873340232e-02 7.308624276448066573e-10
7.877595316487918664e-01 3.239983714594049657e-02 6.154150177101817490e-10
7.877595316487918664e-01 3.307483375314758389e-02 5.101559495828435895e-10
7.877595316487918664e-01 3.374983036035467815e-02 4.171866048559850192e-10
7.877595316487918664e-01 3.442482696756177241e-02 3.358895437755756227e-10
7.877595316487918664e-01 3.509982357476886666e-02 2.665764866098367087e-10
7.877595316487918664e-01 3.577482018197596092e-02 2.085075989748533500e-10
7.877595316487918664e-01 3.644981678918305518e-02 1.609267543738077597e-10
7.877595316487918664e-01 3.712481339639014943e-02 1.226613929937796429e-10
7.877595316487918664e-01 3.779981000359724369e-02 9.238737421308650778e-11
7.877595316487918664e-01 3.847480661080433795e-02 6.877330757334340212e-11
7.877595316487918664e-01 3.914980321801143220e-02 5.060344368670450551e-11
7.877595316487918664e-01 3.982479982521851952e-02 3.680825709871803045e-11
7.877595316487918664e-01 4.049979643242561378e-02 2.647036329087192602e-11
7.877595316487918664e-01 4.117479303963270804e-02 1.883997904225696799e-11
7.877595316487918664e-01 4.184978964683980229e-02 1.327285235991956291e-11
7.877595316487918664e-01 4.252478625404689655e-02 9.212454825696325272e-12
7.877595316487918664e-01 4.319978286125399081e-02 6.329910196305661690e-12
7.877595316487918664e-01 4.387477946846108506e-02 4.309215147729666410e-12
7.877595316487918664e-01 4.454977607566817932e-02 2.908532183209437566e-12
7.877595316487918664e-01 4.522477268287527358e-02 1.946368755933568483e-12
7.877595316487918664e-01 4.589976929008236783e-02 1.290624979477823553e-12
7.877595316487918664e-01 4.657476589728946209e-02 8.491645546003384102e-13
7.877595316487918664e-01 4.724976250449654941e-02 5.545243236980815482e-13
7.877595316487918664e-01 4.792475911170364367e-02 3.581192717081528908e-13
7.877595316487918664e-01 4.859975571891073792e-02 2.295292781485502821e-13
7.877595316487918664e-01 4.927475232611783218e-02 1.461174913235899517e-13
7.877595316487918664e-01 4.994974893332492644e-02 9.232575926003033582e-14
7.877595316487918664e-01 5.062474554053202069e-02 5.795052488309530275e-14
7.877595316487918664e-01 5.129974214773911495e-02 3.610763265652782289e-14
7.877595316487918664e-01 5.197473875494620921e-02 2.230991942902264428e-14
7.877595316487918664e-01 5.264973536215330346e-02 1.370629247950561540e-14
7.877595316487918664e-01 5.332473196936039772e-02 8.369143200203811252e-15
7.877595316487918664e-01 5.399972857656748504e-02 5.081122336224142118e-15
7.877595316487918664e-01 5.467472518377457930e-02 3.061072167303914289e-15
7.877595316487918664e-01 5.534972179098167355e-02 1.833821932677297213e-15
7.877595316487918664e-01 5.602471839818876781e-02 1.093128282059214492e-15
7.877595316487918664e-01 5.669971500539586207e-02 6.478871110575422852e-16
7.877595316487918664e-01 5.737471161260295632e-02 3.815325819704231175e-16
7.877595316487918664e-01 5.804970821981005058e-02 2.235650958044266078e-16
7.877595316487918664e-01 5.872470482701714484e-02 1.304442964250815850e-16
7.877595316487918664e-01 5.939970143422423909e-02 7.564092643099961191e-17
7.877595316487918664e-01 6.007469804143133335e-02 4.366810424235239659e-17
7.877595316487918664e-01 6.074969464863842761e-02 2.509813330106814646e-17
7.877595316487918664e-01 6.142469125584551493e-02 1.435530386292054392e-17
7.877595316487918664e-01 6.209968786305260918e-02 8.170275942176325908e-18
7.877595316487918664e-01 6.277468447025970344e-02 4.633460923476448326e-18
7.877595316487918664e-01 6.344968107746680464e-02 2.613695053788247342e-18
7.877595316487918664e-01 6.412467768467389195e-02 1.468077050473030337e-18
7.877595316487918664e-01 6.479967429188099315e-02 8.218571906866767531e-19
7.877595316487918664e-01 6.547467089908808047e-02 4.577754737426124315e-19
7.877595316487918664e-01 6.614966750629516778e-02 2.542340990188481881e-19
7.877595316487918664e-01 6.682466411350226898e-02 1.406440923382759385e-19
7.957613177447013797e-01 0.000000000000000000e+00 1.160511791329844151e-22
7.957613177447013797e-01 6.749966072070936064e-04 1.866893650631737967e-21
7.957613177447013797e-01 1.349993214414187213e-03 1.948646703980370103e-20
7.957613177447013797e-01 2.024989821621281036e-03 1.523393930252705582e-19
7.957613177447013797e-01 2.699986428828374425e-03 9.581521165749560030e-19
7.957613177447013797e-01 3.374983036035467815e-03 5.138539625697607415e-18
7.957613177447013797e-01 4.049979643242562072e-03 2.395738631542554532e-17
7.957613177447013797e-01 4.724976250449655461e-03 9.911427096649694167e-17
7.957613177447013797e-01 5.399972857656748851e-03 3.685968556881846407e-16
7.957613177447013797e-01 6.074969464863842240e-03 1.245280433970327977e-15
7.957613177447013797e-01 6.749966072070935630e-03 3.855873302254870817e-15
7.957613177447013797e-01 7.424962679278029887e-03 1.102038883243851362e-14
7.957613177447013797e-01 8.099959286485124144e-03 2.927934402312639211e-14
7.957613177447013797e-01 8.774955893692216666e-03 7.270848594270587319e-14
7.957613177447013797e-01 9.449952500899310923e-03 1.695803863265633116e-13
7.957613177447013797e-01 1.012494910810640344e-02 3.731487876435076444e-13
7.957613177447013797e-01 1.079994571531349770e-02 7.775286047637112560e-13
7.957613177447013797e-01 1.147494232252059196e-02 1.539408512534970545e-12
7.957613177447013797e-01 1.214993892972768448e-02 2.905082316202139828e-12
7.957613177447013797e-01 1.282493553693477874e-02 5.239939331738277086e-12
7.957613177447013797e-01 1.349993214414187126e-02 9.057472962313697228e-12
7.957613177447013797e-01 1.417492875134896552e-02 1.503700021251687195e-11
7.957613177447013797e-01 1.484992535855605977e-02 2.402936180031941767e-11
7.957613177447013797e-01 1.552492196576315230e-02 3.703170662803658569e-11
7.957613177447013797e-01 1.619991857297024829e-02 5.513996124537444313e-11
7.957613177447013797e-01 1.687491518017733907e-02 7.946517406440432514e-11
7.957613177447013797e-01 1.754991178738443333e-02 1.110101626343970487e-10
7.957613177447013797e-01 1.822490839459152759e-02 1.502896953714224130e-10
7.957613177447013797e-01 1.889990500179862185e-02 1.972646881619631959e-10
7.957613177447013797e-01 1.957490160900571610e-02 2.520982963501539148e-10
7.957613177447013797e-01 2.024989821621280689e-02 3.140022541370741385e-10
7.957613177447013797e-01 2.092489482341990115e-02 3.795043119631179706e-10
7.957613177447013797e-01 2.159989143062699540e-02 4.446921251369013351e-10
7.957613177447013797e-01 2.227488803783408966e-02 5.062966590646982057e-10
7.957613177447013797e-01 2.294988464504118392e-02 5.615196491942811393e-10
7.957613177447013797e-01 2.362488125224827470e-02 6.099722926263401966e-10
7.957613177447013797e-01 2.429987785945536896e-02 6.456521874447074357e-10
7.957613177447013797e-01 2.497487446666246322e-02 6.699605118283772038e-10
7.957613177447013797e-01 2.564987107386955748e-02 6.785264719895605807e-10
7.957613177447013797e-01 2.632486768107665173e-02 6.727199863728176526e-10
7.957613177447013797e-01 2.699986428828374252e-02 6.555807995068455389e-10
7.957613177447013797e-01 2.767486089549083678e-02 6.236652296243433979e-10
7.957613177447013797e-01 2.834985750269793103e-02 5.841315723482943032e-10
7.957613177447013797e-01 2.902485410990502529e-02 5.355625817795426804e-10
7.957613177447013797e-01 2.969985071711211955e-02 4.834492220474209705e-10
7.957613177447013797e-01 3.037484732431921380e-02 4.281895373121019476e-10
7.957613177447013797e-01 3.104984393152630459e-02 3.733102426289847245e-10
7.957613177447013797e-01 3.172484053873340232e-02 3.201202005688046359e-10
7.957613177447013797e-01 3.239983714594049657e-02 2.702046835785936100e-10
7.957613177447013797e-01 3.307483375314758389e-02 2.245365491637501983e-10
7.957613177447013797e-01 3.374983036035467815e-02 1.840605455715275519e-10
7.957613177447013797e-01 3.442482696756177241e-02 1.485390520872396442e-10
7.957613177447013797e-01 3.509982357476886666e-02 1.181771995840602020e-10
7.957613177447013797e-01 3.577482018197596092e-02 9.265700831454894521e-11
7.957613177447013797e-01 3.644981678918305518e-02 7.167720865796326222e-11
7.957613177447013797e-01 3.712481339639014943e-02 5.476124341745407372e-11
7.957613177447013797e-01 3.779981000359724369e-02 4.134295348517829188e-11
7.957613177447013797e-01 3.847480661080433795e-02 3.084576832147265750e-11
7.957613177447013797e-01 3.914980321801143220e-02 2.274928806542121861e-11
7.957613177447013797e-01 3.982479982521851952e-02 1.658640034566653556e-11
7.957613177447013797e-01 4.049979643242561378e-02 1.195571227353575365e-11
7.957613177447013797e-01 4.117479303963270804e-02 8.528573612654486021e-12
7.957613177447013797e-01 4.184978964683980229e-02 6.022269910032975319e-12
7.957613177447013797e-01 4.252478625404689655e-02 4.189763405765194066e-12
7.957613177447013797e-01 4.319978286125399081e-02 2.885479449982037120e-12
7.957613177447013797e-01 4.387477946846108506e-02 1.968855105901836081e-12
7.957613177447013797e-01 4.454977607566817932e-02 1.331938853316343599e-12
7.957613177447013797e-01 4.522477268287527358e-02 8.933982054073841532e-13
7.957613177447013797e-01 4.589976929008236783e-02 5.937936556262627299e-13
7.957613177447013797e-01 4.657476589728946209e-02 3.915809695381711378e-13
7.957613177447013797e-01 4.724976250449654941e-02 2.562954227826304007e-13
7.957613177447013797e-01 4.792475911170364367e-02 1.659096162622938936e-13
7.957613177447013797e-01 4.859975571891073792e-02 1.065777525538744251e-13
7.957613177447013797e-01 4.927475232611783218e-02 6.799917689602917125e-14
7.957613177447013797e-01 4.994974893332492644e-02 4.306279882836987037e-14
7.957613177447013797e-01 5.062474554053202069e-02 2.709186287085635454e-14
7.957613177447013797e-01 5.129974214773911495e-02 1.692029706456065001e-14
7.957613177447013797e-01 5.197473875494620921e-02 1.047824530826001924e-14
7.957613177447013797e-01 5.264973536215330346e-02 6.451819310375213123e-15
7.957613177447013797e-01 5.332473196936039772e-02 3.948422131828363415e-15
7.957613177447013797e-01 5.399972857656748504e-02 2.402623032072084992e-15
7.957613177447013797e-01 5.467472518377457930e-02 1.450832310540060613e-15
7.957613177447013797e-01 5.534972179098167355e-02 8.710943609740775813e-16
7.957613177447013797e-01 5.602471839818876781e-02 5.203837630463549066e-16
7.957613177447013797e-01 5.669971500539586207e-02 3.091136412666969736e-16
7.957613177447013797e-01 5.737471161260295632e-02 1.824161310391212299e-16
7.957613177447013797e-01 5.804970821981005058e-02 1.071079921757763887e-16
7.957613177447013797e-01 5.872470482701714484e-02 6.262303243031662888e-17
7.957613177447013797e-01 5.939970143422423909e-02 3.639124192140885609e-17
7.957613177447013797e-01 6.007469804143133335e-02 2.105202732459247887e-17
7.957613177447013797e-01 6.074969464863842761e-02 1.212418499112213027e-17
7.957613177447013797e-01 6.142469125584551493e-02 6.949255171772145686e-18
7.957613177447013797e-01 6.209968786305260918e-02 3.963190569211373890e-18
7.957613177447013797e-01 6.277468447025970344e-02 2.252148277994075522e-18
7.957613177447013797e-01 6.344968107746680464e-02 1.273147954491988774e-18
7.957613177447013797e-01 6.412467768467389195e-02 7.165677602508303588e-19
7.957613177447013797e-01 6.479967429188099315e-02 4.019477446987655922e-19
7.957613177447013797e-01 6.547467089908808047e-02 2.243559150911833339e-19
7.957613177447013797e-01 6.614966750629516778e-02 1.248525767678106710e-19
7.957613177447013797e-01 6.682466411350226898e-02 6.921457682555996724e-20
